Timestamp,StationID,StationType,Metric,Value,ObjectID
25.1047,29,RSU,ChannelLoad,0,0
25.1047,29,RSU,ChannelLoad,0,0
25.1188,107,Vehicle,ChannelLoad,0,0
25.1188,107,Vehicle,ChannelLoad,0,0
25.1188,107,Vehicle,TX_Throughput,4560,0
25.1188,107,Vehicle,TX_ObjectCount,0,0
25.1201,182,RSU,ChannelLoad,0,0
25.1201,182,RSU,ChannelLoad,0,0
25.1344,29,RSU,TX_Throughput,6227.66,0
25.1344,29,RSU,TX_ObjectCount,2,0
25.171,270,Vehicle,ChannelLoad,0,0
25.171,270,Vehicle,ChannelLoad,0,0
25.171,270,Vehicle,TX_Throughput,4560,0
25.171,270,Vehicle,TX_ObjectCount,0,0
25.1831,343,Vehicle,ChannelLoad,0,0
25.1831,343,Vehicle,ChannelLoad,0,0
25.1831,343,Vehicle,TX_Throughput,4560,0
25.1831,343,Vehicle,TX_ObjectCount,0,0
25.1871,416,Vehicle,ChannelLoad,0.00208,0
25.1871,416,Vehicle,ChannelLoad,0.00208,0
25.1871,416,Vehicle,TX_Throughput,4560,0
25.1871,416,Vehicle,TX_ObjectCount,0,0
25.1939,489,Vehicle,ChannelLoad,0,0
25.1939,489,Vehicle,ChannelLoad,0,0
25.1939,489,Vehicle,TX_Throughput,4560,0
25.1939,489,Vehicle,TX_ObjectCount,0,0
25.1961,562,Vehicle,ChannelLoad,0,0
25.1961,562,Vehicle,ChannelLoad,0,0
25.1961,562,Vehicle,TX_Throughput,4560,0
25.1961,562,Vehicle,TX_ObjectCount,0,0
25.202,639,Vehicle,ChannelLoad,0,0
25.202,639,Vehicle,ChannelLoad,0,0
25.202,639,Vehicle,TX_Throughput,4560,0
25.202,639,Vehicle,TX_ObjectCount,0,0
25.2047,29,RSU,ChannelLoad,0.00688,0
25.2047,29,RSU,ChannelLoad,0.00688,0
25.2059,712,Vehicle,ChannelLoad,0,0
25.2059,712,Vehicle,ChannelLoad,0,0
25.2059,712,Vehicle,TX_Throughput,7760,0
25.2059,712,Vehicle,TX_ObjectCount,1,0
25.2166,182,RSU,TX_Throughput,5535.72,0
25.2166,182,RSU,TX_ObjectCount,3,0
25.2183,787,Vehicle,ChannelLoad,0.00208,0
25.2183,787,Vehicle,ChannelLoad,0.00208,0
25.2183,787,Vehicle,TX_Throughput,4560,0
25.2183,787,Vehicle,TX_ObjectCount,0,0
25.2188,107,Vehicle,ChannelLoad,0.00448,0
25.2188,107,Vehicle,ChannelLoad,0.00448,0
25.2188,107,Vehicle,TX_Throughput,7760,0
25.2188,107,Vehicle,TX_ObjectCount,1,0
25.2201,182,RSU,ChannelLoad,0.00208,0
25.2201,182,RSU,ChannelLoad,0.00208,0
25.2318,866,Vehicle,ChannelLoad,0,0
25.2318,866,Vehicle,ChannelLoad,0,0
25.2318,866,Vehicle,TX_Throughput,4560,0
25.2318,866,Vehicle,TX_ObjectCount,0,0
25.2344,29,RSU,TX_Throughput,10880,0
25.2344,29,RSU,TX_ObjectCount,3,0
25.2404,943,Vehicle,ChannelLoad,0.00208,0
25.2404,943,Vehicle,ChannelLoad,0.00208,0
25.2404,943,Vehicle,TX_Throughput,4560,0
25.2404,943,Vehicle,TX_ObjectCount,0,0
25.2464,1018,RSU,ChannelLoad,0.01152,0
25.2464,1018,RSU,ChannelLoad,0.01152,0
25.259,1094,Vehicle,ChannelLoad,0.0116,0
25.259,1094,Vehicle,ChannelLoad,0.0116,0
25.259,1094,Vehicle,TX_Throughput,4560,0
25.259,1094,Vehicle,TX_ObjectCount,0,0
25.2613,1167,Vehicle,ChannelLoad,0.01144,0
25.2613,1167,Vehicle,ChannelLoad,0.01144,0
25.2613,1167,Vehicle,TX_Throughput,4560,0
25.2613,1167,Vehicle,TX_ObjectCount,0,0
25.2649,1240,RSU,ChannelLoad,0.00208,0
25.2649,1240,RSU,ChannelLoad,0.00208,0
25.2709,1314,Vehicle,ChannelLoad,0.01128,0
25.2709,1314,Vehicle,ChannelLoad,0.01128,0
25.2709,1314,Vehicle,TX_Throughput,4560,0
25.2709,1314,Vehicle,TX_ObjectCount,0,0
25.271,270,Vehicle,ChannelLoad,0.00688,0
25.271,270,Vehicle,ChannelLoad,0.00688,0
25.271,270,Vehicle,TX_Throughput,4560,0
25.271,270,Vehicle,TX_ObjectCount,0,0
25.2816,1240,RSU,TX_Throughput,1782.58,0
25.2816,1240,RSU,TX_ObjectCount,0,0
25.2817,1018,RSU,TX_Throughput,8045.48,0
25.2817,1018,RSU,TX_ObjectCount,3,0
25.2831,343,Vehicle,ChannelLoad,0.0028,0
25.2831,343,Vehicle,ChannelLoad,0.0028,0
25.2831,343,Vehicle,TX_Throughput,7760,0
25.2831,343,Vehicle,TX_ObjectCount,1,0
25.2832,1387,RSU,ChannelLoad,0.01456,0
25.2832,1387,RSU,ChannelLoad,0.01456,0
25.2871,416,Vehicle,ChannelLoad,0.01376,0
25.2871,416,Vehicle,ChannelLoad,0.01376,0
25.2871,416,Vehicle,TX_Throughput,4560,0
25.2871,416,Vehicle,TX_ObjectCount,0,0
25.2939,489,Vehicle,ChannelLoad,0.00488,0
25.2939,489,Vehicle,ChannelLoad,0.00488,0
25.2939,489,Vehicle,TX_Throughput,4560,0
25.2939,489,Vehicle,TX_ObjectCount,0,0
25.2961,562,Vehicle,ChannelLoad,0,0
25.2961,562,Vehicle,ChannelLoad,0,0
25.2961,562,Vehicle,TX_Throughput,4560,0
25.2961,562,Vehicle,TX_ObjectCount,0,0
25.2966,1463,Vehicle,ChannelLoad,0.01088,0
25.2966,1463,Vehicle,ChannelLoad,0.01088,0
25.2966,1463,Vehicle,TX_Throughput,4560,0
25.2966,1463,Vehicle,TX_ObjectCount,0,0
25.302,639,Vehicle,ChannelLoad,0.00688,0
25.302,639,Vehicle,ChannelLoad,0.00688,0
25.302,639,Vehicle,TX_Throughput,4560,0
25.302,639,Vehicle,TX_ObjectCount,0,0
25.3047,29,RSU,ChannelLoad,0.0072,0
25.3047,29,RSU,ChannelLoad,0.0072,0
25.3059,712,Vehicle,ChannelLoad,0.00416,0
25.3059,712,Vehicle,ChannelLoad,0.00416,0
25.3059,712,Vehicle,TX_Throughput,7760,0
25.3059,712,Vehicle,TX_ObjectCount,1,0
25.3104,1538,Vehicle,ChannelLoad,0.0048,0
25.3104,1538,Vehicle,ChannelLoad,0.0048,0
25.3104,1538,Vehicle,TX_Throughput,4560,0
25.3104,1538,Vehicle,TX_ObjectCount,0,0
25.3166,1611,Vehicle,ChannelLoad,0.00888,0
25.3166,1611,Vehicle,ChannelLoad,0.00888,0
25.3166,1611,Vehicle,TX_Throughput,4560,0
25.3166,1611,Vehicle,TX_ObjectCount,0,0
25.3166,182,RSU,TX_Throughput,13680,0
25.3166,182,RSU,TX_ObjectCount,4,0
25.3168,1684,Vehicle,ChannelLoad,0.02288,0
25.3168,1684,Vehicle,ChannelLoad,0.02288,0
25.3168,1684,Vehicle,TX_Throughput,4560,0
25.3168,1684,Vehicle,TX_ObjectCount,0,0
25.3183,787,Vehicle,ChannelLoad,0.01784,0
25.3183,787,Vehicle,ChannelLoad,0.01784,0
25.3183,787,Vehicle,TX_Throughput,4560,0
25.3183,787,Vehicle,TX_ObjectCount,0,0
25.3188,107,Vehicle,ChannelLoad,0.00672,0
25.3188,107,Vehicle,ChannelLoad,0.00672,0
25.3188,107,Vehicle,TX_Throughput,7760,0
25.3188,107,Vehicle,TX_ObjectCount,1,0
25.3201,182,RSU,ChannelLoad,0.0104,0
25.3201,182,RSU,ChannelLoad,0.0104,0
25.3231,1759,RSU,ChannelLoad,0.01608,0
25.3231,1759,RSU,ChannelLoad,0.01608,0
25.3318,866,Vehicle,ChannelLoad,0.00896,0
25.3318,866,Vehicle,ChannelLoad,0.00896,0
25.3318,866,Vehicle,TX_Throughput,7760,0
25.3318,866,Vehicle,TX_ObjectCount,1,0
25.3344,29,RSU,TX_Throughput,13680,0
25.3344,29,RSU,TX_ObjectCount,4,0
25.3404,943,Vehicle,ChannelLoad,0.0088,0
25.3404,943,Vehicle,ChannelLoad,0.0088,0
25.3404,943,Vehicle,TX_Throughput,4560,0
25.3404,943,Vehicle,TX_ObjectCount,0,0
25.3444,1833,Vehicle,ChannelLoad,0.0096,0
25.3444,1833,Vehicle,ChannelLoad,0.0096,0
25.3444,1833,Vehicle,TX_Throughput,7760,0
25.3444,1833,Vehicle,TX_ObjectCount,1,0
25.3464,1018,RSU,ChannelLoad,0.01632,0
25.3464,1018,RSU,ChannelLoad,0.01632,0
25.3488,1906,RSU,ChannelLoad,0.01616,0
25.3488,1906,RSU,ChannelLoad,0.01616,0
25.359,1094,Vehicle,ChannelLoad,0.00504,0
25.359,1094,Vehicle,ChannelLoad,0.00504,0
25.359,1094,Vehicle,TX_Throughput,7760,0
25.359,1094,Vehicle,TX_ObjectCount,1,0
25.3613,1167,Vehicle,ChannelLoad,0.02704,0
25.3613,1167,Vehicle,ChannelLoad,0.02704,0
25.3613,1167,Vehicle,TX_Throughput,7760,0
25.3613,1167,Vehicle,TX_ObjectCount,1,0
25.3647,1984,RSU,ChannelLoad,0.006,0
25.3647,1984,RSU,ChannelLoad,0.006,0
25.3649,1240,RSU,ChannelLoad,0.01368,0
25.3649,1240,RSU,ChannelLoad,0.01368,0
25.3654,2058,Vehicle,ChannelLoad,0.01216,0
25.3654,2058,Vehicle,ChannelLoad,0.01216,0
25.3654,2058,Vehicle,TX_Throughput,4560,0
25.3654,2058,Vehicle,TX_ObjectCount,0,0
25.37,2131,RSU,ChannelLoad,0.02848,0
25.37,2131,RSU,ChannelLoad,0.02848,0
25.3709,1314,Vehicle,ChannelLoad,0.01208,0
25.3709,1314,Vehicle,ChannelLoad,0.01208,0
25.3709,1314,Vehicle,TX_Throughput,4560,0
25.3709,1314,Vehicle,TX_ObjectCount,0,0
25.371,270,Vehicle,ChannelLoad,0.002,0
25.371,270,Vehicle,ChannelLoad,0.002,0
25.371,270,Vehicle,TX_Throughput,4560,0
25.371,270,Vehicle,TX_ObjectCount,0,0
25.3731,1759,RSU,TX_Throughput,7253.21,0
25.3731,1759,RSU,TX_ObjectCount,3,0
25.3799,1906,RSU,TX_Throughput,4024.56,0
25.3799,1906,RSU,TX_ObjectCount,1,0
25.3814,1387,RSU,TX_Throughput,1049.14,0
25.3814,1387,RSU,TX_ObjectCount,0,0
25.3816,1240,RSU,TX_Throughput,2080,0
25.3816,1240,RSU,TX_ObjectCount,0,0
25.3817,1018,RSU,TX_Throughput,13680,0
25.3817,1018,RSU,TX_ObjectCount,4,0
25.3831,343,Vehicle,ChannelLoad,0.0128,0
25.3831,343,Vehicle,ChannelLoad,0.0128,0
25.3831,343,Vehicle,TX_Throughput,10560,0
25.3831,343,Vehicle,TX_ObjectCount,2,0
25.3832,1387,RSU,ChannelLoad,0.01376,0
25.3832,1387,RSU,ChannelLoad,0.01376,0
25.3871,416,Vehicle,ChannelLoad,0.02456,0
25.3871,416,Vehicle,ChannelLoad,0.02456,0
25.3871,416,Vehicle,TX_Throughput,4560,0
25.3871,416,Vehicle,TX_ObjectCount,0,0
25.3885,2211,RSU,ChannelLoad,0.01744,0
25.3885,2211,RSU,ChannelLoad,0.01744,0
25.3894,2285,RSU,ChannelLoad,0.01976,0
25.3894,2285,RSU,ChannelLoad,0.01976,0
25.3939,489,Vehicle,ChannelLoad,0.0088,0
25.3939,489,Vehicle,ChannelLoad,0.0088,0
25.3939,489,Vehicle,TX_Throughput,4560,0
25.3939,489,Vehicle,TX_ObjectCount,0,0
25.3961,562,Vehicle,ChannelLoad,0,0
25.3961,562,Vehicle,ChannelLoad,0,0
25.3961,562,Vehicle,TX_Throughput,4560,0
25.3961,562,Vehicle,TX_ObjectCount,0,0
25.3961,2359,Vehicle,ChannelLoad,0.02656,0
25.3961,2359,Vehicle,ChannelLoad,0.02656,0
25.3961,2359,Vehicle,TX_Throughput,4560,0
25.3961,2359,Vehicle,TX_ObjectCount,0,0
25.3966,1463,Vehicle,ChannelLoad,0.01128,0
25.3966,1463,Vehicle,ChannelLoad,0.01128,0
25.3966,1463,Vehicle,TX_Throughput,4560,0
25.3966,1463,Vehicle,TX_ObjectCount,0,0
25.3975,2432,Vehicle,ChannelLoad,0.0048,0
25.3975,2432,Vehicle,ChannelLoad,0.0048,0
25.3975,2432,Vehicle,TX_Throughput,4560,0
25.3975,2432,Vehicle,TX_ObjectCount,0,0
25.402,639,Vehicle,ChannelLoad,0.00392,0
25.402,639,Vehicle,ChannelLoad,0.00392,0
25.402,639,Vehicle,TX_Throughput,7760,0
25.402,639,Vehicle,TX_ObjectCount,1,0
25.4047,29,RSU,ChannelLoad,0.02048,0
25.4047,29,RSU,ChannelLoad,0.02048,0
25.4059,712,Vehicle,ChannelLoad,0.0184,0
25.4059,712,Vehicle,ChannelLoad,0.0184,0
25.4059,712,Vehicle,TX_Throughput,7760,0
25.4059,712,Vehicle,TX_ObjectCount,1,0
25.4104,1538,Vehicle,ChannelLoad,0.0048,0
25.4104,1538,Vehicle,ChannelLoad,0.0048,0
25.4104,1538,Vehicle,TX_Throughput,4560,0
25.4104,1538,Vehicle,TX_ObjectCount,0,0
25.4123,2285,RSU,TX_Throughput,1692.13,0
25.4123,2285,RSU,TX_ObjectCount,0,0
25.4166,1611,Vehicle,ChannelLoad,0.0292,0
25.4166,1611,Vehicle,ChannelLoad,0.0292,0
25.4166,1611,Vehicle,TX_Throughput,4560,0
25.4166,1611,Vehicle,TX_ObjectCount,0,0
25.4166,182,RSU,TX_Throughput,16480,0
25.4166,182,RSU,TX_ObjectCount,5,0
25.4168,1684,Vehicle,ChannelLoad,0.02544,0
25.4168,1684,Vehicle,ChannelLoad,0.02544,0
25.4168,1684,Vehicle,TX_Throughput,4560,0
25.4168,1684,Vehicle,TX_ObjectCount,0,0
25.4172,2507,Vehicle,ChannelLoad,0.0188,0
25.4172,2507,Vehicle,ChannelLoad,0.0188,0
25.4172,2507,Vehicle,TX_Throughput,4560,0
25.4172,2507,Vehicle,TX_ObjectCount,0,0
25.4183,787,Vehicle,ChannelLoad,0.0252,0
25.4183,787,Vehicle,ChannelLoad,0.0252,0
25.4183,787,Vehicle,TX_Throughput,4560,0
25.4183,787,Vehicle,TX_ObjectCount,0,0
25.4186,2582,Vehicle,ChannelLoad,0,0
25.4186,2582,Vehicle,ChannelLoad,0,0
25.4186,2582,Vehicle,TX_Throughput,7760,0
25.4186,2582,Vehicle,TX_ObjectCount,1,0
25.4188,107,Vehicle,ChannelLoad,0.01504,0
25.4188,107,Vehicle,ChannelLoad,0.01504,0
25.4188,107,Vehicle,TX_Throughput,7760,0
25.4188,107,Vehicle,TX_ObjectCount,1,0
25.4201,182,RSU,ChannelLoad,0.01608,0
25.4201,182,RSU,ChannelLoad,0.01608,0
25.4231,1759,RSU,ChannelLoad,0.00632,0
25.4231,1759,RSU,ChannelLoad,0.00632,0
25.4318,866,Vehicle,ChannelLoad,0.01608,0
25.4318,866,Vehicle,ChannelLoad,0.01608,0
25.4318,866,Vehicle,TX_Throughput,7760,0
25.4318,866,Vehicle,TX_ObjectCount,1,0
25.4328,1984,RSU,TX_Throughput,6474.09,0
25.4328,1984,RSU,TX_ObjectCount,3,0
25.4344,29,RSU,TX_Throughput,19280,0
25.4344,29,RSU,TX_ObjectCount,6,0
25.4374,2659,Vehicle,ChannelLoad,0.02728,0
25.4374,2659,Vehicle,ChannelLoad,0.02728,0
25.4374,2659,Vehicle,TX_Throughput,10560,0
25.4374,2659,Vehicle,TX_ObjectCount,2,0
25.438,2732,Vehicle,ChannelLoad,0.00712,0
25.438,2732,Vehicle,ChannelLoad,0.00712,0
25.438,2732,Vehicle,TX_Throughput,7760,0
25.438,2732,Vehicle,TX_ObjectCount,1,0
25.4396,2131,RSU,TX_Throughput,4763.19,0
25.4396,2131,RSU,TX_ObjectCount,2,0
25.4404,943,Vehicle,ChannelLoad,0.02288,0
25.4404,943,Vehicle,ChannelLoad,0.02288,0
25.4404,943,Vehicle,TX_Throughput,4560,0
25.4404,943,Vehicle,TX_ObjectCount,0,0
25.4444,1833,Vehicle,ChannelLoad,0.01272,0
25.4444,1833,Vehicle,ChannelLoad,0.01272,0
25.4444,1833,Vehicle,TX_Throughput,7760,0
25.4444,1833,Vehicle,TX_ObjectCount,1,0
25.4464,1018,RSU,ChannelLoad,0.03176,0
25.4464,1018,RSU,ChannelLoad,0.03176,0
25.4488,1906,RSU,ChannelLoad,0.01352,0
25.4488,1906,RSU,ChannelLoad,0.01352,0
25.4548,2211,RSU,TX_Throughput,4858.46,0
25.4548,2211,RSU,TX_ObjectCount,2,0
25.4582,2805,Vehicle,ChannelLoad,0.01096,0
25.4582,2805,Vehicle,ChannelLoad,0.01096,0
25.4582,2805,Vehicle,TX_Throughput,4560,0
25.4582,2805,Vehicle,TX_ObjectCount,0,0
25.459,1094,Vehicle,ChannelLoad,0.02496,0
25.459,1094,Vehicle,ChannelLoad,0.02496,0
25.459,1094,Vehicle,TX_Throughput,7760,0
25.459,1094,Vehicle,TX_ObjectCount,1,0
25.4594,2878,Vehicle,ChannelLoad,0.024,0
25.4594,2878,Vehicle,ChannelLoad,0.024,0
25.4594,2878,Vehicle,TX_Throughput,4560,0
25.4594,2878,Vehicle,TX_ObjectCount,0,0
25.4613,1167,Vehicle,ChannelLoad,0.0392,0
25.4613,1167,Vehicle,ChannelLoad,0.0392,0
25.4613,1167,Vehicle,TX_Throughput,7760,0
25.4613,1167,Vehicle,TX_ObjectCount,1,0
25.4637,2953,Vehicle,ChannelLoad,0.0284,0
25.4637,2953,Vehicle,ChannelLoad,0.0284,0
25.4637,2953,Vehicle,TX_Throughput,7760,0
25.4637,2953,Vehicle,TX_ObjectCount,1,0
25.4647,1984,RSU,ChannelLoad,0.01944,0
25.4647,1984,RSU,ChannelLoad,0.01944,0
25.4649,1240,RSU,ChannelLoad,0.00592,0
25.4649,1240,RSU,ChannelLoad,0.00592,0
25.4654,2058,Vehicle,ChannelLoad,0.02552,0
25.4654,2058,Vehicle,ChannelLoad,0.02552,0
25.4654,2058,Vehicle,TX_Throughput,4560,0
25.4654,2058,Vehicle,TX_ObjectCount,0,0
25.4698,3030,RSU,ChannelLoad,0.01296,0
25.4698,3030,RSU,ChannelLoad,0.01296,0
25.47,2131,RSU,ChannelLoad,0.0296,0
25.47,2131,RSU,ChannelLoad,0.0296,0
25.4709,1314,Vehicle,ChannelLoad,0.01824,0
25.4709,1314,Vehicle,ChannelLoad,0.01824,0
25.4709,1314,Vehicle,TX_Throughput,4560,0
25.4709,1314,Vehicle,TX_ObjectCount,0,0
25.471,270,Vehicle,ChannelLoad,0.01552,0
25.471,270,Vehicle,ChannelLoad,0.01552,0
25.471,270,Vehicle,TX_Throughput,4560,0
25.471,270,Vehicle,TX_ObjectCount,0,0
25.4731,1759,RSU,TX_Throughput,22080,0
25.4731,1759,RSU,TX_ObjectCount,7,0
25.4791,3030,RSU,TX_Throughput,4832.53,0
25.4791,3030,RSU,TX_ObjectCount,1,0
25.4799,1906,RSU,TX_Throughput,5280,0
25.4799,1906,RSU,TX_ObjectCount,1,0
25.4814,1387,RSU,TX_Throughput,5280,0
25.4814,1387,RSU,TX_ObjectCount,1,0
25.4816,1240,RSU,TX_Throughput,2080,0
25.4816,1240,RSU,TX_ObjectCount,0,0
25.4817,1018,RSU,TX_Throughput,16480,0
25.4817,1018,RSU,TX_ObjectCount,5,0
25.4831,343,Vehicle,ChannelLoad,0.016,0
25.4831,343,Vehicle,ChannelLoad,0.016,0
25.4831,343,Vehicle,TX_Throughput,13360,0
25.4831,343,Vehicle,TX_ObjectCount,3,0
25.4832,1387,RSU,ChannelLoad,0.02192,0
25.4832,1387,RSU,ChannelLoad,0.02192,0
25.4865,3108,Vehicle,ChannelLoad,0.01136,0
25.4865,3108,Vehicle,ChannelLoad,0.01136,0
25.4865,3108,Vehicle,TX_Throughput,7760,0
25.4865,3108,Vehicle,TX_ObjectCount,1,0
25.4871,416,Vehicle,ChannelLoad,0.0236,0
25.4871,416,Vehicle,ChannelLoad,0.0236,0
25.4871,416,Vehicle,TX_Throughput,7760,0
25.4871,416,Vehicle,TX_ObjectCount,1,0
25.4885,2211,RSU,ChannelLoad,0.01752,0
25.4885,2211,RSU,ChannelLoad,0.01752,0
25.4894,2285,RSU,ChannelLoad,0.03352,0
25.4894,2285,RSU,ChannelLoad,0.03352,0
25.4928,3181,Vehicle,ChannelLoad,0.01936,0
25.4928,3181,Vehicle,ChannelLoad,0.01936,0
25.4928,3181,Vehicle,TX_Throughput,4560,0
25.4928,3181,Vehicle,TX_ObjectCount,0,0
25.4939,489,Vehicle,ChannelLoad,0.00704,0
25.4939,489,Vehicle,ChannelLoad,0.00704,0
25.4939,489,Vehicle,TX_Throughput,4560,0
25.4939,489,Vehicle,TX_ObjectCount,0,0
25.4961,3254,RSU,ChannelLoad,0.03048,0
25.4961,3254,RSU,ChannelLoad,0.03048,0
25.4961,562,Vehicle,ChannelLoad,0.00936,0
25.4961,562,Vehicle,ChannelLoad,0.00936,0
25.4961,562,Vehicle,TX_Throughput,4560,0
25.4961,562,Vehicle,TX_ObjectCount,0,0
25.4961,2359,Vehicle,ChannelLoad,0.02344,0
25.4961,2359,Vehicle,ChannelLoad,0.02344,0
25.4961,2359,Vehicle,TX_Throughput,4560,0
25.4961,2359,Vehicle,TX_ObjectCount,0,0
25.4966,1463,Vehicle,ChannelLoad,0.01952,0
25.4966,1463,Vehicle,ChannelLoad,0.01952,0
25.4966,1463,Vehicle,TX_Throughput,4560,0
25.4966,1463,Vehicle,TX_ObjectCount,0,0
25.4975,2432,Vehicle,ChannelLoad,0.0096,0
25.4975,2432,Vehicle,ChannelLoad,0.0096,0
25.4975,2432,Vehicle,TX_Throughput,4560,0
25.4975,2432,Vehicle,TX_ObjectCount,0,0
25.4978,3328,RSU,ChannelLoad,0.0216,0
25.4978,3328,RSU,ChannelLoad,0.0216,0
25.502,639,Vehicle,ChannelLoad,0.01832,0
25.502,639,Vehicle,ChannelLoad,0.01832,0
25.502,639,Vehicle,TX_Throughput,7760,0
25.502,639,Vehicle,TX_ObjectCount,1,0
25.5047,29,RSU,ChannelLoad,0.0272,0
25.5047,29,RSU,ChannelLoad,0.0272,0
25.5059,712,Vehicle,ChannelLoad,0.02848,0
25.5059,712,Vehicle,ChannelLoad,0.02848,0
25.5059,712,Vehicle,TX_Throughput,10560,0
25.5059,712,Vehicle,TX_ObjectCount,2,0
25.5104,1538,Vehicle,ChannelLoad,0.0044,0
25.5104,1538,Vehicle,ChannelLoad,0.0044,0
25.5104,1538,Vehicle,TX_Throughput,7760,0
25.5104,1538,Vehicle,TX_ObjectCount,1,0
25.5123,2285,RSU,TX_Throughput,5280,0
25.5123,2285,RSU,TX_ObjectCount,1,0
25.5144,3404,Vehicle,ChannelLoad,0.01312,0
25.5144,3404,Vehicle,ChannelLoad,0.01312,0
25.5144,3404,Vehicle,TX_Throughput,13360,0
25.5144,3404,Vehicle,TX_ObjectCount,3,0
25.5166,1611,Vehicle,ChannelLoad,0.01536,0
25.5166,1611,Vehicle,ChannelLoad,0.01536,0
25.5166,1611,Vehicle,TX_Throughput,4560,0
25.5166,1611,Vehicle,TX_ObjectCount,0,0
25.5166,182,RSU,TX_Throughput,16480,0
25.5166,182,RSU,TX_ObjectCount,5,0
25.5168,1684,Vehicle,ChannelLoad,0.02392,0
25.5168,1684,Vehicle,ChannelLoad,0.02392,0
25.5168,1684,Vehicle,TX_Throughput,4560,0
25.5168,1684,Vehicle,TX_ObjectCount,0,0
25.5172,2507,Vehicle,ChannelLoad,0.01752,0
25.5172,2507,Vehicle,ChannelLoad,0.01752,0
25.5172,2507,Vehicle,TX_Throughput,4560,0
25.5172,2507,Vehicle,TX_ObjectCount,0,0
25.5183,787,Vehicle,ChannelLoad,0.02896,0
25.5183,787,Vehicle,ChannelLoad,0.02896,0
25.5183,787,Vehicle,TX_Throughput,4560,0
25.5183,787,Vehicle,TX_ObjectCount,0,0
25.5186,2582,Vehicle,ChannelLoad,0.01504,0
25.5186,2582,Vehicle,ChannelLoad,0.01504,0
25.5186,2582,Vehicle,TX_Throughput,7760,0
25.5186,2582,Vehicle,TX_ObjectCount,1,0
25.5188,107,Vehicle,ChannelLoad,0.03048,0
25.5188,107,Vehicle,ChannelLoad,0.03048,0
25.5188,107,Vehicle,TX_Throughput,7760,0
25.5188,107,Vehicle,TX_ObjectCount,1,0
25.5201,182,RSU,ChannelLoad,0.01552,0
25.5201,182,RSU,ChannelLoad,0.01552,0
25.5231,1759,RSU,ChannelLoad,0.0308,0
25.5231,1759,RSU,ChannelLoad,0.0308,0
25.5237,3479,Vehicle,ChannelLoad,0.02976,0
25.5237,3479,Vehicle,ChannelLoad,0.02976,0
25.5237,3479,Vehicle,TX_Throughput,10560,0
25.5237,3479,Vehicle,TX_ObjectCount,2,0
25.5299,3254,RSU,TX_Throughput,10223,0
25.5299,3254,RSU,TX_ObjectCount,4,0
25.5318,866,Vehicle,ChannelLoad,0.0248,0
25.5318,866,Vehicle,ChannelLoad,0.0248,0
25.5318,866,Vehicle,TX_Throughput,7760,0
25.5318,866,Vehicle,TX_ObjectCount,1,0
25.5328,1984,RSU,TX_Throughput,13680,0
25.5328,1984,RSU,TX_ObjectCount,4,0
25.5333,3552,RSU,ChannelLoad,0.03592,0
25.5333,3552,RSU,ChannelLoad,0.03592,0
25.5344,29,RSU,TX_Throughput,30480,0
25.5344,29,RSU,TX_ObjectCount,10,0
25.537,3626,Vehicle,ChannelLoad,0.04488,0
25.537,3626,Vehicle,ChannelLoad,0.04488,0
25.537,3626,Vehicle,TX_Throughput,13360,0
25.537,3626,Vehicle,TX_ObjectCount,3,0
25.5374,2659,Vehicle,ChannelLoad,0.02344,0
25.5374,2659,Vehicle,ChannelLoad,0.02344,0
25.5374,2659,Vehicle,TX_Throughput,10560,0
25.5374,2659,Vehicle,TX_ObjectCount,2,0
25.5376,3699,Vehicle,ChannelLoad,0.01088,0
25.5376,3699,Vehicle,ChannelLoad,0.01088,0
25.5376,3699,Vehicle,TX_Throughput,4560,0
25.5376,3699,Vehicle,TX_ObjectCount,0,0
25.538,2732,Vehicle,ChannelLoad,0.00632,0
25.538,2732,Vehicle,ChannelLoad,0.00632,0
25.538,2732,Vehicle,TX_Throughput,7760,0
25.538,2732,Vehicle,TX_ObjectCount,1,0
25.5396,2131,RSU,TX_Throughput,8080,0
25.5396,2131,RSU,TX_ObjectCount,2,0
25.5404,943,Vehicle,ChannelLoad,0.01464,0
25.5404,943,Vehicle,ChannelLoad,0.01464,0
25.5404,943,Vehicle,TX_Throughput,4560,0
25.5404,943,Vehicle,TX_ObjectCount,0,0
25.5444,1833,Vehicle,ChannelLoad,0.02128,0
25.5444,1833,Vehicle,ChannelLoad,0.02128,0
25.5444,1833,Vehicle,TX_Throughput,7760,0
25.5444,1833,Vehicle,TX_ObjectCount,1,0
25.5464,1018,RSU,ChannelLoad,0.04024,0
25.5464,1018,RSU,ChannelLoad,0.04024,0
25.5471,3776,RSU,ChannelLoad,0.02968,0
25.5471,3776,RSU,ChannelLoad,0.02968,0
25.5488,1906,RSU,ChannelLoad,0.02968,0
25.5488,1906,RSU,ChannelLoad,0.02968,0
25.5492,3850,RSU,ChannelLoad,0.0136,0
25.5492,3850,RSU,ChannelLoad,0.0136,0
25.5512,3926,Vehicle,ChannelLoad,0.006,0
25.5512,3926,Vehicle,ChannelLoad,0.006,0
25.5512,3926,Vehicle,TX_Throughput,7760,0
25.5512,3926,Vehicle,TX_ObjectCount,1,0
25.5548,2211,RSU,TX_Throughput,16480,0
25.5548,2211,RSU,TX_ObjectCount,5,0
25.5582,2805,Vehicle,ChannelLoad,0.0236,0
25.5582,2805,Vehicle,ChannelLoad,0.0236,0
25.5582,2805,Vehicle,TX_Throughput,4560,0
25.5582,2805,Vehicle,TX_ObjectCount,0,0
25.559,1094,Vehicle,ChannelLoad,0.01416,0
25.559,1094,Vehicle,ChannelLoad,0.01416,0
25.559,1094,Vehicle,TX_Throughput,7760,0
25.559,1094,Vehicle,TX_ObjectCount,1,0
25.5594,2878,Vehicle,ChannelLoad,0.02336,0
25.5594,2878,Vehicle,ChannelLoad,0.02336,0
25.5594,2878,Vehicle,TX_Throughput,4560,0
25.5594,2878,Vehicle,TX_ObjectCount,0,0
25.5609,3328,RSU,TX_Throughput,4955.69,0
25.5609,3328,RSU,TX_ObjectCount,2,0
25.5613,1167,Vehicle,ChannelLoad,0.04584,0
25.5613,1167,Vehicle,ChannelLoad,0.04584,0
25.5613,1167,Vehicle,TX_Throughput,7760,0
25.5613,1167,Vehicle,TX_ObjectCount,1,0
25.5615,4001,Vehicle,ChannelLoad,0.04424,0
25.5615,4001,Vehicle,ChannelLoad,0.04424,0
25.5615,4001,Vehicle,TX_Throughput,7760,0
25.5615,4001,Vehicle,TX_ObjectCount,1,0
25.5623,3850,RSU,TX_Throughput,7141.07,0
25.5623,3850,RSU,TX_ObjectCount,2,0
25.5637,2953,Vehicle,ChannelLoad,0.03184,0
25.5637,2953,Vehicle,ChannelLoad,0.03184,0
25.5637,2953,Vehicle,TX_Throughput,10560,0
25.5637,2953,Vehicle,TX_ObjectCount,2,0
25.5647,1984,RSU,ChannelLoad,0.02488,0
25.5647,1984,RSU,ChannelLoad,0.02488,0
25.5649,1240,RSU,ChannelLoad,0.02424,0
25.5649,1240,RSU,ChannelLoad,0.02424,0
25.5654,2058,Vehicle,ChannelLoad,0.0272,0
25.5654,2058,Vehicle,ChannelLoad,0.0272,0
25.5654,2058,Vehicle,TX_Throughput,4560,0
25.5654,2058,Vehicle,TX_ObjectCount,0,0
25.5663,4074,Vehicle,ChannelLoad,0.0408,0
25.5663,4074,Vehicle,ChannelLoad,0.0408,0
25.5663,4074,Vehicle,TX_Throughput,4560,0
25.5663,4074,Vehicle,TX_ObjectCount,0,0
25.5687,4147,Vehicle,ChannelLoad,0.0236,0
25.5687,4147,Vehicle,ChannelLoad,0.0236,0
25.5687,4147,Vehicle,TX_Throughput,10560,0
25.5687,4147,Vehicle,TX_ObjectCount,2,0
25.5698,3030,RSU,ChannelLoad,0.01344,0
25.5698,3030,RSU,ChannelLoad,0.01344,0
25.57,2131,RSU,ChannelLoad,0.04456,0
25.57,2131,RSU,ChannelLoad,0.04456,0
25.5709,1314,Vehicle,ChannelLoad,0.02088,0
25.5709,1314,Vehicle,ChannelLoad,0.02088,0
25.5709,1314,Vehicle,TX_Throughput,4560,0
25.5709,1314,Vehicle,TX_ObjectCount,0,0
25.571,270,Vehicle,ChannelLoad,0.02848,0
25.571,270,Vehicle,ChannelLoad,0.02848,0
25.571,270,Vehicle,TX_Throughput,4560,0
25.571,270,Vehicle,TX_ObjectCount,0,0
25.5731,1759,RSU,TX_Throughput,22080,0
25.5731,1759,RSU,TX_ObjectCount,7,0
25.5736,4222,Vehicle,ChannelLoad,0.01704,0
25.5736,4222,Vehicle,ChannelLoad,0.01704,0
25.5736,4222,Vehicle,TX_Throughput,4560,0
25.5736,4222,Vehicle,TX_ObjectCount,0,0
25.5744,3552,RSU,TX_Throughput,3741.04,0
25.5744,3552,RSU,TX_ObjectCount,1,0
25.5777,4297,Vehicle,ChannelLoad,0.03064,0
25.5777,4297,Vehicle,ChannelLoad,0.03064,0
25.5777,4297,Vehicle,TX_Throughput,7760,0
25.5777,4297,Vehicle,TX_ObjectCount,1,0
25.5791,3030,RSU,TX_Throughput,8080,0
25.5791,3030,RSU,TX_ObjectCount,2,0
25.5799,1906,RSU,TX_Throughput,5280,0
25.5799,1906,RSU,TX_ObjectCount,1,0
25.58,4370,Vehicle,ChannelLoad,0.04888,0
25.58,4370,Vehicle,ChannelLoad,0.04888,0
25.58,4370,Vehicle,TX_Throughput,4560,0
25.58,4370,Vehicle,TX_ObjectCount,0,0
25.5814,1387,RSU,TX_Throughput,5280,0
25.5814,1387,RSU,TX_ObjectCount,1,0
25.5816,1240,RSU,TX_Throughput,10880,0
25.5816,1240,RSU,TX_ObjectCount,3,0
25.5817,1018,RSU,TX_Throughput,27680,0
25.5817,1018,RSU,TX_ObjectCount,9,0
25.5831,343,Vehicle,ChannelLoad,0.03504,0
25.5831,343,Vehicle,ChannelLoad,0.03504,0
25.5831,343,Vehicle,TX_Throughput,18960,0
25.5831,343,Vehicle,TX_ObjectCount,5,0
25.5832,1387,RSU,ChannelLoad,0.03664,0
25.5832,1387,RSU,ChannelLoad,0.03664,0
25.5865,3108,Vehicle,ChannelLoad,0.01864,0
25.5865,3108,Vehicle,ChannelLoad,0.01864,0
25.5865,3108,Vehicle,TX_Throughput,10560,0
25.5865,3108,Vehicle,TX_ObjectCount,2,0
25.5871,416,Vehicle,ChannelLoad,0.032,0
25.5871,416,Vehicle,ChannelLoad,0.032,0
25.5871,416,Vehicle,TX_Throughput,13360,0
25.5871,416,Vehicle,TX_ObjectCount,3,0
25.5885,2211,RSU,ChannelLoad,0.04752,0
25.5885,2211,RSU,ChannelLoad,0.04752,0
25.5894,2285,RSU,ChannelLoad,0.0312,0
25.5894,2285,RSU,ChannelLoad,0.0312,0
25.5928,3181,Vehicle,ChannelLoad,0.02696,0
25.5928,3181,Vehicle,ChannelLoad,0.02696,0
25.5928,3181,Vehicle,TX_Throughput,4560,0
25.5928,3181,Vehicle,TX_ObjectCount,0,0
25.5939,489,Vehicle,ChannelLoad,0.01392,0
25.5939,489,Vehicle,ChannelLoad,0.01392,0
25.5939,489,Vehicle,TX_Throughput,7760,0
25.5939,489,Vehicle,TX_ObjectCount,1,0
25.5961,3254,RSU,ChannelLoad,0.05296,0
25.5961,3254,RSU,ChannelLoad,0.05296,0
25.5961,562,Vehicle,ChannelLoad,0.02032,0
25.5961,562,Vehicle,ChannelLoad,0.02032,0
25.5961,562,Vehicle,TX_Throughput,4560,0
25.5961,562,Vehicle,TX_ObjectCount,0,0
25.5961,2359,Vehicle,ChannelLoad,0.04152,0
25.5961,2359,Vehicle,ChannelLoad,0.04152,0
25.5961,2359,Vehicle,TX_Throughput,4560,0
25.5961,2359,Vehicle,TX_ObjectCount,0,0
25.5966,1463,Vehicle,ChannelLoad,0.01776,0
25.5966,1463,Vehicle,ChannelLoad,0.01776,0
25.5966,1463,Vehicle,TX_Throughput,4560,0
25.5966,1463,Vehicle,TX_ObjectCount,0,0
25.5975,2432,Vehicle,ChannelLoad,0.00872,0
25.5975,2432,Vehicle,ChannelLoad,0.00872,0
25.5975,2432,Vehicle,TX_Throughput,4560,0
25.5975,2432,Vehicle,TX_ObjectCount,0,0
25.5978,3328,RSU,ChannelLoad,0.03384,0
25.5978,3328,RSU,ChannelLoad,0.03384,0
25.602,639,Vehicle,ChannelLoad,0.01296,0
25.602,639,Vehicle,ChannelLoad,0.01296,0
25.602,639,Vehicle,TX_Throughput,7760,0
25.602,639,Vehicle,TX_ObjectCount,1,0
25.6047,29,RSU,ChannelLoad,0.05064,0
25.6047,29,RSU,ChannelLoad,0.05064,0
25.6059,712,Vehicle,ChannelLoad,0.02816,0
25.6059,712,Vehicle,ChannelLoad,0.02816,0
25.6059,712,Vehicle,TX_Throughput,13360,0
25.6059,712,Vehicle,TX_ObjectCount,3,0
25.609,4445,Vehicle,ChannelLoad,0.016,0
25.609,4445,Vehicle,ChannelLoad,0.016,0
25.609,4445,Vehicle,TX_Throughput,13360,0
25.609,4445,Vehicle,TX_ObjectCount,3,0
25.6104,1538,Vehicle,ChannelLoad,0.01768,0
25.6104,1538,Vehicle,ChannelLoad,0.01768,0
25.6104,1538,Vehicle,TX_Throughput,7760,0
25.6104,1538,Vehicle,TX_ObjectCount,1,0
25.6123,2285,RSU,TX_Throughput,10880,0
25.6123,2285,RSU,TX_ObjectCount,3,0
25.6144,3404,Vehicle,ChannelLoad,0.04032,0
25.6144,3404,Vehicle,ChannelLoad,0.04032,0
25.6144,3404,Vehicle,TX_Throughput,13360,0
25.6144,3404,Vehicle,TX_ObjectCount,3,0
25.6166,1611,Vehicle,ChannelLoad,0.02104,0
25.6166,1611,Vehicle,ChannelLoad,0.02104,0
25.6166,1611,Vehicle,TX_Throughput,4560,0
25.6166,1611,Vehicle,TX_ObjectCount,0,0
25.6166,182,RSU,TX_Throughput,19280,0
25.6166,182,RSU,TX_ObjectCount,6,0
25.6168,1684,Vehicle,ChannelLoad,0.04064,0
25.6168,1684,Vehicle,ChannelLoad,0.04064,0
25.6168,1684,Vehicle,TX_Throughput,4560,0
25.6168,1684,Vehicle,TX_ObjectCount,0,0
25.6172,2507,Vehicle,ChannelLoad,0.02464,0
25.6172,2507,Vehicle,ChannelLoad,0.02464,0
25.6172,2507,Vehicle,TX_Throughput,10560,0
25.6172,2507,Vehicle,TX_ObjectCount,2,0
25.6183,787,Vehicle,ChannelLoad,0.03032,0
25.6183,787,Vehicle,ChannelLoad,0.03032,0
25.6183,787,Vehicle,TX_Throughput,4560,0
25.6183,787,Vehicle,TX_ObjectCount,0,0
25.6186,2582,Vehicle,ChannelLoad,0.02584,0
25.6186,2582,Vehicle,ChannelLoad,0.02584,0
25.6186,2582,Vehicle,TX_Throughput,7760,0
25.6186,2582,Vehicle,TX_ObjectCount,1,0
25.6188,107,Vehicle,ChannelLoad,0.03248,0
25.6188,107,Vehicle,ChannelLoad,0.03248,0
25.6188,107,Vehicle,TX_Throughput,10560,0
25.6188,107,Vehicle,TX_ObjectCount,2,0
25.6201,182,RSU,ChannelLoad,0.02064,0
25.6201,182,RSU,ChannelLoad,0.02064,0
25.6218,4522,Vehicle,ChannelLoad,0.04296,0
25.6218,4522,Vehicle,ChannelLoad,0.04296,0
25.6218,4522,Vehicle,TX_Throughput,7760,0
25.6218,4522,Vehicle,TX_ObjectCount,1,0
25.6231,1759,RSU,ChannelLoad,0.0232,0
25.6231,1759,RSU,ChannelLoad,0.0232,0
25.6237,3479,Vehicle,ChannelLoad,0.04408,0
25.6237,3479,Vehicle,ChannelLoad,0.04408,0
25.6237,3479,Vehicle,TX_Throughput,13360,0
25.6237,3479,Vehicle,TX_ObjectCount,3,0
25.6289,4597,Vehicle,ChannelLoad,0.03032,0
25.6289,4597,Vehicle,ChannelLoad,0.03032,0
25.6289,4597,Vehicle,TX_Throughput,4560,0
25.6289,4597,Vehicle,TX_ObjectCount,0,0
25.6299,3254,RSU,TX_Throughput,13680,0
25.6299,3254,RSU,TX_ObjectCount,4,0
25.6318,866,Vehicle,ChannelLoad,0.03736,0
25.6318,866,Vehicle,ChannelLoad,0.03736,0
25.6318,866,Vehicle,TX_Throughput,4560,0
25.6318,866,Vehicle,TX_ObjectCount,0,0
25.6328,1984,RSU,TX_Throughput,13680,0
25.6328,1984,RSU,TX_ObjectCount,4,0
25.6332,3776,RSU,TX_Throughput,5847.73,0
25.6332,3776,RSU,TX_ObjectCount,3,0
25.6333,3552,RSU,ChannelLoad,0.02304,0
25.6333,3552,RSU,ChannelLoad,0.02304,0
25.6344,29,RSU,TX_Throughput,36080,0
25.6344,29,RSU,TX_ObjectCount,12,0
25.637,3626,Vehicle,ChannelLoad,0.0476,0
25.637,3626,Vehicle,ChannelLoad,0.0476,0
25.637,3626,Vehicle,TX_Throughput,16160,0
25.637,3626,Vehicle,TX_ObjectCount,4,0
25.6374,2659,Vehicle,ChannelLoad,0.02472,0
25.6374,2659,Vehicle,ChannelLoad,0.02472,0
25.6374,2659,Vehicle,TX_Throughput,13360,0
25.6374,2659,Vehicle,TX_ObjectCount,3,0
25.6376,3699,Vehicle,ChannelLoad,0.02272,0
25.6376,3699,Vehicle,ChannelLoad,0.02272,0
25.6376,3699,Vehicle,TX_Throughput,4560,0
25.6376,3699,Vehicle,TX_ObjectCount,0,0
25.638,2732,Vehicle,ChannelLoad,0.00808,0
25.638,2732,Vehicle,ChannelLoad,0.00808,0
25.638,2732,Vehicle,TX_Throughput,7760,0
25.638,2732,Vehicle,TX_ObjectCount,1,0
25.6396,2131,RSU,TX_Throughput,8080,0
25.6396,2131,RSU,TX_ObjectCount,2,0
25.6404,943,Vehicle,ChannelLoad,0.01952,0
25.6404,943,Vehicle,ChannelLoad,0.01952,0
25.6404,943,Vehicle,TX_Throughput,4560,0
25.6404,943,Vehicle,TX_ObjectCount,0,0
25.6444,1833,Vehicle,ChannelLoad,0.04296,0
25.6444,1833,Vehicle,ChannelLoad,0.04296,0
25.6444,1833,Vehicle,TX_Throughput,4560,0
25.6444,1833,Vehicle,TX_ObjectCount,0,0
25.6449,4672,Vehicle,ChannelLoad,0.03768,0
25.6449,4672,Vehicle,ChannelLoad,0.03768,0
25.6449,4672,Vehicle,TX_Throughput,4560,0
25.6449,4672,Vehicle,TX_ObjectCount,0,0
25.6464,1018,RSU,ChannelLoad,0.07784,0
25.6464,1018,RSU,ChannelLoad,0.07784,0
25.6471,3776,RSU,ChannelLoad,0.05008,0
25.6471,3776,RSU,ChannelLoad,0.05008,0
25.6488,1906,RSU,ChannelLoad,0.04744,0
25.6488,1906,RSU,ChannelLoad,0.04744,0
25.6488,4745,Vehicle,ChannelLoad,0.01432,0
25.6488,4745,Vehicle,ChannelLoad,0.01432,0
25.6488,4745,Vehicle,TX_Throughput,7760,0
25.6488,4745,Vehicle,TX_ObjectCount,1,0
25.6492,3850,RSU,ChannelLoad,0.02496,0
25.6492,3850,RSU,ChannelLoad,0.02496,0
25.6512,3926,Vehicle,ChannelLoad,0.01832,0
25.6512,3926,Vehicle,ChannelLoad,0.01832,0
25.6512,3926,Vehicle,TX_Throughput,7760,0
25.6512,3926,Vehicle,TX_ObjectCount,1,0
25.6528,4818,RSU,ChannelLoad,0.0484,0
25.6528,4818,RSU,ChannelLoad,0.0484,0
25.6548,2211,RSU,TX_Throughput,19280,0
25.6548,2211,RSU,TX_ObjectCount,6,0
25.6561,4818,RSU,TX_Throughput,10537.9,0
25.6561,4818,RSU,TX_ObjectCount,3,0
25.6582,2805,Vehicle,ChannelLoad,0.03536,0
25.6582,2805,Vehicle,ChannelLoad,0.03536,0
25.6582,2805,Vehicle,TX_Throughput,4560,0
25.6582,2805,Vehicle,TX_ObjectCount,0,0
25.659,1094,Vehicle,ChannelLoad,0.02368,0
25.659,1094,Vehicle,ChannelLoad,0.02368,0
25.659,1094,Vehicle,TX_Throughput,7760,0
25.659,1094,Vehicle,TX_ObjectCount,1,0
25.6594,2878,Vehicle,ChannelLoad,0.05632,0
25.6594,2878,Vehicle,ChannelLoad,0.05632,0
25.6594,2878,Vehicle,TX_Throughput,4560,0
25.6594,2878,Vehicle,TX_ObjectCount,0,0
25.6609,3328,RSU,TX_Throughput,8080,0
25.6609,3328,RSU,TX_ObjectCount,2,0
25.6613,1167,Vehicle,ChannelLoad,0.06608,0
25.6613,1167,Vehicle,ChannelLoad,0.06608,0
25.6613,1167,Vehicle,TX_Throughput,7760,0
25.6613,1167,Vehicle,TX_ObjectCount,1,0
25.6615,4001,Vehicle,ChannelLoad,0.05288,0
25.6615,4001,Vehicle,ChannelLoad,0.05288,0
25.6615,4001,Vehicle,TX_Throughput,7760,0
25.6615,4001,Vehicle,TX_ObjectCount,1,0
25.6623,3850,RSU,TX_Throughput,8080,0
25.6623,3850,RSU,TX_ObjectCount,2,0
25.6637,2953,Vehicle,ChannelLoad,0.05464,0
25.6637,2953,Vehicle,ChannelLoad,0.05464,0
25.6637,2953,Vehicle,TX_Throughput,16160,0
25.6637,2953,Vehicle,TX_ObjectCount,4,0
25.6647,1984,RSU,ChannelLoad,0.03744,0
25.6647,1984,RSU,ChannelLoad,0.03744,0
25.6649,1240,RSU,ChannelLoad,0.02496,0
25.6649,1240,RSU,ChannelLoad,0.02496,0
25.6654,2058,Vehicle,ChannelLoad,0.04152,0
25.6654,2058,Vehicle,ChannelLoad,0.04152,0
25.6654,2058,Vehicle,TX_Throughput,7760,0
25.6654,2058,Vehicle,TX_ObjectCount,1,0
25.6663,4074,Vehicle,ChannelLoad,0.06952,0
25.6663,4074,Vehicle,ChannelLoad,0.06952,0
25.6663,4074,Vehicle,TX_Throughput,7760,0
25.6663,4074,Vehicle,TX_ObjectCount,1,0
25.6687,4147,Vehicle,ChannelLoad,0.04264,0
25.6687,4147,Vehicle,ChannelLoad,0.04264,0
25.6687,4147,Vehicle,TX_Throughput,10560,0
25.6687,4147,Vehicle,TX_ObjectCount,2,0
25.6696,4900,RSU,ChannelLoad,0.05904,0
25.6696,4900,RSU,ChannelLoad,0.05904,0
25.6698,3030,RSU,ChannelLoad,0.01408,0
25.6698,3030,RSU,ChannelLoad,0.01408,0
25.67,2131,RSU,ChannelLoad,0.07232,0
25.67,2131,RSU,ChannelLoad,0.07232,0
25.6702,4974,Vehicle,ChannelLoad,0.0464,0
25.6702,4974,Vehicle,ChannelLoad,0.0464,0
25.6702,4974,Vehicle,TX_Throughput,7760,0
25.6702,4974,Vehicle,TX_ObjectCount,1,0
25.6709,1314,Vehicle,ChannelLoad,0.03472,0
25.6709,1314,Vehicle,ChannelLoad,0.03472,0
25.6709,1314,Vehicle,TX_Throughput,4560,0
25.6709,1314,Vehicle,TX_ObjectCount,0,0
25.671,270,Vehicle,ChannelLoad,0.0276,0
25.671,270,Vehicle,ChannelLoad,0.0276,0
25.671,270,Vehicle,TX_Throughput,4560,0
25.671,270,Vehicle,TX_ObjectCount,0,0
25.6723,5047,RSU,ChannelLoad,0.07712,0
25.6723,5047,RSU,ChannelLoad,0.07712,0
25.6731,1759,RSU,TX_Throughput,22080,0
25.6731,1759,RSU,TX_ObjectCount,7,0
25.6736,4222,Vehicle,ChannelLoad,0.02624,0
25.6736,4222,Vehicle,ChannelLoad,0.02624,0
25.6736,4222,Vehicle,TX_Throughput,4560,0
25.6736,4222,Vehicle,TX_ObjectCount,0,0
25.6744,3552,RSU,TX_Throughput,5280,0
25.6744,3552,RSU,TX_ObjectCount,1,0
25.6762,5123,RSU,ChannelLoad,0.06144,0
25.6762,5123,RSU,ChannelLoad,0.06144,0
25.6777,4297,Vehicle,ChannelLoad,0.04104,0
25.6777,4297,Vehicle,ChannelLoad,0.04104,0
25.6777,4297,Vehicle,TX_Throughput,7760,0
25.6777,4297,Vehicle,TX_ObjectCount,1,0
25.6791,3030,RSU,TX_Throughput,8080,0
25.6791,3030,RSU,TX_ObjectCount,2,0
25.6799,1906,RSU,TX_Throughput,8080,0
25.6799,1906,RSU,TX_ObjectCount,2,0
25.68,4370,Vehicle,ChannelLoad,0.06616,0
25.68,4370,Vehicle,ChannelLoad,0.06616,0
25.68,4370,Vehicle,TX_Throughput,7760,0
25.68,4370,Vehicle,TX_ObjectCount,1,0
25.6814,1387,RSU,TX_Throughput,8080,0
25.6814,1387,RSU,TX_ObjectCount,2,0
25.6816,1240,RSU,TX_Throughput,10880,0
25.6816,1240,RSU,TX_ObjectCount,3,0
25.6817,1018,RSU,TX_Throughput,30480,0
25.6817,1018,RSU,TX_ObjectCount,10,0
25.6819,5197,Vehicle,ChannelLoad,0.0376,0
25.6819,5197,Vehicle,ChannelLoad,0.0376,0
25.6819,5197,Vehicle,TX_Throughput,16160,0
25.6819,5197,Vehicle,TX_ObjectCount,4,0
25.682,5270,Vehicle,ChannelLoad,0.0356,0
25.682,5270,Vehicle,ChannelLoad,0.0356,0
25.682,5270,Vehicle,TX_Throughput,13360,0
25.682,5270,Vehicle,TX_ObjectCount,3,0
25.6831,343,Vehicle,ChannelLoad,0.05744,0
25.6831,343,Vehicle,ChannelLoad,0.05744,0
25.6831,343,Vehicle,TX_Throughput,21760,0
25.6831,343,Vehicle,TX_ObjectCount,6,0
25.6832,1387,RSU,ChannelLoad,0.05768,0
25.6832,1387,RSU,ChannelLoad,0.05768,0
25.6865,3108,Vehicle,ChannelLoad,0.02248,0
25.6865,3108,Vehicle,ChannelLoad,0.02248,0
25.6865,3108,Vehicle,TX_Throughput,10560,0
25.6865,3108,Vehicle,TX_ObjectCount,2,0
25.6865,5343,RSU,ChannelLoad,0.04632,0
25.6865,5343,RSU,ChannelLoad,0.04632,0
25.6871,416,Vehicle,ChannelLoad,0.04184,0
25.6871,416,Vehicle,ChannelLoad,0.04184,0
25.6871,416,Vehicle,TX_Throughput,13360,0
25.6871,416,Vehicle,TX_ObjectCount,3,0
25.6883,5123,RSU,TX_Throughput,9705.1,0
25.6883,5123,RSU,TX_ObjectCount,3,0
25.6885,2211,RSU,ChannelLoad,0.0592,0
25.6885,2211,RSU,ChannelLoad,0.0592,0
25.6894,2285,RSU,ChannelLoad,0.04144,0
25.6894,2285,RSU,ChannelLoad,0.04144,0
25.692,5417,RSU,ChannelLoad,0.05608,0
25.692,5417,RSU,ChannelLoad,0.05608,0
25.6928,3181,Vehicle,ChannelLoad,0.04864,0
25.6928,3181,Vehicle,ChannelLoad,0.04864,0
25.6928,3181,Vehicle,TX_Throughput,7760,0
25.6928,3181,Vehicle,TX_ObjectCount,1,0
25.6939,489,Vehicle,ChannelLoad,0.01304,0
25.6939,489,Vehicle,ChannelLoad,0.01304,0
25.6939,489,Vehicle,TX_Throughput,7760,0
25.6939,489,Vehicle,TX_ObjectCount,1,0
25.6955,5047,RSU,TX_Throughput,22456.1,0
25.6955,5047,RSU,TX_ObjectCount,9,0
25.6961,3254,RSU,ChannelLoad,0.08344,0
25.6961,3254,RSU,ChannelLoad,0.08344,0
25.6961,562,Vehicle,ChannelLoad,0.02336,0
25.6961,562,Vehicle,ChannelLoad,0.02336,0
25.6961,562,Vehicle,TX_Throughput,4560,0
25.6961,562,Vehicle,TX_ObjectCount,0,0
25.6961,2359,Vehicle,ChannelLoad,0.04176,0
25.6961,2359,Vehicle,ChannelLoad,0.04176,0
25.6961,2359,Vehicle,TX_Throughput,4560,0
25.6961,2359,Vehicle,TX_ObjectCount,0,0
25.6966,1463,Vehicle,ChannelLoad,0.01896,0
25.6966,1463,Vehicle,ChannelLoad,0.01896,0
25.6966,1463,Vehicle,TX_Throughput,4560,0
25.6966,1463,Vehicle,TX_ObjectCount,0,0
25.6975,2432,Vehicle,ChannelLoad,0.02112,0
25.6975,2432,Vehicle,ChannelLoad,0.02112,0
25.6975,2432,Vehicle,TX_Throughput,4560,0
25.6975,2432,Vehicle,TX_ObjectCount,0,0
25.6978,3328,RSU,ChannelLoad,0.04152,0
25.6978,3328,RSU,ChannelLoad,0.04152,0
25.702,639,Vehicle,ChannelLoad,0.0192,0
25.702,639,Vehicle,ChannelLoad,0.0192,0
25.702,639,Vehicle,TX_Throughput,7760,0
25.702,639,Vehicle,TX_ObjectCount,1,0
25.7047,29,RSU,ChannelLoad,0.05504,0
25.7047,29,RSU,ChannelLoad,0.05504,0
25.7048,5495,Vehicle,ChannelLoad,0.02272,0
25.7048,5495,Vehicle,ChannelLoad,0.02272,0
25.7048,5495,Vehicle,TX_Throughput,7760,0
25.7048,5495,Vehicle,TX_ObjectCount,1,0
25.7052,5417,RSU,TX_Throughput,21981.7,0
25.7052,5417,RSU,TX_ObjectCount,8,0
25.7059,712,Vehicle,ChannelLoad,0.06568,0
25.7059,712,Vehicle,ChannelLoad,0.06568,0
25.7059,712,Vehicle,TX_Throughput,13360,0
25.7059,712,Vehicle,TX_ObjectCount,3,0
25.7078,5568,Vehicle,ChannelLoad,0.0516,0
25.7078,5568,Vehicle,ChannelLoad,0.0516,0
25.7078,5568,Vehicle,TX_Throughput,13360,0
25.7078,5568,Vehicle,TX_ObjectCount,3,0
25.709,4445,Vehicle,ChannelLoad,0.04568,0
25.709,4445,Vehicle,ChannelLoad,0.04568,0
25.709,4445,Vehicle,TX_Throughput,13360,0
25.709,4445,Vehicle,TX_ObjectCount,3,0
25.7103,5343,RSU,TX_Throughput,20101.1,0
25.7103,5343,RSU,TX_ObjectCount,8,0
25.7104,1538,Vehicle,ChannelLoad,0.02376,0
25.7104,1538,Vehicle,ChannelLoad,0.02376,0
25.7104,1538,Vehicle,TX_Throughput,10560,0
25.7104,1538,Vehicle,TX_ObjectCount,2,0
25.7121,5641,Vehicle,ChannelLoad,0.0188,0
25.7121,5641,Vehicle,ChannelLoad,0.0188,0
25.7121,5641,Vehicle,TX_Throughput,13360,0
25.7121,5641,Vehicle,TX_ObjectCount,3,0
25.7123,2285,RSU,TX_Throughput,10880,0
25.7123,2285,RSU,TX_ObjectCount,3,0
25.7131,5714,Vehicle,ChannelLoad,0.0404,0
25.7131,5714,Vehicle,ChannelLoad,0.0404,0
25.7131,5714,Vehicle,TX_Throughput,4560,0
25.7131,5714,Vehicle,TX_ObjectCount,0,0
25.7144,3404,Vehicle,ChannelLoad,0.06016,0
25.7144,3404,Vehicle,ChannelLoad,0.06016,0
25.7144,3404,Vehicle,TX_Throughput,13360,0
25.7144,3404,Vehicle,TX_ObjectCount,3,0
25.7166,1611,Vehicle,ChannelLoad,0.03296,0
25.7166,1611,Vehicle,ChannelLoad,0.03296,0
25.7166,1611,Vehicle,TX_Throughput,4560,0
25.7166,1611,Vehicle,TX_ObjectCount,0,0
25.7166,182,RSU,TX_Throughput,22080,0
25.7166,182,RSU,TX_ObjectCount,7,0
25.7168,1684,Vehicle,ChannelLoad,0.07208,0
25.7168,1684,Vehicle,ChannelLoad,0.07208,0
25.7168,1684,Vehicle,TX_Throughput,4560,0
25.7168,1684,Vehicle,TX_ObjectCount,0,0
25.7172,2507,Vehicle,ChannelLoad,0.04824,0
25.7172,2507,Vehicle,ChannelLoad,0.04824,0
25.7172,2507,Vehicle,TX_Throughput,10560,0
25.7172,2507,Vehicle,TX_ObjectCount,2,0
25.7183,787,Vehicle,ChannelLoad,0.04864,0
25.7183,787,Vehicle,ChannelLoad,0.04864,0
25.7183,787,Vehicle,TX_Throughput,4560,0
25.7183,787,Vehicle,TX_ObjectCount,0,0
25.7186,2582,Vehicle,ChannelLoad,0.02872,0
25.7186,2582,Vehicle,ChannelLoad,0.02872,0
25.7186,2582,Vehicle,TX_Throughput,7760,0
25.7186,2582,Vehicle,TX_ObjectCount,1,0
25.7188,107,Vehicle,ChannelLoad,0.02936,0
25.7188,107,Vehicle,ChannelLoad,0.02936,0
25.7188,107,Vehicle,TX_Throughput,13360,0
25.7188,107,Vehicle,TX_ObjectCount,3,0
25.7201,182,RSU,ChannelLoad,0.04552,0
25.7201,182,RSU,ChannelLoad,0.04552,0
25.7218,4522,Vehicle,ChannelLoad,0.06088,0
25.7218,4522,Vehicle,ChannelLoad,0.06088,0
25.7218,4522,Vehicle,TX_Throughput,7760,0
25.7218,4522,Vehicle,TX_ObjectCount,1,0
25.7231,1759,RSU,ChannelLoad,0.03144,0
25.7231,1759,RSU,ChannelLoad,0.03144,0
25.7237,3479,Vehicle,ChannelLoad,0.06048,0
25.7237,3479,Vehicle,ChannelLoad,0.06048,0
25.7237,3479,Vehicle,TX_Throughput,16160,0
25.7237,3479,Vehicle,TX_ObjectCount,4,0
25.7289,4597,Vehicle,ChannelLoad,0.0516,0
25.7289,4597,Vehicle,ChannelLoad,0.0516,0
25.7289,4597,Vehicle,TX_Throughput,7760,0
25.7289,4597,Vehicle,TX_ObjectCount,1,0
25.7299,3254,RSU,TX_Throughput,13680,0
25.7299,3254,RSU,TX_ObjectCount,4,0
25.7318,866,Vehicle,ChannelLoad,0.02664,0
25.7318,866,Vehicle,ChannelLoad,0.02664,0
25.7318,866,Vehicle,TX_Throughput,10560,0
25.7318,866,Vehicle,TX_ObjectCount,2,0
25.7328,1984,RSU,TX_Throughput,16480,0
25.7328,1984,RSU,TX_ObjectCount,5,0
25.7332,3776,RSU,TX_Throughput,13680,0
25.7332,3776,RSU,TX_ObjectCount,4,0
25.7333,3552,RSU,ChannelLoad,0.03688,0
25.7333,3552,RSU,ChannelLoad,0.03688,0
25.7343,5797,Vehicle,ChannelLoad,0.04488,0
25.7343,5797,Vehicle,ChannelLoad,0.04488,0
25.7343,5797,Vehicle,TX_Throughput,4560,0
25.7343,5797,Vehicle,TX_ObjectCount,0,0
25.7344,29,RSU,TX_Throughput,41680,0
25.7344,29,RSU,TX_ObjectCount,14,0
25.737,3626,Vehicle,ChannelLoad,0.06432,0
25.737,3626,Vehicle,ChannelLoad,0.06432,0
25.737,3626,Vehicle,TX_Throughput,18960,0
25.737,3626,Vehicle,TX_ObjectCount,5,0
25.7374,2659,Vehicle,ChannelLoad,0.0384,0
25.7374,2659,Vehicle,ChannelLoad,0.0384,0
25.7374,2659,Vehicle,TX_Throughput,13360,0
25.7374,2659,Vehicle,TX_ObjectCount,3,0
25.7376,3699,Vehicle,ChannelLoad,0.02304,0
25.7376,3699,Vehicle,ChannelLoad,0.02304,0
25.7376,3699,Vehicle,TX_Throughput,4560,0
25.7376,3699,Vehicle,TX_ObjectCount,0,0
25.738,2732,Vehicle,ChannelLoad,0.0152,0
25.738,2732,Vehicle,ChannelLoad,0.0152,0
25.738,2732,Vehicle,TX_Throughput,13360,0
25.738,2732,Vehicle,TX_ObjectCount,3,0
25.7389,5872,RSU,ChannelLoad,0.05408,0
25.7389,5872,RSU,ChannelLoad,0.05408,0
25.7396,2131,RSU,TX_Throughput,16480,0
25.7396,2131,RSU,TX_ObjectCount,5,0
25.7404,943,Vehicle,ChannelLoad,0.01432,0
25.7404,943,Vehicle,ChannelLoad,0.01432,0
25.7404,943,Vehicle,TX_Throughput,4560,0
25.7404,943,Vehicle,TX_ObjectCount,0,0
25.7434,4900,RSU,TX_Throughput,9480.93,0
25.7434,4900,RSU,TX_ObjectCount,5,0
25.7444,1833,Vehicle,ChannelLoad,0.03656,0
25.7444,1833,Vehicle,ChannelLoad,0.03656,0
25.7444,1833,Vehicle,TX_Throughput,4560,0
25.7444,1833,Vehicle,TX_ObjectCount,0,0
25.7449,4672,Vehicle,ChannelLoad,0.05568,0
25.7449,4672,Vehicle,ChannelLoad,0.05568,0
25.7449,4672,Vehicle,TX_Throughput,4560,0
25.7449,4672,Vehicle,TX_ObjectCount,0,0
25.7464,1018,RSU,ChannelLoad,0.07088,0
25.7464,1018,RSU,ChannelLoad,0.07088,0
25.7471,3776,RSU,ChannelLoad,0.05056,0
25.7471,3776,RSU,ChannelLoad,0.05056,0
25.7488,1906,RSU,ChannelLoad,0.05704,0
25.7488,1906,RSU,ChannelLoad,0.05704,0
25.7488,4745,Vehicle,ChannelLoad,0.03024,0
25.7488,4745,Vehicle,ChannelLoad,0.03024,0
25.7488,4745,Vehicle,TX_Throughput,10560,0
25.7488,4745,Vehicle,TX_ObjectCount,2,0
25.7492,3850,RSU,ChannelLoad,0.01528,0
25.7492,3850,RSU,ChannelLoad,0.01528,0
25.7512,3926,Vehicle,ChannelLoad,0.02024,0
25.7512,3926,Vehicle,ChannelLoad,0.02024,0
25.7512,3926,Vehicle,TX_Throughput,7760,0
25.7512,3926,Vehicle,TX_ObjectCount,1,0
25.7528,4818,RSU,ChannelLoad,0.04776,0
25.7528,4818,RSU,ChannelLoad,0.04776,0
25.7531,5958,Vehicle,ChannelLoad,0.03888,0
25.7531,5958,Vehicle,ChannelLoad,0.03888,0
25.7531,5958,Vehicle,TX_Throughput,13360,0
25.7531,5958,Vehicle,TX_ObjectCount,3,0
25.7548,2211,RSU,TX_Throughput,19280,0
25.7548,2211,RSU,TX_ObjectCount,6,0
25.7561,4818,RSU,TX_Throughput,22080,0
25.7561,4818,RSU,TX_ObjectCount,7,0
25.7582,2805,Vehicle,ChannelLoad,0.0316,0
25.7582,2805,Vehicle,ChannelLoad,0.0316,0
25.7582,2805,Vehicle,TX_Throughput,4560,0
25.7582,2805,Vehicle,TX_ObjectCount,0,0
25.759,1094,Vehicle,ChannelLoad,0.02952,0
25.759,1094,Vehicle,ChannelLoad,0.02952,0
25.759,1094,Vehicle,TX_Throughput,7760,0
25.759,1094,Vehicle,TX_ObjectCount,1,0
25.7594,2878,Vehicle,ChannelLoad,0.04664,0
25.7594,2878,Vehicle,ChannelLoad,0.04664,0
25.7594,2878,Vehicle,TX_Throughput,4560,0
25.7594,2878,Vehicle,TX_ObjectCount,0,0
25.7609,3328,RSU,TX_Throughput,19280,0
25.7609,3328,RSU,TX_ObjectCount,6,0
25.7613,1167,Vehicle,ChannelLoad,0.0808,0
25.7613,1167,Vehicle,ChannelLoad,0.0808,0
25.7613,1167,Vehicle,TX_Throughput,13360,0
25.7613,1167,Vehicle,TX_ObjectCount,3,0
25.7615,4001,Vehicle,ChannelLoad,0.05432,0
25.7615,4001,Vehicle,ChannelLoad,0.05432,0
25.7615,4001,Vehicle,TX_Throughput,7760,0
25.7615,4001,Vehicle,TX_ObjectCount,1,0
25.7623,3850,RSU,TX_Throughput,10880,0
25.7623,3850,RSU,TX_ObjectCount,3,0
25.7637,2953,Vehicle,ChannelLoad,0.07576,0
25.7637,2953,Vehicle,ChannelLoad,0.07576,0
25.7637,2953,Vehicle,TX_Throughput,18960,0
25.7637,2953,Vehicle,TX_ObjectCount,5,0
25.7647,1984,RSU,ChannelLoad,0.03112,0
25.7647,1984,RSU,ChannelLoad,0.03112,0
25.7649,1240,RSU,ChannelLoad,0.03112,0
25.7649,1240,RSU,ChannelLoad,0.03112,0
25.7654,2058,Vehicle,ChannelLoad,0.04312,0
25.7654,2058,Vehicle,ChannelLoad,0.04312,0
25.7654,2058,Vehicle,TX_Throughput,7760,0
25.7654,2058,Vehicle,TX_ObjectCount,1,0
25.7663,4074,Vehicle,ChannelLoad,0.08064,0
25.7663,4074,Vehicle,ChannelLoad,0.08064,0
25.7663,4074,Vehicle,TX_Throughput,10560,0
25.7663,4074,Vehicle,TX_ObjectCount,2,0
25.7674,6037,Vehicle,ChannelLoad,0.02784,0
25.7674,6037,Vehicle,ChannelLoad,0.02784,0
25.7674,6037,Vehicle,TX_Throughput,7760,0
25.7674,6037,Vehicle,TX_ObjectCount,1,0
25.7687,4147,Vehicle,ChannelLoad,0.05856,0
25.7687,4147,Vehicle,ChannelLoad,0.05856,0
25.7687,4147,Vehicle,TX_Throughput,13360,0
25.7687,4147,Vehicle,TX_ObjectCount,3,0
25.7696,4900,RSU,ChannelLoad,0.06288,0
25.7696,4900,RSU,ChannelLoad,0.06288,0
25.7698,3030,RSU,ChannelLoad,0.02448,0
25.7698,3030,RSU,ChannelLoad,0.02448,0
25.77,2131,RSU,ChannelLoad,0.08168,0
25.77,2131,RSU,ChannelLoad,0.08168,0
25.7702,4974,Vehicle,ChannelLoad,0.06192,0
25.7702,4974,Vehicle,ChannelLoad,0.06192,0
25.7702,4974,Vehicle,TX_Throughput,7760,0
25.7702,4974,Vehicle,TX_ObjectCount,1,0
25.7706,6110,Vehicle,ChannelLoad,0.02944,0
25.7706,6110,Vehicle,ChannelLoad,0.02944,0
25.7706,6110,Vehicle,TX_Throughput,7760,0
25.7706,6110,Vehicle,TX_ObjectCount,1,0
25.7709,1314,Vehicle,ChannelLoad,0.04496,0
25.7709,1314,Vehicle,ChannelLoad,0.04496,0
25.7709,1314,Vehicle,TX_Throughput,7760,0
25.7709,1314,Vehicle,TX_ObjectCount,1,0
25.771,270,Vehicle,ChannelLoad,0.03272,0
25.771,270,Vehicle,ChannelLoad,0.03272,0
25.771,270,Vehicle,TX_Throughput,10560,0
25.771,270,Vehicle,TX_ObjectCount,2,0
25.7723,5047,RSU,ChannelLoad,0.09544,0
25.7723,5047,RSU,ChannelLoad,0.09544,0
25.7731,1759,RSU,TX_Throughput,27680,0
25.7731,1759,RSU,TX_ObjectCount,9,0
25.7736,4222,Vehicle,ChannelLoad,0.03616,0
25.7736,4222,Vehicle,ChannelLoad,0.03616,0
25.7736,4222,Vehicle,TX_Throughput,4560,0
25.7736,4222,Vehicle,TX_ObjectCount,0,0
25.7744,3552,RSU,TX_Throughput,10880,0
25.7744,3552,RSU,TX_ObjectCount,3,0
25.7762,5123,RSU,ChannelLoad,0.07448,0
25.7762,5123,RSU,ChannelLoad,0.07448,0
25.7777,4297,Vehicle,ChannelLoad,0.04568,0
25.7777,4297,Vehicle,ChannelLoad,0.04568,0
25.7777,4297,Vehicle,TX_Throughput,7760,0
25.7777,4297,Vehicle,TX_ObjectCount,1,0
25.7778,6187,RSU,ChannelLoad,0.07488,0
25.7778,6187,RSU,ChannelLoad,0.07488,0
25.7791,3030,RSU,TX_Throughput,8080,0
25.7791,3030,RSU,TX_ObjectCount,2,0
25.7799,1906,RSU,TX_Throughput,19280,0
25.7799,1906,RSU,TX_ObjectCount,6,0
25.78,4370,Vehicle,ChannelLoad,0.10424,0
25.78,4370,Vehicle,ChannelLoad,0.10424,0
25.78,4370,Vehicle,TX_Throughput,7760,0
25.78,4370,Vehicle,TX_ObjectCount,1,0
25.7801,6263,RSU,ChannelLoad,0.05392,0
25.7801,6263,RSU,ChannelLoad,0.05392,0
25.7814,1387,RSU,TX_Throughput,10880,0
25.7814,1387,RSU,TX_ObjectCount,3,0
25.7816,1240,RSU,TX_Throughput,10880,0
25.7816,1240,RSU,TX_ObjectCount,3,0
25.7817,1018,RSU,TX_Throughput,30480,0
25.7817,1018,RSU,TX_ObjectCount,10,0
25.7819,5197,Vehicle,ChannelLoad,0.06944,0
25.7819,5197,Vehicle,ChannelLoad,0.06944,0
25.7819,5197,Vehicle,TX_Throughput,16160,0
25.7819,5197,Vehicle,TX_ObjectCount,4,0
25.782,5270,Vehicle,ChannelLoad,0.04528,0
25.782,5270,Vehicle,ChannelLoad,0.04528,0
25.782,5270,Vehicle,TX_Throughput,13360,0
25.782,5270,Vehicle,TX_ObjectCount,3,0
25.7831,343,Vehicle,ChannelLoad,0.05576,0
25.7831,343,Vehicle,ChannelLoad,0.05576,0
25.7831,343,Vehicle,TX_Throughput,18960,0
25.7831,343,Vehicle,TX_ObjectCount,5,0
25.7832,1387,RSU,ChannelLoad,0.0788,0
25.7832,1387,RSU,ChannelLoad,0.0788,0
25.7855,6187,RSU,TX_Throughput,20511.2,0
25.7855,6187,RSU,TX_ObjectCount,7,0
25.7865,3108,Vehicle,ChannelLoad,0.03056,0
25.7865,3108,Vehicle,ChannelLoad,0.03056,0
25.7865,3108,Vehicle,TX_Throughput,10560,0
25.7865,3108,Vehicle,TX_ObjectCount,2,0
25.7865,5343,RSU,ChannelLoad,0.06712,0
25.7865,5343,RSU,ChannelLoad,0.06712,0
25.7871,416,Vehicle,ChannelLoad,0.06584,0
25.7871,416,Vehicle,ChannelLoad,0.06584,0
25.7871,416,Vehicle,TX_Throughput,18960,0
25.7871,416,Vehicle,TX_ObjectCount,5,0
25.7883,5123,RSU,TX_Throughput,16480,0
25.7883,5123,RSU,TX_ObjectCount,5,0
25.7885,2211,RSU,ChannelLoad,0.06576,0
25.7885,2211,RSU,ChannelLoad,0.06576,0
25.7894,2285,RSU,ChannelLoad,0.064,0
25.7894,2285,RSU,ChannelLoad,0.064,0
25.792,5417,RSU,ChannelLoad,0.07376,0
25.792,5417,RSU,ChannelLoad,0.07376,0
25.7925,6341,Vehicle,ChannelLoad,0.07264,0
25.7925,6341,Vehicle,ChannelLoad,0.07264,0
25.7925,6341,Vehicle,TX_Throughput,4560,0
25.7925,6341,Vehicle,TX_ObjectCount,0,0
25.7928,3181,Vehicle,ChannelLoad,0.06208,0
25.7928,3181,Vehicle,ChannelLoad,0.06208,0
25.7928,3181,Vehicle,TX_Throughput,10560,0
25.7928,3181,Vehicle,TX_ObjectCount,2,0
25.7928,5872,RSU,TX_Throughput,8888.46,0
25.7928,5872,RSU,TX_ObjectCount,4,0
25.7939,489,Vehicle,ChannelLoad,0.02888,0
25.7939,489,Vehicle,ChannelLoad,0.02888,0
25.7939,489,Vehicle,TX_Throughput,7760,0
25.7939,489,Vehicle,TX_ObjectCount,1,0
25.7955,5047,RSU,TX_Throughput,30480,0
25.7955,5047,RSU,TX_ObjectCount,10,0
25.7961,3254,RSU,ChannelLoad,0.09584,0
25.7961,3254,RSU,ChannelLoad,0.09584,0
25.7961,562,Vehicle,ChannelLoad,0.02576,0
25.7961,562,Vehicle,ChannelLoad,0.02576,0
25.7961,562,Vehicle,TX_Throughput,4560,0
25.7961,562,Vehicle,TX_ObjectCount,0,0
25.7961,2359,Vehicle,ChannelLoad,0.06104,0
25.7961,2359,Vehicle,ChannelLoad,0.06104,0
25.7961,2359,Vehicle,TX_Throughput,4560,0
25.7961,2359,Vehicle,TX_ObjectCount,0,0
25.7966,1463,Vehicle,ChannelLoad,0.02128,0
25.7966,1463,Vehicle,ChannelLoad,0.02128,0
25.7966,1463,Vehicle,TX_Throughput,7760,0
25.7966,1463,Vehicle,TX_ObjectCount,1,0
25.7975,2432,Vehicle,ChannelLoad,0.01104,0
25.7975,2432,Vehicle,ChannelLoad,0.01104,0
25.7975,2432,Vehicle,TX_Throughput,4560,0
25.7975,2432,Vehicle,TX_ObjectCount,0,0
25.7976,6414,Vehicle,ChannelLoad,0.03112,0
25.7976,6414,Vehicle,ChannelLoad,0.03112,0
25.7976,6414,Vehicle,TX_Throughput,7760,0
25.7976,6414,Vehicle,TX_ObjectCount,1,0
25.7978,3328,RSU,ChannelLoad,0.05088,0
25.7978,3328,RSU,ChannelLoad,0.05088,0
25.802,639,Vehicle,ChannelLoad,0.02536,0
25.802,639,Vehicle,ChannelLoad,0.02536,0
25.802,639,Vehicle,TX_Throughput,7760,0
25.802,639,Vehicle,TX_ObjectCount,1,0
25.8037,6487,RSU,ChannelLoad,0.03896,0
25.8037,6487,RSU,ChannelLoad,0.03896,0
25.8047,29,RSU,ChannelLoad,0.0656,0
25.8047,29,RSU,ChannelLoad,0.0656,0
25.8048,5495,Vehicle,ChannelLoad,0.0208,0
25.8048,5495,Vehicle,ChannelLoad,0.0208,0
25.8048,5495,Vehicle,TX_Throughput,7760,0
25.8048,5495,Vehicle,TX_ObjectCount,1,0
25.8052,5417,RSU,TX_Throughput,27680,0
25.8052,5417,RSU,TX_ObjectCount,9,0
25.8059,712,Vehicle,ChannelLoad,0.06656,0
25.8059,712,Vehicle,ChannelLoad,0.06656,0
25.8059,712,Vehicle,TX_Throughput,10560,0
25.8059,712,Vehicle,TX_ObjectCount,2,0
25.8078,5568,Vehicle,ChannelLoad,0.05032,0
25.8078,5568,Vehicle,ChannelLoad,0.05032,0
25.8078,5568,Vehicle,TX_Throughput,13360,0
25.8078,5568,Vehicle,TX_ObjectCount,3,0
25.809,4445,Vehicle,ChannelLoad,0.04184,0
25.809,4445,Vehicle,ChannelLoad,0.04184,0
25.809,4445,Vehicle,TX_Throughput,18960,0
25.809,4445,Vehicle,TX_ObjectCount,5,0
25.8103,5343,RSU,TX_Throughput,27680,0
25.8103,5343,RSU,TX_ObjectCount,9,0
25.8104,1538,Vehicle,ChannelLoad,0.02488,0
25.8104,1538,Vehicle,ChannelLoad,0.02488,0
25.8104,1538,Vehicle,TX_Throughput,10560,0
25.8104,1538,Vehicle,TX_ObjectCount,2,0
25.8121,5641,Vehicle,ChannelLoad,0.02472,0
25.8121,5641,Vehicle,ChannelLoad,0.02472,0
25.8121,5641,Vehicle,TX_Throughput,13360,0
25.8121,5641,Vehicle,TX_ObjectCount,3,0
25.8123,2285,RSU,TX_Throughput,10880,0
25.8123,2285,RSU,TX_ObjectCount,3,0
25.8131,5714,Vehicle,ChannelLoad,0.04576,0
25.8131,5714,Vehicle,ChannelLoad,0.04576,0
25.8131,5714,Vehicle,TX_Throughput,4560,0
25.8131,5714,Vehicle,TX_ObjectCount,0,0
25.8144,3404,Vehicle,ChannelLoad,0.05032,0
25.8144,3404,Vehicle,ChannelLoad,0.05032,0
25.8144,3404,Vehicle,TX_Throughput,13360,0
25.8144,3404,Vehicle,TX_ObjectCount,3,0
25.8151,6487,RSU,TX_Throughput,12285.7,0
25.8151,6487,RSU,TX_ObjectCount,4,0
25.8152,6561,Vehicle,ChannelLoad,0.04104,0
25.8152,6561,Vehicle,ChannelLoad,0.04104,0
25.8152,6561,Vehicle,TX_Throughput,10560,0
25.8152,6561,Vehicle,TX_ObjectCount,2,0
25.8163,6634,RSU,ChannelLoad,0.0492,0
25.8163,6634,RSU,ChannelLoad,0.0492,0
25.8166,1611,Vehicle,ChannelLoad,0.03208,0
25.8166,1611,Vehicle,ChannelLoad,0.03208,0
25.8166,1611,Vehicle,TX_Throughput,4560,0
25.8166,1611,Vehicle,TX_ObjectCount,0,0
25.8166,182,RSU,TX_Throughput,27680,0
25.8166,182,RSU,TX_ObjectCount,9,0
25.8168,1684,Vehicle,ChannelLoad,0.0608,0
25.8168,1684,Vehicle,ChannelLoad,0.0608,0
25.8168,1684,Vehicle,TX_Throughput,4560,0
25.8168,1684,Vehicle,TX_ObjectCount,0,0
25.8172,2507,Vehicle,ChannelLoad,0.04744,0
25.8172,2507,Vehicle,ChannelLoad,0.04744,0
25.8172,2507,Vehicle,TX_Throughput,13360,0
25.8172,2507,Vehicle,TX_ObjectCount,3,0
25.8183,787,Vehicle,ChannelLoad,0.04488,0
25.8183,787,Vehicle,ChannelLoad,0.04488,0
25.8183,787,Vehicle,TX_Throughput,4560,0
25.8183,787,Vehicle,TX_ObjectCount,0,0
25.8186,2582,Vehicle,ChannelLoad,0.03376,0
25.8186,2582,Vehicle,ChannelLoad,0.03376,0
25.8186,2582,Vehicle,TX_Throughput,7760,0
25.8186,2582,Vehicle,TX_ObjectCount,1,0
25.8188,107,Vehicle,ChannelLoad,0.03672,0
25.8188,107,Vehicle,ChannelLoad,0.03672,0
25.8188,107,Vehicle,TX_Throughput,16160,0
25.8188,107,Vehicle,TX_ObjectCount,4,0
25.8201,182,RSU,ChannelLoad,0.04744,0
25.8201,182,RSU,ChannelLoad,0.04744,0
25.8206,6708,Vehicle,ChannelLoad,0.04448,0
25.8206,6708,Vehicle,ChannelLoad,0.04448,0
25.8206,6708,Vehicle,TX_Throughput,10560,0
25.8206,6708,Vehicle,TX_ObjectCount,2,0
25.8218,4522,Vehicle,ChannelLoad,0.062,0
25.8218,4522,Vehicle,ChannelLoad,0.062,0
25.8218,4522,Vehicle,TX_Throughput,7760,0
25.8218,4522,Vehicle,TX_ObjectCount,1,0
25.8231,1759,RSU,ChannelLoad,0.03936,0
25.8231,1759,RSU,ChannelLoad,0.03936,0
25.8237,3479,Vehicle,ChannelLoad,0.06648,0
25.8237,3479,Vehicle,ChannelLoad,0.06648,0
25.8237,3479,Vehicle,TX_Throughput,16160,0
25.8237,3479,Vehicle,TX_ObjectCount,4,0
25.8275,6263,RSU,TX_Throughput,5479.2,0
25.8275,6263,RSU,TX_ObjectCount,2,0
25.8289,4597,Vehicle,ChannelLoad,0.07688,0
25.8289,4597,Vehicle,ChannelLoad,0.07688,0
25.8289,4597,Vehicle,TX_Throughput,7760,0
25.8289,4597,Vehicle,TX_ObjectCount,1,0
25.8299,3254,RSU,TX_Throughput,10880,0
25.8299,3254,RSU,TX_ObjectCount,3,0
25.8318,866,Vehicle,ChannelLoad,0.04912,0
25.8318,866,Vehicle,ChannelLoad,0.04912,0
25.8318,866,Vehicle,TX_Throughput,10560,0
25.8318,866,Vehicle,TX_ObjectCount,2,0
25.8328,1984,RSU,TX_Throughput,16480,0
25.8328,1984,RSU,TX_ObjectCount,5,0
25.8332,3776,RSU,TX_Throughput,13680,0
25.8332,3776,RSU,TX_ObjectCount,4,0
25.8333,3552,RSU,ChannelLoad,0.0484,0
25.8333,3552,RSU,ChannelLoad,0.0484,0
25.8343,5797,Vehicle,ChannelLoad,0.04424,0
25.8343,5797,Vehicle,ChannelLoad,0.04424,0
25.8343,5797,Vehicle,TX_Throughput,4560,0
25.8343,5797,Vehicle,TX_ObjectCount,0,0
25.8344,29,RSU,TX_Throughput,41680,0
25.8344,29,RSU,TX_ObjectCount,14,0
25.8352,6781,RSU,ChannelLoad,0.0576,0
25.8352,6781,RSU,ChannelLoad,0.0576,0
25.837,3626,Vehicle,ChannelLoad,0.05264,0
25.837,3626,Vehicle,ChannelLoad,0.05264,0
25.837,3626,Vehicle,TX_Throughput,18960,0
25.837,3626,Vehicle,TX_ObjectCount,5,0
25.8374,2659,Vehicle,ChannelLoad,0.03816,0
25.8374,2659,Vehicle,ChannelLoad,0.03816,0
25.8374,2659,Vehicle,TX_Throughput,13360,0
25.8374,2659,Vehicle,TX_ObjectCount,3,0
25.8376,3699,Vehicle,ChannelLoad,0.03344,0
25.8376,3699,Vehicle,ChannelLoad,0.03344,0
25.8376,3699,Vehicle,TX_Throughput,4560,0
25.8376,3699,Vehicle,TX_ObjectCount,0,0
25.838,2732,Vehicle,ChannelLoad,0.02072,0
25.838,2732,Vehicle,ChannelLoad,0.02072,0
25.838,2732,Vehicle,TX_Throughput,13360,0
25.838,2732,Vehicle,TX_ObjectCount,3,0
25.8389,5872,RSU,ChannelLoad,0.0616,0
25.8389,5872,RSU,ChannelLoad,0.0616,0
25.8396,2131,RSU,TX_Throughput,22080,0
25.8396,2131,RSU,TX_ObjectCount,7,0
25.8404,943,Vehicle,ChannelLoad,0.02672,0
25.8404,943,Vehicle,ChannelLoad,0.02672,0
25.8404,943,Vehicle,TX_Throughput,7760,0
25.8404,943,Vehicle,TX_ObjectCount,1,0
25.8434,4900,RSU,TX_Throughput,19280,0
25.8434,4900,RSU,TX_ObjectCount,6,0
25.8444,1833,Vehicle,ChannelLoad,0.04976,0
25.8444,1833,Vehicle,ChannelLoad,0.04976,0
25.8444,1833,Vehicle,TX_Throughput,4560,0
25.8444,1833,Vehicle,TX_ObjectCount,0,0
25.8449,4672,Vehicle,ChannelLoad,0.06392,0
25.8449,4672,Vehicle,ChannelLoad,0.06392,0
25.8449,4672,Vehicle,TX_Throughput,4560,0
25.8449,4672,Vehicle,TX_ObjectCount,0,0
25.8462,6781,RSU,TX_Throughput,22418.8,0
25.8462,6781,RSU,TX_ObjectCount,8,0
25.8464,1018,RSU,ChannelLoad,0.08424,0
25.8464,1018,RSU,ChannelLoad,0.08424,0
25.8471,3776,RSU,ChannelLoad,0.058,0
25.8471,3776,RSU,ChannelLoad,0.058,0
25.8488,1906,RSU,ChannelLoad,0.0868,0
25.8488,1906,RSU,ChannelLoad,0.0868,0
25.8488,4745,Vehicle,ChannelLoad,0.03816,0
25.8488,4745,Vehicle,ChannelLoad,0.03816,0
25.8488,4745,Vehicle,TX_Throughput,10560,0
25.8488,4745,Vehicle,TX_ObjectCount,2,0
25.8492,3850,RSU,ChannelLoad,0.03104,0
25.8492,3850,RSU,ChannelLoad,0.03104,0
25.8507,6859,Vehicle,ChannelLoad,0.04928,0
25.8507,6859,Vehicle,ChannelLoad,0.04928,0
25.8507,6859,Vehicle,TX_Throughput,7760,0
25.8507,6859,Vehicle,TX_ObjectCount,1,0
25.8512,3926,Vehicle,ChannelLoad,0.0252,0
25.8512,3926,Vehicle,ChannelLoad,0.0252,0
25.8512,3926,Vehicle,TX_Throughput,7760,0
25.8512,3926,Vehicle,TX_ObjectCount,1,0
25.8528,4818,RSU,ChannelLoad,0.03616,0
25.8528,4818,RSU,ChannelLoad,0.03616,0
25.8531,5958,Vehicle,ChannelLoad,0.03936,0
25.8531,5958,Vehicle,ChannelLoad,0.03936,0
25.8531,5958,Vehicle,TX_Throughput,13360,0
25.8531,5958,Vehicle,TX_ObjectCount,3,0
25.8548,2211,RSU,TX_Throughput,19280,0
25.8548,2211,RSU,TX_ObjectCount,6,0
25.8561,4818,RSU,TX_Throughput,22080,0
25.8561,4818,RSU,TX_ObjectCount,7,0
25.8561,6932,RSU,ChannelLoad,0.0432,0
25.8561,6932,RSU,ChannelLoad,0.0432,0
25.8582,2805,Vehicle,ChannelLoad,0.03144,0
25.8582,2805,Vehicle,ChannelLoad,0.03144,0
25.8582,2805,Vehicle,TX_Throughput,4560,0
25.8582,2805,Vehicle,TX_ObjectCount,0,0
25.8586,7006,Vehicle,ChannelLoad,0.02752,0
25.8586,7006,Vehicle,ChannelLoad,0.02752,0
25.8586,7006,Vehicle,TX_Throughput,7760,0
25.8586,7006,Vehicle,TX_ObjectCount,1,0
25.859,1094,Vehicle,ChannelLoad,0.03272,0
25.859,1094,Vehicle,ChannelLoad,0.03272,0
25.859,1094,Vehicle,TX_Throughput,10560,0
25.859,1094,Vehicle,TX_ObjectCount,2,0
25.8594,2878,Vehicle,ChannelLoad,0.08416,0
25.8594,2878,Vehicle,ChannelLoad,0.08416,0
25.8594,2878,Vehicle,TX_Throughput,4560,0
25.8594,2878,Vehicle,TX_ObjectCount,0,0
25.8609,3328,RSU,TX_Throughput,19280,0
25.8609,3328,RSU,TX_ObjectCount,6,0
25.8613,1167,Vehicle,ChannelLoad,0.0596,0
25.8613,1167,Vehicle,ChannelLoad,0.0596,0
25.8613,1167,Vehicle,TX_Throughput,13360,0
25.8613,1167,Vehicle,TX_ObjectCount,3,0
25.8615,4001,Vehicle,ChannelLoad,0.06656,0
25.8615,4001,Vehicle,ChannelLoad,0.06656,0
25.8615,4001,Vehicle,TX_Throughput,7760,0
25.8615,4001,Vehicle,TX_ObjectCount,1,0
25.862,6634,RSU,TX_Throughput,7467.1,0
25.862,6634,RSU,TX_ObjectCount,3,0
25.8623,3850,RSU,TX_Throughput,10880,0
25.8623,3850,RSU,TX_ObjectCount,3,0
25.8637,2953,Vehicle,ChannelLoad,0.06688,0
25.8637,2953,Vehicle,ChannelLoad,0.06688,0
25.8637,2953,Vehicle,TX_Throughput,16160,0
25.8637,2953,Vehicle,TX_ObjectCount,4,0
25.8647,1984,RSU,ChannelLoad,0.06496,0
25.8647,1984,RSU,ChannelLoad,0.06496,0
25.8649,1240,RSU,ChannelLoad,0.03976,0
25.8649,1240,RSU,ChannelLoad,0.03976,0
25.8654,2058,Vehicle,ChannelLoad,0.05472,0
25.8654,2058,Vehicle,ChannelLoad,0.05472,0
25.8654,2058,Vehicle,TX_Throughput,7760,0
25.8654,2058,Vehicle,TX_ObjectCount,1,0
25.8663,4074,Vehicle,ChannelLoad,0.08248,0
25.8663,4074,Vehicle,ChannelLoad,0.08248,0
25.8663,4074,Vehicle,TX_Throughput,10560,0
25.8663,4074,Vehicle,TX_ObjectCount,2,0
25.8674,6037,Vehicle,ChannelLoad,0.02584,0
25.8674,6037,Vehicle,ChannelLoad,0.02584,0
25.8674,6037,Vehicle,TX_Throughput,7760,0
25.8674,6037,Vehicle,TX_ObjectCount,1,0
25.8687,4147,Vehicle,ChannelLoad,0.06744,0
25.8687,4147,Vehicle,ChannelLoad,0.06744,0
25.8687,4147,Vehicle,TX_Throughput,13360,0
25.8687,4147,Vehicle,TX_ObjectCount,3,0
25.8696,4900,RSU,ChannelLoad,0.07064,0
25.8696,4900,RSU,ChannelLoad,0.07064,0
25.8698,3030,RSU,ChannelLoad,0.04064,0
25.8698,3030,RSU,ChannelLoad,0.04064,0
25.87,2131,RSU,ChannelLoad,0.09336,0
25.87,2131,RSU,ChannelLoad,0.09336,0
25.8702,4974,Vehicle,ChannelLoad,0.0708,0
25.8702,4974,Vehicle,ChannelLoad,0.0708,0
25.8702,4974,Vehicle,TX_Throughput,7760,0
25.8702,4974,Vehicle,TX_ObjectCount,1,0
25.8706,6110,Vehicle,ChannelLoad,0.06472,0
25.8706,6110,Vehicle,ChannelLoad,0.06472,0
25.8706,6110,Vehicle,TX_Throughput,7760,0
25.8706,6110,Vehicle,TX_ObjectCount,1,0
25.8709,1314,Vehicle,ChannelLoad,0.04768,0
25.8709,1314,Vehicle,ChannelLoad,0.04768,0
25.8709,1314,Vehicle,TX_Throughput,7760,0
25.8709,1314,Vehicle,TX_ObjectCount,1,0
25.871,270,Vehicle,ChannelLoad,0.04552,0
25.871,270,Vehicle,ChannelLoad,0.04552,0
25.871,270,Vehicle,TX_Throughput,10560,0
25.871,270,Vehicle,TX_ObjectCount,2,0
25.8723,5047,RSU,ChannelLoad,0.10112,0
25.8723,5047,RSU,ChannelLoad,0.10112,0
25.8731,1759,RSU,TX_Throughput,27680,0
25.8731,1759,RSU,TX_ObjectCount,9,0
25.8736,4222,Vehicle,ChannelLoad,0.03472,0
25.8736,4222,Vehicle,ChannelLoad,0.03472,0
25.8736,4222,Vehicle,TX_Throughput,4560,0
25.8736,4222,Vehicle,TX_ObjectCount,0,0
25.8744,3552,RSU,TX_Throughput,10880,0
25.8744,3552,RSU,TX_ObjectCount,3,0
25.8762,5123,RSU,ChannelLoad,0.07536,0
25.8762,5123,RSU,ChannelLoad,0.07536,0
25.8777,4297,Vehicle,ChannelLoad,0.0412,0
25.8777,4297,Vehicle,ChannelLoad,0.0412,0
25.8777,4297,Vehicle,TX_Throughput,7760,0
25.8777,4297,Vehicle,TX_ObjectCount,1,0
25.8778,6187,RSU,ChannelLoad,0.09432,0
25.8778,6187,RSU,ChannelLoad,0.09432,0
25.8783,7083,Vehicle,ChannelLoad,0.0404,0
25.8783,7083,Vehicle,ChannelLoad,0.0404,0
25.8783,7083,Vehicle,TX_Throughput,7760,0
25.8783,7083,Vehicle,TX_ObjectCount,1,0
25.8791,3030,RSU,TX_Throughput,8080,0
25.8791,3030,RSU,TX_ObjectCount,2,0
25.8799,1906,RSU,TX_Throughput,19280,0
25.8799,1906,RSU,TX_ObjectCount,6,0
25.88,4370,Vehicle,ChannelLoad,0.1048,0
25.88,4370,Vehicle,ChannelLoad,0.1048,0
25.88,4370,Vehicle,TX_Throughput,7760,0
25.88,4370,Vehicle,TX_ObjectCount,1,0
25.8801,6263,RSU,ChannelLoad,0.0492,0
25.8801,6263,RSU,ChannelLoad,0.0492,0
25.8805,7156,Vehicle,ChannelLoad,0.0392,0
25.8805,7156,Vehicle,ChannelLoad,0.0392,0
25.8805,7156,Vehicle,TX_Throughput,16160,0
25.8805,7156,Vehicle,TX_ObjectCount,4,0
25.8814,1387,RSU,TX_Throughput,16480,0
25.8814,1387,RSU,TX_ObjectCount,5,0
25.8816,1240,RSU,TX_Throughput,10880,0
25.8816,1240,RSU,TX_ObjectCount,3,0
25.8817,1018,RSU,TX_Throughput,30480,0
25.8817,1018,RSU,TX_ObjectCount,10,0
25.8819,5197,Vehicle,ChannelLoad,0.06344,0
25.8819,5197,Vehicle,ChannelLoad,0.06344,0
25.8819,5197,Vehicle,TX_Throughput,16160,0
25.8819,5197,Vehicle,TX_ObjectCount,4,0
25.882,5270,Vehicle,ChannelLoad,0.04336,0
25.882,5270,Vehicle,ChannelLoad,0.04336,0
25.882,5270,Vehicle,TX_Throughput,13360,0
25.882,5270,Vehicle,TX_ObjectCount,3,0
25.8831,343,Vehicle,ChannelLoad,0.0668,0
25.8831,343,Vehicle,ChannelLoad,0.0668,0
25.8831,343,Vehicle,TX_Throughput,18960,0
25.8831,343,Vehicle,TX_ObjectCount,5,0
25.8832,1387,RSU,ChannelLoad,0.07904,0
25.8832,1387,RSU,ChannelLoad,0.07904,0
25.8855,6187,RSU,TX_Throughput,22080,0
25.8855,6187,RSU,TX_ObjectCount,7,0
25.8865,3108,Vehicle,ChannelLoad,0.04352,0
25.8865,3108,Vehicle,ChannelLoad,0.04352,0
25.8865,3108,Vehicle,TX_Throughput,10560,0
25.8865,3108,Vehicle,TX_ObjectCount,2,0
25.8865,5343,RSU,ChannelLoad,0.08688,0
25.8865,5343,RSU,ChannelLoad,0.08688,0
25.8871,416,Vehicle,ChannelLoad,0.07256,0
25.8871,416,Vehicle,ChannelLoad,0.07256,0
25.8871,416,Vehicle,TX_Throughput,18960,0
25.8871,416,Vehicle,TX_ObjectCount,5,0
25.8883,5123,RSU,TX_Throughput,19280,0
25.8883,5123,RSU,TX_ObjectCount,6,0
25.8885,2211,RSU,ChannelLoad,0.07192,0
25.8885,2211,RSU,ChannelLoad,0.07192,0
25.8894,2285,RSU,ChannelLoad,0.07048,0
25.8894,2285,RSU,ChannelLoad,0.07048,0
25.8917,7229,Vehicle,ChannelLoad,0.03192,0
25.8917,7229,Vehicle,ChannelLoad,0.03192,0
25.8917,7229,Vehicle,TX_Throughput,4560,0
25.8917,7229,Vehicle,TX_ObjectCount,0,0
25.892,5417,RSU,ChannelLoad,0.09648,0
25.892,5417,RSU,ChannelLoad,0.09648,0
25.8925,6341,Vehicle,ChannelLoad,0.092,0
25.8925,6341,Vehicle,ChannelLoad,0.092,0
25.8925,6341,Vehicle,TX_Throughput,4560,0
25.8925,6341,Vehicle,TX_ObjectCount,0,0
25.8928,3181,Vehicle,ChannelLoad,0.08016,0
25.8928,3181,Vehicle,ChannelLoad,0.08016,0
25.8928,3181,Vehicle,TX_Throughput,10560,0
25.8928,3181,Vehicle,TX_ObjectCount,2,0
25.8928,5872,RSU,TX_Throughput,13680,0
25.8928,5872,RSU,TX_ObjectCount,4,0
25.8939,489,Vehicle,ChannelLoad,0.04264,0
25.8939,489,Vehicle,ChannelLoad,0.04264,0
25.8939,489,Vehicle,TX_Throughput,7760,0
25.8939,489,Vehicle,TX_ObjectCount,1,0
25.8955,5047,RSU,TX_Throughput,33280,0
25.8955,5047,RSU,TX_ObjectCount,11,0
25.8961,3254,RSU,ChannelLoad,0.10048,0
25.8961,3254,RSU,ChannelLoad,0.10048,0
25.8961,562,Vehicle,ChannelLoad,0.0276,0
25.8961,562,Vehicle,ChannelLoad,0.0276,0
25.8961,562,Vehicle,TX_Throughput,4560,0
25.8961,562,Vehicle,TX_ObjectCount,0,0
25.8961,2359,Vehicle,ChannelLoad,0.07328,0
25.8961,2359,Vehicle,ChannelLoad,0.07328,0
25.8961,2359,Vehicle,TX_Throughput,4560,0
25.8961,2359,Vehicle,TX_ObjectCount,0,0
25.8966,1463,Vehicle,ChannelLoad,0.03576,0
25.8966,1463,Vehicle,ChannelLoad,0.03576,0
25.8966,1463,Vehicle,TX_Throughput,10560,0
25.8966,1463,Vehicle,TX_ObjectCount,2,0
25.8975,2432,Vehicle,ChannelLoad,0.01848,0
25.8975,2432,Vehicle,ChannelLoad,0.01848,0
25.8975,2432,Vehicle,TX_Throughput,4560,0
25.8975,2432,Vehicle,TX_ObjectCount,0,0
25.8976,6414,Vehicle,ChannelLoad,0.0416,0
25.8976,6414,Vehicle,ChannelLoad,0.0416,0
25.8976,6414,Vehicle,TX_Throughput,7760,0
25.8976,6414,Vehicle,TX_ObjectCount,1,0
25.8978,3328,RSU,ChannelLoad,0.06208,0
25.8978,3328,RSU,ChannelLoad,0.06208,0
25.8992,7302,Vehicle,ChannelLoad,0.05936,0
25.8992,7302,Vehicle,ChannelLoad,0.05936,0
25.8992,7302,Vehicle,TX_Throughput,7760,0
25.8992,7302,Vehicle,TX_ObjectCount,1,0
25.9009,7375,Vehicle,ChannelLoad,0.03592,0
25.9009,7375,Vehicle,ChannelLoad,0.03592,0
25.9009,7375,Vehicle,TX_Throughput,7760,0
25.9009,7375,Vehicle,TX_ObjectCount,1,0
25.902,639,Vehicle,ChannelLoad,0.03304,0
25.902,639,Vehicle,ChannelLoad,0.03304,0
25.902,639,Vehicle,TX_Throughput,7760,0
25.902,639,Vehicle,TX_ObjectCount,1,0
25.9037,6487,RSU,ChannelLoad,0.06336,0
25.9037,6487,RSU,ChannelLoad,0.06336,0
25.9047,29,RSU,ChannelLoad,0.07376,0
25.9047,29,RSU,ChannelLoad,0.07376,0
25.9048,5495,Vehicle,ChannelLoad,0.02712,0
25.9048,5495,Vehicle,ChannelLoad,0.02712,0
25.9048,5495,Vehicle,TX_Throughput,7760,0
25.9048,5495,Vehicle,TX_ObjectCount,1,0
25.9052,5417,RSU,TX_Throughput,30480,0
25.9052,5417,RSU,TX_ObjectCount,10,0
25.9059,712,Vehicle,ChannelLoad,0.07736,0
25.9059,712,Vehicle,ChannelLoad,0.07736,0
25.9059,712,Vehicle,TX_Throughput,13360,0
25.9059,712,Vehicle,TX_ObjectCount,3,0
25.9078,5568,Vehicle,ChannelLoad,0.06168,0
25.9078,5568,Vehicle,ChannelLoad,0.06168,0
25.9078,5568,Vehicle,TX_Throughput,13360,0
25.9078,5568,Vehicle,TX_ObjectCount,3,0
25.9089,6932,RSU,TX_Throughput,8951.51,0
25.9089,6932,RSU,TX_ObjectCount,4,0
25.909,4445,Vehicle,ChannelLoad,0.07688,0
25.909,4445,Vehicle,ChannelLoad,0.07688,0
25.909,4445,Vehicle,TX_Throughput,21760,0
25.909,4445,Vehicle,TX_ObjectCount,6,0
25.9103,5343,RSU,TX_Throughput,27680,0
25.9103,5343,RSU,TX_ObjectCount,9,0
25.9104,1538,Vehicle,ChannelLoad,0.03136,0
25.9104,1538,Vehicle,ChannelLoad,0.03136,0
25.9104,1538,Vehicle,TX_Throughput,16160,0
25.9104,1538,Vehicle,TX_ObjectCount,4,0
25.9121,5641,Vehicle,ChannelLoad,0.0372,0
25.9121,5641,Vehicle,ChannelLoad,0.0372,0
25.9121,5641,Vehicle,TX_Throughput,13360,0
25.9121,5641,Vehicle,TX_ObjectCount,3,0
25.9123,2285,RSU,TX_Throughput,13680,0
25.9123,2285,RSU,TX_ObjectCount,4,0
25.9131,5714,Vehicle,ChannelLoad,0.06472,0
25.9131,5714,Vehicle,ChannelLoad,0.06472,0
25.9131,5714,Vehicle,TX_Throughput,4560,0
25.9131,5714,Vehicle,TX_ObjectCount,0,0
25.9144,3404,Vehicle,ChannelLoad,0.05752,0
25.9144,3404,Vehicle,ChannelLoad,0.05752,0
25.9144,3404,Vehicle,TX_Throughput,13360,0
25.9144,3404,Vehicle,TX_ObjectCount,3,0
25.9151,6487,RSU,TX_Throughput,16480,0
25.9151,6487,RSU,TX_ObjectCount,5,0
25.9152,6561,Vehicle,ChannelLoad,0.06056,0
25.9152,6561,Vehicle,ChannelLoad,0.06056,0
25.9152,6561,Vehicle,TX_Throughput,10560,0
25.9152,6561,Vehicle,TX_ObjectCount,2,0
25.9163,6634,RSU,ChannelLoad,0.05568,0
25.9163,6634,RSU,ChannelLoad,0.05568,0
25.9166,1611,Vehicle,ChannelLoad,0.04456,0
25.9166,1611,Vehicle,ChannelLoad,0.04456,0
25.9166,1611,Vehicle,TX_Throughput,4560,0
25.9166,1611,Vehicle,TX_ObjectCount,0,0
25.9166,182,RSU,TX_Throughput,30480,0
25.9166,182,RSU,TX_ObjectCount,10,0
25.9168,1684,Vehicle,ChannelLoad,0.07704,0
25.9168,1684,Vehicle,ChannelLoad,0.07704,0
25.9168,1684,Vehicle,TX_Throughput,4560,0
25.9168,1684,Vehicle,TX_ObjectCount,0,0
25.9172,2507,Vehicle,ChannelLoad,0.052,0
25.9172,2507,Vehicle,ChannelLoad,0.052,0
25.9172,2507,Vehicle,TX_Throughput,18960,0
25.9172,2507,Vehicle,TX_ObjectCount,5,0
25.9183,787,Vehicle,ChannelLoad,0.06848,0
25.9183,787,Vehicle,ChannelLoad,0.06848,0
25.9183,787,Vehicle,TX_Throughput,4560,0
25.9183,787,Vehicle,TX_ObjectCount,0,0
25.9186,2582,Vehicle,ChannelLoad,0.06024,0
25.9186,2582,Vehicle,ChannelLoad,0.06024,0
25.9186,2582,Vehicle,TX_Throughput,7760,0
25.9186,2582,Vehicle,TX_ObjectCount,1,0
25.9188,107,Vehicle,ChannelLoad,0.05688,0
25.9188,107,Vehicle,ChannelLoad,0.05688,0
25.9188,107,Vehicle,TX_Throughput,16160,0
25.9188,107,Vehicle,TX_ObjectCount,4,0
25.9201,182,RSU,ChannelLoad,0.06304,0
25.9201,182,RSU,ChannelLoad,0.06304,0
25.9206,6708,Vehicle,ChannelLoad,0.08664,0
25.9206,6708,Vehicle,ChannelLoad,0.08664,0
25.9206,6708,Vehicle,TX_Throughput,10560,0
25.9206,6708,Vehicle,TX_ObjectCount,2,0
25.921,7450,Vehicle,ChannelLoad,0.04696,0
25.921,7450,Vehicle,ChannelLoad,0.04696,0
25.921,7450,Vehicle,TX_Throughput,7760,0
25.921,7450,Vehicle,TX_ObjectCount,1,0
25.9218,4522,Vehicle,ChannelLoad,0.05744,0
25.9218,4522,Vehicle,ChannelLoad,0.05744,0
25.9218,4522,Vehicle,TX_Throughput,7760,0
25.9218,4522,Vehicle,TX_ObjectCount,1,0
25.9231,1759,RSU,ChannelLoad,0.07056,0
25.9231,1759,RSU,ChannelLoad,0.07056,0
25.9237,3479,Vehicle,ChannelLoad,0.06064,0
25.9237,3479,Vehicle,ChannelLoad,0.06064,0
25.9237,3479,Vehicle,TX_Throughput,16160,0
25.9237,3479,Vehicle,TX_ObjectCount,4,0
25.9275,6263,RSU,TX_Throughput,19280,0
25.9275,6263,RSU,TX_ObjectCount,6,0
25.9289,4597,Vehicle,ChannelLoad,0.06848,0
25.9289,4597,Vehicle,ChannelLoad,0.06848,0
25.9289,4597,Vehicle,TX_Throughput,7760,0
25.9289,4597,Vehicle,TX_ObjectCount,1,0
25.9289,7523,RSU,ChannelLoad,0.10088,0
25.9289,7523,RSU,ChannelLoad,0.10088,0
25.9299,3254,RSU,TX_Throughput,10880,0
25.9299,3254,RSU,TX_ObjectCount,3,0
25.9318,866,Vehicle,ChannelLoad,0.06304,0
25.9318,866,Vehicle,ChannelLoad,0.06304,0
25.9318,866,Vehicle,TX_Throughput,10560,0
25.9318,866,Vehicle,TX_ObjectCount,2,0
25.9328,1984,RSU,TX_Throughput,19280,0
25.9328,1984,RSU,TX_ObjectCount,6,0
25.9332,3776,RSU,TX_Throughput,19280,0
25.9332,3776,RSU,TX_ObjectCount,6,0
25.9333,3552,RSU,ChannelLoad,0.05208,0
25.9333,3552,RSU,ChannelLoad,0.05208,0
25.9343,5797,Vehicle,ChannelLoad,0.05744,0
25.9343,5797,Vehicle,ChannelLoad,0.05744,0
25.9343,5797,Vehicle,TX_Throughput,4560,0
25.9343,5797,Vehicle,TX_ObjectCount,0,0
25.9344,29,RSU,TX_Throughput,41680,0
25.9344,29,RSU,TX_ObjectCount,14,0
25.9352,6781,RSU,ChannelLoad,0.07272,0
25.9352,6781,RSU,ChannelLoad,0.07272,0
25.9361,7599,Vehicle,ChannelLoad,0.04688,0
25.9361,7599,Vehicle,ChannelLoad,0.04688,0
25.9361,7599,Vehicle,TX_Throughput,10560,0
25.9361,7599,Vehicle,TX_ObjectCount,2,0
25.937,3626,Vehicle,ChannelLoad,0.06304,0
25.937,3626,Vehicle,ChannelLoad,0.06304,0
25.937,3626,Vehicle,TX_Throughput,16160,0
25.937,3626,Vehicle,TX_ObjectCount,4,0
25.9374,2659,Vehicle,ChannelLoad,0.05872,0
25.9374,2659,Vehicle,ChannelLoad,0.05872,0
25.9374,2659,Vehicle,TX_Throughput,13360,0
25.9374,2659,Vehicle,TX_ObjectCount,3,0
25.9376,3699,Vehicle,ChannelLoad,0.03584,0
25.9376,3699,Vehicle,ChannelLoad,0.03584,0
25.9376,3699,Vehicle,TX_Throughput,4560,0
25.9376,3699,Vehicle,TX_ObjectCount,0,0
25.9379,7672,Vehicle,ChannelLoad,0.0528,0
25.9379,7672,Vehicle,ChannelLoad,0.0528,0
25.9379,7672,Vehicle,TX_Throughput,10560,0
25.9379,7672,Vehicle,TX_ObjectCount,2,0
25.938,2732,Vehicle,ChannelLoad,0.03328,0
25.938,2732,Vehicle,ChannelLoad,0.03328,0
25.938,2732,Vehicle,TX_Throughput,13360,0
25.938,2732,Vehicle,TX_ObjectCount,3,0
25.9389,5872,RSU,ChannelLoad,0.0832,0
25.9389,5872,RSU,ChannelLoad,0.0832,0
25.9396,2131,RSU,TX_Throughput,24880,0
25.9396,2131,RSU,TX_ObjectCount,8,0
25.9404,943,Vehicle,ChannelLoad,0.03928,0
25.9404,943,Vehicle,ChannelLoad,0.03928,0
25.9404,943,Vehicle,TX_Throughput,7760,0
25.9404,943,Vehicle,TX_ObjectCount,1,0
25.9414,7745,RSU,ChannelLoad,0.07216,0
25.9414,7745,RSU,ChannelLoad,0.07216,0
25.9423,7819,Vehicle,ChannelLoad,0.05344,0
25.9423,7819,Vehicle,ChannelLoad,0.05344,0
25.9423,7819,Vehicle,TX_Throughput,10560,0
25.9423,7819,Vehicle,TX_ObjectCount,2,0
25.9434,4900,RSU,TX_Throughput,22080,0
25.9434,4900,RSU,TX_ObjectCount,7,0
25.9444,1833,Vehicle,ChannelLoad,0.0696,0
25.9444,1833,Vehicle,ChannelLoad,0.0696,0
25.9444,1833,Vehicle,TX_Throughput,7760,0
25.9444,1833,Vehicle,TX_ObjectCount,1,0
25.9449,4672,Vehicle,ChannelLoad,0.06584,0
25.9449,4672,Vehicle,ChannelLoad,0.06584,0
25.9449,4672,Vehicle,TX_Throughput,4560,0
25.9449,4672,Vehicle,TX_ObjectCount,0,0
25.9462,6781,RSU,TX_Throughput,24880,0
25.9462,6781,RSU,TX_ObjectCount,8,0
25.9464,1018,RSU,ChannelLoad,0.09032,0
25.9464,1018,RSU,ChannelLoad,0.09032,0
25.9471,3776,RSU,ChannelLoad,0.06592,0
25.9471,3776,RSU,ChannelLoad,0.06592,0
25.9473,7894,Vehicle,ChannelLoad,0.04608,0
25.9473,7894,Vehicle,ChannelLoad,0.04608,0
25.9473,7894,Vehicle,TX_Throughput,4560,0
25.9473,7894,Vehicle,TX_ObjectCount,0,0
25.9488,1906,RSU,ChannelLoad,0.0968,0
25.9488,1906,RSU,ChannelLoad,0.0968,0
25.9488,4745,Vehicle,ChannelLoad,0.05016,0
25.9488,4745,Vehicle,ChannelLoad,0.05016,0
25.9488,4745,Vehicle,TX_Throughput,10560,0
25.9488,4745,Vehicle,TX_ObjectCount,2,0
25.9492,3850,RSU,ChannelLoad,0.06,0
25.9492,3850,RSU,ChannelLoad,0.06,0
25.9507,6859,Vehicle,ChannelLoad,0.05544,0
25.9507,6859,Vehicle,ChannelLoad,0.05544,0
25.9507,6859,Vehicle,TX_Throughput,7760,0
25.9507,6859,Vehicle,TX_ObjectCount,1,0
25.9512,3926,Vehicle,ChannelLoad,0.02376,0
25.9512,3926,Vehicle,ChannelLoad,0.02376,0
25.9512,3926,Vehicle,TX_Throughput,7760,0
25.9512,3926,Vehicle,TX_ObjectCount,1,0
25.9528,4818,RSU,ChannelLoad,0.06448,0
25.9528,4818,RSU,ChannelLoad,0.06448,0
25.9531,5958,Vehicle,ChannelLoad,0.06616,0
25.9531,5958,Vehicle,ChannelLoad,0.06616,0
25.9531,5958,Vehicle,TX_Throughput,13360,0
25.9531,5958,Vehicle,TX_ObjectCount,3,0
25.9548,2211,RSU,TX_Throughput,19280,0
25.9548,2211,RSU,TX_ObjectCount,6,0
25.9561,4818,RSU,TX_Throughput,22080,0
25.9561,4818,RSU,TX_ObjectCount,7,0
25.9561,6932,RSU,ChannelLoad,0.06296,0
25.9561,6932,RSU,ChannelLoad,0.06296,0
25.9582,2805,Vehicle,ChannelLoad,0.03688,0
25.9582,2805,Vehicle,ChannelLoad,0.03688,0
25.9582,2805,Vehicle,TX_Throughput,4560,0
25.9582,2805,Vehicle,TX_ObjectCount,0,0
25.9586,7006,Vehicle,ChannelLoad,0.05512,0
25.9586,7006,Vehicle,ChannelLoad,0.05512,0
25.9586,7006,Vehicle,TX_Throughput,7760,0
25.9586,7006,Vehicle,TX_ObjectCount,1,0
25.959,1094,Vehicle,ChannelLoad,0.03072,0
25.959,1094,Vehicle,ChannelLoad,0.03072,0
25.959,1094,Vehicle,TX_Throughput,10560,0
25.959,1094,Vehicle,TX_ObjectCount,2,0
25.9594,2878,Vehicle,ChannelLoad,0.04104,0
25.9594,2878,Vehicle,ChannelLoad,0.04104,0
25.9594,2878,Vehicle,TX_Throughput,4560,0
25.9594,2878,Vehicle,TX_ObjectCount,0,0
25.9609,3328,RSU,TX_Throughput,16480,0
25.9609,3328,RSU,TX_ObjectCount,5,0
25.9613,1167,Vehicle,ChannelLoad,0.0744,0
25.9613,1167,Vehicle,ChannelLoad,0.0744,0
25.9613,1167,Vehicle,TX_Throughput,13360,0
25.9613,1167,Vehicle,TX_ObjectCount,3,0
25.9615,4001,Vehicle,ChannelLoad,0.06832,0
25.9615,4001,Vehicle,ChannelLoad,0.06832,0
25.9615,4001,Vehicle,TX_Throughput,7760,0
25.9615,4001,Vehicle,TX_ObjectCount,1,0
25.962,6634,RSU,TX_Throughput,10880,0
25.962,6634,RSU,TX_ObjectCount,3,0
25.9623,3850,RSU,TX_Throughput,10880,0
25.9623,3850,RSU,TX_ObjectCount,3,0
25.9637,2953,Vehicle,ChannelLoad,0.07264,0
25.9637,2953,Vehicle,ChannelLoad,0.07264,0
25.9637,2953,Vehicle,TX_Throughput,16160,0
25.9637,2953,Vehicle,TX_ObjectCount,4,0
25.9647,1984,RSU,ChannelLoad,0.0488,0
25.9647,1984,RSU,ChannelLoad,0.0488,0
25.9649,1240,RSU,ChannelLoad,0.06272,0
25.9649,1240,RSU,ChannelLoad,0.06272,0
25.9651,7969,Vehicle,ChannelLoad,0.05016,0
25.9651,7969,Vehicle,ChannelLoad,0.05016,0
25.9651,7969,Vehicle,TX_Throughput,4560,0
25.9651,7969,Vehicle,TX_ObjectCount,0,0
25.9654,2058,Vehicle,ChannelLoad,0.05352,0
25.9654,2058,Vehicle,ChannelLoad,0.05352,0
25.9654,2058,Vehicle,TX_Throughput,10560,0
25.9654,2058,Vehicle,TX_ObjectCount,2,0
25.9663,4074,Vehicle,ChannelLoad,0.07288,0
25.9663,4074,Vehicle,ChannelLoad,0.07288,0
25.9663,4074,Vehicle,TX_Throughput,10560,0
25.9663,4074,Vehicle,TX_ObjectCount,2,0
25.9674,6037,Vehicle,ChannelLoad,0.0428,0
25.9674,6037,Vehicle,ChannelLoad,0.0428,0
25.9674,6037,Vehicle,TX_Throughput,7760,0
25.9674,6037,Vehicle,TX_ObjectCount,1,0
25.9687,4147,Vehicle,ChannelLoad,0.06552,0
25.9687,4147,Vehicle,ChannelLoad,0.06552,0
25.9687,4147,Vehicle,TX_Throughput,13360,0
25.9687,4147,Vehicle,TX_ObjectCount,3,0
25.9696,4900,RSU,ChannelLoad,0.07696,0
25.9696,4900,RSU,ChannelLoad,0.07696,0
25.9698,3030,RSU,ChannelLoad,0.07688,0
25.9698,3030,RSU,ChannelLoad,0.07688,0
25.97,2131,RSU,ChannelLoad,0.11976,0
25.97,2131,RSU,ChannelLoad,0.11976,0
25.9701,8044,Vehicle,ChannelLoad,0.06464,0
25.9701,8044,Vehicle,ChannelLoad,0.06464,0
25.9701,8044,Vehicle,TX_Throughput,7760,0
25.9701,8044,Vehicle,TX_ObjectCount,1,0
25.9702,4974,Vehicle,ChannelLoad,0.07144,0
25.9702,4974,Vehicle,ChannelLoad,0.07144,0
25.9702,4974,Vehicle,TX_Throughput,7760,0
25.9702,4974,Vehicle,TX_ObjectCount,1,0
25.9706,6110,Vehicle,ChannelLoad,0.05632,0
25.9706,6110,Vehicle,ChannelLoad,0.05632,0
25.9706,6110,Vehicle,TX_Throughput,7760,0
25.9706,6110,Vehicle,TX_ObjectCount,1,0
25.9709,1314,Vehicle,ChannelLoad,0.0628,0
25.9709,1314,Vehicle,ChannelLoad,0.0628,0
25.9709,1314,Vehicle,TX_Throughput,7760,0
25.9709,1314,Vehicle,TX_ObjectCount,1,0
25.971,270,Vehicle,ChannelLoad,0.04872,0
25.971,270,Vehicle,ChannelLoad,0.04872,0
25.971,270,Vehicle,TX_Throughput,13360,0
25.971,270,Vehicle,TX_ObjectCount,3,0
25.9723,5047,RSU,ChannelLoad,0.11544,0
25.9723,5047,RSU,ChannelLoad,0.11544,0
25.9731,1759,RSU,TX_Throughput,27680,0
25.9731,1759,RSU,TX_ObjectCount,9,0
25.9736,4222,Vehicle,ChannelLoad,0.0472,0
25.9736,4222,Vehicle,ChannelLoad,0.0472,0
25.9736,4222,Vehicle,TX_Throughput,10560,0
25.9736,4222,Vehicle,TX_ObjectCount,2,0
25.9744,3552,RSU,TX_Throughput,13680,0
25.9744,3552,RSU,TX_ObjectCount,4,0
25.9762,5123,RSU,ChannelLoad,0.10536,0
25.9762,5123,RSU,ChannelLoad,0.10536,0
25.9777,4297,Vehicle,ChannelLoad,0.03832,0
25.9777,4297,Vehicle,ChannelLoad,0.03832,0
25.9777,4297,Vehicle,TX_Throughput,7760,0
25.9777,4297,Vehicle,TX_ObjectCount,1,0
25.9778,6187,RSU,ChannelLoad,0.0976,0
25.9778,6187,RSU,ChannelLoad,0.0976,0
25.9782,8117,Vehicle,ChannelLoad,0.0612,0
25.9782,8117,Vehicle,ChannelLoad,0.0612,0
25.9782,8117,Vehicle,TX_Throughput,13360,0
25.9782,8117,Vehicle,TX_ObjectCount,3,0
25.9783,7083,Vehicle,ChannelLoad,0.0504,0
25.9783,7083,Vehicle,ChannelLoad,0.0504,0
25.9783,7083,Vehicle,TX_Throughput,7760,0
25.9783,7083,Vehicle,TX_ObjectCount,1,0
25.9791,3030,RSU,TX_Throughput,8080,0
25.9791,3030,RSU,TX_ObjectCount,2,0
25.9799,1906,RSU,TX_Throughput,19280,0
25.9799,1906,RSU,TX_ObjectCount,6,0
25.98,4370,Vehicle,ChannelLoad,0.11312,0
25.98,4370,Vehicle,ChannelLoad,0.11312,0
25.98,4370,Vehicle,TX_Throughput,7760,0
25.98,4370,Vehicle,TX_ObjectCount,1,0
25.9801,6263,RSU,ChannelLoad,0.06056,0
25.9801,6263,RSU,ChannelLoad,0.06056,0
25.9805,7156,Vehicle,ChannelLoad,0.0576,0
25.9805,7156,Vehicle,ChannelLoad,0.0576,0
25.9805,7156,Vehicle,TX_Throughput,16160,0
25.9805,7156,Vehicle,TX_ObjectCount,4,0
25.9814,1387,RSU,TX_Throughput,16480,0
25.9814,1387,RSU,TX_ObjectCount,5,0
25.9816,1240,RSU,TX_Throughput,10880,0
25.9816,1240,RSU,TX_ObjectCount,3,0
25.9817,1018,RSU,TX_Throughput,33280,0
25.9817,1018,RSU,TX_ObjectCount,11,0
25.9819,5197,Vehicle,ChannelLoad,0.06824,0
25.9819,5197,Vehicle,ChannelLoad,0.06824,0
25.9819,5197,Vehicle,TX_Throughput,18960,0
25.9819,5197,Vehicle,TX_ObjectCount,5,0
25.982,5270,Vehicle,ChannelLoad,0.05768,0
25.982,5270,Vehicle,ChannelLoad,0.05768,0
25.982,5270,Vehicle,TX_Throughput,13360,0
25.982,5270,Vehicle,TX_ObjectCount,3,0
25.9831,343,Vehicle,ChannelLoad,0.05008,0
25.9831,343,Vehicle,ChannelLoad,0.05008,0
25.9831,343,Vehicle,TX_Throughput,18960,0
25.9831,343,Vehicle,TX_ObjectCount,5,0
25.9832,1387,RSU,ChannelLoad,0.07696,0
25.9832,1387,RSU,ChannelLoad,0.07696,0
25.9855,6187,RSU,TX_Throughput,24880,0
25.9855,6187,RSU,TX_ObjectCount,8,0
25.9865,3108,Vehicle,ChannelLoad,0.0556,0
25.9865,3108,Vehicle,ChannelLoad,0.0556,0
25.9865,3108,Vehicle,TX_Throughput,13360,0
25.9865,3108,Vehicle,TX_ObjectCount,3,0
25.9865,5343,RSU,ChannelLoad,0.0868,0
25.9865,5343,RSU,ChannelLoad,0.0868,0
25.9871,416,Vehicle,ChannelLoad,0.0632,0
25.9871,416,Vehicle,ChannelLoad,0.0632,0
25.9871,416,Vehicle,TX_Throughput,18960,0
25.9871,416,Vehicle,TX_ObjectCount,5,0
25.9883,5123,RSU,TX_Throughput,19280,0
25.9883,5123,RSU,TX_ObjectCount,6,0
25.9885,2211,RSU,ChannelLoad,0.07856,0
25.9885,2211,RSU,ChannelLoad,0.07856,0
25.9894,2285,RSU,ChannelLoad,0.08376,0
25.9894,2285,RSU,ChannelLoad,0.08376,0
25.9916,8192,RSU,ChannelLoad,0.07288,0
25.9916,8192,RSU,ChannelLoad,0.07288,0
25.9917,7229,Vehicle,ChannelLoad,0.05888,0
25.9917,7229,Vehicle,ChannelLoad,0.05888,0
25.9917,7229,Vehicle,TX_Throughput,4560,0
25.9917,7229,Vehicle,TX_ObjectCount,0,0
25.992,5417,RSU,ChannelLoad,0.07976,0
25.992,5417,RSU,ChannelLoad,0.07976,0
25.9925,6341,Vehicle,ChannelLoad,0.07304,0
25.9925,6341,Vehicle,ChannelLoad,0.07304,0
25.9925,6341,Vehicle,TX_Throughput,10560,0
25.9925,6341,Vehicle,TX_ObjectCount,2,0
25.9928,3181,Vehicle,ChannelLoad,0.06376,0
25.9928,3181,Vehicle,ChannelLoad,0.06376,0
25.9928,3181,Vehicle,TX_Throughput,10560,0
25.9928,3181,Vehicle,TX_ObjectCount,2,0
25.9928,5872,RSU,TX_Throughput,13680,0
25.9928,5872,RSU,TX_ObjectCount,4,0
25.9939,489,Vehicle,ChannelLoad,0.03704,0
25.9939,489,Vehicle,ChannelLoad,0.03704,0
25.9939,489,Vehicle,TX_Throughput,7760,0
25.9939,489,Vehicle,TX_ObjectCount,1,0
25.9955,5047,RSU,TX_Throughput,36080,0
25.9955,5047,RSU,TX_ObjectCount,12,0
25.996,8268,RSU,ChannelLoad,0.09856,0
25.996,8268,RSU,ChannelLoad,0.09856,0
25.9961,3254,RSU,ChannelLoad,0.09736,0
25.9961,3254,RSU,ChannelLoad,0.09736,0
25.9961,562,Vehicle,ChannelLoad,0.03296,0
25.9961,562,Vehicle,ChannelLoad,0.03296,0
25.9961,562,Vehicle,TX_Throughput,7760,0
25.9961,562,Vehicle,TX_ObjectCount,1,0
25.9961,2359,Vehicle,ChannelLoad,0.06128,0
25.9961,2359,Vehicle,ChannelLoad,0.06128,0
25.9961,2359,Vehicle,TX_Throughput,4560,0
25.9961,2359,Vehicle,TX_ObjectCount,0,0
25.9966,1463,Vehicle,ChannelLoad,0.05,0
25.9966,1463,Vehicle,ChannelLoad,0.05,0
25.9966,1463,Vehicle,TX_Throughput,10560,0
25.9966,1463,Vehicle,TX_ObjectCount,2,0
25.9975,2432,Vehicle,ChannelLoad,0.02376,0
25.9975,2432,Vehicle,ChannelLoad,0.02376,0
25.9975,2432,Vehicle,TX_Throughput,4560,0
25.9975,2432,Vehicle,TX_ObjectCount,0,0
25.9976,6414,Vehicle,ChannelLoad,0.03544,0
25.9976,6414,Vehicle,ChannelLoad,0.03544,0
25.9976,6414,Vehicle,TX_Throughput,7760,0
25.9976,6414,Vehicle,TX_ObjectCount,1,0
25.9978,3328,RSU,ChannelLoad,0.06536,0
25.9978,3328,RSU,ChannelLoad,0.06536,0
25.9992,7302,Vehicle,ChannelLoad,0.05368,0
25.9992,7302,Vehicle,ChannelLoad,0.05368,0
25.9992,7302,Vehicle,TX_Throughput,7760,0
25.9992,7302,Vehicle,TX_ObjectCount,1,0
26.0004,7523,RSU,TX_Throughput,16139.4,0
26.0004,7523,RSU,TX_ObjectCount,9,0
26.0009,7375,Vehicle,ChannelLoad,0.0404,0
26.0009,7375,Vehicle,ChannelLoad,0.0404,0
26.0009,7375,Vehicle,TX_Throughput,7760,0
26.0009,7375,Vehicle,TX_ObjectCount,1,0
26.002,639,Vehicle,ChannelLoad,0.0464,0
26.002,639,Vehicle,ChannelLoad,0.0464,0
26.002,639,Vehicle,TX_Throughput,7760,0
26.002,639,Vehicle,TX_ObjectCount,1,0
26.0023,8342,Vehicle,ChannelLoad,0.06632,0
26.0023,8342,Vehicle,ChannelLoad,0.06632,0
26.0023,8342,Vehicle,TX_Throughput,10560,0
26.0023,8342,Vehicle,TX_ObjectCount,2,0
26.0037,6487,RSU,ChannelLoad,0.0768,0
26.0037,6487,RSU,ChannelLoad,0.0768,0
26.0045,7745,RSU,TX_Throughput,13538.8,0
26.0045,7745,RSU,TX_ObjectCount,7,0
26.0047,29,RSU,ChannelLoad,0.10128,0
26.0047,29,RSU,ChannelLoad,0.10128,0
26.0048,5495,Vehicle,ChannelLoad,0.03152,0
26.0048,5495,Vehicle,ChannelLoad,0.03152,0
26.0048,5495,Vehicle,TX_Throughput,10560,0
26.0048,5495,Vehicle,TX_ObjectCount,2,0
26.0052,5417,RSU,TX_Throughput,36080,0
26.0052,5417,RSU,TX_ObjectCount,12,0
26.0059,712,Vehicle,ChannelLoad,0.08088,0
26.0059,712,Vehicle,ChannelLoad,0.08088,0
26.0059,712,Vehicle,TX_Throughput,13360,0
26.0059,712,Vehicle,TX_ObjectCount,3,0
26.0078,5568,Vehicle,ChannelLoad,0.07088,0
26.0078,5568,Vehicle,ChannelLoad,0.07088,0
26.0078,5568,Vehicle,TX_Throughput,13360,0
26.0078,5568,Vehicle,TX_ObjectCount,3,0
26.0089,6932,RSU,TX_Throughput,13680,0
26.0089,6932,RSU,TX_ObjectCount,4,0
26.009,4445,Vehicle,ChannelLoad,0.06832,0
26.009,4445,Vehicle,ChannelLoad,0.06832,0
26.009,4445,Vehicle,TX_Throughput,24560,0
26.009,4445,Vehicle,TX_ObjectCount,7,0
26.0103,5343,RSU,TX_Throughput,33280,0
26.0103,5343,RSU,TX_ObjectCount,11,0
26.0104,1538,Vehicle,ChannelLoad,0.04456,0
26.0104,1538,Vehicle,ChannelLoad,0.04456,0
26.0104,1538,Vehicle,TX_Throughput,16160,0
26.0104,1538,Vehicle,TX_ObjectCount,4,0
26.0121,5641,Vehicle,ChannelLoad,0.04496,0
26.0121,5641,Vehicle,ChannelLoad,0.04496,0
26.0121,5641,Vehicle,TX_Throughput,13360,0
26.0121,5641,Vehicle,TX_ObjectCount,3,0
26.0123,2285,RSU,TX_Throughput,13680,0
26.0123,2285,RSU,TX_ObjectCount,4,0
26.0131,5714,Vehicle,ChannelLoad,0.05312,0
26.0131,5714,Vehicle,ChannelLoad,0.05312,0
26.0131,5714,Vehicle,TX_Throughput,4560,0
26.0131,5714,Vehicle,TX_ObjectCount,0,0
26.0144,3404,Vehicle,ChannelLoad,0.06688,0
26.0144,3404,Vehicle,ChannelLoad,0.06688,0
26.0144,3404,Vehicle,TX_Throughput,13360,0
26.0144,3404,Vehicle,TX_ObjectCount,3,0
26.0151,6487,RSU,TX_Throughput,24880,0
26.0151,6487,RSU,TX_ObjectCount,8,0
26.0152,6561,Vehicle,ChannelLoad,0.06504,0
26.0152,6561,Vehicle,ChannelLoad,0.06504,0
26.0152,6561,Vehicle,TX_Throughput,13360,0
26.0152,6561,Vehicle,TX_ObjectCount,3,0
26.0163,6634,RSU,ChannelLoad,0.0496,0
26.0163,6634,RSU,ChannelLoad,0.0496,0
26.0166,1611,Vehicle,ChannelLoad,0.0432,0
26.0166,1611,Vehicle,ChannelLoad,0.0432,0
26.0166,1611,Vehicle,TX_Throughput,4560,0
26.0166,1611,Vehicle,TX_ObjectCount,0,0
26.0166,182,RSU,TX_Throughput,33280,0
26.0166,182,RSU,TX_ObjectCount,11,0
26.0167,8417,Vehicle,ChannelLoad,0.09432,0
26.0167,8417,Vehicle,ChannelLoad,0.09432,0
26.0167,8417,Vehicle,TX_Throughput,7760,0
26.0167,8417,Vehicle,TX_ObjectCount,1,0
26.0168,1684,Vehicle,ChannelLoad,0.07096,0
26.0168,1684,Vehicle,ChannelLoad,0.07096,0
26.0168,1684,Vehicle,TX_Throughput,4560,0
26.0168,1684,Vehicle,TX_ObjectCount,0,0
26.0172,2507,Vehicle,ChannelLoad,0.0512,0
26.0172,2507,Vehicle,ChannelLoad,0.0512,0
26.0172,2507,Vehicle,TX_Throughput,18960,0
26.0172,2507,Vehicle,TX_ObjectCount,5,0
26.018,8268,RSU,TX_Throughput,27276.4,0
26.018,8268,RSU,TX_ObjectCount,11,0
26.0182,8490,Vehicle,ChannelLoad,0.04448,0
26.0182,8490,Vehicle,ChannelLoad,0.04448,0
26.0182,8490,Vehicle,TX_Throughput,7760,0
26.0182,8490,Vehicle,TX_ObjectCount,1,0
26.0183,787,Vehicle,ChannelLoad,0.048,0
26.0183,787,Vehicle,ChannelLoad,0.048,0
26.0183,787,Vehicle,TX_Throughput,4560,0
26.0183,787,Vehicle,TX_ObjectCount,0,0
26.0186,2582,Vehicle,ChannelLoad,0.04224,0
26.0186,2582,Vehicle,ChannelLoad,0.04224,0
26.0186,2582,Vehicle,TX_Throughput,7760,0
26.0186,2582,Vehicle,TX_ObjectCount,1,0
26.0188,107,Vehicle,ChannelLoad,0.04464,0
26.0188,107,Vehicle,ChannelLoad,0.04464,0
26.0188,107,Vehicle,TX_Throughput,16160,0
26.0188,107,Vehicle,TX_ObjectCount,4,0
26.0201,182,RSU,ChannelLoad,0.08272,0
26.0201,182,RSU,ChannelLoad,0.08272,0
26.0206,6708,Vehicle,ChannelLoad,0.10432,0
26.0206,6708,Vehicle,ChannelLoad,0.10432,0
26.0206,6708,Vehicle,TX_Throughput,10560,0
26.0206,6708,Vehicle,TX_ObjectCount,2,0
26.021,7450,Vehicle,ChannelLoad,0.07368,0
26.021,7450,Vehicle,ChannelLoad,0.07368,0
26.021,7450,Vehicle,TX_Throughput,7760,0
26.021,7450,Vehicle,TX_ObjectCount,1,0
26.0212,8563,Vehicle,ChannelLoad,0.06984,0
26.0212,8563,Vehicle,ChannelLoad,0.06984,0
26.0212,8563,Vehicle,TX_Throughput,10560,0
26.0212,8563,Vehicle,TX_ObjectCount,2,0
26.0218,4522,Vehicle,ChannelLoad,0.07936,0
26.0218,4522,Vehicle,ChannelLoad,0.07936,0
26.0218,4522,Vehicle,TX_Throughput,13360,0
26.0218,4522,Vehicle,TX_ObjectCount,3,0
26.0231,1759,RSU,ChannelLoad,0.07184,0
26.0231,1759,RSU,ChannelLoad,0.07184,0
26.0237,3479,Vehicle,ChannelLoad,0.0604,0
26.0237,3479,Vehicle,ChannelLoad,0.0604,0
26.0237,3479,Vehicle,TX_Throughput,16160,0
26.0237,3479,Vehicle,TX_ObjectCount,4,0
26.0256,8636,Vehicle,ChannelLoad,0.06504,0
26.0256,8636,Vehicle,ChannelLoad,0.06504,0
26.0256,8636,Vehicle,TX_Throughput,10560,0
26.0256,8636,Vehicle,TX_ObjectCount,2,0
26.0275,6263,RSU,TX_Throughput,19280,0
26.0275,6263,RSU,TX_ObjectCount,6,0
26.0289,4597,Vehicle,ChannelLoad,0.10656,0
26.0289,4597,Vehicle,ChannelLoad,0.10656,0
26.0289,4597,Vehicle,TX_Throughput,10560,0
26.0289,4597,Vehicle,TX_ObjectCount,2,0
26.0289,7523,RSU,ChannelLoad,0.11512,0
26.0289,7523,RSU,ChannelLoad,0.11512,0
26.0299,3254,RSU,TX_Throughput,10880,0
26.0299,3254,RSU,TX_ObjectCount,3,0
26.0318,866,Vehicle,ChannelLoad,0.07592,0
26.0318,866,Vehicle,ChannelLoad,0.07592,0
26.0318,866,Vehicle,TX_Throughput,13360,0
26.0318,866,Vehicle,TX_ObjectCount,3,0
26.0328,1984,RSU,TX_Throughput,22080,0
26.0328,1984,RSU,TX_ObjectCount,7,0
26.0332,3776,RSU,TX_Throughput,19280,0
26.0332,3776,RSU,TX_ObjectCount,6,0
26.0333,3552,RSU,ChannelLoad,0.06776,0
26.0333,3552,RSU,ChannelLoad,0.06776,0
26.0343,5797,Vehicle,ChannelLoad,0.06976,0
26.0343,5797,Vehicle,ChannelLoad,0.06976,0
26.0343,5797,Vehicle,TX_Throughput,10560,0
26.0343,5797,Vehicle,TX_ObjectCount,2,0
26.0344,29,RSU,TX_Throughput,41680,0
26.0344,29,RSU,TX_ObjectCount,14,0
26.0352,6781,RSU,ChannelLoad,0.0728,0
26.0352,6781,RSU,ChannelLoad,0.0728,0
26.0361,7599,Vehicle,ChannelLoad,0.06272,0
26.0361,7599,Vehicle,ChannelLoad,0.06272,0
26.0361,7599,Vehicle,TX_Throughput,10560,0
26.0361,7599,Vehicle,TX_ObjectCount,2,0
26.037,3626,Vehicle,ChannelLoad,0.05384,0
26.037,3626,Vehicle,ChannelLoad,0.05384,0
26.037,3626,Vehicle,TX_Throughput,21760,0
26.037,3626,Vehicle,TX_ObjectCount,6,0
26.0374,2659,Vehicle,ChannelLoad,0.05744,0
26.0374,2659,Vehicle,ChannelLoad,0.05744,0
26.0374,2659,Vehicle,TX_Throughput,13360,0
26.0374,2659,Vehicle,TX_ObjectCount,3,0
26.0376,3699,Vehicle,ChannelLoad,0.03736,0
26.0376,3699,Vehicle,ChannelLoad,0.03736,0
26.0376,3699,Vehicle,TX_Throughput,4560,0
26.0376,3699,Vehicle,TX_ObjectCount,0,0
26.0379,7672,Vehicle,ChannelLoad,0.05928,0
26.0379,7672,Vehicle,ChannelLoad,0.05928,0
26.0379,7672,Vehicle,TX_Throughput,10560,0
26.0379,7672,Vehicle,TX_ObjectCount,2,0
26.038,2732,Vehicle,ChannelLoad,0.04016,0
26.038,2732,Vehicle,ChannelLoad,0.04016,0
26.038,2732,Vehicle,TX_Throughput,13360,0
26.038,2732,Vehicle,TX_ObjectCount,3,0
26.0389,5872,RSU,ChannelLoad,0.0844,0
26.0389,5872,RSU,ChannelLoad,0.0844,0
26.0396,2131,RSU,TX_Throughput,36080,0
26.0396,2131,RSU,TX_ObjectCount,12,0
26.0404,943,Vehicle,ChannelLoad,0.0588,0
26.0404,943,Vehicle,ChannelLoad,0.0588,0
26.0404,943,Vehicle,TX_Throughput,7760,0
26.0404,943,Vehicle,TX_ObjectCount,1,0
26.0414,7745,RSU,ChannelLoad,0.0656,0
26.0414,7745,RSU,ChannelLoad,0.0656,0
26.0423,7819,Vehicle,ChannelLoad,0.0804,0
26.0423,7819,Vehicle,ChannelLoad,0.0804,0
26.0423,7819,Vehicle,TX_Throughput,10560,0
26.0423,7819,Vehicle,TX_ObjectCount,2,0
26.0434,4900,RSU,TX_Throughput,30480,0
26.0434,4900,RSU,TX_ObjectCount,10,0
26.0437,8711,Vehicle,ChannelLoad,0.0328,0
26.0437,8711,Vehicle,ChannelLoad,0.0328,0
26.0437,8711,Vehicle,TX_Throughput,7760,0
26.0437,8711,Vehicle,TX_ObjectCount,1,0
26.0444,1833,Vehicle,ChannelLoad,0.07456,0
26.0444,1833,Vehicle,ChannelLoad,0.07456,0
26.0444,1833,Vehicle,TX_Throughput,10560,0
26.0444,1833,Vehicle,TX_ObjectCount,2,0
26.0449,4672,Vehicle,ChannelLoad,0.07176,0
26.0449,4672,Vehicle,ChannelLoad,0.07176,0
26.0449,4672,Vehicle,TX_Throughput,10560,0
26.0449,4672,Vehicle,TX_ObjectCount,2,0
26.0462,6781,RSU,TX_Throughput,24880,0
26.0462,6781,RSU,TX_ObjectCount,8,0
26.0464,1018,RSU,ChannelLoad,0.10064,0
26.0464,1018,RSU,ChannelLoad,0.10064,0
26.0471,3776,RSU,ChannelLoad,0.09336,0
26.0471,3776,RSU,ChannelLoad,0.09336,0
26.0473,7894,Vehicle,ChannelLoad,0.04664,0
26.0473,7894,Vehicle,ChannelLoad,0.04664,0
26.0473,7894,Vehicle,TX_Throughput,13360,0
26.0473,7894,Vehicle,TX_ObjectCount,3,0
26.0488,1906,RSU,ChannelLoad,0.10392,0
26.0488,1906,RSU,ChannelLoad,0.10392,0
26.0488,4745,Vehicle,ChannelLoad,0.064,0
26.0488,4745,Vehicle,ChannelLoad,0.064,0
26.0488,4745,Vehicle,TX_Throughput,10560,0
26.0488,4745,Vehicle,TX_ObjectCount,2,0
26.0492,3850,RSU,ChannelLoad,0.07512,0
26.0492,3850,RSU,ChannelLoad,0.07512,0
26.0496,8786,Vehicle,ChannelLoad,0.12824,0
26.0496,8786,Vehicle,ChannelLoad,0.12824,0
26.0496,8786,Vehicle,TX_Throughput,4560,0
26.0496,8786,Vehicle,TX_ObjectCount,0,0
26.0507,6859,Vehicle,ChannelLoad,0.06856,0
26.0507,6859,Vehicle,ChannelLoad,0.06856,0
26.0507,6859,Vehicle,TX_Throughput,13360,0
26.0507,6859,Vehicle,TX_ObjectCount,3,0
26.0512,3926,Vehicle,ChannelLoad,0.0272,0
26.0512,3926,Vehicle,ChannelLoad,0.0272,0
26.0512,3926,Vehicle,TX_Throughput,13360,0
26.0512,3926,Vehicle,TX_ObjectCount,3,0
26.0527,8859,RSU,ChannelLoad,0.08528,0
26.0527,8859,RSU,ChannelLoad,0.08528,0
26.0528,4818,RSU,ChannelLoad,0.06736,0
26.0528,4818,RSU,ChannelLoad,0.06736,0
26.0531,5958,Vehicle,ChannelLoad,0.0624,0
26.0531,5958,Vehicle,ChannelLoad,0.0624,0
26.0531,5958,Vehicle,TX_Throughput,13360,0
26.0531,5958,Vehicle,TX_ObjectCount,3,0
26.0548,2211,RSU,TX_Throughput,16480,0
26.0548,2211,RSU,TX_ObjectCount,5,0
26.0561,4818,RSU,TX_Throughput,27680,0
26.0561,4818,RSU,TX_ObjectCount,9,0
26.0561,6932,RSU,ChannelLoad,0.0704,0
26.0561,6932,RSU,ChannelLoad,0.0704,0
26.0582,2805,Vehicle,ChannelLoad,0.04864,0
26.0582,2805,Vehicle,ChannelLoad,0.04864,0
26.0582,2805,Vehicle,TX_Throughput,7760,0
26.0582,2805,Vehicle,TX_ObjectCount,1,0
26.0586,7006,Vehicle,ChannelLoad,0.05576,0
26.0586,7006,Vehicle,ChannelLoad,0.05576,0
26.0586,7006,Vehicle,TX_Throughput,10560,0
26.0586,7006,Vehicle,TX_ObjectCount,2,0
26.059,1094,Vehicle,ChannelLoad,0.04552,0
26.059,1094,Vehicle,ChannelLoad,0.04552,0
26.059,1094,Vehicle,TX_Throughput,13360,0
26.059,1094,Vehicle,TX_ObjectCount,3,0
26.0594,2878,Vehicle,ChannelLoad,0.05592,0
26.0594,2878,Vehicle,ChannelLoad,0.05592,0
26.0594,2878,Vehicle,TX_Throughput,4560,0
26.0594,2878,Vehicle,TX_ObjectCount,0,0
26.0609,3328,RSU,TX_Throughput,16480,0
26.0609,3328,RSU,TX_ObjectCount,5,0
26.0613,1167,Vehicle,ChannelLoad,0.0764,0
26.0613,1167,Vehicle,ChannelLoad,0.0764,0
26.0613,1167,Vehicle,TX_Throughput,13360,0
26.0613,1167,Vehicle,TX_ObjectCount,3,0
26.0615,4001,Vehicle,ChannelLoad,0.08032,0
26.0615,4001,Vehicle,ChannelLoad,0.08032,0
26.0615,4001,Vehicle,TX_Throughput,4560,0
26.0615,4001,Vehicle,TX_ObjectCount,0,0
26.062,6634,RSU,TX_Throughput,13680,0
26.062,6634,RSU,TX_ObjectCount,4,0
26.0622,8937,RSU,ChannelLoad,0.10232,0
26.0622,8937,RSU,ChannelLoad,0.10232,0
26.0623,3850,RSU,TX_Throughput,8080,0
26.0623,3850,RSU,TX_ObjectCount,2,0
26.0637,9011,Vehicle,ChannelLoad,0.07304,0
26.0637,9011,Vehicle,ChannelLoad,0.07304,0
26.0637,9011,Vehicle,TX_Throughput,10560,0
26.0637,9011,Vehicle,TX_ObjectCount,2,0
26.0637,2953,Vehicle,ChannelLoad,0.0676,0
26.0637,2953,Vehicle,ChannelLoad,0.0676,0
26.0637,2953,Vehicle,TX_Throughput,16160,0
26.0637,2953,Vehicle,TX_ObjectCount,4,0
26.0643,8192,RSU,TX_Throughput,16020.6,0
26.0643,8192,RSU,TX_ObjectCount,9,0
26.0647,1984,RSU,ChannelLoad,0.06536,0
26.0647,1984,RSU,ChannelLoad,0.06536,0
26.0649,1240,RSU,ChannelLoad,0.04784,0
26.0649,1240,RSU,ChannelLoad,0.04784,0
26.0651,7969,Vehicle,ChannelLoad,0.07296,0
26.0651,7969,Vehicle,ChannelLoad,0.07296,0
26.0651,7969,Vehicle,TX_Throughput,4560,0
26.0651,7969,Vehicle,TX_ObjectCount,0,0
26.0654,2058,Vehicle,ChannelLoad,0.06696,0
26.0654,2058,Vehicle,ChannelLoad,0.06696,0
26.0654,2058,Vehicle,TX_Throughput,13360,0
26.0654,2058,Vehicle,TX_ObjectCount,3,0
26.0663,4074,Vehicle,ChannelLoad,0.07408,0
26.0663,4074,Vehicle,ChannelLoad,0.07408,0
26.0663,4074,Vehicle,TX_Throughput,10560,0
26.0663,4074,Vehicle,TX_ObjectCount,2,0
26.0674,6037,Vehicle,ChannelLoad,0.04192,0
26.0674,6037,Vehicle,ChannelLoad,0.04192,0
26.0674,6037,Vehicle,TX_Throughput,7760,0
26.0674,6037,Vehicle,TX_ObjectCount,1,0
26.0687,4147,Vehicle,ChannelLoad,0.07544,0
26.0687,4147,Vehicle,ChannelLoad,0.07544,0
26.0687,4147,Vehicle,TX_Throughput,16160,0
26.0687,4147,Vehicle,TX_ObjectCount,4,0
26.0696,4900,RSU,ChannelLoad,0.1048,0
26.0696,4900,RSU,ChannelLoad,0.1048,0
26.0698,3030,RSU,ChannelLoad,0.08416,0
26.0698,3030,RSU,ChannelLoad,0.08416,0
26.07,2131,RSU,ChannelLoad,0.132,0
26.07,2131,RSU,ChannelLoad,0.132,0
26.0701,8044,Vehicle,ChannelLoad,0.07048,0
26.0701,8044,Vehicle,ChannelLoad,0.07048,0
26.0701,8044,Vehicle,TX_Throughput,10560,0
26.0701,8044,Vehicle,TX_ObjectCount,2,0
26.0702,4974,Vehicle,ChannelLoad,0.07536,0
26.0702,4974,Vehicle,ChannelLoad,0.07536,0
26.0702,4974,Vehicle,TX_Throughput,7760,0
26.0702,4974,Vehicle,TX_ObjectCount,1,0
26.0706,6110,Vehicle,ChannelLoad,0.062,0
26.0706,6110,Vehicle,ChannelLoad,0.062,0
26.0706,6110,Vehicle,TX_Throughput,10560,0
26.0706,6110,Vehicle,TX_ObjectCount,2,0
26.0709,1314,Vehicle,ChannelLoad,0.06584,0
26.0709,1314,Vehicle,ChannelLoad,0.06584,0
26.0709,1314,Vehicle,TX_Throughput,7760,0
26.0709,1314,Vehicle,TX_ObjectCount,1,0
26.071,270,Vehicle,ChannelLoad,0.05992,0
26.071,270,Vehicle,ChannelLoad,0.05992,0
26.071,270,Vehicle,TX_Throughput,18960,0
26.071,270,Vehicle,TX_ObjectCount,5,0
26.0719,9086,Vehicle,ChannelLoad,0.05824,0
26.0719,9086,Vehicle,ChannelLoad,0.05824,0
26.0719,9086,Vehicle,TX_Throughput,13360,0
26.0719,9086,Vehicle,TX_ObjectCount,3,0
26.0723,5047,RSU,ChannelLoad,0.13256,0
26.0723,5047,RSU,ChannelLoad,0.13256,0
26.0731,1759,RSU,TX_Throughput,27680,0
26.0731,1759,RSU,TX_ObjectCount,9,0
26.0736,4222,Vehicle,ChannelLoad,0.04792,0
26.0736,4222,Vehicle,ChannelLoad,0.04792,0
26.0736,4222,Vehicle,TX_Throughput,10560,0
26.0736,4222,Vehicle,TX_ObjectCount,2,0
26.0744,3552,RSU,TX_Throughput,16480,0
26.0744,3552,RSU,TX_ObjectCount,5,0
26.0762,5123,RSU,ChannelLoad,0.0796,0
26.0762,5123,RSU,ChannelLoad,0.0796,0
26.0774,8937,RSU,TX_Throughput,14305.2,0
26.0774,8937,RSU,TX_ObjectCount,5,0
26.0777,4297,Vehicle,ChannelLoad,0.05464,0
26.0777,4297,Vehicle,ChannelLoad,0.05464,0
26.0777,4297,Vehicle,TX_Throughput,7760,0
26.0777,4297,Vehicle,TX_ObjectCount,1,0
26.0778,6187,RSU,ChannelLoad,0.12856,0
26.0778,6187,RSU,ChannelLoad,0.12856,0
26.0782,8117,Vehicle,ChannelLoad,0.06512,0
26.0782,8117,Vehicle,ChannelLoad,0.06512,0
26.0782,8117,Vehicle,TX_Throughput,16160,0
26.0782,8117,Vehicle,TX_ObjectCount,4,0
26.0783,7083,Vehicle,ChannelLoad,0.076,0
26.0783,7083,Vehicle,ChannelLoad,0.076,0
26.0783,7083,Vehicle,TX_Throughput,7760,0
26.0783,7083,Vehicle,TX_ObjectCount,1,0
26.0786,9163,Vehicle,ChannelLoad,0.07624,0
26.0786,9163,Vehicle,ChannelLoad,0.07624,0
26.0786,9163,Vehicle,TX_Throughput,10560,0
26.0786,9163,Vehicle,TX_ObjectCount,2,0
26.0791,3030,RSU,TX_Throughput,10880,0
26.0791,3030,RSU,TX_ObjectCount,3,0
26.0796,9236,Vehicle,ChannelLoad,0.08704,0
26.0796,9236,Vehicle,ChannelLoad,0.08704,0
26.0796,9236,Vehicle,TX_Throughput,13360,0
26.0796,9236,Vehicle,TX_ObjectCount,3,0
26.0799,1906,RSU,TX_Throughput,22080,0
26.0799,1906,RSU,TX_ObjectCount,7,0
26.08,4370,Vehicle,ChannelLoad,0.12008,0
26.08,4370,Vehicle,ChannelLoad,0.12008,0
26.08,4370,Vehicle,TX_Throughput,10560,0
26.08,4370,Vehicle,TX_ObjectCount,2,0
26.0801,6263,RSU,ChannelLoad,0.0844,0
26.0801,6263,RSU,ChannelLoad,0.0844,0
26.0805,7156,Vehicle,ChannelLoad,0.04984,0
26.0805,7156,Vehicle,ChannelLoad,0.04984,0
26.0805,7156,Vehicle,TX_Throughput,16160,0
26.0805,7156,Vehicle,TX_ObjectCount,4,0
26.0814,1387,RSU,TX_Throughput,24880,0
26.0814,1387,RSU,TX_ObjectCount,8,0
26.0816,1240,RSU,TX_Throughput,16480,0
26.0816,1240,RSU,TX_ObjectCount,5,0
26.0817,1018,RSU,TX_Throughput,36080,0
26.0817,1018,RSU,TX_ObjectCount,12,0
26.0819,5197,Vehicle,ChannelLoad,0.06528,0
26.0819,5197,Vehicle,ChannelLoad,0.06528,0
26.0819,5197,Vehicle,TX_Throughput,18960,0
26.0819,5197,Vehicle,TX_ObjectCount,5,0
26.082,5270,Vehicle,ChannelLoad,0.07256,0
26.082,5270,Vehicle,ChannelLoad,0.07256,0
26.082,5270,Vehicle,TX_Throughput,13360,0
26.082,5270,Vehicle,TX_ObjectCount,3,0
26.0831,343,Vehicle,ChannelLoad,0.08864,0
26.0831,343,Vehicle,ChannelLoad,0.08864,0
26.0831,343,Vehicle,TX_Throughput,21760,0
26.0831,343,Vehicle,TX_ObjectCount,6,0
26.0832,1387,RSU,ChannelLoad,0.12416,0
26.0832,1387,RSU,ChannelLoad,0.12416,0
26.0838,8859,RSU,TX_Throughput,21119.6,0
26.0838,8859,RSU,TX_ObjectCount,9,0
26.0855,6187,RSU,TX_Throughput,27680,0
26.0855,6187,RSU,TX_ObjectCount,9,0
26.0865,3108,Vehicle,ChannelLoad,0.06888,0
26.0865,3108,Vehicle,ChannelLoad,0.06888,0
26.0865,3108,Vehicle,TX_Throughput,13360,0
26.0865,3108,Vehicle,TX_ObjectCount,3,0
26.0865,5343,RSU,ChannelLoad,0.10912,0
26.0865,5343,RSU,ChannelLoad,0.10912,0
26.0871,416,Vehicle,ChannelLoad,0.07752,0
26.0871,416,Vehicle,ChannelLoad,0.07752,0
26.0871,416,Vehicle,TX_Throughput,21760,0
26.0871,416,Vehicle,TX_ObjectCount,6,0
26.0883,5123,RSU,TX_Throughput,19280,0
26.0883,5123,RSU,TX_ObjectCount,6,0
26.0884,9309,Vehicle,ChannelLoad,0.09216,0
26.0884,9309,Vehicle,ChannelLoad,0.09216,0
26.0884,9309,Vehicle,TX_Throughput,7760,0
26.0884,9309,Vehicle,TX_ObjectCount,1,0
26.0885,2211,RSU,ChannelLoad,0.10328,0
26.0885,2211,RSU,ChannelLoad,0.10328,0
26.0894,2285,RSU,ChannelLoad,0.10512,0
26.0894,2285,RSU,ChannelLoad,0.10512,0
26.0916,8192,RSU,ChannelLoad,0.10864,0
26.0916,8192,RSU,ChannelLoad,0.10864,0
26.0917,7229,Vehicle,ChannelLoad,0.0652,0
26.0917,7229,Vehicle,ChannelLoad,0.0652,0
26.0917,7229,Vehicle,TX_Throughput,10560,0
26.0917,7229,Vehicle,TX_ObjectCount,2,0
26.092,5417,RSU,ChannelLoad,0.11464,0
26.092,5417,RSU,ChannelLoad,0.11464,0
26.0925,6341,Vehicle,ChannelLoad,0.08016,0
26.0925,6341,Vehicle,ChannelLoad,0.08016,0
26.0925,6341,Vehicle,TX_Throughput,13360,0
26.0925,6341,Vehicle,TX_ObjectCount,3,0
26.0928,3181,Vehicle,ChannelLoad,0.10256,0
26.0928,3181,Vehicle,ChannelLoad,0.10256,0
26.0928,3181,Vehicle,TX_Throughput,13360,0
26.0928,3181,Vehicle,TX_ObjectCount,3,0
26.0928,5872,RSU,TX_Throughput,13680,0
26.0928,5872,RSU,TX_ObjectCount,4,0
26.0939,489,Vehicle,ChannelLoad,0.05856,0
26.0939,489,Vehicle,ChannelLoad,0.05856,0
26.0939,489,Vehicle,TX_Throughput,10560,0
26.0939,489,Vehicle,TX_ObjectCount,2,0
26.0955,5047,RSU,TX_Throughput,36080,0
26.0955,5047,RSU,TX_ObjectCount,12,0
26.096,8268,RSU,ChannelLoad,0.10248,0
26.096,8268,RSU,ChannelLoad,0.10248,0
26.0961,3254,RSU,ChannelLoad,0.11224,0
26.0961,3254,RSU,ChannelLoad,0.11224,0
26.0961,562,Vehicle,ChannelLoad,0.0504,0
26.0961,562,Vehicle,ChannelLoad,0.0504,0
26.0961,562,Vehicle,TX_Throughput,10560,0
26.0961,562,Vehicle,TX_ObjectCount,2,0
26.0961,2359,Vehicle,ChannelLoad,0.06808,0
26.0961,2359,Vehicle,ChannelLoad,0.06808,0
26.0961,2359,Vehicle,TX_Throughput,4560,0
26.0961,2359,Vehicle,TX_ObjectCount,0,0
26.0966,1463,Vehicle,ChannelLoad,0.05264,0
26.0966,1463,Vehicle,ChannelLoad,0.05264,0
26.0966,1463,Vehicle,TX_Throughput,10560,0
26.0966,1463,Vehicle,TX_ObjectCount,2,0
26.0975,2432,Vehicle,ChannelLoad,0.02864,0
26.0975,2432,Vehicle,ChannelLoad,0.02864,0
26.0975,2432,Vehicle,TX_Throughput,4560,0
26.0975,2432,Vehicle,TX_ObjectCount,0,0
26.0976,6414,Vehicle,ChannelLoad,0.06008,0
26.0976,6414,Vehicle,ChannelLoad,0.06008,0
26.0976,6414,Vehicle,TX_Throughput,10560,0
26.0976,6414,Vehicle,TX_ObjectCount,2,0
26.0978,3328,RSU,ChannelLoad,0.06936,0
26.0978,3328,RSU,ChannelLoad,0.06936,0
26.0992,7302,Vehicle,ChannelLoad,0.06976,0
26.0992,7302,Vehicle,ChannelLoad,0.06976,0
26.0992,7302,Vehicle,TX_Throughput,7760,0
26.0992,7302,Vehicle,TX_ObjectCount,1,0
26.1004,7523,RSU,TX_Throughput,30480,0
26.1004,7523,RSU,TX_ObjectCount,10,0
26.1009,7375,Vehicle,ChannelLoad,0.05832,0
26.1009,7375,Vehicle,ChannelLoad,0.05832,0
26.1009,7375,Vehicle,TX_Throughput,7760,0
26.1009,7375,Vehicle,TX_ObjectCount,1,0
26.102,639,Vehicle,ChannelLoad,0.0728,0
26.102,639,Vehicle,ChannelLoad,0.0728,0
26.102,639,Vehicle,TX_Throughput,7760,0
26.102,639,Vehicle,TX_ObjectCount,1,0
26.1023,8342,Vehicle,ChannelLoad,0.06192,0
26.1023,8342,Vehicle,ChannelLoad,0.06192,0
26.1023,8342,Vehicle,TX_Throughput,10560,0
26.1023,8342,Vehicle,TX_ObjectCount,2,0
26.1037,6487,RSU,ChannelLoad,0.09968,0
26.1037,6487,RSU,ChannelLoad,0.09968,0
26.1045,7745,RSU,TX_Throughput,22080,0
26.1045,7745,RSU,TX_ObjectCount,7,0
26.1047,29,RSU,ChannelLoad,0.0976,0
26.1047,29,RSU,ChannelLoad,0.0976,0
26.1048,5495,Vehicle,ChannelLoad,0.04632,0
26.1048,5495,Vehicle,ChannelLoad,0.04632,0
26.1048,5495,Vehicle,TX_Throughput,10560,0
26.1048,5495,Vehicle,TX_ObjectCount,2,0
26.1052,5417,RSU,TX_Throughput,36080,0
26.1052,5417,RSU,TX_ObjectCount,12,0
26.1059,712,Vehicle,ChannelLoad,0.09112,0
26.1059,712,Vehicle,ChannelLoad,0.09112,0
26.1059,712,Vehicle,TX_Throughput,13360,0
26.1059,712,Vehicle,TX_ObjectCount,3,0
26.1078,5568,Vehicle,ChannelLoad,0.06232,0
26.1078,5568,Vehicle,ChannelLoad,0.06232,0
26.1078,5568,Vehicle,TX_Throughput,13360,0
26.1078,5568,Vehicle,TX_ObjectCount,3,0
26.1089,6932,RSU,TX_Throughput,13680,0
26.1089,6932,RSU,TX_ObjectCount,4,0
26.109,4445,Vehicle,ChannelLoad,0.09144,0
26.109,4445,Vehicle,ChannelLoad,0.09144,0
26.109,4445,Vehicle,TX_Throughput,24560,0
26.109,4445,Vehicle,TX_ObjectCount,7,0
26.1103,5343,RSU,TX_Throughput,36080,0
26.1103,5343,RSU,TX_ObjectCount,12,0
26.1104,1538,Vehicle,ChannelLoad,0.03328,0
26.1104,1538,Vehicle,ChannelLoad,0.03328,0
26.1104,1538,Vehicle,TX_Throughput,13360,0
26.1104,1538,Vehicle,TX_ObjectCount,3,0
26.1121,5641,Vehicle,ChannelLoad,0.0388,0
26.1121,5641,Vehicle,ChannelLoad,0.0388,0
26.1121,5641,Vehicle,TX_Throughput,13360,0
26.1121,5641,Vehicle,TX_ObjectCount,3,0
26.1123,2285,RSU,TX_Throughput,13680,0
26.1123,2285,RSU,TX_ObjectCount,4,0
26.1131,5714,Vehicle,ChannelLoad,0.078,0
26.1131,5714,Vehicle,ChannelLoad,0.078,0
26.1131,5714,Vehicle,TX_Throughput,4560,0
26.1131,5714,Vehicle,TX_ObjectCount,0,0
26.1144,3404,Vehicle,ChannelLoad,0.06624,0
26.1144,3404,Vehicle,ChannelLoad,0.06624,0
26.1144,3404,Vehicle,TX_Throughput,13360,0
26.1144,3404,Vehicle,TX_ObjectCount,3,0
26.1151,6487,RSU,TX_Throughput,24880,0
26.1151,6487,RSU,TX_ObjectCount,8,0
26.1152,6561,Vehicle,ChannelLoad,0.08224,0
26.1152,6561,Vehicle,ChannelLoad,0.08224,0
26.1152,6561,Vehicle,TX_Throughput,13360,0
26.1152,6561,Vehicle,TX_ObjectCount,3,0
26.1163,6634,RSU,ChannelLoad,0.07328,0
26.1163,6634,RSU,ChannelLoad,0.07328,0
26.1166,1611,Vehicle,ChannelLoad,0.04472,0
26.1166,1611,Vehicle,ChannelLoad,0.04472,0
26.1166,1611,Vehicle,TX_Throughput,4560,0
26.1166,1611,Vehicle,TX_ObjectCount,0,0
26.1166,182,RSU,TX_Throughput,33280,0
26.1166,182,RSU,TX_ObjectCount,11,0
26.1167,8417,Vehicle,ChannelLoad,0.1112,0
26.1167,8417,Vehicle,ChannelLoad,0.1112,0
26.1167,8417,Vehicle,TX_Throughput,7760,0
26.1167,8417,Vehicle,TX_ObjectCount,1,0
26.1168,1684,Vehicle,ChannelLoad,0.07904,0
26.1168,1684,Vehicle,ChannelLoad,0.07904,0
26.1168,1684,Vehicle,TX_Throughput,4560,0
26.1168,1684,Vehicle,TX_ObjectCount,0,0
26.1172,2507,Vehicle,ChannelLoad,0.0524,0
26.1172,2507,Vehicle,ChannelLoad,0.0524,0
26.1172,2507,Vehicle,TX_Throughput,21760,0
26.1172,2507,Vehicle,TX_ObjectCount,6,0
26.118,8268,RSU,TX_Throughput,33280,0
26.118,8268,RSU,TX_ObjectCount,11,0
26.1182,8490,Vehicle,ChannelLoad,0.06584,0
26.1182,8490,Vehicle,ChannelLoad,0.06584,0
26.1182,8490,Vehicle,TX_Throughput,7760,0
26.1182,8490,Vehicle,TX_ObjectCount,1,0
26.1183,787,Vehicle,ChannelLoad,0.0624,0
26.1183,787,Vehicle,ChannelLoad,0.0624,0
26.1183,787,Vehicle,TX_Throughput,4560,0
26.1183,787,Vehicle,TX_ObjectCount,0,0
26.1186,2582,Vehicle,ChannelLoad,0.06016,0
26.1186,2582,Vehicle,ChannelLoad,0.06016,0
26.1186,2582,Vehicle,TX_Throughput,7760,0
26.1186,2582,Vehicle,TX_ObjectCount,1,0
26.1188,107,Vehicle,ChannelLoad,0.06672,0
26.1188,107,Vehicle,ChannelLoad,0.06672,0
26.1188,107,Vehicle,TX_Throughput,16160,0
26.1188,107,Vehicle,TX_ObjectCount,4,0
26.1201,182,RSU,ChannelLoad,0.09192,0
26.1201,182,RSU,ChannelLoad,0.09192,0
26.1206,6708,Vehicle,ChannelLoad,0.10712,0
26.1206,6708,Vehicle,ChannelLoad,0.10712,0
26.1206,6708,Vehicle,TX_Throughput,10560,0
26.1206,6708,Vehicle,TX_ObjectCount,2,0
26.121,7450,Vehicle,ChannelLoad,0.07672,0
26.121,7450,Vehicle,ChannelLoad,0.07672,0
26.121,7450,Vehicle,TX_Throughput,7760,0
26.121,7450,Vehicle,TX_ObjectCount,1,0
26.1212,8563,Vehicle,ChannelLoad,0.10488,0
26.1212,8563,Vehicle,ChannelLoad,0.10488,0
26.1212,8563,Vehicle,TX_Throughput,10560,0
26.1212,8563,Vehicle,TX_ObjectCount,2,0
26.1218,4522,Vehicle,ChannelLoad,0.07376,0
26.1218,4522,Vehicle,ChannelLoad,0.07376,0
26.1218,4522,Vehicle,TX_Throughput,13360,0
26.1218,4522,Vehicle,TX_ObjectCount,3,0
26.1231,1759,RSU,ChannelLoad,0.08952,0
26.1231,1759,RSU,ChannelLoad,0.08952,0
26.1237,3479,Vehicle,ChannelLoad,0.08776,0
26.1237,3479,Vehicle,ChannelLoad,0.08776,0
26.1237,3479,Vehicle,TX_Throughput,16160,0
26.1237,3479,Vehicle,TX_ObjectCount,4,0
26.1256,8636,Vehicle,ChannelLoad,0.08192,0
26.1256,8636,Vehicle,ChannelLoad,0.08192,0
26.1256,8636,Vehicle,TX_Throughput,10560,0
26.1256,8636,Vehicle,TX_ObjectCount,2,0
26.1275,6263,RSU,TX_Throughput,19280,0
26.1275,6263,RSU,TX_ObjectCount,6,0
26.1289,4597,Vehicle,ChannelLoad,0.09304,0
26.1289,4597,Vehicle,ChannelLoad,0.09304,0
26.1289,4597,Vehicle,TX_Throughput,10560,0
26.1289,4597,Vehicle,TX_ObjectCount,2,0
26.1289,7523,RSU,ChannelLoad,0.11232,0
26.1289,7523,RSU,ChannelLoad,0.11232,0
26.1299,3254,RSU,TX_Throughput,10880,0
26.1299,3254,RSU,TX_ObjectCount,3,0
26.1318,866,Vehicle,ChannelLoad,0.07456,0
26.1318,866,Vehicle,ChannelLoad,0.07456,0
26.1318,866,Vehicle,TX_Throughput,13360,0
26.1318,866,Vehicle,TX_ObjectCount,3,0
26.1328,1984,RSU,TX_Throughput,19280,0
26.1328,1984,RSU,TX_ObjectCount,6,0
26.1332,3776,RSU,TX_Throughput,19280,0
26.1332,3776,RSU,TX_ObjectCount,6,0
26.1333,3552,RSU,ChannelLoad,0.0712,0
26.1333,3552,RSU,ChannelLoad,0.0712,0
26.1343,5797,Vehicle,ChannelLoad,0.0852,0
26.1343,5797,Vehicle,ChannelLoad,0.0852,0
26.1343,5797,Vehicle,TX_Throughput,10560,0
26.1343,5797,Vehicle,TX_ObjectCount,2,0
26.1344,29,RSU,TX_Throughput,41680,0
26.1344,29,RSU,TX_ObjectCount,14,0
26.1352,6781,RSU,ChannelLoad,0.07448,0
26.1352,6781,RSU,ChannelLoad,0.07448,0
26.1361,7599,Vehicle,ChannelLoad,0.064,0
26.1361,7599,Vehicle,ChannelLoad,0.064,0
26.1361,7599,Vehicle,TX_Throughput,10560,0
26.1361,7599,Vehicle,TX_ObjectCount,2,0
26.137,3626,Vehicle,ChannelLoad,0.08328,0
26.137,3626,Vehicle,ChannelLoad,0.08328,0
26.137,3626,Vehicle,TX_Throughput,21760,0
26.137,3626,Vehicle,TX_ObjectCount,6,0
26.1374,2659,Vehicle,ChannelLoad,0.04752,0
26.1374,2659,Vehicle,ChannelLoad,0.04752,0
26.1374,2659,Vehicle,TX_Throughput,13360,0
26.1374,2659,Vehicle,TX_ObjectCount,3,0
26.1376,3699,Vehicle,ChannelLoad,0.04312,0
26.1376,3699,Vehicle,ChannelLoad,0.04312,0
26.1376,3699,Vehicle,TX_Throughput,4560,0
26.1376,3699,Vehicle,TX_ObjectCount,0,0
26.1379,7672,Vehicle,ChannelLoad,0.04672,0
26.1379,7672,Vehicle,ChannelLoad,0.04672,0
26.1379,7672,Vehicle,TX_Throughput,10560,0
26.1379,7672,Vehicle,TX_ObjectCount,2,0
26.138,2732,Vehicle,ChannelLoad,0.04264,0
26.138,2732,Vehicle,ChannelLoad,0.04264,0
26.138,2732,Vehicle,TX_Throughput,13360,0
26.138,2732,Vehicle,TX_ObjectCount,3,0
26.1389,5872,RSU,ChannelLoad,0.08536,0
26.1389,5872,RSU,ChannelLoad,0.08536,0
26.1396,2131,RSU,TX_Throughput,36080,0
26.1396,2131,RSU,TX_ObjectCount,12,0
26.1404,943,Vehicle,ChannelLoad,0.0588,0
26.1404,943,Vehicle,ChannelLoad,0.0588,0
26.1404,943,Vehicle,TX_Throughput,7760,0
26.1404,943,Vehicle,TX_ObjectCount,1,0
26.1414,7745,RSU,ChannelLoad,0.0844,0
26.1414,7745,RSU,ChannelLoad,0.0844,0
26.1423,7819,Vehicle,ChannelLoad,0.07712,0
26.1423,7819,Vehicle,ChannelLoad,0.07712,0
26.1423,7819,Vehicle,TX_Throughput,10560,0
26.1423,7819,Vehicle,TX_ObjectCount,2,0
26.1434,4900,RSU,TX_Throughput,30480,0
26.1434,4900,RSU,TX_ObjectCount,10,0
26.1437,8711,Vehicle,ChannelLoad,0.0352,0
26.1437,8711,Vehicle,ChannelLoad,0.0352,0
26.1437,8711,Vehicle,TX_Throughput,7760,0
26.1437,8711,Vehicle,TX_ObjectCount,1,0
26.1444,1833,Vehicle,ChannelLoad,0.07112,0
26.1444,1833,Vehicle,ChannelLoad,0.07112,0
26.1444,1833,Vehicle,TX_Throughput,10560,0
26.1444,1833,Vehicle,TX_ObjectCount,2,0
26.1449,4672,Vehicle,ChannelLoad,0.09312,0
26.1449,4672,Vehicle,ChannelLoad,0.09312,0
26.1449,4672,Vehicle,TX_Throughput,10560,0
26.1449,4672,Vehicle,TX_ObjectCount,2,0
26.1462,6781,RSU,TX_Throughput,24880,0
26.1462,6781,RSU,TX_ObjectCount,8,0
26.1464,1018,RSU,ChannelLoad,0.11416,0
26.1464,1018,RSU,ChannelLoad,0.11416,0
26.1471,3776,RSU,ChannelLoad,0.09448,0
26.1471,3776,RSU,ChannelLoad,0.09448,0
26.1473,7894,Vehicle,ChannelLoad,0.09528,0
26.1473,7894,Vehicle,ChannelLoad,0.09528,0
26.1473,7894,Vehicle,TX_Throughput,13360,0
26.1473,7894,Vehicle,TX_ObjectCount,3,0
26.1488,1906,RSU,ChannelLoad,0.13456,0
26.1488,1906,RSU,ChannelLoad,0.13456,0
26.1488,4745,Vehicle,ChannelLoad,0.07208,0
26.1488,4745,Vehicle,ChannelLoad,0.07208,0
26.1488,4745,Vehicle,TX_Throughput,10560,0
26.1488,4745,Vehicle,TX_ObjectCount,2,0
26.1492,3850,RSU,ChannelLoad,0.08352,0
26.1492,3850,RSU,ChannelLoad,0.08352,0
26.1496,8786,Vehicle,ChannelLoad,0.15288,0
26.1496,8786,Vehicle,ChannelLoad,0.15288,0
26.1496,8786,Vehicle,TX_Throughput,4560,0
26.1496,8786,Vehicle,TX_ObjectCount,0,0
26.1507,6859,Vehicle,ChannelLoad,0.04792,0
26.1507,6859,Vehicle,ChannelLoad,0.04792,0
26.1507,6859,Vehicle,TX_Throughput,13360,0
26.1507,6859,Vehicle,TX_ObjectCount,3,0
26.1512,3926,Vehicle,ChannelLoad,0.02984,0
26.1512,3926,Vehicle,ChannelLoad,0.02984,0
26.1512,3926,Vehicle,TX_Throughput,13360,0
26.1512,3926,Vehicle,TX_ObjectCount,3,0
26.1527,8859,RSU,ChannelLoad,0.12048,0
26.1527,8859,RSU,ChannelLoad,0.12048,0
26.1528,4818,RSU,ChannelLoad,0.09352,0
26.1528,4818,RSU,ChannelLoad,0.09352,0
26.1531,5958,Vehicle,ChannelLoad,0.08544,0
26.1531,5958,Vehicle,ChannelLoad,0.08544,0
26.1531,5958,Vehicle,TX_Throughput,13360,0
26.1531,5958,Vehicle,TX_ObjectCount,3,0
26.1548,2211,RSU,TX_Throughput,19280,0
26.1548,2211,RSU,TX_ObjectCount,6,0
26.1561,4818,RSU,TX_Throughput,27680,0
26.1561,4818,RSU,TX_ObjectCount,9,0
26.1561,6932,RSU,ChannelLoad,0.08,0
26.1561,6932,RSU,ChannelLoad,0.08,0
26.1582,2805,Vehicle,ChannelLoad,0.04432,0
26.1582,2805,Vehicle,ChannelLoad,0.04432,0
26.1582,2805,Vehicle,TX_Throughput,7760,0
26.1582,2805,Vehicle,TX_ObjectCount,1,0
26.1586,7006,Vehicle,ChannelLoad,0.08192,0
26.1586,7006,Vehicle,ChannelLoad,0.08192,0
26.1586,7006,Vehicle,TX_Throughput,10560,0
26.1586,7006,Vehicle,TX_ObjectCount,2,0
26.159,1094,Vehicle,ChannelLoad,0.03464,0
26.159,1094,Vehicle,ChannelLoad,0.03464,0
26.159,1094,Vehicle,TX_Throughput,13360,0
26.159,1094,Vehicle,TX_ObjectCount,3,0
26.1594,2878,Vehicle,ChannelLoad,0.07832,0
26.1594,2878,Vehicle,ChannelLoad,0.07832,0
26.1594,2878,Vehicle,TX_Throughput,4560,0
26.1594,2878,Vehicle,TX_ObjectCount,0,0
26.1609,3328,RSU,TX_Throughput,13680,0
26.1609,3328,RSU,TX_ObjectCount,4,0
26.1613,1167,Vehicle,ChannelLoad,0.08576,0
26.1613,1167,Vehicle,ChannelLoad,0.08576,0
26.1613,1167,Vehicle,TX_Throughput,13360,0
26.1613,1167,Vehicle,TX_ObjectCount,3,0
26.1615,4001,Vehicle,ChannelLoad,0.08312,0
26.1615,4001,Vehicle,ChannelLoad,0.08312,0
26.1615,4001,Vehicle,TX_Throughput,4560,0
26.1615,4001,Vehicle,TX_ObjectCount,0,0
26.162,6634,RSU,TX_Throughput,13680,0
26.162,6634,RSU,TX_ObjectCount,4,0
26.1622,8937,RSU,ChannelLoad,0.11648,0
26.1622,8937,RSU,ChannelLoad,0.11648,0
26.1623,3850,RSU,TX_Throughput,8080,0
26.1623,3850,RSU,TX_ObjectCount,2,0
26.1637,9011,Vehicle,ChannelLoad,0.0912,0
26.1637,9011,Vehicle,ChannelLoad,0.0912,0
26.1637,9011,Vehicle,TX_Throughput,10560,0
26.1637,9011,Vehicle,TX_ObjectCount,2,0
26.1637,2953,Vehicle,ChannelLoad,0.0804,0
26.1637,2953,Vehicle,ChannelLoad,0.0804,0
26.1637,2953,Vehicle,TX_Throughput,16160,0
26.1637,2953,Vehicle,TX_ObjectCount,4,0
26.1643,8192,RSU,TX_Throughput,27680,0
26.1643,8192,RSU,TX_ObjectCount,9,0
26.1647,1984,RSU,ChannelLoad,0.06472,0
26.1647,1984,RSU,ChannelLoad,0.06472,0
26.1649,1240,RSU,ChannelLoad,0.06992,0
26.1649,1240,RSU,ChannelLoad,0.06992,0
26.1651,7969,Vehicle,ChannelLoad,0.08648,0
26.1651,7969,Vehicle,ChannelLoad,0.08648,0
26.1651,7969,Vehicle,TX_Throughput,4560,0
26.1651,7969,Vehicle,TX_ObjectCount,0,0
26.1654,2058,Vehicle,ChannelLoad,0.08048,0
26.1654,2058,Vehicle,ChannelLoad,0.08048,0
26.1654,2058,Vehicle,TX_Throughput,13360,0
26.1654,2058,Vehicle,TX_ObjectCount,3,0
26.1663,4074,Vehicle,ChannelLoad,0.06968,0
26.1663,4074,Vehicle,ChannelLoad,0.06968,0
26.1663,4074,Vehicle,TX_Throughput,10560,0
26.1663,4074,Vehicle,TX_ObjectCount,2,0
26.1674,6037,Vehicle,ChannelLoad,0.04792,0
26.1674,6037,Vehicle,ChannelLoad,0.04792,0
26.1674,6037,Vehicle,TX_Throughput,7760,0
26.1674,6037,Vehicle,TX_ObjectCount,1,0
26.1687,4147,Vehicle,ChannelLoad,0.09688,0
26.1687,4147,Vehicle,ChannelLoad,0.09688,0
26.1687,4147,Vehicle,TX_Throughput,10560,0
26.1687,4147,Vehicle,TX_ObjectCount,2,0
26.1696,4900,RSU,ChannelLoad,0.11544,0
26.1696,4900,RSU,ChannelLoad,0.11544,0
26.1698,3030,RSU,ChannelLoad,0.086,0
26.1698,3030,RSU,ChannelLoad,0.086,0
26.17,2131,RSU,ChannelLoad,0.17144,0
26.17,2131,RSU,ChannelLoad,0.17144,0
26.1701,8044,Vehicle,ChannelLoad,0.09312,0
26.1701,8044,Vehicle,ChannelLoad,0.09312,0
26.1701,8044,Vehicle,TX_Throughput,10560,0
26.1701,8044,Vehicle,TX_ObjectCount,2,0
26.1702,4974,Vehicle,ChannelLoad,0.0816,0
26.1702,4974,Vehicle,ChannelLoad,0.0816,0
26.1702,4974,Vehicle,TX_Throughput,7760,0
26.1702,4974,Vehicle,TX_ObjectCount,1,0
26.1706,6110,Vehicle,ChannelLoad,0.08144,0
26.1706,6110,Vehicle,ChannelLoad,0.08144,0
26.1706,6110,Vehicle,TX_Throughput,13360,0
26.1706,6110,Vehicle,TX_ObjectCount,3,0
26.1709,1314,Vehicle,ChannelLoad,0.08496,0
26.1709,1314,Vehicle,ChannelLoad,0.08496,0
26.1709,1314,Vehicle,TX_Throughput,7760,0
26.1709,1314,Vehicle,TX_ObjectCount,1,0
26.171,270,Vehicle,ChannelLoad,0.08152,0
26.171,270,Vehicle,ChannelLoad,0.08152,0
26.171,270,Vehicle,TX_Throughput,18960,0
26.171,270,Vehicle,TX_ObjectCount,5,0
26.1719,9086,Vehicle,ChannelLoad,0.07288,0
26.1719,9086,Vehicle,ChannelLoad,0.07288,0
26.1719,9086,Vehicle,TX_Throughput,13360,0
26.1719,9086,Vehicle,TX_ObjectCount,3,0
26.1723,5047,RSU,ChannelLoad,0.1496,0
26.1723,5047,RSU,ChannelLoad,0.1496,0
26.1731,1759,RSU,TX_Throughput,27680,0
26.1731,1759,RSU,TX_ObjectCount,9,0
26.1736,4222,Vehicle,ChannelLoad,0.04888,0
26.1736,4222,Vehicle,ChannelLoad,0.04888,0
26.1736,4222,Vehicle,TX_Throughput,10560,0
26.1736,4222,Vehicle,TX_ObjectCount,2,0
26.1744,3552,RSU,TX_Throughput,16480,0
26.1744,3552,RSU,TX_ObjectCount,5,0
26.1762,5123,RSU,ChannelLoad,0.10288,0
26.1762,5123,RSU,ChannelLoad,0.10288,0
26.1774,8937,RSU,TX_Throughput,16480,0
26.1774,8937,RSU,TX_ObjectCount,5,0
26.1777,4297,Vehicle,ChannelLoad,0.06688,0
26.1777,4297,Vehicle,ChannelLoad,0.06688,0
26.1777,4297,Vehicle,TX_Throughput,7760,0
26.1777,4297,Vehicle,TX_ObjectCount,1,0
26.1778,6187,RSU,ChannelLoad,0.13888,0
26.1778,6187,RSU,ChannelLoad,0.13888,0
26.1782,8117,Vehicle,ChannelLoad,0.078,0
26.1782,8117,Vehicle,ChannelLoad,0.078,0
26.1782,8117,Vehicle,TX_Throughput,16160,0
26.1782,8117,Vehicle,TX_ObjectCount,4,0
26.1783,7083,Vehicle,ChannelLoad,0.08736,0
26.1783,7083,Vehicle,ChannelLoad,0.08736,0
26.1783,7083,Vehicle,TX_Throughput,7760,0
26.1783,7083,Vehicle,TX_ObjectCount,1,0
26.1786,9163,Vehicle,ChannelLoad,0.08864,0
26.1786,9163,Vehicle,ChannelLoad,0.08864,0
26.1786,9163,Vehicle,TX_Throughput,10560,0
26.1786,9163,Vehicle,TX_ObjectCount,2,0
26.1791,3030,RSU,TX_Throughput,10880,0
26.1791,3030,RSU,TX_ObjectCount,3,0
26.1796,9236,Vehicle,ChannelLoad,0.11152,0
26.1796,9236,Vehicle,ChannelLoad,0.11152,0
26.1796,9236,Vehicle,TX_Throughput,13360,0
26.1796,9236,Vehicle,TX_ObjectCount,3,0
26.1799,1906,RSU,TX_Throughput,22080,0
26.1799,1906,RSU,TX_ObjectCount,7,0
26.18,4370,Vehicle,ChannelLoad,0.13896,0
26.18,4370,Vehicle,ChannelLoad,0.13896,0
26.18,4370,Vehicle,TX_Throughput,10560,0
26.18,4370,Vehicle,TX_ObjectCount,2,0
26.1801,6263,RSU,ChannelLoad,0.08944,0
26.1801,6263,RSU,ChannelLoad,0.08944,0
26.1805,7156,Vehicle,ChannelLoad,0.06072,0
26.1805,7156,Vehicle,ChannelLoad,0.06072,0
26.1805,7156,Vehicle,TX_Throughput,16160,0
26.1805,7156,Vehicle,TX_ObjectCount,4,0
26.1814,1387,RSU,TX_Throughput,24880,0
26.1814,1387,RSU,TX_ObjectCount,8,0
26.1816,1240,RSU,TX_Throughput,16480,0
26.1816,1240,RSU,TX_ObjectCount,5,0
26.1817,1018,RSU,TX_Throughput,36080,0
26.1817,1018,RSU,TX_ObjectCount,12,0
26.1819,5197,Vehicle,ChannelLoad,0.07064,0
26.1819,5197,Vehicle,ChannelLoad,0.07064,0
26.1819,5197,Vehicle,TX_Throughput,18960,0
26.1819,5197,Vehicle,TX_ObjectCount,5,0
26.182,5270,Vehicle,ChannelLoad,0.07616,0
26.182,5270,Vehicle,ChannelLoad,0.07616,0
26.182,5270,Vehicle,TX_Throughput,13360,0
26.182,5270,Vehicle,TX_ObjectCount,3,0
26.1831,343,Vehicle,ChannelLoad,0.08584,0
26.1831,343,Vehicle,ChannelLoad,0.08584,0
26.1831,343,Vehicle,TX_Throughput,21760,0
26.1831,343,Vehicle,TX_ObjectCount,6,0
26.1832,1387,RSU,ChannelLoad,0.12424,0
26.1832,1387,RSU,ChannelLoad,0.12424,0
26.1838,8859,RSU,TX_Throughput,27680,0
26.1838,8859,RSU,TX_ObjectCount,9,0
26.1855,6187,RSU,TX_Throughput,22080,0
26.1855,6187,RSU,TX_ObjectCount,7,0
26.1865,3108,Vehicle,ChannelLoad,0.06976,0
26.1865,3108,Vehicle,ChannelLoad,0.06976,0
26.1865,3108,Vehicle,TX_Throughput,13360,0
26.1865,3108,Vehicle,TX_ObjectCount,3,0
26.1865,5343,RSU,ChannelLoad,0.112,0
26.1865,5343,RSU,ChannelLoad,0.112,0
26.1871,416,Vehicle,ChannelLoad,0.07128,0
26.1871,416,Vehicle,ChannelLoad,0.07128,0
26.1871,416,Vehicle,TX_Throughput,21760,0
26.1871,416,Vehicle,TX_ObjectCount,6,0
26.1883,5123,RSU,TX_Throughput,19280,0
26.1883,5123,RSU,TX_ObjectCount,6,0
26.1884,9309,Vehicle,ChannelLoad,0.09984,0
26.1884,9309,Vehicle,ChannelLoad,0.09984,0
26.1884,9309,Vehicle,TX_Throughput,7760,0
26.1884,9309,Vehicle,TX_ObjectCount,1,0
26.1885,2211,RSU,ChannelLoad,0.10744,0
26.1885,2211,RSU,ChannelLoad,0.10744,0
26.1894,2285,RSU,ChannelLoad,0.09128,0
26.1894,2285,RSU,ChannelLoad,0.09128,0
26.1916,8192,RSU,ChannelLoad,0.102,0
26.1916,8192,RSU,ChannelLoad,0.102,0
26.1917,7229,Vehicle,ChannelLoad,0.0604,0
26.1917,7229,Vehicle,ChannelLoad,0.0604,0
26.1917,7229,Vehicle,TX_Throughput,10560,0
26.1917,7229,Vehicle,TX_ObjectCount,2,0
26.192,5417,RSU,ChannelLoad,0.10792,0
26.192,5417,RSU,ChannelLoad,0.10792,0
26.1925,6341,Vehicle,ChannelLoad,0.07016,0
26.1925,6341,Vehicle,ChannelLoad,0.07016,0
26.1925,6341,Vehicle,TX_Throughput,13360,0
26.1925,6341,Vehicle,TX_ObjectCount,3,0
26.1928,3181,Vehicle,ChannelLoad,0.09904,0
26.1928,3181,Vehicle,ChannelLoad,0.09904,0
26.1928,3181,Vehicle,TX_Throughput,13360,0
26.1928,3181,Vehicle,TX_ObjectCount,3,0
26.1928,5872,RSU,TX_Throughput,13680,0
26.1928,5872,RSU,TX_ObjectCount,4,0
26.1939,489,Vehicle,ChannelLoad,0.0512,0
26.1939,489,Vehicle,ChannelLoad,0.0512,0
26.1939,489,Vehicle,TX_Throughput,10560,0
26.1939,489,Vehicle,TX_ObjectCount,2,0
26.1955,5047,RSU,TX_Throughput,36080,0
26.1955,5047,RSU,TX_ObjectCount,12,0
26.196,8268,RSU,ChannelLoad,0.1028,0
26.196,8268,RSU,ChannelLoad,0.1028,0
26.1961,3254,RSU,ChannelLoad,0.11024,0
26.1961,3254,RSU,ChannelLoad,0.11024,0
26.1961,562,Vehicle,ChannelLoad,0.06736,0
26.1961,562,Vehicle,ChannelLoad,0.06736,0
26.1961,562,Vehicle,TX_Throughput,10560,0
26.1961,562,Vehicle,TX_ObjectCount,2,0
26.1961,2359,Vehicle,ChannelLoad,0.06432,0
26.1961,2359,Vehicle,ChannelLoad,0.06432,0
26.1961,2359,Vehicle,TX_Throughput,4560,0
26.1961,2359,Vehicle,TX_ObjectCount,0,0
26.1966,1463,Vehicle,ChannelLoad,0.05352,0
26.1966,1463,Vehicle,ChannelLoad,0.05352,0
26.1966,1463,Vehicle,TX_Throughput,10560,0
26.1966,1463,Vehicle,TX_ObjectCount,2,0
26.1975,2432,Vehicle,ChannelLoad,0.02568,0
26.1975,2432,Vehicle,ChannelLoad,0.02568,0
26.1975,2432,Vehicle,TX_Throughput,4560,0
26.1975,2432,Vehicle,TX_ObjectCount,0,0
26.1976,6414,Vehicle,ChannelLoad,0.04896,0
26.1976,6414,Vehicle,ChannelLoad,0.04896,0
26.1976,6414,Vehicle,TX_Throughput,10560,0
26.1976,6414,Vehicle,TX_ObjectCount,2,0
26.1978,3328,RSU,ChannelLoad,0.0732,0
26.1978,3328,RSU,ChannelLoad,0.0732,0
26.1992,7302,Vehicle,ChannelLoad,0.07216,0
26.1992,7302,Vehicle,ChannelLoad,0.07216,0
26.1992,7302,Vehicle,TX_Throughput,7760,0
26.1992,7302,Vehicle,TX_ObjectCount,1,0
26.2004,7523,RSU,TX_Throughput,30480,0
26.2004,7523,RSU,TX_ObjectCount,10,0
26.2009,7375,Vehicle,ChannelLoad,0.05568,0
26.2009,7375,Vehicle,ChannelLoad,0.05568,0
26.2009,7375,Vehicle,TX_Throughput,7760,0
26.2009,7375,Vehicle,TX_ObjectCount,1,0
26.202,639,Vehicle,ChannelLoad,0.06704,0
26.202,639,Vehicle,ChannelLoad,0.06704,0
26.202,639,Vehicle,TX_Throughput,7760,0
26.202,639,Vehicle,TX_ObjectCount,1,0
26.2023,8342,Vehicle,ChannelLoad,0.07864,0
26.2023,8342,Vehicle,ChannelLoad,0.07864,0
26.2023,8342,Vehicle,TX_Throughput,10560,0
26.2023,8342,Vehicle,TX_ObjectCount,2,0
26.2037,6487,RSU,ChannelLoad,0.08112,0
26.2037,6487,RSU,ChannelLoad,0.08112,0
26.2045,7745,RSU,TX_Throughput,22080,0
26.2045,7745,RSU,TX_ObjectCount,7,0
26.2047,29,RSU,ChannelLoad,0.09904,0
26.2047,29,RSU,ChannelLoad,0.09904,0
26.2048,5495,Vehicle,ChannelLoad,0.0468,0
26.2048,5495,Vehicle,ChannelLoad,0.0468,0
26.2048,5495,Vehicle,TX_Throughput,13360,0
26.2048,5495,Vehicle,TX_ObjectCount,3,0
26.2052,5417,RSU,TX_Throughput,30480,0
26.2052,5417,RSU,TX_ObjectCount,10,0
26.2059,712,Vehicle,ChannelLoad,0.09184,0
26.2059,712,Vehicle,ChannelLoad,0.09184,0
26.2059,712,Vehicle,TX_Throughput,13360,0
26.2059,712,Vehicle,TX_ObjectCount,3,0
26.2078,5568,Vehicle,ChannelLoad,0.07168,0
26.2078,5568,Vehicle,ChannelLoad,0.07168,0
26.2078,5568,Vehicle,TX_Throughput,13360,0
26.2078,5568,Vehicle,TX_ObjectCount,3,0
26.2089,6932,RSU,TX_Throughput,10880,0
26.2089,6932,RSU,TX_ObjectCount,3,0
26.209,4445,Vehicle,ChannelLoad,0.09744,0
26.209,4445,Vehicle,ChannelLoad,0.09744,0
26.209,4445,Vehicle,TX_Throughput,24560,0
26.209,4445,Vehicle,TX_ObjectCount,7,0
26.2103,5343,RSU,TX_Throughput,36080,0
26.2103,5343,RSU,TX_ObjectCount,12,0
26.2104,1538,Vehicle,ChannelLoad,0.04344,0
26.2104,1538,Vehicle,ChannelLoad,0.04344,0
26.2104,1538,Vehicle,TX_Throughput,13360,0
26.2104,1538,Vehicle,TX_ObjectCount,3,0
26.2121,5641,Vehicle,ChannelLoad,0.05688,0
26.2121,5641,Vehicle,ChannelLoad,0.05688,0
26.2121,5641,Vehicle,TX_Throughput,13360,0
26.2121,5641,Vehicle,TX_ObjectCount,3,0
26.2123,2285,RSU,TX_Throughput,13680,0
26.2123,2285,RSU,TX_ObjectCount,4,0
26.2131,5714,Vehicle,ChannelLoad,0.04816,0
26.2131,5714,Vehicle,ChannelLoad,0.04816,0
26.2131,5714,Vehicle,TX_Throughput,4560,0
26.2131,5714,Vehicle,TX_ObjectCount,0,0
26.2144,3404,Vehicle,ChannelLoad,0.08264,0
26.2144,3404,Vehicle,ChannelLoad,0.08264,0
26.2144,3404,Vehicle,TX_Throughput,13360,0
26.2144,3404,Vehicle,TX_ObjectCount,3,0
26.2151,6487,RSU,TX_Throughput,19280,0
26.2151,6487,RSU,TX_ObjectCount,6,0
26.2152,6561,Vehicle,ChannelLoad,0.0768,0
26.2152,6561,Vehicle,ChannelLoad,0.0768,0
26.2152,6561,Vehicle,TX_Throughput,13360,0
26.2152,6561,Vehicle,TX_ObjectCount,3,0
26.2163,6634,RSU,ChannelLoad,0.0644,0
26.2163,6634,RSU,ChannelLoad,0.0644,0
26.2166,1611,Vehicle,ChannelLoad,0.05504,0
26.2166,1611,Vehicle,ChannelLoad,0.05504,0
26.2166,1611,Vehicle,TX_Throughput,4560,0
26.2166,1611,Vehicle,TX_ObjectCount,0,0
26.2166,182,RSU,TX_Throughput,36080,0
26.2166,182,RSU,TX_ObjectCount,12,0
26.2167,8417,Vehicle,ChannelLoad,0.09824,0
26.2167,8417,Vehicle,ChannelLoad,0.09824,0
26.2167,8417,Vehicle,TX_Throughput,7760,0
26.2167,8417,Vehicle,TX_ObjectCount,1,0
26.2168,1684,Vehicle,ChannelLoad,0.08968,0
26.2168,1684,Vehicle,ChannelLoad,0.08968,0
26.2168,1684,Vehicle,TX_Throughput,4560,0
26.2168,1684,Vehicle,TX_ObjectCount,0,0
26.2172,2507,Vehicle,ChannelLoad,0.0592,0
26.2172,2507,Vehicle,ChannelLoad,0.0592,0
26.2172,2507,Vehicle,TX_Throughput,21760,0
26.2172,2507,Vehicle,TX_ObjectCount,6,0
26.218,8268,RSU,TX_Throughput,33280,0
26.218,8268,RSU,TX_ObjectCount,11,0
26.2182,8490,Vehicle,ChannelLoad,0.06128,0
26.2182,8490,Vehicle,ChannelLoad,0.06128,0
26.2182,8490,Vehicle,TX_Throughput,7760,0
26.2182,8490,Vehicle,TX_ObjectCount,1,0
26.2183,787,Vehicle,ChannelLoad,0.056,0
26.2183,787,Vehicle,ChannelLoad,0.056,0
26.2183,787,Vehicle,TX_Throughput,4560,0
26.2183,787,Vehicle,TX_ObjectCount,0,0
26.2186,2582,Vehicle,ChannelLoad,0.08696,0
26.2186,2582,Vehicle,ChannelLoad,0.08696,0
26.2186,2582,Vehicle,TX_Throughput,7760,0
26.2186,2582,Vehicle,TX_ObjectCount,1,0
26.2188,107,Vehicle,ChannelLoad,0.0548,0
26.2188,107,Vehicle,ChannelLoad,0.0548,0
26.2188,107,Vehicle,TX_Throughput,13360,0
26.2188,107,Vehicle,TX_ObjectCount,3,0
26.2201,182,RSU,ChannelLoad,0.08832,0
26.2201,182,RSU,ChannelLoad,0.08832,0
26.2206,6708,Vehicle,ChannelLoad,0.11192,0
26.2206,6708,Vehicle,ChannelLoad,0.11192,0
26.2206,6708,Vehicle,TX_Throughput,10560,0
26.2206,6708,Vehicle,TX_ObjectCount,2,0
26.221,7450,Vehicle,ChannelLoad,0.07216,0
26.221,7450,Vehicle,ChannelLoad,0.07216,0
26.221,7450,Vehicle,TX_Throughput,4560,0
26.221,7450,Vehicle,TX_ObjectCount,0,0
26.2212,8563,Vehicle,ChannelLoad,0.12632,0
26.2212,8563,Vehicle,ChannelLoad,0.12632,0
26.2212,8563,Vehicle,TX_Throughput,10560,0
26.2212,8563,Vehicle,TX_ObjectCount,2,0
26.2218,4522,Vehicle,ChannelLoad,0.0992,0
26.2218,4522,Vehicle,ChannelLoad,0.0992,0
26.2218,4522,Vehicle,TX_Throughput,13360,0
26.2218,4522,Vehicle,TX_ObjectCount,3,0
26.2231,1759,RSU,ChannelLoad,0.08656,0
26.2231,1759,RSU,ChannelLoad,0.08656,0
26.2237,3479,Vehicle,ChannelLoad,0.08312,0
26.2237,3479,Vehicle,ChannelLoad,0.08312,0
26.2237,3479,Vehicle,TX_Throughput,18960,0
26.2237,3479,Vehicle,TX_ObjectCount,5,0
26.2256,8636,Vehicle,ChannelLoad,0.08464,0
26.2256,8636,Vehicle,ChannelLoad,0.08464,0
26.2256,8636,Vehicle,TX_Throughput,10560,0
26.2256,8636,Vehicle,TX_ObjectCount,2,0
26.2275,6263,RSU,TX_Throughput,19280,0
26.2275,6263,RSU,TX_ObjectCount,6,0
26.2289,4597,Vehicle,ChannelLoad,0.11768,0
26.2289,4597,Vehicle,ChannelLoad,0.11768,0
26.2289,4597,Vehicle,TX_Throughput,10560,0
26.2289,4597,Vehicle,TX_ObjectCount,2,0
26.2289,7523,RSU,ChannelLoad,0.13032,0
26.2289,7523,RSU,ChannelLoad,0.13032,0
26.2299,3254,RSU,TX_Throughput,10880,0
26.2299,3254,RSU,TX_ObjectCount,3,0
26.2318,866,Vehicle,ChannelLoad,0.08832,0
26.2318,866,Vehicle,ChannelLoad,0.08832,0
26.2318,866,Vehicle,TX_Throughput,13360,0
26.2318,866,Vehicle,TX_ObjectCount,3,0
26.2328,1984,RSU,TX_Throughput,19280,0
26.2328,1984,RSU,TX_ObjectCount,6,0
26.2332,3776,RSU,TX_Throughput,22080,0
26.2332,3776,RSU,TX_ObjectCount,7,0
26.2333,3552,RSU,ChannelLoad,0.07584,0
26.2333,3552,RSU,ChannelLoad,0.07584,0
26.2343,5797,Vehicle,ChannelLoad,0.08536,0
26.2343,5797,Vehicle,ChannelLoad,0.08536,0
26.2343,5797,Vehicle,TX_Throughput,10560,0
26.2343,5797,Vehicle,TX_ObjectCount,2,0
26.2344,29,RSU,TX_Throughput,41680,0
26.2344,29,RSU,TX_ObjectCount,14,0
26.2352,6781,RSU,ChannelLoad,0.08472,0
26.2352,6781,RSU,ChannelLoad,0.08472,0
26.2361,7599,Vehicle,ChannelLoad,0.06848,0
26.2361,7599,Vehicle,ChannelLoad,0.06848,0
26.2361,7599,Vehicle,TX_Throughput,10560,0
26.2361,7599,Vehicle,TX_ObjectCount,2,0
26.237,3626,Vehicle,ChannelLoad,0.0724,0
26.237,3626,Vehicle,ChannelLoad,0.0724,0
26.237,3626,Vehicle,TX_Throughput,18960,0
26.237,3626,Vehicle,TX_ObjectCount,5,0
26.2374,2659,Vehicle,ChannelLoad,0.06552,0
26.2374,2659,Vehicle,ChannelLoad,0.06552,0
26.2374,2659,Vehicle,TX_Throughput,16160,0
26.2374,2659,Vehicle,TX_ObjectCount,4,0
26.2376,3699,Vehicle,ChannelLoad,0.03712,0
26.2376,3699,Vehicle,ChannelLoad,0.03712,0
26.2376,3699,Vehicle,TX_Throughput,4560,0
26.2376,3699,Vehicle,TX_ObjectCount,0,0
26.2379,7672,Vehicle,ChannelLoad,0.06624,0
26.2379,7672,Vehicle,ChannelLoad,0.06624,0
26.2379,7672,Vehicle,TX_Throughput,10560,0
26.2379,7672,Vehicle,TX_ObjectCount,2,0
26.238,2732,Vehicle,ChannelLoad,0.04088,0
26.238,2732,Vehicle,ChannelLoad,0.04088,0
26.238,2732,Vehicle,TX_Throughput,13360,0
26.238,2732,Vehicle,TX_ObjectCount,3,0
26.2389,5872,RSU,ChannelLoad,0.09976,0
26.2389,5872,RSU,ChannelLoad,0.09976,0
26.2396,2131,RSU,TX_Throughput,36080,0
26.2396,2131,RSU,TX_ObjectCount,12,0
26.2404,943,Vehicle,ChannelLoad,0.05768,0
26.2404,943,Vehicle,ChannelLoad,0.05768,0
26.2404,943,Vehicle,TX_Throughput,7760,0
26.2404,943,Vehicle,TX_ObjectCount,1,0
26.2414,7745,RSU,ChannelLoad,0.0892,0
26.2414,7745,RSU,ChannelLoad,0.0892,0
26.2423,7819,Vehicle,ChannelLoad,0.0996,0
26.2423,7819,Vehicle,ChannelLoad,0.0996,0
26.2423,7819,Vehicle,TX_Throughput,10560,0
26.2423,7819,Vehicle,TX_ObjectCount,2,0
26.2434,4900,RSU,TX_Throughput,33280,0
26.2434,4900,RSU,TX_ObjectCount,11,0
26.2437,8711,Vehicle,ChannelLoad,0.04312,0
26.2437,8711,Vehicle,ChannelLoad,0.04312,0
26.2437,8711,Vehicle,TX_Throughput,7760,0
26.2437,8711,Vehicle,TX_ObjectCount,1,0
26.2444,1833,Vehicle,ChannelLoad,0.08672,0
26.2444,1833,Vehicle,ChannelLoad,0.08672,0
26.2444,1833,Vehicle,TX_Throughput,10560,0
26.2444,1833,Vehicle,TX_ObjectCount,2,0
26.2449,4672,Vehicle,ChannelLoad,0.09176,0
26.2449,4672,Vehicle,ChannelLoad,0.09176,0
26.2449,4672,Vehicle,TX_Throughput,10560,0
26.2449,4672,Vehicle,TX_ObjectCount,2,0
26.2462,6781,RSU,TX_Throughput,24880,0
26.2462,6781,RSU,TX_ObjectCount,8,0
26.2464,1018,RSU,ChannelLoad,0.1216,0
26.2464,1018,RSU,ChannelLoad,0.1216,0
26.2471,3776,RSU,ChannelLoad,0.09648,0
26.2471,3776,RSU,ChannelLoad,0.09648,0
26.2473,7894,Vehicle,ChannelLoad,0.0804,0
26.2473,7894,Vehicle,ChannelLoad,0.0804,0
26.2473,7894,Vehicle,TX_Throughput,13360,0
26.2473,7894,Vehicle,TX_ObjectCount,3,0
26.2488,1906,RSU,ChannelLoad,0.13088,0
26.2488,1906,RSU,ChannelLoad,0.13088,0
26.2488,4745,Vehicle,ChannelLoad,0.0652,0
26.2488,4745,Vehicle,ChannelLoad,0.0652,0
26.2488,4745,Vehicle,TX_Throughput,7760,0
26.2488,4745,Vehicle,TX_ObjectCount,1,0
26.2492,3850,RSU,ChannelLoad,0.05888,0
26.2492,3850,RSU,ChannelLoad,0.05888,0
26.2496,8786,Vehicle,ChannelLoad,0.1372,0
26.2496,8786,Vehicle,ChannelLoad,0.1372,0
26.2496,8786,Vehicle,TX_Throughput,4560,0
26.2496,8786,Vehicle,TX_ObjectCount,0,0
26.2507,6859,Vehicle,ChannelLoad,0.05728,0
26.2507,6859,Vehicle,ChannelLoad,0.05728,0
26.2507,6859,Vehicle,TX_Throughput,13360,0
26.2507,6859,Vehicle,TX_ObjectCount,3,0
26.2512,3926,Vehicle,ChannelLoad,0.034,0
26.2512,3926,Vehicle,ChannelLoad,0.034,0
26.2512,3926,Vehicle,TX_Throughput,13360,0
26.2512,3926,Vehicle,TX_ObjectCount,3,0
26.2527,8859,RSU,ChannelLoad,0.09848,0
26.2527,8859,RSU,ChannelLoad,0.09848,0
26.2528,4818,RSU,ChannelLoad,0.0916,0
26.2528,4818,RSU,ChannelLoad,0.0916,0
26.2531,5958,Vehicle,ChannelLoad,0.06976,0
26.2531,5958,Vehicle,ChannelLoad,0.06976,0
26.2531,5958,Vehicle,TX_Throughput,13360,0
26.2531,5958,Vehicle,TX_ObjectCount,3,0
26.2548,2211,RSU,TX_Throughput,19280,0
26.2548,2211,RSU,TX_ObjectCount,6,0
26.2561,4818,RSU,TX_Throughput,27680,0
26.2561,4818,RSU,TX_ObjectCount,9,0
26.2561,6932,RSU,ChannelLoad,0.0644,0
26.2561,6932,RSU,ChannelLoad,0.0644,0
26.2582,2805,Vehicle,ChannelLoad,0.04968,0
26.2582,2805,Vehicle,ChannelLoad,0.04968,0
26.2582,2805,Vehicle,TX_Throughput,7760,0
26.2582,2805,Vehicle,TX_ObjectCount,1,0
26.2586,7006,Vehicle,ChannelLoad,0.08024,0
26.2586,7006,Vehicle,ChannelLoad,0.08024,0
26.2586,7006,Vehicle,TX_Throughput,10560,0
26.2586,7006,Vehicle,TX_ObjectCount,2,0
26.259,1094,Vehicle,ChannelLoad,0.03296,0
26.259,1094,Vehicle,ChannelLoad,0.03296,0
26.259,1094,Vehicle,TX_Throughput,10560,0
26.259,1094,Vehicle,TX_ObjectCount,2,0
26.2594,2878,Vehicle,ChannelLoad,0.072,0
26.2594,2878,Vehicle,ChannelLoad,0.072,0
26.2594,2878,Vehicle,TX_Throughput,4560,0
26.2594,2878,Vehicle,TX_ObjectCount,0,0
26.2609,3328,RSU,TX_Throughput,10880,0
26.2609,3328,RSU,TX_ObjectCount,3,0
26.2613,1167,Vehicle,ChannelLoad,0.08496,0
26.2613,1167,Vehicle,ChannelLoad,0.08496,0
26.2613,1167,Vehicle,TX_Throughput,10560,0
26.2613,1167,Vehicle,TX_ObjectCount,2,0
26.2615,4001,Vehicle,ChannelLoad,0.07904,0
26.2615,4001,Vehicle,ChannelLoad,0.07904,0
26.2615,4001,Vehicle,TX_Throughput,4560,0
26.2615,4001,Vehicle,TX_ObjectCount,0,0
26.262,6634,RSU,TX_Throughput,13680,0
26.262,6634,RSU,TX_ObjectCount,4,0
26.2622,8937,RSU,ChannelLoad,0.10728,0
26.2622,8937,RSU,ChannelLoad,0.10728,0
26.2623,3850,RSU,TX_Throughput,8080,0
26.2623,3850,RSU,TX_ObjectCount,2,0
26.2637,9011,Vehicle,ChannelLoad,0.08416,0
26.2637,9011,Vehicle,ChannelLoad,0.08416,0
26.2637,9011,Vehicle,TX_Throughput,10560,0
26.2637,9011,Vehicle,TX_ObjectCount,2,0
26.2637,2953,Vehicle,ChannelLoad,0.06832,0
26.2637,2953,Vehicle,ChannelLoad,0.06832,0
26.2637,2953,Vehicle,TX_Throughput,16160,0
26.2637,2953,Vehicle,TX_ObjectCount,4,0
26.2643,8192,RSU,TX_Throughput,27680,0
26.2643,8192,RSU,TX_ObjectCount,9,0
26.2647,1984,RSU,ChannelLoad,0.07032,0
26.2647,1984,RSU,ChannelLoad,0.07032,0
26.2649,1240,RSU,ChannelLoad,0.06232,0
26.2649,1240,RSU,ChannelLoad,0.06232,0
26.2651,7969,Vehicle,ChannelLoad,0.06176,0
26.2651,7969,Vehicle,ChannelLoad,0.06176,0
26.2651,7969,Vehicle,TX_Throughput,4560,0
26.2651,7969,Vehicle,TX_ObjectCount,0,0
26.2654,2058,Vehicle,ChannelLoad,0.06496,0
26.2654,2058,Vehicle,ChannelLoad,0.06496,0
26.2654,2058,Vehicle,TX_Throughput,13360,0
26.2654,2058,Vehicle,TX_ObjectCount,3,0
26.2663,4074,Vehicle,ChannelLoad,0.07568,0
26.2663,4074,Vehicle,ChannelLoad,0.07568,0
26.2663,4074,Vehicle,TX_Throughput,10560,0
26.2663,4074,Vehicle,TX_ObjectCount,2,0
26.2674,6037,Vehicle,ChannelLoad,0.04848,0
26.2674,6037,Vehicle,ChannelLoad,0.04848,0
26.2674,6037,Vehicle,TX_Throughput,7760,0
26.2674,6037,Vehicle,TX_ObjectCount,1,0
26.2687,4147,Vehicle,ChannelLoad,0.09752,0
26.2687,4147,Vehicle,ChannelLoad,0.09752,0
26.2687,4147,Vehicle,TX_Throughput,7760,0
26.2687,4147,Vehicle,TX_ObjectCount,1,0
26.2696,4900,RSU,ChannelLoad,0.10576,0
26.2696,4900,RSU,ChannelLoad,0.10576,0
26.2698,3030,RSU,ChannelLoad,0.0804,0
26.2698,3030,RSU,ChannelLoad,0.0804,0
26.27,2131,RSU,ChannelLoad,0.13952,0
26.27,2131,RSU,ChannelLoad,0.13952,0
26.2701,8044,Vehicle,ChannelLoad,0.07184,0
26.2701,8044,Vehicle,ChannelLoad,0.07184,0
26.2701,8044,Vehicle,TX_Throughput,10560,0
26.2701,8044,Vehicle,TX_ObjectCount,2,0
26.2702,4974,Vehicle,ChannelLoad,0.07576,0
26.2702,4974,Vehicle,ChannelLoad,0.07576,0
26.2702,4974,Vehicle,TX_Throughput,7760,0
26.2702,4974,Vehicle,TX_ObjectCount,1,0
26.2706,6110,Vehicle,ChannelLoad,0.07776,0
26.2706,6110,Vehicle,ChannelLoad,0.07776,0
26.2706,6110,Vehicle,TX_Throughput,13360,0
26.2706,6110,Vehicle,TX_ObjectCount,3,0
26.2709,1314,Vehicle,ChannelLoad,0.06352,0
26.2709,1314,Vehicle,ChannelLoad,0.06352,0
26.2709,1314,Vehicle,TX_Throughput,7760,0
26.2709,1314,Vehicle,TX_ObjectCount,1,0
26.271,270,Vehicle,ChannelLoad,0.06776,0
26.271,270,Vehicle,ChannelLoad,0.06776,0
26.271,270,Vehicle,TX_Throughput,24560,0
26.271,270,Vehicle,TX_ObjectCount,7,0
26.2719,9086,Vehicle,ChannelLoad,0.05664,0
26.2719,9086,Vehicle,ChannelLoad,0.05664,0
26.2719,9086,Vehicle,TX_Throughput,13360,0
26.2719,9086,Vehicle,TX_ObjectCount,3,0
26.2723,5047,RSU,ChannelLoad,0.1332,0
26.2723,5047,RSU,ChannelLoad,0.1332,0
26.2731,1759,RSU,TX_Throughput,27680,0
26.2731,1759,RSU,TX_ObjectCount,9,0
26.2736,4222,Vehicle,ChannelLoad,0.04512,0
26.2736,4222,Vehicle,ChannelLoad,0.04512,0
26.2736,4222,Vehicle,TX_Throughput,10560,0
26.2736,4222,Vehicle,TX_ObjectCount,2,0
26.2744,3552,RSU,TX_Throughput,16480,0
26.2744,3552,RSU,TX_ObjectCount,5,0
26.2762,5123,RSU,ChannelLoad,0.09424,0
26.2762,5123,RSU,ChannelLoad,0.09424,0
26.2774,8937,RSU,TX_Throughput,16480,0
26.2774,8937,RSU,TX_ObjectCount,5,0
26.2777,4297,Vehicle,ChannelLoad,0.05896,0
26.2777,4297,Vehicle,ChannelLoad,0.05896,0
26.2777,4297,Vehicle,TX_Throughput,7760,0
26.2777,4297,Vehicle,TX_ObjectCount,1,0
26.2778,6187,RSU,ChannelLoad,0.14896,0
26.2778,6187,RSU,ChannelLoad,0.14896,0
26.2782,8117,Vehicle,ChannelLoad,0.07288,0
26.2782,8117,Vehicle,ChannelLoad,0.07288,0
26.2782,8117,Vehicle,TX_Throughput,16160,0
26.2782,8117,Vehicle,TX_ObjectCount,4,0
26.2783,7083,Vehicle,ChannelLoad,0.06008,0
26.2783,7083,Vehicle,ChannelLoad,0.06008,0
26.2783,7083,Vehicle,TX_Throughput,7760,0
26.2783,7083,Vehicle,TX_ObjectCount,1,0
26.2786,9163,Vehicle,ChannelLoad,0.08344,0
26.2786,9163,Vehicle,ChannelLoad,0.08344,0
26.2786,9163,Vehicle,TX_Throughput,13360,0
26.2786,9163,Vehicle,TX_ObjectCount,3,0
26.2791,3030,RSU,TX_Throughput,10880,0
26.2791,3030,RSU,TX_ObjectCount,3,0
26.2796,9236,Vehicle,ChannelLoad,0.1144,0
26.2796,9236,Vehicle,ChannelLoad,0.1144,0
26.2796,9236,Vehicle,TX_Throughput,13360,0
26.2796,9236,Vehicle,TX_ObjectCount,3,0
26.2799,1906,RSU,TX_Throughput,22080,0
26.2799,1906,RSU,TX_ObjectCount,7,0
26.28,4370,Vehicle,ChannelLoad,0.1056,0
26.28,4370,Vehicle,ChannelLoad,0.1056,0
26.28,4370,Vehicle,TX_Throughput,10560,0
26.28,4370,Vehicle,TX_ObjectCount,2,0
26.2801,6263,RSU,ChannelLoad,0.08232,0
26.2801,6263,RSU,ChannelLoad,0.08232,0
26.2805,7156,Vehicle,ChannelLoad,0.04672,0
26.2805,7156,Vehicle,ChannelLoad,0.04672,0
26.2805,7156,Vehicle,TX_Throughput,13360,0
26.2805,7156,Vehicle,TX_ObjectCount,3,0
26.2814,1387,RSU,TX_Throughput,24880,0
26.2814,1387,RSU,TX_ObjectCount,8,0
26.2816,1240,RSU,TX_Throughput,16480,0
26.2816,1240,RSU,TX_ObjectCount,5,0
26.2817,1018,RSU,TX_Throughput,38880,0
26.2817,1018,RSU,TX_ObjectCount,13,0
26.2819,5197,Vehicle,ChannelLoad,0.06272,0
26.2819,5197,Vehicle,ChannelLoad,0.06272,0
26.2819,5197,Vehicle,TX_Throughput,18960,0
26.2819,5197,Vehicle,TX_ObjectCount,5,0
26.282,5270,Vehicle,ChannelLoad,0.07288,0
26.282,5270,Vehicle,ChannelLoad,0.07288,0
26.282,5270,Vehicle,TX_Throughput,13360,0
26.282,5270,Vehicle,TX_ObjectCount,3,0
26.2831,343,Vehicle,ChannelLoad,0.09272,0
26.2831,343,Vehicle,ChannelLoad,0.09272,0
26.2831,343,Vehicle,TX_Throughput,18960,0
26.2831,343,Vehicle,TX_ObjectCount,5,0
26.2832,1387,RSU,ChannelLoad,0.11608,0
26.2832,1387,RSU,ChannelLoad,0.11608,0
26.2838,8859,RSU,TX_Throughput,27680,0
26.2838,8859,RSU,TX_ObjectCount,9,0
26.2855,6187,RSU,TX_Throughput,22080,0
26.2855,6187,RSU,TX_ObjectCount,7,0
26.2865,3108,Vehicle,ChannelLoad,0.08152,0
26.2865,3108,Vehicle,ChannelLoad,0.08152,0
26.2865,3108,Vehicle,TX_Throughput,13360,0
26.2865,3108,Vehicle,TX_ObjectCount,3,0
26.2865,5343,RSU,ChannelLoad,0.11552,0
26.2865,5343,RSU,ChannelLoad,0.11552,0
26.2871,416,Vehicle,ChannelLoad,0.08176,0
26.2871,416,Vehicle,ChannelLoad,0.08176,0
26.2871,416,Vehicle,TX_Throughput,16160,0
26.2871,416,Vehicle,TX_ObjectCount,4,0
26.2883,5123,RSU,TX_Throughput,16480,0
26.2883,5123,RSU,TX_ObjectCount,5,0
26.2884,9309,Vehicle,ChannelLoad,0.0956,0
26.2884,9309,Vehicle,ChannelLoad,0.0956,0
26.2884,9309,Vehicle,TX_Throughput,10560,0
26.2884,9309,Vehicle,TX_ObjectCount,2,0
26.2885,2211,RSU,ChannelLoad,0.11136,0
26.2885,2211,RSU,ChannelLoad,0.11136,0
26.2894,2285,RSU,ChannelLoad,0.09296,0
26.2894,2285,RSU,ChannelLoad,0.09296,0
26.2916,8192,RSU,ChannelLoad,0.09808,0
26.2916,8192,RSU,ChannelLoad,0.09808,0
26.2917,7229,Vehicle,ChannelLoad,0.05984,0
26.2917,7229,Vehicle,ChannelLoad,0.05984,0
26.2917,7229,Vehicle,TX_Throughput,10560,0
26.2917,7229,Vehicle,TX_ObjectCount,2,0
26.292,5417,RSU,ChannelLoad,0.114,0
26.292,5417,RSU,ChannelLoad,0.114,0
26.2925,6341,Vehicle,ChannelLoad,0.07208,0
26.2925,6341,Vehicle,ChannelLoad,0.07208,0
26.2925,6341,Vehicle,TX_Throughput,13360,0
26.2925,6341,Vehicle,TX_ObjectCount,3,0
26.2928,3181,Vehicle,ChannelLoad,0.0936,0
26.2928,3181,Vehicle,ChannelLoad,0.0936,0
26.2928,3181,Vehicle,TX_Throughput,13360,0
26.2928,3181,Vehicle,TX_ObjectCount,3,0
26.2928,5872,RSU,TX_Throughput,10880,0
26.2928,5872,RSU,TX_ObjectCount,3,0
26.2939,489,Vehicle,ChannelLoad,0.05992,0
26.2939,489,Vehicle,ChannelLoad,0.05992,0
26.2939,489,Vehicle,TX_Throughput,10560,0
26.2939,489,Vehicle,TX_ObjectCount,2,0
26.2955,5047,RSU,TX_Throughput,36080,0
26.2955,5047,RSU,TX_ObjectCount,12,0
26.296,8268,RSU,ChannelLoad,0.10528,0
26.296,8268,RSU,ChannelLoad,0.10528,0
26.2961,3254,RSU,ChannelLoad,0.13968,0
26.2961,3254,RSU,ChannelLoad,0.13968,0
26.2961,562,Vehicle,ChannelLoad,0.07216,0
26.2961,562,Vehicle,ChannelLoad,0.07216,0
26.2961,562,Vehicle,TX_Throughput,10560,0
26.2961,562,Vehicle,TX_ObjectCount,2,0
26.2961,2359,Vehicle,ChannelLoad,0.07072,0
26.2961,2359,Vehicle,ChannelLoad,0.07072,0
26.2961,2359,Vehicle,TX_Throughput,4560,0
26.2961,2359,Vehicle,TX_ObjectCount,0,0
26.2966,1463,Vehicle,ChannelLoad,0.0532,0
26.2966,1463,Vehicle,ChannelLoad,0.0532,0
26.2966,1463,Vehicle,TX_Throughput,10560,0
26.2966,1463,Vehicle,TX_ObjectCount,2,0
26.2975,2432,Vehicle,ChannelLoad,0.02304,0
26.2975,2432,Vehicle,ChannelLoad,0.02304,0
26.2975,2432,Vehicle,TX_Throughput,4560,0
26.2975,2432,Vehicle,TX_ObjectCount,0,0
26.2976,6414,Vehicle,ChannelLoad,0.06696,0
26.2976,6414,Vehicle,ChannelLoad,0.06696,0
26.2976,6414,Vehicle,TX_Throughput,10560,0
26.2976,6414,Vehicle,TX_ObjectCount,2,0
26.2978,3328,RSU,ChannelLoad,0.07664,0
26.2978,3328,RSU,ChannelLoad,0.07664,0
26.2992,7302,Vehicle,ChannelLoad,0.05528,0
26.2992,7302,Vehicle,ChannelLoad,0.05528,0
26.2992,7302,Vehicle,TX_Throughput,7760,0
26.2992,7302,Vehicle,TX_ObjectCount,1,0
26.3004,7523,RSU,TX_Throughput,27680,0
26.3004,7523,RSU,TX_ObjectCount,9,0
26.3009,7375,Vehicle,ChannelLoad,0.064,0
26.3009,7375,Vehicle,ChannelLoad,0.064,0
26.3009,7375,Vehicle,TX_Throughput,7760,0
26.3009,7375,Vehicle,TX_ObjectCount,1,0
26.302,639,Vehicle,ChannelLoad,0.066,0
26.302,639,Vehicle,ChannelLoad,0.066,0
26.302,639,Vehicle,TX_Throughput,7760,0
26.302,639,Vehicle,TX_ObjectCount,1,0
26.3023,8342,Vehicle,ChannelLoad,0.0632,0
26.3023,8342,Vehicle,ChannelLoad,0.0632,0
26.3023,8342,Vehicle,TX_Throughput,4560,0
26.3023,8342,Vehicle,TX_ObjectCount,0,0
26.3037,6487,RSU,ChannelLoad,0.09624,0
26.3037,6487,RSU,ChannelLoad,0.09624,0
26.3045,7745,RSU,TX_Throughput,19280,0
26.3045,7745,RSU,TX_ObjectCount,6,0
26.3047,29,RSU,ChannelLoad,0.10056,0
26.3047,29,RSU,ChannelLoad,0.10056,0
26.3048,5495,Vehicle,ChannelLoad,0.05376,0
26.3048,5495,Vehicle,ChannelLoad,0.05376,0
26.3048,5495,Vehicle,TX_Throughput,13360,0
26.3048,5495,Vehicle,TX_ObjectCount,3,0
26.3052,5417,RSU,TX_Throughput,30480,0
26.3052,5417,RSU,TX_ObjectCount,10,0
26.3059,712,Vehicle,ChannelLoad,0.08176,0
26.3059,712,Vehicle,ChannelLoad,0.08176,0
26.3059,712,Vehicle,TX_Throughput,13360,0
26.3059,712,Vehicle,TX_ObjectCount,3,0
26.3078,5568,Vehicle,ChannelLoad,0.07952,0
26.3078,5568,Vehicle,ChannelLoad,0.07952,0
26.3078,5568,Vehicle,TX_Throughput,10560,0
26.3078,5568,Vehicle,TX_ObjectCount,2,0
26.3089,6932,RSU,TX_Throughput,10880,0
26.3089,6932,RSU,TX_ObjectCount,3,0
26.309,4445,Vehicle,ChannelLoad,0.08792,0
26.309,4445,Vehicle,ChannelLoad,0.08792,0
26.309,4445,Vehicle,TX_Throughput,24560,0
26.309,4445,Vehicle,TX_ObjectCount,7,0
26.3103,5343,RSU,TX_Throughput,33280,0
26.3103,5343,RSU,TX_ObjectCount,11,0
26.3104,1538,Vehicle,ChannelLoad,0.04624,0
26.3104,1538,Vehicle,ChannelLoad,0.04624,0
26.3104,1538,Vehicle,TX_Throughput,13360,0
26.3104,1538,Vehicle,TX_ObjectCount,3,0
26.3121,5641,Vehicle,ChannelLoad,0.04736,0
26.3121,5641,Vehicle,ChannelLoad,0.04736,0
26.3121,5641,Vehicle,TX_Throughput,13360,0
26.3121,5641,Vehicle,TX_ObjectCount,3,0
26.3123,2285,RSU,TX_Throughput,16480,0
26.3123,2285,RSU,TX_ObjectCount,5,0
26.3131,5714,Vehicle,ChannelLoad,0.06504,0
26.3131,5714,Vehicle,ChannelLoad,0.06504,0
26.3131,5714,Vehicle,TX_Throughput,4560,0
26.3131,5714,Vehicle,TX_ObjectCount,0,0
26.3144,3404,Vehicle,ChannelLoad,0.08968,0
26.3144,3404,Vehicle,ChannelLoad,0.08968,0
26.3144,3404,Vehicle,TX_Throughput,13360,0
26.3144,3404,Vehicle,TX_ObjectCount,3,0
26.3151,6487,RSU,TX_Throughput,22080,0
26.3151,6487,RSU,TX_ObjectCount,7,0
26.3152,6561,Vehicle,ChannelLoad,0.08824,0
26.3152,6561,Vehicle,ChannelLoad,0.08824,0
26.3152,6561,Vehicle,TX_Throughput,10560,0
26.3152,6561,Vehicle,TX_ObjectCount,2,0
26.3163,6634,RSU,ChannelLoad,0.05296,0
26.3163,6634,RSU,ChannelLoad,0.05296,0
26.3166,1611,Vehicle,ChannelLoad,0.05696,0
26.3166,1611,Vehicle,ChannelLoad,0.05696,0
26.3166,1611,Vehicle,TX_Throughput,4560,0
26.3166,1611,Vehicle,TX_ObjectCount,0,0
26.3166,182,RSU,TX_Throughput,36080,0
26.3166,182,RSU,TX_ObjectCount,12,0
26.3167,8417,Vehicle,ChannelLoad,0.06016,0
26.3167,8417,Vehicle,ChannelLoad,0.06016,0
26.3167,8417,Vehicle,TX_Throughput,7760,0
26.3167,8417,Vehicle,TX_ObjectCount,1,0
26.3168,1684,Vehicle,ChannelLoad,0.1068,0
26.3168,1684,Vehicle,ChannelLoad,0.1068,0
26.3168,1684,Vehicle,TX_Throughput,4560,0
26.3168,1684,Vehicle,TX_ObjectCount,0,0
26.3172,2507,Vehicle,ChannelLoad,0.05872,0
26.3172,2507,Vehicle,ChannelLoad,0.05872,0
26.3172,2507,Vehicle,TX_Throughput,21760,0
26.3172,2507,Vehicle,TX_ObjectCount,6,0
26.318,8268,RSU,TX_Throughput,33280,0
26.318,8268,RSU,TX_ObjectCount,11,0
26.3182,8490,Vehicle,ChannelLoad,0.0704,0
26.3182,8490,Vehicle,ChannelLoad,0.0704,0
26.3182,8490,Vehicle,TX_Throughput,7760,0
26.3182,8490,Vehicle,TX_ObjectCount,1,0
26.3183,787,Vehicle,ChannelLoad,0.0564,0
26.3183,787,Vehicle,ChannelLoad,0.0564,0
26.3183,787,Vehicle,TX_Throughput,4560,0
26.3183,787,Vehicle,TX_ObjectCount,0,0
26.3186,2582,Vehicle,ChannelLoad,0.07448,0
26.3186,2582,Vehicle,ChannelLoad,0.07448,0
26.3186,2582,Vehicle,TX_Throughput,7760,0
26.3186,2582,Vehicle,TX_ObjectCount,1,0
26.3188,107,Vehicle,ChannelLoad,0.04792,0
26.3188,107,Vehicle,ChannelLoad,0.04792,0
26.3188,107,Vehicle,TX_Throughput,13360,0
26.3188,107,Vehicle,TX_ObjectCount,3,0
26.3201,182,RSU,ChannelLoad,0.10224,0
26.3201,182,RSU,ChannelLoad,0.10224,0
26.3206,6708,Vehicle,ChannelLoad,0.10152,0
26.3206,6708,Vehicle,ChannelLoad,0.10152,0
26.3206,6708,Vehicle,TX_Throughput,10560,0
26.3206,6708,Vehicle,TX_ObjectCount,2,0
26.321,7450,Vehicle,ChannelLoad,0.07672,0
26.321,7450,Vehicle,ChannelLoad,0.07672,0
26.321,7450,Vehicle,TX_Throughput,7760,0
26.321,7450,Vehicle,TX_ObjectCount,1,0
26.3212,8563,Vehicle,ChannelLoad,0.12656,0
26.3212,8563,Vehicle,ChannelLoad,0.12656,0
26.3212,8563,Vehicle,TX_Throughput,10560,0
26.3212,8563,Vehicle,TX_ObjectCount,2,0
26.3218,4522,Vehicle,ChannelLoad,0.08976,0
26.3218,4522,Vehicle,ChannelLoad,0.08976,0
26.3218,4522,Vehicle,TX_Throughput,13360,0
26.3218,4522,Vehicle,TX_ObjectCount,3,0
26.3231,1759,RSU,ChannelLoad,0.086,0
26.3231,1759,RSU,ChannelLoad,0.086,0
26.3237,3479,Vehicle,ChannelLoad,0.08112,0
26.3237,3479,Vehicle,ChannelLoad,0.08112,0
26.3237,3479,Vehicle,TX_Throughput,18960,0
26.3237,3479,Vehicle,TX_ObjectCount,5,0
26.3256,8636,Vehicle,ChannelLoad,0.0924,0
26.3256,8636,Vehicle,ChannelLoad,0.0924,0
26.3256,8636,Vehicle,TX_Throughput,10560,0
26.3256,8636,Vehicle,TX_ObjectCount,2,0
26.3275,6263,RSU,TX_Throughput,22080,0
26.3275,6263,RSU,TX_ObjectCount,7,0
26.3289,4597,Vehicle,ChannelLoad,0.0912,0
26.3289,4597,Vehicle,ChannelLoad,0.0912,0
26.3289,4597,Vehicle,TX_Throughput,10560,0
26.3289,4597,Vehicle,TX_ObjectCount,2,0
26.3289,7523,RSU,ChannelLoad,0.1112,0
26.3289,7523,RSU,ChannelLoad,0.1112,0
26.3299,3254,RSU,TX_Throughput,22080,0
26.3299,3254,RSU,TX_ObjectCount,7,0
26.3318,866,Vehicle,ChannelLoad,0.07184,0
26.3318,866,Vehicle,ChannelLoad,0.07184,0
26.3318,866,Vehicle,TX_Throughput,13360,0
26.3318,866,Vehicle,TX_ObjectCount,3,0
26.3328,1984,RSU,TX_Throughput,19280,0
26.3328,1984,RSU,TX_ObjectCount,6,0
26.3332,3776,RSU,TX_Throughput,22080,0
26.3332,3776,RSU,TX_ObjectCount,7,0
26.3333,3552,RSU,ChannelLoad,0.07216,0
26.3333,3552,RSU,ChannelLoad,0.07216,0
26.3343,5797,Vehicle,ChannelLoad,0.08712,0
26.3343,5797,Vehicle,ChannelLoad,0.08712,0
26.3343,5797,Vehicle,TX_Throughput,10560,0
26.3343,5797,Vehicle,TX_ObjectCount,2,0
26.3344,29,RSU,TX_Throughput,41680,0
26.3344,29,RSU,TX_ObjectCount,14,0
26.3352,6781,RSU,ChannelLoad,0.07072,0
26.3352,6781,RSU,ChannelLoad,0.07072,0
26.3361,7599,Vehicle,ChannelLoad,0.06536,0
26.3361,7599,Vehicle,ChannelLoad,0.06536,0
26.3361,7599,Vehicle,TX_Throughput,10560,0
26.3361,7599,Vehicle,TX_ObjectCount,2,0
26.337,3626,Vehicle,ChannelLoad,0.07936,0
26.337,3626,Vehicle,ChannelLoad,0.07936,0
26.337,3626,Vehicle,TX_Throughput,21760,0
26.337,3626,Vehicle,TX_ObjectCount,6,0
26.3374,2659,Vehicle,ChannelLoad,0.05224,0
26.3374,2659,Vehicle,ChannelLoad,0.05224,0
26.3374,2659,Vehicle,TX_Throughput,16160,0
26.3374,2659,Vehicle,TX_ObjectCount,4,0
26.3376,3699,Vehicle,ChannelLoad,0.03576,0
26.3376,3699,Vehicle,ChannelLoad,0.03576,0
26.3376,3699,Vehicle,TX_Throughput,4560,0
26.3376,3699,Vehicle,TX_ObjectCount,0,0
26.3379,7672,Vehicle,ChannelLoad,0.05136,0
26.3379,7672,Vehicle,ChannelLoad,0.05136,0
26.3379,7672,Vehicle,TX_Throughput,10560,0
26.3379,7672,Vehicle,TX_ObjectCount,2,0
26.338,2732,Vehicle,ChannelLoad,0.04888,0
26.338,2732,Vehicle,ChannelLoad,0.04888,0
26.338,2732,Vehicle,TX_Throughput,13360,0
26.338,2732,Vehicle,TX_ObjectCount,3,0
26.3389,5872,RSU,ChannelLoad,0.08952,0
26.3389,5872,RSU,ChannelLoad,0.08952,0
26.3396,2131,RSU,TX_Throughput,36080,0
26.3396,2131,RSU,TX_ObjectCount,12,0
26.3404,943,Vehicle,ChannelLoad,0.06072,0
26.3404,943,Vehicle,ChannelLoad,0.06072,0
26.3404,943,Vehicle,TX_Throughput,7760,0
26.3404,943,Vehicle,TX_ObjectCount,1,0
26.3414,7745,RSU,ChannelLoad,0.07744,0
26.3414,7745,RSU,ChannelLoad,0.07744,0
26.3423,7819,Vehicle,ChannelLoad,0.08296,0
26.3423,7819,Vehicle,ChannelLoad,0.08296,0
26.3423,7819,Vehicle,TX_Throughput,10560,0
26.3423,7819,Vehicle,TX_ObjectCount,2,0
26.3434,4900,RSU,TX_Throughput,36080,0
26.3434,4900,RSU,TX_ObjectCount,12,0
26.3437,8711,Vehicle,ChannelLoad,0.03808,0
26.3437,8711,Vehicle,ChannelLoad,0.03808,0
26.3437,8711,Vehicle,TX_Throughput,7760,0
26.3437,8711,Vehicle,TX_ObjectCount,1,0
26.3444,1833,Vehicle,ChannelLoad,0.08568,0
26.3444,1833,Vehicle,ChannelLoad,0.08568,0
26.3444,1833,Vehicle,TX_Throughput,10560,0
26.3444,1833,Vehicle,TX_ObjectCount,2,0
26.3449,4672,Vehicle,ChannelLoad,0.09256,0
26.3449,4672,Vehicle,ChannelLoad,0.09256,0
26.3449,4672,Vehicle,TX_Throughput,10560,0
26.3449,4672,Vehicle,TX_ObjectCount,2,0
26.3462,6781,RSU,TX_Throughput,24880,0
26.3462,6781,RSU,TX_ObjectCount,8,0
26.3464,1018,RSU,ChannelLoad,0.10696,0
26.3464,1018,RSU,ChannelLoad,0.10696,0
26.3471,3776,RSU,ChannelLoad,0.09328,0
26.3471,3776,RSU,ChannelLoad,0.09328,0
26.3473,7894,Vehicle,ChannelLoad,0.08008,0
26.3473,7894,Vehicle,ChannelLoad,0.08008,0
26.3473,7894,Vehicle,TX_Throughput,13360,0
26.3473,7894,Vehicle,TX_ObjectCount,3,0
26.3488,1906,RSU,ChannelLoad,0.11968,0
26.3488,1906,RSU,ChannelLoad,0.11968,0
26.3488,4745,Vehicle,ChannelLoad,0.07104,0
26.3488,4745,Vehicle,ChannelLoad,0.07104,0
26.3488,4745,Vehicle,TX_Throughput,7760,0
26.3488,4745,Vehicle,TX_ObjectCount,1,0
26.3492,3850,RSU,ChannelLoad,0.07936,0
26.3492,3850,RSU,ChannelLoad,0.07936,0
26.3496,8786,Vehicle,ChannelLoad,0.14392,0
26.3496,8786,Vehicle,ChannelLoad,0.14392,0
26.3496,8786,Vehicle,TX_Throughput,4560,0
26.3496,8786,Vehicle,TX_ObjectCount,0,0
26.3507,6859,Vehicle,ChannelLoad,0.0512,0
26.3507,6859,Vehicle,ChannelLoad,0.0512,0
26.3507,6859,Vehicle,TX_Throughput,13360,0
26.3507,6859,Vehicle,TX_ObjectCount,3,0
26.3512,3926,Vehicle,ChannelLoad,0.03136,0
26.3512,3926,Vehicle,ChannelLoad,0.03136,0
26.3512,3926,Vehicle,TX_Throughput,13360,0
26.3512,3926,Vehicle,TX_ObjectCount,3,0
26.3527,8859,RSU,ChannelLoad,0.09496,0
26.3527,8859,RSU,ChannelLoad,0.09496,0
26.3528,4818,RSU,ChannelLoad,0.09096,0
26.3528,4818,RSU,ChannelLoad,0.09096,0
26.3531,5958,Vehicle,ChannelLoad,0.08752,0
26.3531,5958,Vehicle,ChannelLoad,0.08752,0
26.3531,5958,Vehicle,TX_Throughput,13360,0
26.3531,5958,Vehicle,TX_ObjectCount,3,0
26.3548,2211,RSU,TX_Throughput,19280,0
26.3548,2211,RSU,TX_ObjectCount,6,0
26.3561,4818,RSU,TX_Throughput,24880,0
26.3561,4818,RSU,TX_ObjectCount,8,0
26.3561,6932,RSU,ChannelLoad,0.082,0
26.3561,6932,RSU,ChannelLoad,0.082,0
26.3582,2805,Vehicle,ChannelLoad,0.04032,0
26.3582,2805,Vehicle,ChannelLoad,0.04032,0
26.3582,2805,Vehicle,TX_Throughput,7760,0
26.3582,2805,Vehicle,TX_ObjectCount,1,0
26.3586,7006,Vehicle,ChannelLoad,0.09936,0
26.3586,7006,Vehicle,ChannelLoad,0.09936,0
26.3586,7006,Vehicle,TX_Throughput,10560,0
26.3586,7006,Vehicle,TX_ObjectCount,2,0
26.359,1094,Vehicle,ChannelLoad,0.04752,0
26.359,1094,Vehicle,ChannelLoad,0.04752,0
26.359,1094,Vehicle,TX_Throughput,10560,0
26.359,1094,Vehicle,TX_ObjectCount,2,0
26.3594,2878,Vehicle,ChannelLoad,0.0628,0
26.3594,2878,Vehicle,ChannelLoad,0.0628,0
26.3594,2878,Vehicle,TX_Throughput,4560,0
26.3594,2878,Vehicle,TX_ObjectCount,0,0
26.3609,3328,RSU,TX_Throughput,10880,0
26.3609,3328,RSU,TX_ObjectCount,3,0
26.3613,1167,Vehicle,ChannelLoad,0.12144,0
26.3613,1167,Vehicle,ChannelLoad,0.12144,0
26.3613,1167,Vehicle,TX_Throughput,7760,0
26.3613,1167,Vehicle,TX_ObjectCount,1,0
26.3615,4001,Vehicle,ChannelLoad,0.08136,0
26.3615,4001,Vehicle,ChannelLoad,0.08136,0
26.3615,4001,Vehicle,TX_Throughput,4560,0
26.3615,4001,Vehicle,TX_ObjectCount,0,0
26.362,6634,RSU,TX_Throughput,13680,0
26.362,6634,RSU,TX_ObjectCount,4,0
26.3622,8937,RSU,ChannelLoad,0.10584,0
26.3622,8937,RSU,ChannelLoad,0.10584,0
26.3623,3850,RSU,TX_Throughput,8080,0
26.3623,3850,RSU,TX_ObjectCount,2,0
26.3637,9011,Vehicle,ChannelLoad,0.08528,0
26.3637,9011,Vehicle,ChannelLoad,0.08528,0
26.3637,9011,Vehicle,TX_Throughput,10560,0
26.3637,9011,Vehicle,TX_ObjectCount,2,0
26.3637,2953,Vehicle,ChannelLoad,0.08456,0
26.3637,2953,Vehicle,ChannelLoad,0.08456,0
26.3637,2953,Vehicle,TX_Throughput,16160,0
26.3637,2953,Vehicle,TX_ObjectCount,4,0
26.3643,8192,RSU,TX_Throughput,27680,0
26.3643,8192,RSU,TX_ObjectCount,9,0
26.3647,1984,RSU,ChannelLoad,0.05952,0
26.3647,1984,RSU,ChannelLoad,0.05952,0
26.3649,1240,RSU,ChannelLoad,0.05944,0
26.3649,1240,RSU,ChannelLoad,0.05944,0
26.3651,7969,Vehicle,ChannelLoad,0.08152,0
26.3651,7969,Vehicle,ChannelLoad,0.08152,0
26.3651,7969,Vehicle,TX_Throughput,4560,0
26.3651,7969,Vehicle,TX_ObjectCount,0,0
26.3654,2058,Vehicle,ChannelLoad,0.08128,0
26.3654,2058,Vehicle,ChannelLoad,0.08128,0
26.3654,2058,Vehicle,TX_Throughput,13360,0
26.3654,2058,Vehicle,TX_ObjectCount,3,0
26.3663,4074,Vehicle,ChannelLoad,0.07408,0
26.3663,4074,Vehicle,ChannelLoad,0.07408,0
26.3663,4074,Vehicle,TX_Throughput,10560,0
26.3663,4074,Vehicle,TX_ObjectCount,2,0
26.3674,6037,Vehicle,ChannelLoad,0.06496,0
26.3674,6037,Vehicle,ChannelLoad,0.06496,0
26.3674,6037,Vehicle,TX_Throughput,7760,0
26.3674,6037,Vehicle,TX_ObjectCount,1,0
26.3687,4147,Vehicle,ChannelLoad,0.09584,0
26.3687,4147,Vehicle,ChannelLoad,0.09584,0
26.3687,4147,Vehicle,TX_Throughput,10560,0
26.3687,4147,Vehicle,TX_ObjectCount,2,0
26.3696,4900,RSU,ChannelLoad,0.11264,0
26.3696,4900,RSU,ChannelLoad,0.11264,0
26.3698,3030,RSU,ChannelLoad,0.0912,0
26.3698,3030,RSU,ChannelLoad,0.0912,0
26.37,2131,RSU,ChannelLoad,0.16072,0
26.37,2131,RSU,ChannelLoad,0.16072,0
26.3701,8044,Vehicle,ChannelLoad,0.08112,0
26.3701,8044,Vehicle,ChannelLoad,0.08112,0
26.3701,8044,Vehicle,TX_Throughput,10560,0
26.3701,8044,Vehicle,TX_ObjectCount,2,0
26.3702,4974,Vehicle,ChannelLoad,0.09024,0
26.3702,4974,Vehicle,ChannelLoad,0.09024,0
26.3702,4974,Vehicle,TX_Throughput,10560,0
26.3702,4974,Vehicle,TX_ObjectCount,2,0
26.3706,6110,Vehicle,ChannelLoad,0.06448,0
26.3706,6110,Vehicle,ChannelLoad,0.06448,0
26.3706,6110,Vehicle,TX_Throughput,13360,0
26.3706,6110,Vehicle,TX_ObjectCount,3,0
26.3709,1314,Vehicle,ChannelLoad,0.08288,0
26.3709,1314,Vehicle,ChannelLoad,0.08288,0
26.3709,1314,Vehicle,TX_Throughput,7760,0
26.3709,1314,Vehicle,TX_ObjectCount,1,0
26.371,270,Vehicle,ChannelLoad,0.05912,0
26.371,270,Vehicle,ChannelLoad,0.05912,0
26.371,270,Vehicle,TX_Throughput,24560,0
26.371,270,Vehicle,TX_ObjectCount,7,0
26.3719,9086,Vehicle,ChannelLoad,0.064,0
26.3719,9086,Vehicle,ChannelLoad,0.064,0
26.3719,9086,Vehicle,TX_Throughput,13360,0
26.3719,9086,Vehicle,TX_ObjectCount,3,0
26.3723,5047,RSU,ChannelLoad,0.164,0
26.3723,5047,RSU,ChannelLoad,0.164,0
26.3731,1759,RSU,TX_Throughput,24880,0
26.3731,1759,RSU,TX_ObjectCount,8,0
26.3736,4222,Vehicle,ChannelLoad,0.05704,0
26.3736,4222,Vehicle,ChannelLoad,0.05704,0
26.3736,4222,Vehicle,TX_Throughput,10560,0
26.3736,4222,Vehicle,TX_ObjectCount,2,0
26.3744,3552,RSU,TX_Throughput,16480,0
26.3744,3552,RSU,TX_ObjectCount,5,0
26.3762,5123,RSU,ChannelLoad,0.08872,0
26.3762,5123,RSU,ChannelLoad,0.08872,0
26.3774,8937,RSU,TX_Throughput,13680,0
26.3774,8937,RSU,TX_ObjectCount,4,0
26.3777,4297,Vehicle,ChannelLoad,0.06896,0
26.3777,4297,Vehicle,ChannelLoad,0.06896,0
26.3777,4297,Vehicle,TX_Throughput,7760,0
26.3777,4297,Vehicle,TX_ObjectCount,1,0
26.3778,6187,RSU,ChannelLoad,0.1256,0
26.3778,6187,RSU,ChannelLoad,0.1256,0
26.3782,8117,Vehicle,ChannelLoad,0.06624,0
26.3782,8117,Vehicle,ChannelLoad,0.06624,0
26.3782,8117,Vehicle,TX_Throughput,16160,0
26.3782,8117,Vehicle,TX_ObjectCount,4,0
26.3783,7083,Vehicle,ChannelLoad,0.07696,0
26.3783,7083,Vehicle,ChannelLoad,0.07696,0
26.3783,7083,Vehicle,TX_Throughput,7760,0
26.3783,7083,Vehicle,TX_ObjectCount,1,0
26.3786,9163,Vehicle,ChannelLoad,0.09232,0
26.3786,9163,Vehicle,ChannelLoad,0.09232,0
26.3786,9163,Vehicle,TX_Throughput,13360,0
26.3786,9163,Vehicle,TX_ObjectCount,3,0
26.3791,3030,RSU,TX_Throughput,10880,0
26.3791,3030,RSU,TX_ObjectCount,3,0
26.3796,9236,Vehicle,ChannelLoad,0.11392,0
26.3796,9236,Vehicle,ChannelLoad,0.11392,0
26.3796,9236,Vehicle,TX_Throughput,13360,0
26.3796,9236,Vehicle,TX_ObjectCount,3,0
26.3799,1906,RSU,TX_Throughput,22080,0
26.3799,1906,RSU,TX_ObjectCount,7,0
26.38,4370,Vehicle,ChannelLoad,0.11176,0
26.38,4370,Vehicle,ChannelLoad,0.11176,0
26.38,4370,Vehicle,TX_Throughput,10560,0
26.38,4370,Vehicle,TX_ObjectCount,2,0
26.3801,6263,RSU,ChannelLoad,0.08688,0
26.3801,6263,RSU,ChannelLoad,0.08688,0
26.3805,7156,Vehicle,ChannelLoad,0.0572,0
26.3805,7156,Vehicle,ChannelLoad,0.0572,0
26.3805,7156,Vehicle,TX_Throughput,13360,0
26.3805,7156,Vehicle,TX_ObjectCount,3,0
26.3814,1387,RSU,TX_Throughput,22080,0
26.3814,1387,RSU,TX_ObjectCount,7,0
26.3816,1240,RSU,TX_Throughput,16480,0
26.3816,1240,RSU,TX_ObjectCount,5,0
26.3817,1018,RSU,TX_Throughput,38880,0
26.3817,1018,RSU,TX_ObjectCount,13,0
26.3819,5197,Vehicle,ChannelLoad,0.0872,0
26.3819,5197,Vehicle,ChannelLoad,0.0872,0
26.3819,5197,Vehicle,TX_Throughput,18960,0
26.3819,5197,Vehicle,TX_ObjectCount,5,0
26.382,5270,Vehicle,ChannelLoad,0.06992,0
26.382,5270,Vehicle,ChannelLoad,0.06992,0
26.382,5270,Vehicle,TX_Throughput,13360,0
26.382,5270,Vehicle,TX_ObjectCount,3,0
26.3831,343,Vehicle,ChannelLoad,0.08064,0
26.3831,343,Vehicle,ChannelLoad,0.08064,0
26.3831,343,Vehicle,TX_Throughput,18960,0
26.3831,343,Vehicle,TX_ObjectCount,5,0
26.3832,1387,RSU,ChannelLoad,0.12608,0
26.3832,1387,RSU,ChannelLoad,0.12608,0
26.3838,8859,RSU,TX_Throughput,27680,0
26.3838,8859,RSU,TX_ObjectCount,9,0
26.3855,6187,RSU,TX_Throughput,22080,0
26.3855,6187,RSU,TX_ObjectCount,7,0
26.3865,3108,Vehicle,ChannelLoad,0.07512,0
26.3865,3108,Vehicle,ChannelLoad,0.07512,0
26.3865,3108,Vehicle,TX_Throughput,10560,0
26.3865,3108,Vehicle,TX_ObjectCount,2,0
26.3865,5343,RSU,ChannelLoad,0.11432,0
26.3865,5343,RSU,ChannelLoad,0.11432,0
26.3871,416,Vehicle,ChannelLoad,0.08856,0
26.3871,416,Vehicle,ChannelLoad,0.08856,0
26.3871,416,Vehicle,TX_Throughput,16160,0
26.3871,416,Vehicle,TX_ObjectCount,4,0
26.3883,5123,RSU,TX_Throughput,16480,0
26.3883,5123,RSU,TX_ObjectCount,5,0
26.3884,9309,Vehicle,ChannelLoad,0.08496,0
26.3884,9309,Vehicle,ChannelLoad,0.08496,0
26.3884,9309,Vehicle,TX_Throughput,10560,0
26.3884,9309,Vehicle,TX_ObjectCount,2,0
26.3885,2211,RSU,ChannelLoad,0.10168,0
26.3885,2211,RSU,ChannelLoad,0.10168,0
26.3894,2285,RSU,ChannelLoad,0.10208,0
26.3894,2285,RSU,ChannelLoad,0.10208,0
26.3916,8192,RSU,ChannelLoad,0.0928,0
26.3916,8192,RSU,ChannelLoad,0.0928,0
26.3917,7229,Vehicle,ChannelLoad,0.0524,0
26.3917,7229,Vehicle,ChannelLoad,0.0524,0
26.3917,7229,Vehicle,TX_Throughput,10560,0
26.3917,7229,Vehicle,TX_ObjectCount,2,0
26.392,5417,RSU,ChannelLoad,0.11904,0
26.392,5417,RSU,ChannelLoad,0.11904,0
26.3925,6341,Vehicle,ChannelLoad,0.06792,0
26.3925,6341,Vehicle,ChannelLoad,0.06792,0
26.3925,6341,Vehicle,TX_Throughput,13360,0
26.3925,6341,Vehicle,TX_ObjectCount,3,0
26.3928,3181,Vehicle,ChannelLoad,0.10328,0
26.3928,3181,Vehicle,ChannelLoad,0.10328,0
26.3928,3181,Vehicle,TX_Throughput,13360,0
26.3928,3181,Vehicle,TX_ObjectCount,3,0
26.3928,5872,RSU,TX_Throughput,10880,0
26.3928,5872,RSU,TX_ObjectCount,3,0
26.3939,489,Vehicle,ChannelLoad,0.04856,0
26.3939,489,Vehicle,ChannelLoad,0.04856,0
26.3939,489,Vehicle,TX_Throughput,7760,0
26.3939,489,Vehicle,TX_ObjectCount,1,0
26.3955,5047,RSU,TX_Throughput,38880,0
26.3955,5047,RSU,TX_ObjectCount,13,0
26.396,8268,RSU,ChannelLoad,0.10616,0
26.396,8268,RSU,ChannelLoad,0.10616,0
26.3961,3254,RSU,ChannelLoad,0.12656,0
26.3961,3254,RSU,ChannelLoad,0.12656,0
26.3961,562,Vehicle,ChannelLoad,0.06832,0
26.3961,562,Vehicle,ChannelLoad,0.06832,0
26.3961,562,Vehicle,TX_Throughput,10560,0
26.3961,562,Vehicle,TX_ObjectCount,2,0
26.3961,2359,Vehicle,ChannelLoad,0.0824,0
26.3961,2359,Vehicle,ChannelLoad,0.0824,0
26.3961,2359,Vehicle,TX_Throughput,7760,0
26.3961,2359,Vehicle,TX_ObjectCount,1,0
26.3966,1463,Vehicle,ChannelLoad,0.0484,0
26.3966,1463,Vehicle,ChannelLoad,0.0484,0
26.3966,1463,Vehicle,TX_Throughput,10560,0
26.3966,1463,Vehicle,TX_ObjectCount,2,0
26.3975,2432,Vehicle,ChannelLoad,0.02624,0
26.3975,2432,Vehicle,ChannelLoad,0.02624,0
26.3975,2432,Vehicle,TX_Throughput,4560,0
26.3975,2432,Vehicle,TX_ObjectCount,0,0
26.3976,6414,Vehicle,ChannelLoad,0.08496,0
26.3976,6414,Vehicle,ChannelLoad,0.08496,0
26.3976,6414,Vehicle,TX_Throughput,10560,0
26.3976,6414,Vehicle,TX_ObjectCount,2,0
26.3978,3328,RSU,ChannelLoad,0.05832,0
26.3978,3328,RSU,ChannelLoad,0.05832,0
26.3992,7302,Vehicle,ChannelLoad,0.07104,0
26.3992,7302,Vehicle,ChannelLoad,0.07104,0
26.3992,7302,Vehicle,TX_Throughput,7760,0
26.3992,7302,Vehicle,TX_ObjectCount,1,0
26.4004,7523,RSU,TX_Throughput,27680,0
26.4004,7523,RSU,TX_ObjectCount,9,0
26.4009,7375,Vehicle,ChannelLoad,0.05032,0
26.4009,7375,Vehicle,ChannelLoad,0.05032,0
26.4009,7375,Vehicle,TX_Throughput,7760,0
26.4009,7375,Vehicle,TX_ObjectCount,1,0
26.402,639,Vehicle,ChannelLoad,0.08856,0
26.402,639,Vehicle,ChannelLoad,0.08856,0
26.402,639,Vehicle,TX_Throughput,7760,0
26.402,639,Vehicle,TX_ObjectCount,1,0
26.4023,8342,Vehicle,ChannelLoad,0.0764,0
26.4023,8342,Vehicle,ChannelLoad,0.0764,0
26.4023,8342,Vehicle,TX_Throughput,4560,0
26.4023,8342,Vehicle,TX_ObjectCount,0,0
26.4037,6487,RSU,ChannelLoad,0.0844,0
26.4037,6487,RSU,ChannelLoad,0.0844,0
26.4045,7745,RSU,TX_Throughput,19280,0
26.4045,7745,RSU,TX_ObjectCount,6,0
26.4047,29,RSU,ChannelLoad,0.0932,0
26.4047,29,RSU,ChannelLoad,0.0932,0
26.4048,5495,Vehicle,ChannelLoad,0.04304,0
26.4048,5495,Vehicle,ChannelLoad,0.04304,0
26.4048,5495,Vehicle,TX_Throughput,13360,0
26.4048,5495,Vehicle,TX_ObjectCount,3,0
26.4052,5417,RSU,TX_Throughput,30480,0
26.4052,5417,RSU,TX_ObjectCount,10,0
26.4059,712,Vehicle,ChannelLoad,0.10752,0
26.4059,712,Vehicle,ChannelLoad,0.10752,0
26.4059,712,Vehicle,TX_Throughput,13360,0
26.4059,712,Vehicle,TX_ObjectCount,3,0
26.4078,5568,Vehicle,ChannelLoad,0.0756,0
26.4078,5568,Vehicle,ChannelLoad,0.0756,0
26.4078,5568,Vehicle,TX_Throughput,13360,0
26.4078,5568,Vehicle,TX_ObjectCount,3,0
26.4089,6932,RSU,TX_Throughput,10880,0
26.4089,6932,RSU,TX_ObjectCount,3,0
26.409,4445,Vehicle,ChannelLoad,0.07224,0
26.409,4445,Vehicle,ChannelLoad,0.07224,0
26.409,4445,Vehicle,TX_Throughput,24560,0
26.409,4445,Vehicle,TX_ObjectCount,7,0
26.4103,5343,RSU,TX_Throughput,33280,0
26.4103,5343,RSU,TX_ObjectCount,11,0
26.4104,1538,Vehicle,ChannelLoad,0.04344,0
26.4104,1538,Vehicle,ChannelLoad,0.04344,0
26.4104,1538,Vehicle,TX_Throughput,13360,0
26.4104,1538,Vehicle,TX_ObjectCount,3,0
26.4121,5641,Vehicle,ChannelLoad,0.05456,0
26.4121,5641,Vehicle,ChannelLoad,0.05456,0
26.4121,5641,Vehicle,TX_Throughput,13360,0
26.4121,5641,Vehicle,TX_ObjectCount,3,0
26.4123,2285,RSU,TX_Throughput,27680,0
26.4123,2285,RSU,TX_ObjectCount,9,0
26.4131,5714,Vehicle,ChannelLoad,0.0672,0
26.4131,5714,Vehicle,ChannelLoad,0.0672,0
26.4131,5714,Vehicle,TX_Throughput,4560,0
26.4131,5714,Vehicle,TX_ObjectCount,0,0
26.4144,3404,Vehicle,ChannelLoad,0.0648,0
26.4144,3404,Vehicle,ChannelLoad,0.0648,0
26.4144,3404,Vehicle,TX_Throughput,10560,0
26.4144,3404,Vehicle,TX_ObjectCount,2,0
26.4151,6487,RSU,TX_Throughput,22080,0
26.4151,6487,RSU,TX_ObjectCount,7,0
26.4152,6561,Vehicle,ChannelLoad,0.0576,0
26.4152,6561,Vehicle,ChannelLoad,0.0576,0
26.4152,6561,Vehicle,TX_Throughput,10560,0
26.4152,6561,Vehicle,TX_ObjectCount,2,0
26.4163,6634,RSU,ChannelLoad,0.0644,0
26.4163,6634,RSU,ChannelLoad,0.0644,0
26.4166,1611,Vehicle,ChannelLoad,0.05832,0
26.4166,1611,Vehicle,ChannelLoad,0.05832,0
26.4166,1611,Vehicle,TX_Throughput,4560,0
26.4166,1611,Vehicle,TX_ObjectCount,0,0
26.4166,182,RSU,TX_Throughput,36080,0
26.4166,182,RSU,TX_ObjectCount,12,0
26.4167,8417,Vehicle,ChannelLoad,0.05072,0
26.4167,8417,Vehicle,ChannelLoad,0.05072,0
26.4167,8417,Vehicle,TX_Throughput,7760,0
26.4167,8417,Vehicle,TX_ObjectCount,1,0
26.4168,1684,Vehicle,ChannelLoad,0.10384,0
26.4168,1684,Vehicle,ChannelLoad,0.10384,0
26.4168,1684,Vehicle,TX_Throughput,4560,0
26.4168,1684,Vehicle,TX_ObjectCount,0,0
26.4172,2507,Vehicle,ChannelLoad,0.06072,0
26.4172,2507,Vehicle,ChannelLoad,0.06072,0
26.4172,2507,Vehicle,TX_Throughput,21760,0
26.4172,2507,Vehicle,TX_ObjectCount,6,0
26.418,8268,RSU,TX_Throughput,30480,0
26.418,8268,RSU,TX_ObjectCount,10,0
26.4182,8490,Vehicle,ChannelLoad,0.05776,0
26.4182,8490,Vehicle,ChannelLoad,0.05776,0
26.4182,8490,Vehicle,TX_Throughput,7760,0
26.4182,8490,Vehicle,TX_ObjectCount,1,0
26.4183,787,Vehicle,ChannelLoad,0.06424,0
26.4183,787,Vehicle,ChannelLoad,0.06424,0
26.4183,787,Vehicle,TX_Throughput,4560,0
26.4183,787,Vehicle,TX_ObjectCount,0,0
26.4186,2582,Vehicle,ChannelLoad,0.05648,0
26.4186,2582,Vehicle,ChannelLoad,0.05648,0
26.4186,2582,Vehicle,TX_Throughput,7760,0
26.4186,2582,Vehicle,TX_ObjectCount,1,0
26.4188,107,Vehicle,ChannelLoad,0.05672,0
26.4188,107,Vehicle,ChannelLoad,0.05672,0
26.4188,107,Vehicle,TX_Throughput,13360,0
26.4188,107,Vehicle,TX_ObjectCount,3,0
26.4201,182,RSU,ChannelLoad,0.0792,0
26.4201,182,RSU,ChannelLoad,0.0792,0
26.4206,6708,Vehicle,ChannelLoad,0.09264,0
26.4206,6708,Vehicle,ChannelLoad,0.09264,0
26.4206,6708,Vehicle,TX_Throughput,10560,0
26.4206,6708,Vehicle,TX_ObjectCount,2,0
26.421,7450,Vehicle,ChannelLoad,0.07056,0
26.421,7450,Vehicle,ChannelLoad,0.07056,0
26.421,7450,Vehicle,TX_Throughput,10560,0
26.421,7450,Vehicle,TX_ObjectCount,2,0
26.4212,8563,Vehicle,ChannelLoad,0.1264,0
26.4212,8563,Vehicle,ChannelLoad,0.1264,0
26.4212,8563,Vehicle,TX_Throughput,10560,0
26.4212,8563,Vehicle,TX_ObjectCount,2,0
26.4218,4522,Vehicle,ChannelLoad,0.08024,0
26.4218,4522,Vehicle,ChannelLoad,0.08024,0
26.4218,4522,Vehicle,TX_Throughput,13360,0
26.4218,4522,Vehicle,TX_ObjectCount,3,0
26.4231,1759,RSU,ChannelLoad,0.086,0
26.4231,1759,RSU,ChannelLoad,0.086,0
26.4237,3479,Vehicle,ChannelLoad,0.08016,0
26.4237,3479,Vehicle,ChannelLoad,0.08016,0
26.4237,3479,Vehicle,TX_Throughput,18960,0
26.4237,3479,Vehicle,TX_ObjectCount,5,0
26.4256,8636,Vehicle,ChannelLoad,0.09376,0
26.4256,8636,Vehicle,ChannelLoad,0.09376,0
26.4256,8636,Vehicle,TX_Throughput,10560,0
26.4256,8636,Vehicle,TX_ObjectCount,2,0
26.4275,6263,RSU,TX_Throughput,22080,0
26.4275,6263,RSU,TX_ObjectCount,7,0
26.4289,4597,Vehicle,ChannelLoad,0.12296,0
26.4289,4597,Vehicle,ChannelLoad,0.12296,0
26.4289,4597,Vehicle,TX_Throughput,10560,0
26.4289,4597,Vehicle,TX_ObjectCount,2,0
26.4289,7523,RSU,ChannelLoad,0.11456,0
26.4289,7523,RSU,ChannelLoad,0.11456,0
26.4299,3254,RSU,TX_Throughput,24880,0
26.4299,3254,RSU,TX_ObjectCount,8,0
26.4318,866,Vehicle,ChannelLoad,0.13072,0
26.4318,866,Vehicle,ChannelLoad,0.13072,0
26.4318,866,Vehicle,TX_Throughput,13360,0
26.4318,866,Vehicle,TX_ObjectCount,3,0
26.4328,1984,RSU,TX_Throughput,24880,0
26.4328,1984,RSU,TX_ObjectCount,8,0
26.4332,3776,RSU,TX_Throughput,22080,0
26.4332,3776,RSU,TX_ObjectCount,7,0
26.4333,3552,RSU,ChannelLoad,0.07376,0
26.4333,3552,RSU,ChannelLoad,0.07376,0
26.4343,5797,Vehicle,ChannelLoad,0.08296,0
26.4343,5797,Vehicle,ChannelLoad,0.08296,0
26.4343,5797,Vehicle,TX_Throughput,10560,0
26.4343,5797,Vehicle,TX_ObjectCount,2,0
26.4344,29,RSU,TX_Throughput,38880,0
26.4344,29,RSU,TX_ObjectCount,13,0
26.4352,6781,RSU,ChannelLoad,0.08088,0
26.4352,6781,RSU,ChannelLoad,0.08088,0
26.4361,7599,Vehicle,ChannelLoad,0.06984,0
26.4361,7599,Vehicle,ChannelLoad,0.06984,0
26.4361,7599,Vehicle,TX_Throughput,10560,0
26.4361,7599,Vehicle,TX_ObjectCount,2,0
26.437,3626,Vehicle,ChannelLoad,0.0828,0
26.437,3626,Vehicle,ChannelLoad,0.0828,0
26.437,3626,Vehicle,TX_Throughput,21760,0
26.437,3626,Vehicle,TX_ObjectCount,6,0
26.4374,2659,Vehicle,ChannelLoad,0.05832,0
26.4374,2659,Vehicle,ChannelLoad,0.05832,0
26.4374,2659,Vehicle,TX_Throughput,16160,0
26.4374,2659,Vehicle,TX_ObjectCount,4,0
26.4376,3699,Vehicle,ChannelLoad,0.0424,0
26.4376,3699,Vehicle,ChannelLoad,0.0424,0
26.4376,3699,Vehicle,TX_Throughput,4560,0
26.4376,3699,Vehicle,TX_ObjectCount,0,0
26.4379,7672,Vehicle,ChannelLoad,0.04664,0
26.4379,7672,Vehicle,ChannelLoad,0.04664,0
26.4379,7672,Vehicle,TX_Throughput,10560,0
26.4379,7672,Vehicle,TX_ObjectCount,2,0
26.438,2732,Vehicle,ChannelLoad,0.04832,0
26.438,2732,Vehicle,ChannelLoad,0.04832,0
26.438,2732,Vehicle,TX_Throughput,13360,0
26.438,2732,Vehicle,TX_ObjectCount,3,0
26.4389,5872,RSU,ChannelLoad,0.09296,0
26.4389,5872,RSU,ChannelLoad,0.09296,0
26.4396,2131,RSU,TX_Throughput,36080,0
26.4396,2131,RSU,TX_ObjectCount,12,0
26.4404,943,Vehicle,ChannelLoad,0.05784,0
26.4404,943,Vehicle,ChannelLoad,0.05784,0
26.4404,943,Vehicle,TX_Throughput,7760,0
26.4404,943,Vehicle,TX_ObjectCount,1,0
26.4414,7745,RSU,ChannelLoad,0.08584,0
26.4414,7745,RSU,ChannelLoad,0.08584,0
26.4423,7819,Vehicle,ChannelLoad,0.09048,0
26.4423,7819,Vehicle,ChannelLoad,0.09048,0
26.4423,7819,Vehicle,TX_Throughput,10560,0
26.4423,7819,Vehicle,TX_ObjectCount,2,0
26.4434,4900,RSU,TX_Throughput,36080,0
26.4434,4900,RSU,TX_ObjectCount,12,0
26.4437,8711,Vehicle,ChannelLoad,0.03776,0
26.4437,8711,Vehicle,ChannelLoad,0.03776,0
26.4437,8711,Vehicle,TX_Throughput,7760,0
26.4437,8711,Vehicle,TX_ObjectCount,1,0
26.4444,1833,Vehicle,ChannelLoad,0.07568,0
26.4444,1833,Vehicle,ChannelLoad,0.07568,0
26.4444,1833,Vehicle,TX_Throughput,10560,0
26.4444,1833,Vehicle,TX_ObjectCount,2,0
26.4449,4672,Vehicle,ChannelLoad,0.08752,0
26.4449,4672,Vehicle,ChannelLoad,0.08752,0
26.4449,4672,Vehicle,TX_Throughput,10560,0
26.4449,4672,Vehicle,TX_ObjectCount,2,0
26.4462,6781,RSU,TX_Throughput,27680,0
26.4462,6781,RSU,TX_ObjectCount,9,0
26.4464,1018,RSU,ChannelLoad,0.11216,0
26.4464,1018,RSU,ChannelLoad,0.11216,0
26.4471,3776,RSU,ChannelLoad,0.0948,0
26.4471,3776,RSU,ChannelLoad,0.0948,0
26.4473,7894,Vehicle,ChannelLoad,0.09448,0
26.4473,7894,Vehicle,ChannelLoad,0.09448,0
26.4473,7894,Vehicle,TX_Throughput,13360,0
26.4473,7894,Vehicle,TX_ObjectCount,3,0
26.4488,1906,RSU,ChannelLoad,0.13544,0
26.4488,1906,RSU,ChannelLoad,0.13544,0
26.4488,4745,Vehicle,ChannelLoad,0.06408,0
26.4488,4745,Vehicle,ChannelLoad,0.06408,0
26.4488,4745,Vehicle,TX_Throughput,7760,0
26.4488,4745,Vehicle,TX_ObjectCount,1,0
26.4492,3850,RSU,ChannelLoad,0.0636,0
26.4492,3850,RSU,ChannelLoad,0.0636,0
26.4496,8786,Vehicle,ChannelLoad,0.13568,0
26.4496,8786,Vehicle,ChannelLoad,0.13568,0
26.4496,8786,Vehicle,TX_Throughput,4560,0
26.4496,8786,Vehicle,TX_ObjectCount,0,0
26.4507,6859,Vehicle,ChannelLoad,0.05672,0
26.4507,6859,Vehicle,ChannelLoad,0.05672,0
26.4507,6859,Vehicle,TX_Throughput,13360,0
26.4507,6859,Vehicle,TX_ObjectCount,3,0
26.4512,3926,Vehicle,ChannelLoad,0.03216,0
26.4512,3926,Vehicle,ChannelLoad,0.03216,0
26.4512,3926,Vehicle,TX_Throughput,10560,0
26.4512,3926,Vehicle,TX_ObjectCount,2,0
26.4527,8859,RSU,ChannelLoad,0.10968,0
26.4527,8859,RSU,ChannelLoad,0.10968,0
26.4528,4818,RSU,ChannelLoad,0.08304,0
26.4528,4818,RSU,ChannelLoad,0.08304,0
26.4531,5958,Vehicle,ChannelLoad,0.06568,0
26.4531,5958,Vehicle,ChannelLoad,0.06568,0
26.4531,5958,Vehicle,TX_Throughput,13360,0
26.4531,5958,Vehicle,TX_ObjectCount,3,0
26.4548,2211,RSU,TX_Throughput,19280,0
26.4548,2211,RSU,TX_ObjectCount,6,0
26.4561,4818,RSU,TX_Throughput,24880,0
26.4561,4818,RSU,TX_ObjectCount,8,0
26.4561,6932,RSU,ChannelLoad,0.06712,0
26.4561,6932,RSU,ChannelLoad,0.06712,0
26.4582,2805,Vehicle,ChannelLoad,0.04344,0
26.4582,2805,Vehicle,ChannelLoad,0.04344,0
26.4582,2805,Vehicle,TX_Throughput,7760,0
26.4582,2805,Vehicle,TX_ObjectCount,1,0
26.4586,7006,Vehicle,ChannelLoad,0.0792,0
26.4586,7006,Vehicle,ChannelLoad,0.0792,0
26.4586,7006,Vehicle,TX_Throughput,10560,0
26.4586,7006,Vehicle,TX_ObjectCount,2,0
26.459,1094,Vehicle,ChannelLoad,0.03128,0
26.459,1094,Vehicle,ChannelLoad,0.03128,0
26.459,1094,Vehicle,TX_Throughput,10560,0
26.459,1094,Vehicle,TX_ObjectCount,2,0
26.4594,2878,Vehicle,ChannelLoad,0.08232,0
26.4594,2878,Vehicle,ChannelLoad,0.08232,0
26.4594,2878,Vehicle,TX_Throughput,4560,0
26.4594,2878,Vehicle,TX_ObjectCount,0,0
26.4609,3328,RSU,TX_Throughput,10880,0
26.4609,3328,RSU,TX_ObjectCount,3,0
26.4613,1167,Vehicle,ChannelLoad,0.09528,0
26.4613,1167,Vehicle,ChannelLoad,0.09528,0
26.4613,1167,Vehicle,TX_Throughput,10560,0
26.4613,1167,Vehicle,TX_ObjectCount,2,0
26.4615,4001,Vehicle,ChannelLoad,0.08704,0
26.4615,4001,Vehicle,ChannelLoad,0.08704,0
26.4615,4001,Vehicle,TX_Throughput,13360,0
26.4615,4001,Vehicle,TX_ObjectCount,3,0
26.462,6634,RSU,TX_Throughput,13680,0
26.462,6634,RSU,TX_ObjectCount,4,0
26.4622,8937,RSU,ChannelLoad,0.1144,0
26.4622,8937,RSU,ChannelLoad,0.1144,0
26.4623,3850,RSU,TX_Throughput,8080,0
26.4623,3850,RSU,TX_ObjectCount,2,0
26.4637,9011,Vehicle,ChannelLoad,0.0824,0
26.4637,9011,Vehicle,ChannelLoad,0.0824,0
26.4637,9011,Vehicle,TX_Throughput,10560,0
26.4637,9011,Vehicle,TX_ObjectCount,2,0
26.4637,2953,Vehicle,ChannelLoad,0.07376,0
26.4637,2953,Vehicle,ChannelLoad,0.07376,0
26.4637,2953,Vehicle,TX_Throughput,16160,0
26.4637,2953,Vehicle,TX_ObjectCount,4,0
26.4643,8192,RSU,TX_Throughput,27680,0
26.4643,8192,RSU,TX_ObjectCount,9,0
26.4647,1984,RSU,ChannelLoad,0.07376,0
26.4647,1984,RSU,ChannelLoad,0.07376,0
26.4649,1240,RSU,ChannelLoad,0.06448,0
26.4649,1240,RSU,ChannelLoad,0.06448,0
26.4651,7969,Vehicle,ChannelLoad,0.07728,0
26.4651,7969,Vehicle,ChannelLoad,0.07728,0
26.4651,7969,Vehicle,TX_Throughput,4560,0
26.4651,7969,Vehicle,TX_ObjectCount,0,0
26.4654,2058,Vehicle,ChannelLoad,0.06352,0
26.4654,2058,Vehicle,ChannelLoad,0.06352,0
26.4654,2058,Vehicle,TX_Throughput,13360,0
26.4654,2058,Vehicle,TX_ObjectCount,3,0
26.4663,4074,Vehicle,ChannelLoad,0.06368,0
26.4663,4074,Vehicle,ChannelLoad,0.06368,0
26.4663,4074,Vehicle,TX_Throughput,10560,0
26.4663,4074,Vehicle,TX_ObjectCount,2,0
26.4674,6037,Vehicle,ChannelLoad,0.06784,0
26.4674,6037,Vehicle,ChannelLoad,0.06784,0
26.4674,6037,Vehicle,TX_Throughput,7760,0
26.4674,6037,Vehicle,TX_ObjectCount,1,0
26.4687,4147,Vehicle,ChannelLoad,0.10352,0
26.4687,4147,Vehicle,ChannelLoad,0.10352,0
26.4687,4147,Vehicle,TX_Throughput,10560,0
26.4687,4147,Vehicle,TX_ObjectCount,2,0
26.4696,4900,RSU,ChannelLoad,0.09112,0
26.4696,4900,RSU,ChannelLoad,0.09112,0
26.4698,3030,RSU,ChannelLoad,0.07512,0
26.4698,3030,RSU,ChannelLoad,0.07512,0
26.47,2131,RSU,ChannelLoad,0.13,0
26.47,2131,RSU,ChannelLoad,0.13,0
26.4701,8044,Vehicle,ChannelLoad,0.08336,0
26.4701,8044,Vehicle,ChannelLoad,0.08336,0
26.4701,8044,Vehicle,TX_Throughput,10560,0
26.4701,8044,Vehicle,TX_ObjectCount,2,0
26.4702,4974,Vehicle,ChannelLoad,0.05816,0
26.4702,4974,Vehicle,ChannelLoad,0.05816,0
26.4702,4974,Vehicle,TX_Throughput,10560,0
26.4702,4974,Vehicle,TX_ObjectCount,2,0
26.4706,6110,Vehicle,ChannelLoad,0.08304,0
26.4706,6110,Vehicle,ChannelLoad,0.08304,0
26.4706,6110,Vehicle,TX_Throughput,13360,0
26.4706,6110,Vehicle,TX_ObjectCount,3,0
26.4709,1314,Vehicle,ChannelLoad,0.07576,0
26.4709,1314,Vehicle,ChannelLoad,0.07576,0
26.4709,1314,Vehicle,TX_Throughput,7760,0
26.4709,1314,Vehicle,TX_ObjectCount,1,0
26.471,270,Vehicle,ChannelLoad,0.06256,0
26.471,270,Vehicle,ChannelLoad,0.06256,0
26.471,270,Vehicle,TX_Throughput,27360,0
26.471,270,Vehicle,TX_ObjectCount,8,0
26.4719,9086,Vehicle,ChannelLoad,0.05208,0
26.4719,9086,Vehicle,ChannelLoad,0.05208,0
26.4719,9086,Vehicle,TX_Throughput,13360,0
26.4719,9086,Vehicle,TX_ObjectCount,3,0
26.4723,5047,RSU,ChannelLoad,0.12232,0
26.4723,5047,RSU,ChannelLoad,0.12232,0
26.4731,1759,RSU,TX_Throughput,24880,0
26.4731,1759,RSU,TX_ObjectCount,8,0
26.4736,4222,Vehicle,ChannelLoad,0.04648,0
26.4736,4222,Vehicle,ChannelLoad,0.04648,0
26.4736,4222,Vehicle,TX_Throughput,10560,0
26.4736,4222,Vehicle,TX_ObjectCount,2,0
26.4744,3552,RSU,TX_Throughput,16480,0
26.4744,3552,RSU,TX_ObjectCount,5,0
26.4762,5123,RSU,ChannelLoad,0.0908,0
26.4762,5123,RSU,ChannelLoad,0.0908,0
26.4774,8937,RSU,TX_Throughput,13680,0
26.4774,8937,RSU,TX_ObjectCount,4,0
26.4777,4297,Vehicle,ChannelLoad,0.07136,0
26.4777,4297,Vehicle,ChannelLoad,0.07136,0
26.4777,4297,Vehicle,TX_Throughput,7760,0
26.4777,4297,Vehicle,TX_ObjectCount,1,0
26.4778,6187,RSU,ChannelLoad,0.13552,0
26.4778,6187,RSU,ChannelLoad,0.13552,0
26.4782,8117,Vehicle,ChannelLoad,0.08,0
26.4782,8117,Vehicle,ChannelLoad,0.08,0
26.4782,8117,Vehicle,TX_Throughput,16160,0
26.4782,8117,Vehicle,TX_ObjectCount,4,0
26.4783,7083,Vehicle,ChannelLoad,0.06136,0
26.4783,7083,Vehicle,ChannelLoad,0.06136,0
26.4783,7083,Vehicle,TX_Throughput,7760,0
26.4783,7083,Vehicle,TX_ObjectCount,1,0
26.4786,9163,Vehicle,ChannelLoad,0.09216,0
26.4786,9163,Vehicle,ChannelLoad,0.09216,0
26.4786,9163,Vehicle,TX_Throughput,13360,0
26.4786,9163,Vehicle,TX_ObjectCount,3,0
26.4791,3030,RSU,TX_Throughput,10880,0
26.4791,3030,RSU,TX_ObjectCount,3,0
26.4796,9236,Vehicle,ChannelLoad,0.09976,0
26.4796,9236,Vehicle,ChannelLoad,0.09976,0
26.4796,9236,Vehicle,TX_Throughput,10560,0
26.4796,9236,Vehicle,TX_ObjectCount,2,0
26.4799,1906,RSU,TX_Throughput,19280,0
26.4799,1906,RSU,TX_ObjectCount,6,0
26.48,4370,Vehicle,ChannelLoad,0.06872,0
26.48,4370,Vehicle,ChannelLoad,0.06872,0
26.48,4370,Vehicle,TX_Throughput,10560,0
26.48,4370,Vehicle,TX_ObjectCount,2,0
26.4801,6263,RSU,ChannelLoad,0.08496,0
26.4801,6263,RSU,ChannelLoad,0.08496,0
26.4805,7156,Vehicle,ChannelLoad,0.05352,0
26.4805,7156,Vehicle,ChannelLoad,0.05352,0
26.4805,7156,Vehicle,TX_Throughput,16160,0
26.4805,7156,Vehicle,TX_ObjectCount,4,0
26.4814,1387,RSU,TX_Throughput,22080,0
26.4814,1387,RSU,TX_ObjectCount,7,0
26.4816,1240,RSU,TX_Throughput,16480,0
26.4816,1240,RSU,TX_ObjectCount,5,0
26.4817,1018,RSU,TX_Throughput,41680,0
26.4817,1018,RSU,TX_ObjectCount,14,0
26.4819,5197,Vehicle,ChannelLoad,0.05208,0
26.4819,5197,Vehicle,ChannelLoad,0.05208,0
26.4819,5197,Vehicle,TX_Throughput,16160,0
26.4819,5197,Vehicle,TX_ObjectCount,4,0
26.482,5270,Vehicle,ChannelLoad,0.0676,0
26.482,5270,Vehicle,ChannelLoad,0.0676,0
26.482,5270,Vehicle,TX_Throughput,10560,0
26.482,5270,Vehicle,TX_ObjectCount,2,0
26.4831,343,Vehicle,ChannelLoad,0.08256,0
26.4831,343,Vehicle,ChannelLoad,0.08256,0
26.4831,343,Vehicle,TX_Throughput,18960,0
26.4831,343,Vehicle,TX_ObjectCount,5,0
26.4832,1387,RSU,ChannelLoad,0.1252,0
26.4832,1387,RSU,ChannelLoad,0.1252,0
26.4838,8859,RSU,TX_Throughput,27680,0
26.4838,8859,RSU,TX_ObjectCount,9,0
26.4855,6187,RSU,TX_Throughput,22080,0
26.4855,6187,RSU,TX_ObjectCount,7,0
26.4865,3108,Vehicle,ChannelLoad,0.07088,0
26.4865,3108,Vehicle,ChannelLoad,0.07088,0
26.4865,3108,Vehicle,TX_Throughput,10560,0
26.4865,3108,Vehicle,TX_ObjectCount,2,0
26.4865,5343,RSU,ChannelLoad,0.1164,0
26.4865,5343,RSU,ChannelLoad,0.1164,0
26.4871,416,Vehicle,ChannelLoad,0.08056,0
26.4871,416,Vehicle,ChannelLoad,0.08056,0
26.4871,416,Vehicle,TX_Throughput,16160,0
26.4871,416,Vehicle,TX_ObjectCount,4,0
26.4883,5123,RSU,TX_Throughput,16480,0
26.4883,5123,RSU,TX_ObjectCount,5,0
26.4884,9309,Vehicle,ChannelLoad,0.11368,0
26.4884,9309,Vehicle,ChannelLoad,0.11368,0
26.4884,9309,Vehicle,TX_Throughput,10560,0
26.4884,9309,Vehicle,TX_ObjectCount,2,0
26.4885,2211,RSU,ChannelLoad,0.1132,0
26.4885,2211,RSU,ChannelLoad,0.1132,0
26.4894,2285,RSU,ChannelLoad,0.10088,0
26.4894,2285,RSU,ChannelLoad,0.10088,0
26.4916,8192,RSU,ChannelLoad,0.10352,0
26.4916,8192,RSU,ChannelLoad,0.10352,0
26.4917,7229,Vehicle,ChannelLoad,0.06208,0
26.4917,7229,Vehicle,ChannelLoad,0.06208,0
26.4917,7229,Vehicle,TX_Throughput,10560,0
26.4917,7229,Vehicle,TX_ObjectCount,2,0
26.492,5417,RSU,ChannelLoad,0.1216,0
26.492,5417,RSU,ChannelLoad,0.1216,0
26.4925,6341,Vehicle,ChannelLoad,0.07864,0
26.4925,6341,Vehicle,ChannelLoad,0.07864,0
26.4925,6341,Vehicle,TX_Throughput,13360,0
26.4925,6341,Vehicle,TX_ObjectCount,3,0
26.4928,3181,Vehicle,ChannelLoad,0.10624,0
26.4928,3181,Vehicle,ChannelLoad,0.10624,0
26.4928,3181,Vehicle,TX_Throughput,10560,0
26.4928,3181,Vehicle,TX_ObjectCount,2,0
26.4928,5872,RSU,TX_Throughput,10880,0
26.4928,5872,RSU,TX_ObjectCount,3,0
26.4939,489,Vehicle,ChannelLoad,0.0656,0
26.4939,489,Vehicle,ChannelLoad,0.0656,0
26.4939,489,Vehicle,TX_Throughput,7760,0
26.4939,489,Vehicle,TX_ObjectCount,1,0
26.4955,5047,RSU,TX_Throughput,38880,0
26.4955,5047,RSU,TX_ObjectCount,13,0
26.496,8268,RSU,ChannelLoad,0.11528,0
26.496,8268,RSU,ChannelLoad,0.11528,0
26.4961,3254,RSU,ChannelLoad,0.11752,0
26.4961,3254,RSU,ChannelLoad,0.11752,0
26.4961,562,Vehicle,ChannelLoad,0.06736,0
26.4961,562,Vehicle,ChannelLoad,0.06736,0
26.4961,562,Vehicle,TX_Throughput,10560,0
26.4961,562,Vehicle,TX_ObjectCount,2,0
26.4961,2359,Vehicle,ChannelLoad,0.07888,0
26.4961,2359,Vehicle,ChannelLoad,0.07888,0
26.4961,2359,Vehicle,TX_Throughput,7760,0
26.4961,2359,Vehicle,TX_ObjectCount,1,0
26.4966,1463,Vehicle,ChannelLoad,0.04816,0
26.4966,1463,Vehicle,ChannelLoad,0.04816,0
26.4966,1463,Vehicle,TX_Throughput,10560,0
26.4966,1463,Vehicle,TX_ObjectCount,2,0
26.4975,2432,Vehicle,ChannelLoad,0.02648,0
26.4975,2432,Vehicle,ChannelLoad,0.02648,0
26.4975,2432,Vehicle,TX_Throughput,4560,0
26.4975,2432,Vehicle,TX_ObjectCount,0,0
26.4976,6414,Vehicle,ChannelLoad,0.12448,0
26.4976,6414,Vehicle,ChannelLoad,0.12448,0
26.4976,6414,Vehicle,TX_Throughput,10560,0
26.4976,6414,Vehicle,TX_ObjectCount,2,0
26.4978,3328,RSU,ChannelLoad,0.08096,0
26.4978,3328,RSU,ChannelLoad,0.08096,0
26.4992,7302,Vehicle,ChannelLoad,0.07256,0
26.4992,7302,Vehicle,ChannelLoad,0.07256,0
26.4992,7302,Vehicle,TX_Throughput,7760,0
26.4992,7302,Vehicle,TX_ObjectCount,1,0
26.5004,7523,RSU,TX_Throughput,27680,0
26.5004,7523,RSU,TX_ObjectCount,9,0
26.5009,7375,Vehicle,ChannelLoad,0.06296,0
26.5009,7375,Vehicle,ChannelLoad,0.06296,0
26.5009,7375,Vehicle,TX_Throughput,7760,0
26.5009,7375,Vehicle,TX_ObjectCount,1,0
26.502,639,Vehicle,ChannelLoad,0.06464,0
26.502,639,Vehicle,ChannelLoad,0.06464,0
26.502,639,Vehicle,TX_Throughput,7760,0
26.502,639,Vehicle,TX_ObjectCount,1,0
26.5023,8342,Vehicle,ChannelLoad,0.08096,0
26.5023,8342,Vehicle,ChannelLoad,0.08096,0
26.5023,8342,Vehicle,TX_Throughput,4560,0
26.5023,8342,Vehicle,TX_ObjectCount,0,0
26.5037,6487,RSU,ChannelLoad,0.09272,0
26.5037,6487,RSU,ChannelLoad,0.09272,0
26.5045,7745,RSU,TX_Throughput,16480,0
26.5045,7745,RSU,TX_ObjectCount,5,0
26.5047,29,RSU,ChannelLoad,0.09744,0
26.5047,29,RSU,ChannelLoad,0.09744,0
26.5048,5495,Vehicle,ChannelLoad,0.04464,0
26.5048,5495,Vehicle,ChannelLoad,0.04464,0
26.5048,5495,Vehicle,TX_Throughput,13360,0
26.5048,5495,Vehicle,TX_ObjectCount,3,0
26.5052,5417,RSU,TX_Throughput,30480,0
26.5052,5417,RSU,TX_ObjectCount,10,0
26.5059,712,Vehicle,ChannelLoad,0.11168,0
26.5059,712,Vehicle,ChannelLoad,0.11168,0
26.5059,712,Vehicle,TX_Throughput,10560,0
26.5059,712,Vehicle,TX_ObjectCount,2,0
26.5078,5568,Vehicle,ChannelLoad,0.0732,0
26.5078,5568,Vehicle,ChannelLoad,0.0732,0
26.5078,5568,Vehicle,TX_Throughput,18960,0
26.5078,5568,Vehicle,TX_ObjectCount,5,0
26.5089,6932,RSU,TX_Throughput,10880,0
26.5089,6932,RSU,TX_ObjectCount,3,0
26.509,4445,Vehicle,ChannelLoad,0.09696,0
26.509,4445,Vehicle,ChannelLoad,0.09696,0
26.509,4445,Vehicle,TX_Throughput,21760,0
26.509,4445,Vehicle,TX_ObjectCount,6,0
26.5103,5343,RSU,TX_Throughput,36080,0
26.5103,5343,RSU,TX_ObjectCount,12,0
26.5104,1538,Vehicle,ChannelLoad,0.04016,0
26.5104,1538,Vehicle,ChannelLoad,0.04016,0
26.5104,1538,Vehicle,TX_Throughput,13360,0
26.5104,1538,Vehicle,TX_ObjectCount,3,0
26.5121,5641,Vehicle,ChannelLoad,0.0476,0
26.5121,5641,Vehicle,ChannelLoad,0.0476,0
26.5121,5641,Vehicle,TX_Throughput,13360,0
26.5121,5641,Vehicle,TX_ObjectCount,3,0
26.5123,2285,RSU,TX_Throughput,27680,0
26.5123,2285,RSU,TX_ObjectCount,9,0
26.5131,5714,Vehicle,ChannelLoad,0.09624,0
26.5131,5714,Vehicle,ChannelLoad,0.09624,0
26.5131,5714,Vehicle,TX_Throughput,4560,0
26.5131,5714,Vehicle,TX_ObjectCount,0,0
26.5144,3404,Vehicle,ChannelLoad,0.07904,0
26.5144,3404,Vehicle,ChannelLoad,0.07904,0
26.5144,3404,Vehicle,TX_Throughput,10560,0
26.5144,3404,Vehicle,TX_ObjectCount,2,0
26.5151,6487,RSU,TX_Throughput,22080,0
26.5151,6487,RSU,TX_ObjectCount,7,0
26.5152,6561,Vehicle,ChannelLoad,0.08384,0
26.5152,6561,Vehicle,ChannelLoad,0.08384,0
26.5152,6561,Vehicle,TX_Throughput,10560,0
26.5152,6561,Vehicle,TX_ObjectCount,2,0
26.5163,6634,RSU,ChannelLoad,0.06912,0
26.5163,6634,RSU,ChannelLoad,0.06912,0
26.5166,1611,Vehicle,ChannelLoad,0.05456,0
26.5166,1611,Vehicle,ChannelLoad,0.05456,0
26.5166,1611,Vehicle,TX_Throughput,4560,0
26.5166,1611,Vehicle,TX_ObjectCount,0,0
26.5166,182,RSU,TX_Throughput,36080,0
26.5166,182,RSU,TX_ObjectCount,12,0
26.5167,8417,Vehicle,ChannelLoad,0.04992,0
26.5167,8417,Vehicle,ChannelLoad,0.04992,0
26.5167,8417,Vehicle,TX_Throughput,7760,0
26.5167,8417,Vehicle,TX_ObjectCount,1,0
26.5168,1684,Vehicle,ChannelLoad,0.09912,0
26.5168,1684,Vehicle,ChannelLoad,0.09912,0
26.5168,1684,Vehicle,TX_Throughput,4560,0
26.5168,1684,Vehicle,TX_ObjectCount,0,0
26.5172,2507,Vehicle,ChannelLoad,0.05832,0
26.5172,2507,Vehicle,ChannelLoad,0.05832,0
26.5172,2507,Vehicle,TX_Throughput,21760,0
26.5172,2507,Vehicle,TX_ObjectCount,6,0
26.518,8268,RSU,TX_Throughput,30480,0
26.518,8268,RSU,TX_ObjectCount,10,0
26.5182,8490,Vehicle,ChannelLoad,0.05432,0
26.5182,8490,Vehicle,ChannelLoad,0.05432,0
26.5182,8490,Vehicle,TX_Throughput,7760,0
26.5182,8490,Vehicle,TX_ObjectCount,1,0
26.5183,787,Vehicle,ChannelLoad,0.05968,0
26.5183,787,Vehicle,ChannelLoad,0.05968,0
26.5183,787,Vehicle,TX_Throughput,4560,0
26.5183,787,Vehicle,TX_ObjectCount,0,0
26.5186,2582,Vehicle,ChannelLoad,0.08528,0
26.5186,2582,Vehicle,ChannelLoad,0.08528,0
26.5186,2582,Vehicle,TX_Throughput,7760,0
26.5186,2582,Vehicle,TX_ObjectCount,1,0
26.5188,107,Vehicle,ChannelLoad,0.06328,0
26.5188,107,Vehicle,ChannelLoad,0.06328,0
26.5188,107,Vehicle,TX_Throughput,13360,0
26.5188,107,Vehicle,TX_ObjectCount,3,0
26.5201,182,RSU,ChannelLoad,0.09216,0
26.5201,182,RSU,ChannelLoad,0.09216,0
26.5206,6708,Vehicle,ChannelLoad,0.1028,0
26.5206,6708,Vehicle,ChannelLoad,0.1028,0
26.5206,6708,Vehicle,TX_Throughput,13360,0
26.5206,6708,Vehicle,TX_ObjectCount,3,0
26.521,7450,Vehicle,ChannelLoad,0.07072,0
26.521,7450,Vehicle,ChannelLoad,0.07072,0
26.521,7450,Vehicle,TX_Throughput,10560,0
26.521,7450,Vehicle,TX_ObjectCount,2,0
26.5212,8563,Vehicle,ChannelLoad,0.12288,0
26.5212,8563,Vehicle,ChannelLoad,0.12288,0
26.5212,8563,Vehicle,TX_Throughput,10560,0
26.5212,8563,Vehicle,TX_ObjectCount,2,0
26.5218,4522,Vehicle,ChannelLoad,0.07896,0
26.5218,4522,Vehicle,ChannelLoad,0.07896,0
26.5218,4522,Vehicle,TX_Throughput,13360,0
26.5218,4522,Vehicle,TX_ObjectCount,3,0
26.5231,1759,RSU,ChannelLoad,0.08024,0
26.5231,1759,RSU,ChannelLoad,0.08024,0
26.5237,3479,Vehicle,ChannelLoad,0.07736,0
26.5237,3479,Vehicle,ChannelLoad,0.07736,0
26.5237,3479,Vehicle,TX_Throughput,18960,0
26.5237,3479,Vehicle,TX_ObjectCount,5,0
26.5256,8636,Vehicle,ChannelLoad,0.07008,0
26.5256,8636,Vehicle,ChannelLoad,0.07008,0
26.5256,8636,Vehicle,TX_Throughput,13360,0
26.5256,8636,Vehicle,TX_ObjectCount,3,0
26.5275,6263,RSU,TX_Throughput,19280,0
26.5275,6263,RSU,TX_ObjectCount,6,0
26.5289,4597,Vehicle,ChannelLoad,0.10832,0
26.5289,4597,Vehicle,ChannelLoad,0.10832,0
26.5289,4597,Vehicle,TX_Throughput,10560,0
26.5289,4597,Vehicle,TX_ObjectCount,2,0
26.5289,7523,RSU,ChannelLoad,0.12064,0
26.5289,7523,RSU,ChannelLoad,0.12064,0
26.5299,3254,RSU,TX_Throughput,24880,0
26.5299,3254,RSU,TX_ObjectCount,8,0
26.5318,866,Vehicle,ChannelLoad,0.12616,0
26.5318,866,Vehicle,ChannelLoad,0.12616,0
26.5318,866,Vehicle,TX_Throughput,13360,0
26.5318,866,Vehicle,TX_ObjectCount,3,0
26.5328,1984,RSU,TX_Throughput,24880,0
26.5328,1984,RSU,TX_ObjectCount,8,0
26.5332,3776,RSU,TX_Throughput,22080,0
26.5332,3776,RSU,TX_ObjectCount,7,0
26.5333,3552,RSU,ChannelLoad,0.06672,0
26.5333,3552,RSU,ChannelLoad,0.06672,0
26.5343,5797,Vehicle,ChannelLoad,0.08128,0
26.5343,5797,Vehicle,ChannelLoad,0.08128,0
26.5343,5797,Vehicle,TX_Throughput,10560,0
26.5343,5797,Vehicle,TX_ObjectCount,2,0
26.5344,29,RSU,TX_Throughput,41680,0
26.5344,29,RSU,TX_ObjectCount,14,0
26.5352,6781,RSU,ChannelLoad,0.08272,0
26.5352,6781,RSU,ChannelLoad,0.08272,0
26.5361,7599,Vehicle,ChannelLoad,0.06168,0
26.5361,7599,Vehicle,ChannelLoad,0.06168,0
26.5361,7599,Vehicle,TX_Throughput,7760,0
26.5361,7599,Vehicle,TX_ObjectCount,1,0
26.537,3626,Vehicle,ChannelLoad,0.06352,0
26.537,3626,Vehicle,ChannelLoad,0.06352,0
26.537,3626,Vehicle,TX_Throughput,18960,0
26.537,3626,Vehicle,TX_ObjectCount,5,0
26.5374,2659,Vehicle,ChannelLoad,0.06432,0
26.5374,2659,Vehicle,ChannelLoad,0.06432,0
26.5374,2659,Vehicle,TX_Throughput,16160,0
26.5374,2659,Vehicle,TX_ObjectCount,4,0
26.5376,3699,Vehicle,ChannelLoad,0.03496,0
26.5376,3699,Vehicle,ChannelLoad,0.03496,0
26.5376,3699,Vehicle,TX_Throughput,4560,0
26.5376,3699,Vehicle,TX_ObjectCount,0,0
26.5379,7672,Vehicle,ChannelLoad,0.0576,0
26.5379,7672,Vehicle,ChannelLoad,0.0576,0
26.5379,7672,Vehicle,TX_Throughput,10560,0
26.5379,7672,Vehicle,TX_ObjectCount,2,0
26.538,2732,Vehicle,ChannelLoad,0.04352,0
26.538,2732,Vehicle,ChannelLoad,0.04352,0
26.538,2732,Vehicle,TX_Throughput,13360,0
26.538,2732,Vehicle,TX_ObjectCount,3,0
26.5389,5872,RSU,ChannelLoad,0.0896,0
26.5389,5872,RSU,ChannelLoad,0.0896,0
26.5396,2131,RSU,TX_Throughput,36080,0
26.5396,2131,RSU,TX_ObjectCount,12,0
26.5404,943,Vehicle,ChannelLoad,0.05848,0
26.5404,943,Vehicle,ChannelLoad,0.05848,0
26.5404,943,Vehicle,TX_Throughput,7760,0
26.5404,943,Vehicle,TX_ObjectCount,1,0
26.5414,7745,RSU,ChannelLoad,0.07976,0
26.5414,7745,RSU,ChannelLoad,0.07976,0
26.5423,7819,Vehicle,ChannelLoad,0.07016,0
26.5423,7819,Vehicle,ChannelLoad,0.07016,0
26.5423,7819,Vehicle,TX_Throughput,7760,0
26.5423,7819,Vehicle,TX_ObjectCount,1,0
26.5434,4900,RSU,TX_Throughput,36080,0
26.5434,4900,RSU,TX_ObjectCount,12,0
26.5437,8711,Vehicle,ChannelLoad,0.03832,0
26.5437,8711,Vehicle,ChannelLoad,0.03832,0
26.5437,8711,Vehicle,TX_Throughput,7760,0
26.5437,8711,Vehicle,TX_ObjectCount,1,0
26.5444,1833,Vehicle,ChannelLoad,0.08424,0
26.5444,1833,Vehicle,ChannelLoad,0.08424,0
26.5444,1833,Vehicle,TX_Throughput,10560,0
26.5444,1833,Vehicle,TX_ObjectCount,2,0
26.5449,4672,Vehicle,ChannelLoad,0.09272,0
26.5449,4672,Vehicle,ChannelLoad,0.09272,0
26.5449,4672,Vehicle,TX_Throughput,10560,0
26.5449,4672,Vehicle,TX_ObjectCount,2,0
26.5462,6781,RSU,TX_Throughput,27680,0
26.5462,6781,RSU,TX_ObjectCount,9,0
26.5464,1018,RSU,ChannelLoad,0.10912,0
26.5464,1018,RSU,ChannelLoad,0.10912,0
26.5471,3776,RSU,ChannelLoad,0.10176,0
26.5471,3776,RSU,ChannelLoad,0.10176,0
26.5473,7894,Vehicle,ChannelLoad,0.07656,0
26.5473,7894,Vehicle,ChannelLoad,0.07656,0
26.5473,7894,Vehicle,TX_Throughput,13360,0
26.5473,7894,Vehicle,TX_ObjectCount,3,0
26.5488,1906,RSU,ChannelLoad,0.13088,0
26.5488,1906,RSU,ChannelLoad,0.13088,0
26.5488,4745,Vehicle,ChannelLoad,0.07096,0
26.5488,4745,Vehicle,ChannelLoad,0.07096,0
26.5488,4745,Vehicle,TX_Throughput,7760,0
26.5488,4745,Vehicle,TX_ObjectCount,1,0
26.5492,3850,RSU,ChannelLoad,0.07816,0
26.5492,3850,RSU,ChannelLoad,0.07816,0
26.5496,8786,Vehicle,ChannelLoad,0.15032,0
26.5496,8786,Vehicle,ChannelLoad,0.15032,0
26.5496,8786,Vehicle,TX_Throughput,4560,0
26.5496,8786,Vehicle,TX_ObjectCount,0,0
26.5507,6859,Vehicle,ChannelLoad,0.06032,0
26.5507,6859,Vehicle,ChannelLoad,0.06032,0
26.5507,6859,Vehicle,TX_Throughput,16160,0
26.5507,6859,Vehicle,TX_ObjectCount,4,0
26.5512,3926,Vehicle,ChannelLoad,0.03168,0
26.5512,3926,Vehicle,ChannelLoad,0.03168,0
26.5512,3926,Vehicle,TX_Throughput,10560,0
26.5512,3926,Vehicle,TX_ObjectCount,2,0
26.5527,8859,RSU,ChannelLoad,0.10288,0
26.5527,8859,RSU,ChannelLoad,0.10288,0
26.5528,4818,RSU,ChannelLoad,0.09936,0
26.5528,4818,RSU,ChannelLoad,0.09936,0
26.5531,5958,Vehicle,ChannelLoad,0.09624,0
26.5531,5958,Vehicle,ChannelLoad,0.09624,0
26.5531,5958,Vehicle,TX_Throughput,13360,0
26.5531,5958,Vehicle,TX_ObjectCount,3,0
26.5548,2211,RSU,TX_Throughput,22080,0
26.5548,2211,RSU,TX_ObjectCount,7,0
26.5561,4818,RSU,TX_Throughput,24880,0
26.5561,4818,RSU,TX_ObjectCount,8,0
26.5561,6932,RSU,ChannelLoad,0.08776,0
26.5561,6932,RSU,ChannelLoad,0.08776,0
26.5582,2805,Vehicle,ChannelLoad,0.04744,0
26.5582,2805,Vehicle,ChannelLoad,0.04744,0
26.5582,2805,Vehicle,TX_Throughput,7760,0
26.5582,2805,Vehicle,TX_ObjectCount,1,0
26.5586,7006,Vehicle,ChannelLoad,0.09656,0
26.5586,7006,Vehicle,ChannelLoad,0.09656,0
26.5586,7006,Vehicle,TX_Throughput,10560,0
26.5586,7006,Vehicle,TX_ObjectCount,2,0
26.559,1094,Vehicle,ChannelLoad,0.04032,0
26.559,1094,Vehicle,ChannelLoad,0.04032,0
26.559,1094,Vehicle,TX_Throughput,10560,0
26.559,1094,Vehicle,TX_ObjectCount,2,0
26.5594,2878,Vehicle,ChannelLoad,0.06736,0
26.5594,2878,Vehicle,ChannelLoad,0.06736,0
26.5594,2878,Vehicle,TX_Throughput,4560,0
26.5594,2878,Vehicle,TX_ObjectCount,0,0
26.5609,3328,RSU,TX_Throughput,10880,0
26.5609,3328,RSU,TX_ObjectCount,3,0
26.5613,1167,Vehicle,ChannelLoad,0.09768,0
26.5613,1167,Vehicle,ChannelLoad,0.09768,0
26.5613,1167,Vehicle,TX_Throughput,10560,0
26.5613,1167,Vehicle,TX_ObjectCount,2,0
26.5615,4001,Vehicle,ChannelLoad,0.08624,0
26.5615,4001,Vehicle,ChannelLoad,0.08624,0
26.5615,4001,Vehicle,TX_Throughput,13360,0
26.5615,4001,Vehicle,TX_ObjectCount,3,0
26.562,6634,RSU,TX_Throughput,13680,0
26.562,6634,RSU,TX_ObjectCount,4,0
26.5622,8937,RSU,ChannelLoad,0.1044,0
26.5622,8937,RSU,ChannelLoad,0.1044,0
26.5623,3850,RSU,TX_Throughput,8080,0
26.5623,3850,RSU,TX_ObjectCount,2,0
26.5637,9011,Vehicle,ChannelLoad,0.0804,0
26.5637,9011,Vehicle,ChannelLoad,0.0804,0
26.5637,9011,Vehicle,TX_Throughput,10560,0
26.5637,9011,Vehicle,TX_ObjectCount,2,0
26.5637,2953,Vehicle,ChannelLoad,0.07648,0
26.5637,2953,Vehicle,ChannelLoad,0.07648,0
26.5637,2953,Vehicle,TX_Throughput,16160,0
26.5637,2953,Vehicle,TX_ObjectCount,4,0
26.5643,8192,RSU,TX_Throughput,27680,0
26.5643,8192,RSU,TX_ObjectCount,9,0
26.5647,1984,RSU,ChannelLoad,0.05464,0
26.5647,1984,RSU,ChannelLoad,0.05464,0
26.5649,1240,RSU,ChannelLoad,0.06872,0
26.5649,1240,RSU,ChannelLoad,0.06872,0
26.5651,7969,Vehicle,ChannelLoad,0.06416,0
26.5651,7969,Vehicle,ChannelLoad,0.06416,0
26.5651,7969,Vehicle,TX_Throughput,4560,0
26.5651,7969,Vehicle,TX_ObjectCount,0,0
26.5654,2058,Vehicle,ChannelLoad,0.07208,0
26.5654,2058,Vehicle,ChannelLoad,0.07208,0
26.5654,2058,Vehicle,TX_Throughput,13360,0
26.5654,2058,Vehicle,TX_ObjectCount,3,0
26.5663,4074,Vehicle,ChannelLoad,0.07096,0
26.5663,4074,Vehicle,ChannelLoad,0.07096,0
26.5663,4074,Vehicle,TX_Throughput,10560,0
26.5663,4074,Vehicle,TX_ObjectCount,2,0
26.5674,6037,Vehicle,ChannelLoad,0.08608,0
26.5674,6037,Vehicle,ChannelLoad,0.08608,0
26.5674,6037,Vehicle,TX_Throughput,7760,0
26.5674,6037,Vehicle,TX_ObjectCount,1,0
26.5687,4147,Vehicle,ChannelLoad,0.12112,0
26.5687,4147,Vehicle,ChannelLoad,0.12112,0
26.5687,4147,Vehicle,TX_Throughput,10560,0
26.5687,4147,Vehicle,TX_ObjectCount,2,0
26.5696,4900,RSU,ChannelLoad,0.1148,0
26.5696,4900,RSU,ChannelLoad,0.1148,0
26.5698,3030,RSU,ChannelLoad,0.0956,0
26.5698,3030,RSU,ChannelLoad,0.0956,0
26.57,2131,RSU,ChannelLoad,0.15752,0
26.57,2131,RSU,ChannelLoad,0.15752,0
26.5701,8044,Vehicle,ChannelLoad,0.09232,0
26.5701,8044,Vehicle,ChannelLoad,0.09232,0
26.5701,8044,Vehicle,TX_Throughput,10560,0
26.5701,8044,Vehicle,TX_ObjectCount,2,0
26.5702,4974,Vehicle,ChannelLoad,0.08608,0
26.5702,4974,Vehicle,ChannelLoad,0.08608,0
26.5702,4974,Vehicle,TX_Throughput,10560,0
26.5702,4974,Vehicle,TX_ObjectCount,2,0
26.5706,6110,Vehicle,ChannelLoad,0.08104,0
26.5706,6110,Vehicle,ChannelLoad,0.08104,0
26.5706,6110,Vehicle,TX_Throughput,13360,0
26.5706,6110,Vehicle,TX_ObjectCount,3,0
26.5709,1314,Vehicle,ChannelLoad,0.07944,0
26.5709,1314,Vehicle,ChannelLoad,0.07944,0
26.5709,1314,Vehicle,TX_Throughput,7760,0
26.5709,1314,Vehicle,TX_ObjectCount,1,0
26.571,270,Vehicle,ChannelLoad,0.08072,0
26.571,270,Vehicle,ChannelLoad,0.08072,0
26.571,270,Vehicle,TX_Throughput,27360,0
26.571,270,Vehicle,TX_ObjectCount,8,0
26.5719,9086,Vehicle,ChannelLoad,0.07936,0
26.5719,9086,Vehicle,ChannelLoad,0.07936,0
26.5719,9086,Vehicle,TX_Throughput,16160,0
26.5719,9086,Vehicle,TX_ObjectCount,4,0
26.5723,5047,RSU,ChannelLoad,0.14352,0
26.5723,5047,RSU,ChannelLoad,0.14352,0
26.5731,1759,RSU,TX_Throughput,24880,0
26.5731,1759,RSU,TX_ObjectCount,8,0
26.5736,4222,Vehicle,ChannelLoad,0.054,0
26.5736,4222,Vehicle,ChannelLoad,0.054,0
26.5736,4222,Vehicle,TX_Throughput,10560,0
26.5736,4222,Vehicle,TX_ObjectCount,2,0
26.5744,3552,RSU,TX_Throughput,19280,0
26.5744,3552,RSU,TX_ObjectCount,6,0
26.5762,5123,RSU,ChannelLoad,0.11248,0
26.5762,5123,RSU,ChannelLoad,0.11248,0
26.5774,8937,RSU,TX_Throughput,13680,0
26.5774,8937,RSU,TX_ObjectCount,4,0
26.5777,4297,Vehicle,ChannelLoad,0.06656,0
26.5777,4297,Vehicle,ChannelLoad,0.06656,0
26.5777,4297,Vehicle,TX_Throughput,7760,0
26.5777,4297,Vehicle,TX_ObjectCount,1,0
26.5778,6187,RSU,ChannelLoad,0.15264,0
26.5778,6187,RSU,ChannelLoad,0.15264,0
26.5782,8117,Vehicle,ChannelLoad,0.07632,0
26.5782,8117,Vehicle,ChannelLoad,0.07632,0
26.5782,8117,Vehicle,TX_Throughput,16160,0
26.5782,8117,Vehicle,TX_ObjectCount,4,0
26.5783,7083,Vehicle,ChannelLoad,0.05864,0
26.5783,7083,Vehicle,ChannelLoad,0.05864,0
26.5783,7083,Vehicle,TX_Throughput,10560,0
26.5783,7083,Vehicle,TX_ObjectCount,2,0
26.5786,9163,Vehicle,ChannelLoad,0.0824,0
26.5786,9163,Vehicle,ChannelLoad,0.0824,0
26.5786,9163,Vehicle,TX_Throughput,13360,0
26.5786,9163,Vehicle,TX_ObjectCount,3,0
26.5791,3030,RSU,TX_Throughput,10880,0
26.5791,3030,RSU,TX_ObjectCount,3,0
26.5796,9236,Vehicle,ChannelLoad,0.10984,0
26.5796,9236,Vehicle,ChannelLoad,0.10984,0
26.5796,9236,Vehicle,TX_Throughput,7760,0
26.5796,9236,Vehicle,TX_ObjectCount,1,0
26.5799,1906,RSU,TX_Throughput,19280,0
26.5799,1906,RSU,TX_ObjectCount,6,0
26.58,4370,Vehicle,ChannelLoad,0.08152,0
26.58,4370,Vehicle,ChannelLoad,0.08152,0
26.58,4370,Vehicle,TX_Throughput,10560,0
26.58,4370,Vehicle,TX_ObjectCount,2,0
26.5801,6263,RSU,ChannelLoad,0.08912,0
26.5801,6263,RSU,ChannelLoad,0.08912,0
26.5805,7156,Vehicle,ChannelLoad,0.0572,0
26.5805,7156,Vehicle,ChannelLoad,0.0572,0
26.5805,7156,Vehicle,TX_Throughput,16160,0
26.5805,7156,Vehicle,TX_ObjectCount,4,0
26.5814,1387,RSU,TX_Throughput,22080,0
26.5814,1387,RSU,TX_ObjectCount,7,0
26.5816,1240,RSU,TX_Throughput,16480,0
26.5816,1240,RSU,TX_ObjectCount,5,0
26.5817,1018,RSU,TX_Throughput,41680,0
26.5817,1018,RSU,TX_ObjectCount,14,0
26.5819,5197,Vehicle,ChannelLoad,0.06168,0
26.5819,5197,Vehicle,ChannelLoad,0.06168,0
26.5819,5197,Vehicle,TX_Throughput,10560,0
26.5819,5197,Vehicle,TX_ObjectCount,2,0
26.582,5270,Vehicle,ChannelLoad,0.0712,0
26.582,5270,Vehicle,ChannelLoad,0.0712,0
26.582,5270,Vehicle,TX_Throughput,13360,0
26.582,5270,Vehicle,TX_ObjectCount,3,0
26.5831,343,Vehicle,ChannelLoad,0.0716,0
26.5831,343,Vehicle,ChannelLoad,0.0716,0
26.5831,343,Vehicle,TX_Throughput,18960,0
26.5831,343,Vehicle,TX_ObjectCount,5,0
26.5832,1387,RSU,ChannelLoad,0.1072,0
26.5832,1387,RSU,ChannelLoad,0.1072,0
26.5838,8859,RSU,TX_Throughput,30480,0
26.5838,8859,RSU,TX_ObjectCount,10,0
26.5855,6187,RSU,TX_Throughput,22080,0
26.5855,6187,RSU,TX_ObjectCount,7,0
26.5865,3108,Vehicle,ChannelLoad,0.0772,0
26.5865,3108,Vehicle,ChannelLoad,0.0772,0
26.5865,3108,Vehicle,TX_Throughput,10560,0
26.5865,3108,Vehicle,TX_ObjectCount,2,0
26.5865,5343,RSU,ChannelLoad,0.12088,0
26.5865,5343,RSU,ChannelLoad,0.12088,0
26.5871,416,Vehicle,ChannelLoad,0.0832,0
26.5871,416,Vehicle,ChannelLoad,0.0832,0
26.5871,416,Vehicle,TX_Throughput,16160,0
26.5871,416,Vehicle,TX_ObjectCount,4,0
26.5883,5123,RSU,TX_Throughput,19280,0
26.5883,5123,RSU,TX_ObjectCount,6,0
26.5884,9309,Vehicle,ChannelLoad,0.09824,0
26.5884,9309,Vehicle,ChannelLoad,0.09824,0
26.5884,9309,Vehicle,TX_Throughput,13360,0
26.5884,9309,Vehicle,TX_ObjectCount,3,0
26.5885,2211,RSU,ChannelLoad,0.09816,0
26.5885,2211,RSU,ChannelLoad,0.09816,0
26.5894,2285,RSU,ChannelLoad,0.0984,0
26.5894,2285,RSU,ChannelLoad,0.0984,0
26.5916,8192,RSU,ChannelLoad,0.07896,0
26.5916,8192,RSU,ChannelLoad,0.07896,0
26.5917,7229,Vehicle,ChannelLoad,0.06056,0
26.5917,7229,Vehicle,ChannelLoad,0.06056,0
26.5917,7229,Vehicle,TX_Throughput,10560,0
26.5917,7229,Vehicle,TX_ObjectCount,2,0
26.592,5417,RSU,ChannelLoad,0.1188,0
26.592,5417,RSU,ChannelLoad,0.1188,0
26.5925,6341,Vehicle,ChannelLoad,0.06952,0
26.5925,6341,Vehicle,ChannelLoad,0.06952,0
26.5925,6341,Vehicle,TX_Throughput,7760,0
26.5925,6341,Vehicle,TX_ObjectCount,1,0
26.5928,3181,Vehicle,ChannelLoad,0.08384,0
26.5928,3181,Vehicle,ChannelLoad,0.08384,0
26.5928,3181,Vehicle,TX_Throughput,13360,0
26.5928,3181,Vehicle,TX_ObjectCount,3,0
26.5928,5872,RSU,TX_Throughput,10880,0
26.5928,5872,RSU,TX_ObjectCount,3,0
26.5939,489,Vehicle,ChannelLoad,0.05392,0
26.5939,489,Vehicle,ChannelLoad,0.05392,0
26.5939,489,Vehicle,TX_Throughput,7760,0
26.5939,489,Vehicle,TX_ObjectCount,1,0
26.5955,5047,RSU,TX_Throughput,38880,0
26.5955,5047,RSU,TX_ObjectCount,13,0
26.596,8268,RSU,ChannelLoad,0.10136,0
26.596,8268,RSU,ChannelLoad,0.10136,0
26.5961,3254,RSU,ChannelLoad,0.112,0
26.5961,3254,RSU,ChannelLoad,0.112,0
26.5961,562,Vehicle,ChannelLoad,0.06224,0
26.5961,562,Vehicle,ChannelLoad,0.06224,0
26.5961,562,Vehicle,TX_Throughput,10560,0
26.5961,562,Vehicle,TX_ObjectCount,2,0
26.5961,2359,Vehicle,ChannelLoad,0.06784,0
26.5961,2359,Vehicle,ChannelLoad,0.06784,0
26.5961,2359,Vehicle,TX_Throughput,7760,0
26.5961,2359,Vehicle,TX_ObjectCount,1,0
26.5966,1463,Vehicle,ChannelLoad,0.06264,0
26.5966,1463,Vehicle,ChannelLoad,0.06264,0
26.5966,1463,Vehicle,TX_Throughput,13360,0
26.5966,1463,Vehicle,TX_ObjectCount,3,0
26.5975,2432,Vehicle,ChannelLoad,0.02808,0
26.5975,2432,Vehicle,ChannelLoad,0.02808,0
26.5975,2432,Vehicle,TX_Throughput,4560,0
26.5975,2432,Vehicle,TX_ObjectCount,0,0
26.5976,6414,Vehicle,ChannelLoad,0.10912,0
26.5976,6414,Vehicle,ChannelLoad,0.10912,0
26.5976,6414,Vehicle,TX_Throughput,10560,0
26.5976,6414,Vehicle,TX_ObjectCount,2,0
26.5978,3328,RSU,ChannelLoad,0.07216,0
26.5978,3328,RSU,ChannelLoad,0.07216,0
26.5992,7302,Vehicle,ChannelLoad,0.05344,0
26.5992,7302,Vehicle,ChannelLoad,0.05344,0
26.5992,7302,Vehicle,TX_Throughput,7760,0
26.5992,7302,Vehicle,TX_ObjectCount,1,0
26.6004,7523,RSU,TX_Throughput,27680,0
26.6004,7523,RSU,TX_ObjectCount,9,0
26.6009,7375,Vehicle,ChannelLoad,0.05904,0
26.6009,7375,Vehicle,ChannelLoad,0.05904,0
26.6009,7375,Vehicle,TX_Throughput,7760,0
26.6009,7375,Vehicle,TX_ObjectCount,1,0
26.602,639,Vehicle,ChannelLoad,0.0676,0
26.602,639,Vehicle,ChannelLoad,0.0676,0
26.602,639,Vehicle,TX_Throughput,7760,0
26.602,639,Vehicle,TX_ObjectCount,1,0
26.6023,8342,Vehicle,ChannelLoad,0.08072,0
26.6023,8342,Vehicle,ChannelLoad,0.08072,0
26.6023,8342,Vehicle,TX_Throughput,4560,0
26.6023,8342,Vehicle,TX_ObjectCount,0,0
26.6037,6487,RSU,ChannelLoad,0.09168,0
26.6037,6487,RSU,ChannelLoad,0.09168,0
26.6045,7745,RSU,TX_Throughput,19280,0
26.6045,7745,RSU,TX_ObjectCount,6,0
26.6047,29,RSU,ChannelLoad,0.09928,0
26.6047,29,RSU,ChannelLoad,0.09928,0
26.6048,5495,Vehicle,ChannelLoad,0.06056,0
26.6048,5495,Vehicle,ChannelLoad,0.06056,0
26.6048,5495,Vehicle,TX_Throughput,13360,0
26.6048,5495,Vehicle,TX_ObjectCount,3,0
26.6052,5417,RSU,TX_Throughput,30480,0
26.6052,5417,RSU,TX_ObjectCount,10,0
26.6059,712,Vehicle,ChannelLoad,0.10424,0
26.6059,712,Vehicle,ChannelLoad,0.10424,0
26.6059,712,Vehicle,TX_Throughput,10560,0
26.6059,712,Vehicle,TX_ObjectCount,2,0
26.6078,5568,Vehicle,ChannelLoad,0.082,0
26.6078,5568,Vehicle,ChannelLoad,0.082,0
26.6078,5568,Vehicle,TX_Throughput,24560,0
26.6078,5568,Vehicle,TX_ObjectCount,7,0
26.6089,6932,RSU,TX_Throughput,10880,0
26.6089,6932,RSU,TX_ObjectCount,3,0
26.609,4445,Vehicle,ChannelLoad,0.0952,0
26.609,4445,Vehicle,ChannelLoad,0.0952,0
26.609,4445,Vehicle,TX_Throughput,21760,0
26.609,4445,Vehicle,TX_ObjectCount,6,0
26.6103,5343,RSU,TX_Throughput,36080,0
26.6103,5343,RSU,TX_ObjectCount,12,0
26.6104,1538,Vehicle,ChannelLoad,0.0428,0
26.6104,1538,Vehicle,ChannelLoad,0.0428,0
26.6104,1538,Vehicle,TX_Throughput,13360,0
26.6104,1538,Vehicle,TX_ObjectCount,3,0
26.6121,5641,Vehicle,ChannelLoad,0.05896,0
26.6121,5641,Vehicle,ChannelLoad,0.05896,0
26.6121,5641,Vehicle,TX_Throughput,13360,0
26.6121,5641,Vehicle,TX_ObjectCount,3,0
26.6123,2285,RSU,TX_Throughput,27680,0
26.6123,2285,RSU,TX_ObjectCount,9,0
26.6131,5714,Vehicle,ChannelLoad,0.07944,0
26.6131,5714,Vehicle,ChannelLoad,0.07944,0
26.6131,5714,Vehicle,TX_Throughput,4560,0
26.6131,5714,Vehicle,TX_ObjectCount,0,0
26.6144,3404,Vehicle,ChannelLoad,0.08264,0
26.6144,3404,Vehicle,ChannelLoad,0.08264,0
26.6144,3404,Vehicle,TX_Throughput,13360,0
26.6144,3404,Vehicle,TX_ObjectCount,3,0
26.6151,6487,RSU,TX_Throughput,22080,0
26.6151,6487,RSU,TX_ObjectCount,7,0
26.6152,6561,Vehicle,ChannelLoad,0.07184,0
26.6152,6561,Vehicle,ChannelLoad,0.07184,0
26.6152,6561,Vehicle,TX_Throughput,10560,0
26.6152,6561,Vehicle,TX_ObjectCount,2,0
26.6163,6634,RSU,ChannelLoad,0.05432,0
26.6163,6634,RSU,ChannelLoad,0.05432,0
26.6166,1611,Vehicle,ChannelLoad,0.05112,0
26.6166,1611,Vehicle,ChannelLoad,0.05112,0
26.6166,1611,Vehicle,TX_Throughput,4560,0
26.6166,1611,Vehicle,TX_ObjectCount,0,0
26.6166,182,RSU,TX_Throughput,33280,0
26.6166,182,RSU,TX_ObjectCount,11,0
26.6167,8417,Vehicle,ChannelLoad,0.05568,0
26.6167,8417,Vehicle,ChannelLoad,0.05568,0
26.6167,8417,Vehicle,TX_Throughput,7760,0
26.6167,8417,Vehicle,TX_ObjectCount,1,0
26.6168,1684,Vehicle,ChannelLoad,0.10488,0
26.6168,1684,Vehicle,ChannelLoad,0.10488,0
26.6168,1684,Vehicle,TX_Throughput,4560,0
26.6168,1684,Vehicle,TX_ObjectCount,0,0
26.6172,2507,Vehicle,ChannelLoad,0.046,0
26.6172,2507,Vehicle,ChannelLoad,0.046,0
26.6172,2507,Vehicle,TX_Throughput,21760,0
26.6172,2507,Vehicle,TX_ObjectCount,6,0
26.618,8268,RSU,TX_Throughput,30480,0
26.618,8268,RSU,TX_ObjectCount,10,0
26.6182,8490,Vehicle,ChannelLoad,0.0732,0
26.6182,8490,Vehicle,ChannelLoad,0.0732,0
26.6182,8490,Vehicle,TX_Throughput,7760,0
26.6182,8490,Vehicle,TX_ObjectCount,1,0
26.6183,787,Vehicle,ChannelLoad,0.05728,0
26.6183,787,Vehicle,ChannelLoad,0.05728,0
26.6183,787,Vehicle,TX_Throughput,4560,0
26.6183,787,Vehicle,TX_ObjectCount,0,0
26.6186,2582,Vehicle,ChannelLoad,0.05672,0
26.6186,2582,Vehicle,ChannelLoad,0.05672,0
26.6186,2582,Vehicle,TX_Throughput,7760,0
26.6186,2582,Vehicle,TX_ObjectCount,1,0
26.6188,107,Vehicle,ChannelLoad,0.0612,0
26.6188,107,Vehicle,ChannelLoad,0.0612,0
26.6188,107,Vehicle,TX_Throughput,10560,0
26.6188,107,Vehicle,TX_ObjectCount,2,0
26.6201,182,RSU,ChannelLoad,0.10536,0
26.6201,182,RSU,ChannelLoad,0.10536,0
26.6206,6708,Vehicle,ChannelLoad,0.10768,0
26.6206,6708,Vehicle,ChannelLoad,0.10768,0
26.6206,6708,Vehicle,TX_Throughput,16160,0
26.6206,6708,Vehicle,TX_ObjectCount,4,0
26.621,7450,Vehicle,ChannelLoad,0.09088,0
26.621,7450,Vehicle,ChannelLoad,0.09088,0
26.621,7450,Vehicle,TX_Throughput,10560,0
26.621,7450,Vehicle,TX_ObjectCount,2,0
26.6212,8563,Vehicle,ChannelLoad,0.10824,0
26.6212,8563,Vehicle,ChannelLoad,0.10824,0
26.6212,8563,Vehicle,TX_Throughput,13360,0
26.6212,8563,Vehicle,TX_ObjectCount,3,0
26.6218,4522,Vehicle,ChannelLoad,0.09624,0
26.6218,4522,Vehicle,ChannelLoad,0.09624,0
26.6218,4522,Vehicle,TX_Throughput,13360,0
26.6218,4522,Vehicle,TX_ObjectCount,3,0
26.6231,1759,RSU,ChannelLoad,0.07816,0
26.6231,1759,RSU,ChannelLoad,0.07816,0
26.6237,3479,Vehicle,ChannelLoad,0.07376,0
26.6237,3479,Vehicle,ChannelLoad,0.07376,0
26.6237,3479,Vehicle,TX_Throughput,21760,0
26.6237,3479,Vehicle,TX_ObjectCount,6,0
26.6256,8636,Vehicle,ChannelLoad,0.102,0
26.6256,8636,Vehicle,ChannelLoad,0.102,0
26.6256,8636,Vehicle,TX_Throughput,13360,0
26.6256,8636,Vehicle,TX_ObjectCount,3,0
26.6275,6263,RSU,TX_Throughput,19280,0
26.6275,6263,RSU,TX_ObjectCount,6,0
26.6289,4597,Vehicle,ChannelLoad,0.11344,0
26.6289,4597,Vehicle,ChannelLoad,0.11344,0
26.6289,4597,Vehicle,TX_Throughput,10560,0
26.6289,4597,Vehicle,TX_ObjectCount,2,0
26.6289,7523,RSU,ChannelLoad,0.12312,0
26.6289,7523,RSU,ChannelLoad,0.12312,0
26.6299,3254,RSU,TX_Throughput,24880,0
26.6299,3254,RSU,TX_ObjectCount,8,0
26.6318,866,Vehicle,ChannelLoad,0.14,0
26.6318,866,Vehicle,ChannelLoad,0.14,0
26.6318,866,Vehicle,TX_Throughput,10560,0
26.6318,866,Vehicle,TX_ObjectCount,2,0
26.6328,1984,RSU,TX_Throughput,22080,0
26.6328,1984,RSU,TX_ObjectCount,7,0
26.6332,3776,RSU,TX_Throughput,22080,0
26.6332,3776,RSU,TX_ObjectCount,7,0
26.6333,3552,RSU,ChannelLoad,0.08728,0
26.6333,3552,RSU,ChannelLoad,0.08728,0
26.6343,5797,Vehicle,ChannelLoad,0.0852,0
26.6343,5797,Vehicle,ChannelLoad,0.0852,0
26.6343,5797,Vehicle,TX_Throughput,10560,0
26.6343,5797,Vehicle,TX_ObjectCount,2,0
26.6344,29,RSU,TX_Throughput,41680,0
26.6344,29,RSU,TX_ObjectCount,14,0
26.6352,6781,RSU,ChannelLoad,0.09712,0
26.6352,6781,RSU,ChannelLoad,0.09712,0
26.6361,7599,Vehicle,ChannelLoad,0.07232,0
26.6361,7599,Vehicle,ChannelLoad,0.07232,0
26.6361,7599,Vehicle,TX_Throughput,7760,0
26.6361,7599,Vehicle,TX_ObjectCount,1,0
26.637,3626,Vehicle,ChannelLoad,0.08112,0
26.637,3626,Vehicle,ChannelLoad,0.08112,0
26.637,3626,Vehicle,TX_Throughput,21760,0
26.637,3626,Vehicle,TX_ObjectCount,6,0
26.6374,2659,Vehicle,ChannelLoad,0.058,0
26.6374,2659,Vehicle,ChannelLoad,0.058,0
26.6374,2659,Vehicle,TX_Throughput,18960,0
26.6374,2659,Vehicle,TX_ObjectCount,5,0
26.6376,3699,Vehicle,ChannelLoad,0.0372,0
26.6376,3699,Vehicle,ChannelLoad,0.0372,0
26.6376,3699,Vehicle,TX_Throughput,4560,0
26.6376,3699,Vehicle,TX_ObjectCount,0,0
26.6379,7672,Vehicle,ChannelLoad,0.05808,0
26.6379,7672,Vehicle,ChannelLoad,0.05808,0
26.6379,7672,Vehicle,TX_Throughput,10560,0
26.6379,7672,Vehicle,TX_ObjectCount,2,0
26.638,2732,Vehicle,ChannelLoad,0.0508,0
26.638,2732,Vehicle,ChannelLoad,0.0508,0
26.638,2732,Vehicle,TX_Throughput,13360,0
26.638,2732,Vehicle,TX_ObjectCount,3,0
26.6389,5872,RSU,ChannelLoad,0.10552,0
26.6389,5872,RSU,ChannelLoad,0.10552,0
26.6396,2131,RSU,TX_Throughput,36080,0
26.6396,2131,RSU,TX_ObjectCount,12,0
26.6404,943,Vehicle,ChannelLoad,0.07568,0
26.6404,943,Vehicle,ChannelLoad,0.07568,0
26.6404,943,Vehicle,TX_Throughput,7760,0
26.6404,943,Vehicle,TX_ObjectCount,1,0
26.6414,7745,RSU,ChannelLoad,0.07928,0
26.6414,7745,RSU,ChannelLoad,0.07928,0
26.6423,7819,Vehicle,ChannelLoad,0.08304,0
26.6423,7819,Vehicle,ChannelLoad,0.08304,0
26.6423,7819,Vehicle,TX_Throughput,7760,0
26.6423,7819,Vehicle,TX_ObjectCount,1,0
26.6434,4900,RSU,TX_Throughput,33280,0
26.6434,4900,RSU,TX_ObjectCount,11,0
26.6437,8711,Vehicle,ChannelLoad,0.04632,0
26.6437,8711,Vehicle,ChannelLoad,0.04632,0
26.6437,8711,Vehicle,TX_Throughput,7760,0
26.6437,8711,Vehicle,TX_ObjectCount,1,0
26.6444,1833,Vehicle,ChannelLoad,0.0968,0
26.6444,1833,Vehicle,ChannelLoad,0.0968,0
26.6444,1833,Vehicle,TX_Throughput,10560,0
26.6444,1833,Vehicle,TX_ObjectCount,2,0
26.6449,4672,Vehicle,ChannelLoad,0.08504,0
26.6449,4672,Vehicle,ChannelLoad,0.08504,0
26.6449,4672,Vehicle,TX_Throughput,10560,0
26.6449,4672,Vehicle,TX_ObjectCount,2,0
26.6462,6781,RSU,TX_Throughput,30480,0
26.6462,6781,RSU,TX_ObjectCount,10,0
26.6464,1018,RSU,ChannelLoad,0.11184,0
26.6464,1018,RSU,ChannelLoad,0.11184,0
26.6471,3776,RSU,ChannelLoad,0.09808,0
26.6471,3776,RSU,ChannelLoad,0.09808,0
26.6473,7894,Vehicle,ChannelLoad,0.07,0
26.6473,7894,Vehicle,ChannelLoad,0.07,0
26.6473,7894,Vehicle,TX_Throughput,7760,0
26.6473,7894,Vehicle,TX_ObjectCount,1,0
26.6488,1906,RSU,ChannelLoad,0.13144,0
26.6488,1906,RSU,ChannelLoad,0.13144,0
26.6488,4745,Vehicle,ChannelLoad,0.07488,0
26.6488,4745,Vehicle,ChannelLoad,0.07488,0
26.6488,4745,Vehicle,TX_Throughput,7760,0
26.6488,4745,Vehicle,TX_ObjectCount,1,0
26.6492,3850,RSU,ChannelLoad,0.08296,0
26.6492,3850,RSU,ChannelLoad,0.08296,0
26.6496,8786,Vehicle,ChannelLoad,0.15416,0
26.6496,8786,Vehicle,ChannelLoad,0.15416,0
26.6496,8786,Vehicle,TX_Throughput,4560,0
26.6496,8786,Vehicle,TX_ObjectCount,0,0
26.6507,6859,Vehicle,ChannelLoad,0.06432,0
26.6507,6859,Vehicle,ChannelLoad,0.06432,0
26.6507,6859,Vehicle,TX_Throughput,16160,0
26.6507,6859,Vehicle,TX_ObjectCount,4,0
26.6512,3926,Vehicle,ChannelLoad,0.03424,0
26.6512,3926,Vehicle,ChannelLoad,0.03424,0
26.6512,3926,Vehicle,TX_Throughput,10560,0
26.6512,3926,Vehicle,TX_ObjectCount,2,0
26.6527,8859,RSU,ChannelLoad,0.09776,0
26.6527,8859,RSU,ChannelLoad,0.09776,0
26.6528,4818,RSU,ChannelLoad,0.0924,0
26.6528,4818,RSU,ChannelLoad,0.0924,0
26.6531,5958,Vehicle,ChannelLoad,0.0776,0
26.6531,5958,Vehicle,ChannelLoad,0.0776,0
26.6531,5958,Vehicle,TX_Throughput,16160,0
26.6531,5958,Vehicle,TX_ObjectCount,4,0
26.6548,2211,RSU,TX_Throughput,22080,0
26.6548,2211,RSU,TX_ObjectCount,7,0
26.6561,4818,RSU,TX_Throughput,24880,0
26.6561,4818,RSU,TX_ObjectCount,8,0
26.6561,6932,RSU,ChannelLoad,0.07968,0
26.6561,6932,RSU,ChannelLoad,0.07968,0
26.6582,2805,Vehicle,ChannelLoad,0.04752,0
26.6582,2805,Vehicle,ChannelLoad,0.04752,0
26.6582,2805,Vehicle,TX_Throughput,4560,0
26.6582,2805,Vehicle,TX_ObjectCount,0,0
26.6586,7006,Vehicle,ChannelLoad,0.09968,0
26.6586,7006,Vehicle,ChannelLoad,0.09968,0
26.6586,7006,Vehicle,TX_Throughput,10560,0
26.6586,7006,Vehicle,TX_ObjectCount,2,0
26.659,1094,Vehicle,ChannelLoad,0.05432,0
26.659,1094,Vehicle,ChannelLoad,0.05432,0
26.659,1094,Vehicle,TX_Throughput,10560,0
26.659,1094,Vehicle,TX_ObjectCount,2,0
26.6594,2878,Vehicle,ChannelLoad,0.06448,0
26.6594,2878,Vehicle,ChannelLoad,0.06448,0
26.6594,2878,Vehicle,TX_Throughput,4560,0
26.6594,2878,Vehicle,TX_ObjectCount,0,0
26.6609,3328,RSU,TX_Throughput,10880,0
26.6609,3328,RSU,TX_ObjectCount,3,0
26.6613,1167,Vehicle,ChannelLoad,0.10808,0
26.6613,1167,Vehicle,ChannelLoad,0.10808,0
26.6613,1167,Vehicle,TX_Throughput,10560,0
26.6613,1167,Vehicle,TX_ObjectCount,2,0
26.6615,4001,Vehicle,ChannelLoad,0.08904,0
26.6615,4001,Vehicle,ChannelLoad,0.08904,0
26.6615,4001,Vehicle,TX_Throughput,13360,0
26.6615,4001,Vehicle,TX_ObjectCount,3,0
26.662,6634,RSU,TX_Throughput,16480,0
26.662,6634,RSU,TX_ObjectCount,5,0
26.6622,8937,RSU,ChannelLoad,0.1064,0
26.6622,8937,RSU,ChannelLoad,0.1064,0
26.6623,3850,RSU,TX_Throughput,8080,0
26.6623,3850,RSU,TX_ObjectCount,2,0
26.6637,9011,Vehicle,ChannelLoad,0.07744,0
26.6637,9011,Vehicle,ChannelLoad,0.07744,0
26.6637,9011,Vehicle,TX_Throughput,10560,0
26.6637,9011,Vehicle,TX_ObjectCount,2,0
26.6637,2953,Vehicle,ChannelLoad,0.08072,0
26.6637,2953,Vehicle,ChannelLoad,0.08072,0
26.6637,2953,Vehicle,TX_Throughput,18960,0
26.6637,2953,Vehicle,TX_ObjectCount,5,0
26.6643,8192,RSU,TX_Throughput,27680,0
26.6643,8192,RSU,TX_ObjectCount,9,0
26.6647,1984,RSU,ChannelLoad,0.06416,0
26.6647,1984,RSU,ChannelLoad,0.06416,0
26.6649,1240,RSU,ChannelLoad,0.058,0
26.6649,1240,RSU,ChannelLoad,0.058,0
26.6651,7969,Vehicle,ChannelLoad,0.08944,0
26.6651,7969,Vehicle,ChannelLoad,0.08944,0
26.6651,7969,Vehicle,TX_Throughput,4560,0
26.6651,7969,Vehicle,TX_ObjectCount,0,0
26.6654,2058,Vehicle,ChannelLoad,0.06776,0
26.6654,2058,Vehicle,ChannelLoad,0.06776,0
26.6654,2058,Vehicle,TX_Throughput,13360,0
26.6654,2058,Vehicle,TX_ObjectCount,3,0
26.6663,4074,Vehicle,ChannelLoad,0.0712,0
26.6663,4074,Vehicle,ChannelLoad,0.0712,0
26.6663,4074,Vehicle,TX_Throughput,10560,0
26.6663,4074,Vehicle,TX_ObjectCount,2,0
26.6674,6037,Vehicle,ChannelLoad,0.08568,0
26.6674,6037,Vehicle,ChannelLoad,0.08568,0
26.6674,6037,Vehicle,TX_Throughput,7760,0
26.6674,6037,Vehicle,TX_ObjectCount,1,0
26.6687,4147,Vehicle,ChannelLoad,0.09736,0
26.6687,4147,Vehicle,ChannelLoad,0.09736,0
26.6687,4147,Vehicle,TX_Throughput,7760,0
26.6687,4147,Vehicle,TX_ObjectCount,1,0
26.6696,4900,RSU,ChannelLoad,0.11592,0
26.6696,4900,RSU,ChannelLoad,0.11592,0
26.6698,3030,RSU,ChannelLoad,0.09344,0
26.6698,3030,RSU,ChannelLoad,0.09344,0
26.67,2131,RSU,ChannelLoad,0.152,0
26.67,2131,RSU,ChannelLoad,0.152,0
26.6701,8044,Vehicle,ChannelLoad,0.08136,0
26.6701,8044,Vehicle,ChannelLoad,0.08136,0
26.6701,8044,Vehicle,TX_Throughput,7760,0
26.6701,8044,Vehicle,TX_ObjectCount,1,0
26.6702,4974,Vehicle,ChannelLoad,0.0668,0
26.6702,4974,Vehicle,ChannelLoad,0.0668,0
26.6702,4974,Vehicle,TX_Throughput,10560,0
26.6702,4974,Vehicle,TX_ObjectCount,2,0
26.6706,6110,Vehicle,ChannelLoad,0.07064,0
26.6706,6110,Vehicle,ChannelLoad,0.07064,0
26.6706,6110,Vehicle,TX_Throughput,13360,0
26.6706,6110,Vehicle,TX_ObjectCount,3,0
26.6709,1314,Vehicle,ChannelLoad,0.084,0
26.6709,1314,Vehicle,ChannelLoad,0.084,0
26.6709,1314,Vehicle,TX_Throughput,7760,0
26.6709,1314,Vehicle,TX_ObjectCount,1,0
26.671,270,Vehicle,ChannelLoad,0.05152,0
26.671,270,Vehicle,ChannelLoad,0.05152,0
26.671,270,Vehicle,TX_Throughput,27360,0
26.671,270,Vehicle,TX_ObjectCount,8,0
26.6719,9086,Vehicle,ChannelLoad,0.06112,0
26.6719,9086,Vehicle,ChannelLoad,0.06112,0
26.6719,9086,Vehicle,TX_Throughput,16160,0
26.6719,9086,Vehicle,TX_ObjectCount,4,0
26.6723,5047,RSU,ChannelLoad,0.14176,0
26.6723,5047,RSU,ChannelLoad,0.14176,0
26.6731,1759,RSU,TX_Throughput,24880,0
26.6731,1759,RSU,TX_ObjectCount,8,0
26.6736,4222,Vehicle,ChannelLoad,0.0548,0
26.6736,4222,Vehicle,ChannelLoad,0.0548,0
26.6736,4222,Vehicle,TX_Throughput,10560,0
26.6736,4222,Vehicle,TX_ObjectCount,2,0
26.6744,3552,RSU,TX_Throughput,19280,0
26.6744,3552,RSU,TX_ObjectCount,6,0
26.6762,5123,RSU,ChannelLoad,0.08312,0
26.6762,5123,RSU,ChannelLoad,0.08312,0
26.6774,8937,RSU,TX_Throughput,13680,0
26.6774,8937,RSU,TX_ObjectCount,4,0
26.6777,4297,Vehicle,ChannelLoad,0.10336,0
26.6777,4297,Vehicle,ChannelLoad,0.10336,0
26.6777,4297,Vehicle,TX_Throughput,7760,0
26.6777,4297,Vehicle,TX_ObjectCount,1,0
26.6778,6187,RSU,ChannelLoad,0.13832,0
26.6778,6187,RSU,ChannelLoad,0.13832,0
26.6782,8117,Vehicle,ChannelLoad,0.08464,0
26.6782,8117,Vehicle,ChannelLoad,0.08464,0
26.6782,8117,Vehicle,TX_Throughput,18960,0
26.6782,8117,Vehicle,TX_ObjectCount,5,0
26.6783,7083,Vehicle,ChannelLoad,0.06048,0
26.6783,7083,Vehicle,ChannelLoad,0.06048,0
26.6783,7083,Vehicle,TX_Throughput,10560,0
26.6783,7083,Vehicle,TX_ObjectCount,2,0
26.6786,9163,Vehicle,ChannelLoad,0.09152,0
26.6786,9163,Vehicle,ChannelLoad,0.09152,0
26.6786,9163,Vehicle,TX_Throughput,13360,0
26.6786,9163,Vehicle,TX_ObjectCount,3,0
26.6791,3030,RSU,TX_Throughput,10880,0
26.6791,3030,RSU,TX_ObjectCount,3,0
26.6796,9236,Vehicle,ChannelLoad,0.05808,0
26.6796,9236,Vehicle,ChannelLoad,0.05808,0
26.6796,9236,Vehicle,TX_Throughput,13360,0
26.6796,9236,Vehicle,TX_ObjectCount,3,0
26.6799,1906,RSU,TX_Throughput,19280,0
26.6799,1906,RSU,TX_ObjectCount,6,0
26.68,4370,Vehicle,ChannelLoad,0.0772,0
26.68,4370,Vehicle,ChannelLoad,0.0772,0
26.68,4370,Vehicle,TX_Throughput,10560,0
26.68,4370,Vehicle,TX_ObjectCount,2,0
26.6801,6263,RSU,ChannelLoad,0.08584,0
26.6801,6263,RSU,ChannelLoad,0.08584,0
26.6805,7156,Vehicle,ChannelLoad,0.04576,0
26.6805,7156,Vehicle,ChannelLoad,0.04576,0
26.6805,7156,Vehicle,TX_Throughput,16160,0
26.6805,7156,Vehicle,TX_ObjectCount,4,0
26.6814,1387,RSU,TX_Throughput,24880,0
26.6814,1387,RSU,TX_ObjectCount,8,0
26.6816,1240,RSU,TX_Throughput,16480,0
26.6816,1240,RSU,TX_ObjectCount,5,0
26.6817,1018,RSU,TX_Throughput,44480,0
26.6817,1018,RSU,TX_ObjectCount,15,0
26.6819,5197,Vehicle,ChannelLoad,0.06392,0
26.6819,5197,Vehicle,ChannelLoad,0.06392,0
26.6819,5197,Vehicle,TX_Throughput,10560,0
26.6819,5197,Vehicle,TX_ObjectCount,2,0
26.682,5270,Vehicle,ChannelLoad,0.07576,0
26.682,5270,Vehicle,ChannelLoad,0.07576,0
26.682,5270,Vehicle,TX_Throughput,13360,0
26.682,5270,Vehicle,TX_ObjectCount,3,0
26.6831,343,Vehicle,ChannelLoad,0.08952,0
26.6831,343,Vehicle,ChannelLoad,0.08952,0
26.6831,343,Vehicle,TX_Throughput,18960,0
26.6831,343,Vehicle,TX_ObjectCount,5,0
26.6832,1387,RSU,ChannelLoad,0.1352,0
26.6832,1387,RSU,ChannelLoad,0.1352,0
26.6838,8859,RSU,TX_Throughput,27680,0
26.6838,8859,RSU,TX_ObjectCount,9,0
26.6855,6187,RSU,TX_Throughput,22080,0
26.6855,6187,RSU,TX_ObjectCount,7,0
26.6865,3108,Vehicle,ChannelLoad,0.08176,0
26.6865,3108,Vehicle,ChannelLoad,0.08176,0
26.6865,3108,Vehicle,TX_Throughput,7760,0
26.6865,3108,Vehicle,TX_ObjectCount,1,0
26.6865,5343,RSU,ChannelLoad,0.1152,0
26.6865,5343,RSU,ChannelLoad,0.1152,0
26.6871,416,Vehicle,ChannelLoad,0.07176,0
26.6871,416,Vehicle,ChannelLoad,0.07176,0
26.6871,416,Vehicle,TX_Throughput,16160,0
26.6871,416,Vehicle,TX_ObjectCount,4,0
26.6883,5123,RSU,TX_Throughput,19280,0
26.6883,5123,RSU,TX_ObjectCount,6,0
26.6884,9309,Vehicle,ChannelLoad,0.10136,0
26.6884,9309,Vehicle,ChannelLoad,0.10136,0
26.6884,9309,Vehicle,TX_Throughput,16160,0
26.6884,9309,Vehicle,TX_ObjectCount,4,0
26.6885,2211,RSU,ChannelLoad,0.11352,0
26.6885,2211,RSU,ChannelLoad,0.11352,0
26.6894,2285,RSU,ChannelLoad,0.10904,0
26.6894,2285,RSU,ChannelLoad,0.10904,0
26.6916,8192,RSU,ChannelLoad,0.09624,0
26.6916,8192,RSU,ChannelLoad,0.09624,0
26.6917,7229,Vehicle,ChannelLoad,0.07344,0
26.6917,7229,Vehicle,ChannelLoad,0.07344,0
26.6917,7229,Vehicle,TX_Throughput,10560,0
26.6917,7229,Vehicle,TX_ObjectCount,2,0
26.692,5417,RSU,ChannelLoad,0.12544,0
26.692,5417,RSU,ChannelLoad,0.12544,0
26.6925,6341,Vehicle,ChannelLoad,0.07224,0
26.6925,6341,Vehicle,ChannelLoad,0.07224,0
26.6925,6341,Vehicle,TX_Throughput,7760,0
26.6925,6341,Vehicle,TX_ObjectCount,1,0
26.6928,3181,Vehicle,ChannelLoad,0.09424,0
26.6928,3181,Vehicle,ChannelLoad,0.09424,0
26.6928,3181,Vehicle,TX_Throughput,13360,0
26.6928,3181,Vehicle,TX_ObjectCount,3,0
26.6928,5872,RSU,TX_Throughput,10880,0
26.6928,5872,RSU,TX_ObjectCount,3,0
26.6939,489,Vehicle,ChannelLoad,0.05448,0
26.6939,489,Vehicle,ChannelLoad,0.05448,0
26.6939,489,Vehicle,TX_Throughput,7760,0
26.6939,489,Vehicle,TX_ObjectCount,1,0
26.6955,5047,RSU,TX_Throughput,36080,0
26.6955,5047,RSU,TX_ObjectCount,12,0
26.696,8268,RSU,ChannelLoad,0.09392,0
26.696,8268,RSU,ChannelLoad,0.09392,0
26.6961,3254,RSU,ChannelLoad,0.11616,0
26.6961,3254,RSU,ChannelLoad,0.11616,0
26.6961,562,Vehicle,ChannelLoad,0.0664,0
26.6961,562,Vehicle,ChannelLoad,0.0664,0
26.6961,562,Vehicle,TX_Throughput,7760,0
26.6961,562,Vehicle,TX_ObjectCount,1,0
26.6961,2359,Vehicle,ChannelLoad,0.0792,0
26.6961,2359,Vehicle,ChannelLoad,0.0792,0
26.6961,2359,Vehicle,TX_Throughput,7760,0
26.6961,2359,Vehicle,TX_ObjectCount,1,0
26.6966,1463,Vehicle,ChannelLoad,0.05616,0
26.6966,1463,Vehicle,ChannelLoad,0.05616,0
26.6966,1463,Vehicle,TX_Throughput,13360,0
26.6966,1463,Vehicle,TX_ObjectCount,3,0
26.6975,2432,Vehicle,ChannelLoad,0.02712,0
26.6975,2432,Vehicle,ChannelLoad,0.02712,0
26.6975,2432,Vehicle,TX_Throughput,4560,0
26.6975,2432,Vehicle,TX_ObjectCount,0,0
26.6976,6414,Vehicle,ChannelLoad,0.10376,0
26.6976,6414,Vehicle,ChannelLoad,0.10376,0
26.6976,6414,Vehicle,TX_Throughput,10560,0
26.6976,6414,Vehicle,TX_ObjectCount,2,0
26.6978,3328,RSU,ChannelLoad,0.0624,0
26.6978,3328,RSU,ChannelLoad,0.0624,0
26.6992,7302,Vehicle,ChannelLoad,0.05736,0
26.6992,7302,Vehicle,ChannelLoad,0.05736,0
26.6992,7302,Vehicle,TX_Throughput,7760,0
26.6992,7302,Vehicle,TX_ObjectCount,1,0
26.7004,7523,RSU,TX_Throughput,27680,0
26.7004,7523,RSU,TX_ObjectCount,9,0
26.7009,7375,Vehicle,ChannelLoad,0.0588,0
26.7009,7375,Vehicle,ChannelLoad,0.0588,0
26.7009,7375,Vehicle,TX_Throughput,7760,0
26.7009,7375,Vehicle,TX_ObjectCount,1,0
26.702,639,Vehicle,ChannelLoad,0.07568,0
26.702,639,Vehicle,ChannelLoad,0.07568,0
26.702,639,Vehicle,TX_Throughput,7760,0
26.702,639,Vehicle,TX_ObjectCount,1,0
26.7023,8342,Vehicle,ChannelLoad,0.07176,0
26.7023,8342,Vehicle,ChannelLoad,0.07176,0
26.7023,8342,Vehicle,TX_Throughput,4560,0
26.7023,8342,Vehicle,TX_ObjectCount,0,0
26.7037,6487,RSU,ChannelLoad,0.10584,0
26.7037,6487,RSU,ChannelLoad,0.10584,0
26.7045,7745,RSU,TX_Throughput,19280,0
26.7045,7745,RSU,TX_ObjectCount,6,0
26.7047,29,RSU,ChannelLoad,0.10136,0
26.7047,29,RSU,ChannelLoad,0.10136,0
26.7048,5495,Vehicle,ChannelLoad,0.06288,0
26.7048,5495,Vehicle,ChannelLoad,0.06288,0
26.7048,5495,Vehicle,TX_Throughput,13360,0
26.7048,5495,Vehicle,TX_ObjectCount,3,0
26.7052,5417,RSU,TX_Throughput,30480,0
26.7052,5417,RSU,TX_ObjectCount,10,0
26.7059,712,Vehicle,ChannelLoad,0.10544,0
26.7059,712,Vehicle,ChannelLoad,0.10544,0
26.7059,712,Vehicle,TX_Throughput,7760,0
26.7059,712,Vehicle,TX_ObjectCount,1,0
26.7078,5568,Vehicle,ChannelLoad,0.0668,0
26.7078,5568,Vehicle,ChannelLoad,0.0668,0
26.7078,5568,Vehicle,TX_Throughput,24560,0
26.7078,5568,Vehicle,TX_ObjectCount,7,0
26.7089,6932,RSU,TX_Throughput,10880,0
26.7089,6932,RSU,TX_ObjectCount,3,0
26.709,4445,Vehicle,ChannelLoad,0.08608,0
26.709,4445,Vehicle,ChannelLoad,0.08608,0
26.709,4445,Vehicle,TX_Throughput,18960,0
26.709,4445,Vehicle,TX_ObjectCount,5,0
26.7103,5343,RSU,TX_Throughput,36080,0
26.7103,5343,RSU,TX_ObjectCount,12,0
26.7104,1538,Vehicle,ChannelLoad,0.0392,0
26.7104,1538,Vehicle,ChannelLoad,0.0392,0
26.7104,1538,Vehicle,TX_Throughput,13360,0
26.7104,1538,Vehicle,TX_ObjectCount,3,0
26.7121,5641,Vehicle,ChannelLoad,0.0424,0
26.7121,5641,Vehicle,ChannelLoad,0.0424,0
26.7121,5641,Vehicle,TX_Throughput,10560,0
26.7121,5641,Vehicle,TX_ObjectCount,2,0
26.7123,2285,RSU,TX_Throughput,27680,0
26.7123,2285,RSU,TX_ObjectCount,9,0
26.7131,5714,Vehicle,ChannelLoad,0.10448,0
26.7131,5714,Vehicle,ChannelLoad,0.10448,0
26.7131,5714,Vehicle,TX_Throughput,4560,0
26.7131,5714,Vehicle,TX_ObjectCount,0,0
26.7144,3404,Vehicle,ChannelLoad,0.06552,0
26.7144,3404,Vehicle,ChannelLoad,0.06552,0
26.7144,3404,Vehicle,TX_Throughput,13360,0
26.7144,3404,Vehicle,TX_ObjectCount,3,0
26.7151,6487,RSU,TX_Throughput,22080,0
26.7151,6487,RSU,TX_ObjectCount,7,0
26.7152,6561,Vehicle,ChannelLoad,0.06136,0
26.7152,6561,Vehicle,ChannelLoad,0.06136,0
26.7152,6561,Vehicle,TX_Throughput,13360,0
26.7152,6561,Vehicle,TX_ObjectCount,3,0
26.7163,6634,RSU,ChannelLoad,0.07584,0
26.7163,6634,RSU,ChannelLoad,0.07584,0
26.7166,1611,Vehicle,ChannelLoad,0.0468,0
26.7166,1611,Vehicle,ChannelLoad,0.0468,0
26.7166,1611,Vehicle,TX_Throughput,4560,0
26.7166,1611,Vehicle,TX_ObjectCount,0,0
26.7166,182,RSU,TX_Throughput,38880,0
26.7166,182,RSU,TX_ObjectCount,13,0
26.7167,8417,Vehicle,ChannelLoad,0.05688,0
26.7167,8417,Vehicle,ChannelLoad,0.05688,0
26.7167,8417,Vehicle,TX_Throughput,7760,0
26.7167,8417,Vehicle,TX_ObjectCount,1,0
26.7168,1684,Vehicle,ChannelLoad,0.09872,0
26.7168,1684,Vehicle,ChannelLoad,0.09872,0
26.7168,1684,Vehicle,TX_Throughput,4560,0
26.7168,1684,Vehicle,TX_ObjectCount,0,0
26.7172,2507,Vehicle,ChannelLoad,0.06752,0
26.7172,2507,Vehicle,ChannelLoad,0.06752,0
26.7172,2507,Vehicle,TX_Throughput,21760,0
26.7172,2507,Vehicle,TX_ObjectCount,6,0
26.718,8268,RSU,TX_Throughput,30480,0
26.718,8268,RSU,TX_ObjectCount,10,0
26.7182,8490,Vehicle,ChannelLoad,0.05496,0
26.7182,8490,Vehicle,ChannelLoad,0.05496,0
26.7182,8490,Vehicle,TX_Throughput,7760,0
26.7182,8490,Vehicle,TX_ObjectCount,1,0
26.7183,787,Vehicle,ChannelLoad,0.05712,0
26.7183,787,Vehicle,ChannelLoad,0.05712,0
26.7183,787,Vehicle,TX_Throughput,4560,0
26.7183,787,Vehicle,TX_ObjectCount,0,0
26.7186,2582,Vehicle,ChannelLoad,0.0628,0
26.7186,2582,Vehicle,ChannelLoad,0.0628,0
26.7186,2582,Vehicle,TX_Throughput,7760,0
26.7186,2582,Vehicle,TX_ObjectCount,1,0
26.7188,107,Vehicle,ChannelLoad,0.09408,0
26.7188,107,Vehicle,ChannelLoad,0.09408,0
26.7188,107,Vehicle,TX_Throughput,10560,0
26.7188,107,Vehicle,TX_ObjectCount,2,0
26.7201,182,RSU,ChannelLoad,0.07736,0
26.7201,182,RSU,ChannelLoad,0.07736,0
26.7206,6708,Vehicle,ChannelLoad,0.1,0
26.7206,6708,Vehicle,ChannelLoad,0.1,0
26.7206,6708,Vehicle,TX_Throughput,16160,0
26.7206,6708,Vehicle,TX_ObjectCount,4,0
26.721,7450,Vehicle,ChannelLoad,0.07832,0
26.721,7450,Vehicle,ChannelLoad,0.07832,0
26.721,7450,Vehicle,TX_Throughput,10560,0
26.721,7450,Vehicle,TX_ObjectCount,2,0
26.7212,8563,Vehicle,ChannelLoad,0.09192,0
26.7212,8563,Vehicle,ChannelLoad,0.09192,0
26.7212,8563,Vehicle,TX_Throughput,13360,0
26.7212,8563,Vehicle,TX_ObjectCount,3,0
26.7218,4522,Vehicle,ChannelLoad,0.07408,0
26.7218,4522,Vehicle,ChannelLoad,0.07408,0
26.7218,4522,Vehicle,TX_Throughput,13360,0
26.7218,4522,Vehicle,TX_ObjectCount,3,0
26.7231,1759,RSU,ChannelLoad,0.08832,0
26.7231,1759,RSU,ChannelLoad,0.08832,0
26.7237,3479,Vehicle,ChannelLoad,0.08744,0
26.7237,3479,Vehicle,ChannelLoad,0.08744,0
26.7237,3479,Vehicle,TX_Throughput,24560,0
26.7237,3479,Vehicle,TX_ObjectCount,7,0
26.7256,8636,Vehicle,ChannelLoad,0.08448,0
26.7256,8636,Vehicle,ChannelLoad,0.08448,0
26.7256,8636,Vehicle,TX_Throughput,13360,0
26.7256,8636,Vehicle,TX_ObjectCount,3,0
26.7275,6263,RSU,TX_Throughput,19280,0
26.7275,6263,RSU,TX_ObjectCount,6,0
26.7289,4597,Vehicle,ChannelLoad,0.10104,0
26.7289,4597,Vehicle,ChannelLoad,0.10104,0
26.7289,4597,Vehicle,TX_Throughput,10560,0
26.7289,4597,Vehicle,TX_ObjectCount,2,0
26.7289,7523,RSU,ChannelLoad,0.1152,0
26.7289,7523,RSU,ChannelLoad,0.1152,0
26.7299,3254,RSU,TX_Throughput,24880,0
26.7299,3254,RSU,TX_ObjectCount,8,0
26.7318,866,Vehicle,ChannelLoad,0.12144,0
26.7318,866,Vehicle,ChannelLoad,0.12144,0
26.7318,866,Vehicle,TX_Throughput,7760,0
26.7318,866,Vehicle,TX_ObjectCount,1,0
26.7328,1984,RSU,TX_Throughput,22080,0
26.7328,1984,RSU,TX_ObjectCount,7,0
26.7332,3776,RSU,TX_Throughput,19280,0
26.7332,3776,RSU,TX_ObjectCount,6,0
26.7333,3552,RSU,ChannelLoad,0.07632,0
26.7333,3552,RSU,ChannelLoad,0.07632,0
26.7343,5797,Vehicle,ChannelLoad,0.07184,0
26.7343,5797,Vehicle,ChannelLoad,0.07184,0
26.7343,5797,Vehicle,TX_Throughput,10560,0
26.7343,5797,Vehicle,TX_ObjectCount,2,0
26.7344,29,RSU,TX_Throughput,38880,0
26.7344,29,RSU,TX_ObjectCount,13,0
26.7352,6781,RSU,ChannelLoad,0.08608,0
26.7352,6781,RSU,ChannelLoad,0.08608,0
26.737,3626,Vehicle,ChannelLoad,0.08232,0
26.737,3626,Vehicle,ChannelLoad,0.08232,0
26.737,3626,Vehicle,TX_Throughput,21760,0
26.737,3626,Vehicle,TX_ObjectCount,6,0
26.7374,2659,Vehicle,ChannelLoad,0.04872,0
26.7374,2659,Vehicle,ChannelLoad,0.04872,0
26.7374,2659,Vehicle,TX_Throughput,18960,0
26.7374,2659,Vehicle,TX_ObjectCount,5,0
26.7376,3699,Vehicle,ChannelLoad,0.03664,0
26.7376,3699,Vehicle,ChannelLoad,0.03664,0
26.7376,3699,Vehicle,TX_Throughput,4560,0
26.7376,3699,Vehicle,TX_ObjectCount,0,0
26.7379,7672,Vehicle,ChannelLoad,0.04656,0
26.7379,7672,Vehicle,ChannelLoad,0.04656,0
26.7379,7672,Vehicle,TX_Throughput,10560,0
26.7379,7672,Vehicle,TX_ObjectCount,2,0
26.738,2732,Vehicle,ChannelLoad,0.0352,0
26.738,2732,Vehicle,ChannelLoad,0.0352,0
26.738,2732,Vehicle,TX_Throughput,10560,0
26.738,2732,Vehicle,TX_ObjectCount,2,0
26.7389,5872,RSU,ChannelLoad,0.0732,0
26.7389,5872,RSU,ChannelLoad,0.0732,0
26.7396,2131,RSU,TX_Throughput,36080,0
26.7396,2131,RSU,TX_ObjectCount,12,0
26.7404,943,Vehicle,ChannelLoad,0.06248,0
26.7404,943,Vehicle,ChannelLoad,0.06248,0
26.7404,943,Vehicle,TX_Throughput,7760,0
26.7404,943,Vehicle,TX_ObjectCount,1,0
26.7414,7745,RSU,ChannelLoad,0.0852,0
26.7414,7745,RSU,ChannelLoad,0.0852,0
26.7423,7819,Vehicle,ChannelLoad,0.0648,0
26.7423,7819,Vehicle,ChannelLoad,0.0648,0
26.7423,7819,Vehicle,TX_Throughput,4560,0
26.7423,7819,Vehicle,TX_ObjectCount,0,0
26.7434,4900,RSU,TX_Throughput,33280,0
26.7434,4900,RSU,TX_ObjectCount,11,0
26.7437,8711,Vehicle,ChannelLoad,0.03632,0
26.7437,8711,Vehicle,ChannelLoad,0.03632,0
26.7437,8711,Vehicle,TX_Throughput,7760,0
26.7437,8711,Vehicle,TX_ObjectCount,1,0
26.7444,1833,Vehicle,ChannelLoad,0.0728,0
26.7444,1833,Vehicle,ChannelLoad,0.0728,0
26.7444,1833,Vehicle,TX_Throughput,13360,0
26.7444,1833,Vehicle,TX_ObjectCount,3,0
26.7449,4672,Vehicle,ChannelLoad,0.0948,0
26.7449,4672,Vehicle,ChannelLoad,0.0948,0
26.7449,4672,Vehicle,TX_Throughput,10560,0
26.7449,4672,Vehicle,TX_ObjectCount,2,0
26.7462,6781,RSU,TX_Throughput,30480,0
26.7462,6781,RSU,TX_ObjectCount,10,0
26.7464,1018,RSU,ChannelLoad,0.10744,0
26.7464,1018,RSU,ChannelLoad,0.10744,0
26.7471,3776,RSU,ChannelLoad,0.08824,0
26.7471,3776,RSU,ChannelLoad,0.08824,0
26.7488,1906,RSU,ChannelLoad,0.14368,0
26.7488,1906,RSU,ChannelLoad,0.14368,0
26.7488,4745,Vehicle,ChannelLoad,0.06728,0
26.7488,4745,Vehicle,ChannelLoad,0.06728,0
26.7488,4745,Vehicle,TX_Throughput,7760,0
26.7488,4745,Vehicle,TX_ObjectCount,1,0
26.7492,3850,RSU,ChannelLoad,0.06928,0
26.7492,3850,RSU,ChannelLoad,0.06928,0
26.7496,8786,Vehicle,ChannelLoad,0.14672,0
26.7496,8786,Vehicle,ChannelLoad,0.14672,0
26.7496,8786,Vehicle,TX_Throughput,4560,0
26.7496,8786,Vehicle,TX_ObjectCount,0,0
26.7507,6859,Vehicle,ChannelLoad,0.05032,0
26.7507,6859,Vehicle,ChannelLoad,0.05032,0
26.7507,6859,Vehicle,TX_Throughput,16160,0
26.7507,6859,Vehicle,TX_ObjectCount,4,0
26.7512,3926,Vehicle,ChannelLoad,0.0292,0
26.7512,3926,Vehicle,ChannelLoad,0.0292,0
26.7512,3926,Vehicle,TX_Throughput,10560,0
26.7512,3926,Vehicle,TX_ObjectCount,2,0
26.7527,8859,RSU,ChannelLoad,0.11584,0
26.7527,8859,RSU,ChannelLoad,0.11584,0
26.7528,4818,RSU,ChannelLoad,0.08648,0
26.7528,4818,RSU,ChannelLoad,0.08648,0
26.7531,5958,Vehicle,ChannelLoad,0.08664,0
26.7531,5958,Vehicle,ChannelLoad,0.08664,0
26.7531,5958,Vehicle,TX_Throughput,16160,0
26.7531,5958,Vehicle,TX_ObjectCount,4,0
26.7548,2211,RSU,TX_Throughput,22080,0
26.7548,2211,RSU,TX_ObjectCount,7,0
26.7561,4818,RSU,TX_Throughput,24880,0
26.7561,4818,RSU,TX_ObjectCount,8,0
26.7561,6932,RSU,ChannelLoad,0.0772,0
26.7561,6932,RSU,ChannelLoad,0.0772,0
26.7582,2805,Vehicle,ChannelLoad,0.04808,0
26.7582,2805,Vehicle,ChannelLoad,0.04808,0
26.7582,2805,Vehicle,TX_Throughput,10560,0
26.7582,2805,Vehicle,TX_ObjectCount,2,0
26.7586,7006,Vehicle,ChannelLoad,0.09216,0
26.7586,7006,Vehicle,ChannelLoad,0.09216,0
26.7586,7006,Vehicle,TX_Throughput,10560,0
26.7586,7006,Vehicle,TX_ObjectCount,2,0
26.759,1094,Vehicle,ChannelLoad,0.04664,0
26.759,1094,Vehicle,ChannelLoad,0.04664,0
26.759,1094,Vehicle,TX_Throughput,10560,0
26.759,1094,Vehicle,TX_ObjectCount,2,0
26.7594,2878,Vehicle,ChannelLoad,0.08512,0
26.7594,2878,Vehicle,ChannelLoad,0.08512,0
26.7594,2878,Vehicle,TX_Throughput,4560,0
26.7594,2878,Vehicle,TX_ObjectCount,0,0
26.7609,3328,RSU,TX_Throughput,19280,0
26.7609,3328,RSU,TX_ObjectCount,6,0
26.7613,1167,Vehicle,ChannelLoad,0.08384,0
26.7613,1167,Vehicle,ChannelLoad,0.08384,0
26.7613,1167,Vehicle,TX_Throughput,10560,0
26.7613,1167,Vehicle,TX_ObjectCount,2,0
26.7615,4001,Vehicle,ChannelLoad,0.09456,0
26.7615,4001,Vehicle,ChannelLoad,0.09456,0
26.7615,4001,Vehicle,TX_Throughput,13360,0
26.7615,4001,Vehicle,TX_ObjectCount,3,0
26.762,6634,RSU,TX_Throughput,16480,0
26.762,6634,RSU,TX_ObjectCount,5,0
26.7622,8937,RSU,ChannelLoad,0.1296,0
26.7622,8937,RSU,ChannelLoad,0.1296,0
26.7623,3850,RSU,TX_Throughput,8080,0
26.7623,3850,RSU,TX_ObjectCount,2,0
26.7637,9011,Vehicle,ChannelLoad,0.09608,0
26.7637,9011,Vehicle,ChannelLoad,0.09608,0
26.7637,9011,Vehicle,TX_Throughput,10560,0
26.7637,9011,Vehicle,TX_ObjectCount,2,0
26.7637,2953,Vehicle,ChannelLoad,0.09072,0
26.7637,2953,Vehicle,ChannelLoad,0.09072,0
26.7637,2953,Vehicle,TX_Throughput,16160,0
26.7637,2953,Vehicle,TX_ObjectCount,4,0
26.7643,8192,RSU,TX_Throughput,22080,0
26.7643,8192,RSU,TX_ObjectCount,7,0
26.7647,1984,RSU,ChannelLoad,0.07,0
26.7647,1984,RSU,ChannelLoad,0.07,0
26.7649,1240,RSU,ChannelLoad,0.06864,0
26.7649,1240,RSU,ChannelLoad,0.06864,0
26.7651,7969,Vehicle,ChannelLoad,0.08368,0
26.7651,7969,Vehicle,ChannelLoad,0.08368,0
26.7651,7969,Vehicle,TX_Throughput,4560,0
26.7651,7969,Vehicle,TX_ObjectCount,0,0
26.7654,2058,Vehicle,ChannelLoad,0.07768,0
26.7654,2058,Vehicle,ChannelLoad,0.07768,0
26.7654,2058,Vehicle,TX_Throughput,13360,0
26.7654,2058,Vehicle,TX_ObjectCount,3,0
26.7663,4074,Vehicle,ChannelLoad,0.0692,0
26.7663,4074,Vehicle,ChannelLoad,0.0692,0
26.7663,4074,Vehicle,TX_Throughput,10560,0
26.7663,4074,Vehicle,TX_ObjectCount,2,0
26.7674,6037,Vehicle,ChannelLoad,0.07808,0
26.7674,6037,Vehicle,ChannelLoad,0.07808,0
26.7674,6037,Vehicle,TX_Throughput,7760,0
26.7674,6037,Vehicle,TX_ObjectCount,1,0
26.7687,4147,Vehicle,ChannelLoad,0.11552,0
26.7687,4147,Vehicle,ChannelLoad,0.11552,0
26.7687,4147,Vehicle,TX_Throughput,7760,0
26.7687,4147,Vehicle,TX_ObjectCount,1,0
26.7696,4900,RSU,ChannelLoad,0.10336,0
26.7696,4900,RSU,ChannelLoad,0.10336,0
26.7698,3030,RSU,ChannelLoad,0.08384,0
26.7698,3030,RSU,ChannelLoad,0.08384,0
26.77,2131,RSU,ChannelLoad,0.16376,0
26.77,2131,RSU,ChannelLoad,0.16376,0
26.7701,8044,Vehicle,ChannelLoad,0.096,0
26.7701,8044,Vehicle,ChannelLoad,0.096,0
26.7701,8044,Vehicle,TX_Throughput,7760,0
26.7701,8044,Vehicle,TX_ObjectCount,1,0
26.7702,4974,Vehicle,ChannelLoad,0.06984,0
26.7702,4974,Vehicle,ChannelLoad,0.06984,0
26.7702,4974,Vehicle,TX_Throughput,13360,0
26.7702,4974,Vehicle,TX_ObjectCount,3,0
26.7706,6110,Vehicle,ChannelLoad,0.09272,0
26.7706,6110,Vehicle,ChannelLoad,0.09272,0
26.7706,6110,Vehicle,TX_Throughput,13360,0
26.7706,6110,Vehicle,TX_ObjectCount,3,0
26.7709,1314,Vehicle,ChannelLoad,0.07376,0
26.7709,1314,Vehicle,ChannelLoad,0.07376,0
26.7709,1314,Vehicle,TX_Throughput,7760,0
26.7709,1314,Vehicle,TX_ObjectCount,1,0
26.771,270,Vehicle,ChannelLoad,0.0756,0
26.771,270,Vehicle,ChannelLoad,0.0756,0
26.771,270,Vehicle,TX_Throughput,27360,0
26.771,270,Vehicle,TX_ObjectCount,8,0
26.7719,9086,Vehicle,ChannelLoad,0.07384,0
26.7719,9086,Vehicle,ChannelLoad,0.07384,0
26.7719,9086,Vehicle,TX_Throughput,13360,0
26.7719,9086,Vehicle,TX_ObjectCount,3,0
26.7723,5047,RSU,ChannelLoad,0.13536,0
26.7723,5047,RSU,ChannelLoad,0.13536,0
26.7731,1759,RSU,TX_Throughput,24880,0
26.7731,1759,RSU,TX_ObjectCount,8,0
26.7736,4222,Vehicle,ChannelLoad,0.05056,0
26.7736,4222,Vehicle,ChannelLoad,0.05056,0
26.7736,4222,Vehicle,TX_Throughput,10560,0
26.7736,4222,Vehicle,TX_ObjectCount,2,0
26.7744,3552,RSU,TX_Throughput,19280,0
26.7744,3552,RSU,TX_ObjectCount,6,0
26.7762,5123,RSU,ChannelLoad,0.092,0
26.7762,5123,RSU,ChannelLoad,0.092,0
26.7774,8937,RSU,TX_Throughput,13680,0
26.7774,8937,RSU,TX_ObjectCount,4,0
26.7777,4297,Vehicle,ChannelLoad,0.10968,0
26.7777,4297,Vehicle,ChannelLoad,0.10968,0
26.7777,4297,Vehicle,TX_Throughput,7760,0
26.7777,4297,Vehicle,TX_ObjectCount,1,0
26.7778,6187,RSU,ChannelLoad,0.14448,0
26.7778,6187,RSU,ChannelLoad,0.14448,0
26.7782,8117,Vehicle,ChannelLoad,0.07824,0
26.7782,8117,Vehicle,ChannelLoad,0.07824,0
26.7782,8117,Vehicle,TX_Throughput,18960,0
26.7782,8117,Vehicle,TX_ObjectCount,5,0
26.7783,7083,Vehicle,ChannelLoad,0.05704,0
26.7783,7083,Vehicle,ChannelLoad,0.05704,0
26.7783,7083,Vehicle,TX_Throughput,10560,0
26.7783,7083,Vehicle,TX_ObjectCount,2,0
26.7786,9163,Vehicle,ChannelLoad,0.09696,0
26.7786,9163,Vehicle,ChannelLoad,0.09696,0
26.7786,9163,Vehicle,TX_Throughput,13360,0
26.7786,9163,Vehicle,TX_ObjectCount,3,0
26.7791,3030,RSU,TX_Throughput,10880,0
26.7791,3030,RSU,TX_ObjectCount,3,0
26.7796,9236,Vehicle,ChannelLoad,0.06376,0
26.7796,9236,Vehicle,ChannelLoad,0.06376,0
26.7796,9236,Vehicle,TX_Throughput,13360,0
26.7796,9236,Vehicle,TX_ObjectCount,3,0
26.7799,1906,RSU,TX_Throughput,19280,0
26.7799,1906,RSU,TX_ObjectCount,6,0
26.78,4370,Vehicle,ChannelLoad,0.08808,0
26.78,4370,Vehicle,ChannelLoad,0.08808,0
26.78,4370,Vehicle,TX_Throughput,10560,0
26.78,4370,Vehicle,TX_ObjectCount,2,0
26.7801,6263,RSU,ChannelLoad,0.08112,0
26.7801,6263,RSU,ChannelLoad,0.08112,0
26.7805,7156,Vehicle,ChannelLoad,0.06336,0
26.7805,7156,Vehicle,ChannelLoad,0.06336,0
26.7805,7156,Vehicle,TX_Throughput,16160,0
26.7805,7156,Vehicle,TX_ObjectCount,4,0
26.7814,1387,RSU,TX_Throughput,24880,0
26.7814,1387,RSU,TX_ObjectCount,8,0
26.7816,1240,RSU,TX_Throughput,16480,0
26.7816,1240,RSU,TX_ObjectCount,5,0
26.7817,1018,RSU,TX_Throughput,44480,0
26.7817,1018,RSU,TX_ObjectCount,15,0
26.7819,5197,Vehicle,ChannelLoad,0.07712,0
26.7819,5197,Vehicle,ChannelLoad,0.07712,0
26.7819,5197,Vehicle,TX_Throughput,10560,0
26.7819,5197,Vehicle,TX_ObjectCount,2,0
26.782,5270,Vehicle,ChannelLoad,0.07688,0
26.782,5270,Vehicle,ChannelLoad,0.07688,0
26.782,5270,Vehicle,TX_Throughput,13360,0
26.782,5270,Vehicle,TX_ObjectCount,3,0
26.7831,343,Vehicle,ChannelLoad,0.08016,0
26.7831,343,Vehicle,ChannelLoad,0.08016,0
26.7831,343,Vehicle,TX_Throughput,18960,0
26.7831,343,Vehicle,TX_ObjectCount,5,0
26.7832,1387,RSU,ChannelLoad,0.11072,0
26.7832,1387,RSU,ChannelLoad,0.11072,0
26.7838,8859,RSU,TX_Throughput,22080,0
26.7838,8859,RSU,TX_ObjectCount,7,0
26.7855,6187,RSU,TX_Throughput,22080,0
26.7855,6187,RSU,TX_ObjectCount,7,0
26.7865,3108,Vehicle,ChannelLoad,0.076,0
26.7865,3108,Vehicle,ChannelLoad,0.076,0
26.7865,3108,Vehicle,TX_Throughput,7760,0
26.7865,3108,Vehicle,TX_ObjectCount,1,0
26.7865,5343,RSU,ChannelLoad,0.11568,0
26.7865,5343,RSU,ChannelLoad,0.11568,0
26.7871,416,Vehicle,ChannelLoad,0.08048,0
26.7871,416,Vehicle,ChannelLoad,0.08048,0
26.7871,416,Vehicle,TX_Throughput,16160,0
26.7871,416,Vehicle,TX_ObjectCount,4,0
26.7883,5123,RSU,TX_Throughput,19280,0
26.7883,5123,RSU,TX_ObjectCount,6,0
26.7884,9309,Vehicle,ChannelLoad,0.09272,0
26.7884,9309,Vehicle,ChannelLoad,0.09272,0
26.7884,9309,Vehicle,TX_Throughput,18960,0
26.7884,9309,Vehicle,TX_ObjectCount,5,0
26.7885,2211,RSU,ChannelLoad,0.12808,0
26.7885,2211,RSU,ChannelLoad,0.12808,0
26.7894,2285,RSU,ChannelLoad,0.086,0
26.7894,2285,RSU,ChannelLoad,0.086,0
26.7916,8192,RSU,ChannelLoad,0.08008,0
26.7916,8192,RSU,ChannelLoad,0.08008,0
26.7917,7229,Vehicle,ChannelLoad,0.05576,0
26.7917,7229,Vehicle,ChannelLoad,0.05576,0
26.7917,7229,Vehicle,TX_Throughput,13360,0
26.7917,7229,Vehicle,TX_ObjectCount,3,0
26.792,5417,RSU,ChannelLoad,0.11456,0
26.792,5417,RSU,ChannelLoad,0.11456,0
26.7925,6341,Vehicle,ChannelLoad,0.064,0
26.7925,6341,Vehicle,ChannelLoad,0.064,0
26.7925,6341,Vehicle,TX_Throughput,13360,0
26.7925,6341,Vehicle,TX_ObjectCount,3,0
26.7928,3181,Vehicle,ChannelLoad,0.0884,0
26.7928,3181,Vehicle,ChannelLoad,0.0884,0
26.7928,3181,Vehicle,TX_Throughput,13360,0
26.7928,3181,Vehicle,TX_ObjectCount,3,0
26.7928,5872,RSU,TX_Throughput,10880,0
26.7928,5872,RSU,TX_ObjectCount,3,0
26.7939,489,Vehicle,ChannelLoad,0.06144,0
26.7939,489,Vehicle,ChannelLoad,0.06144,0
26.7939,489,Vehicle,TX_Throughput,7760,0
26.7939,489,Vehicle,TX_ObjectCount,1,0
26.7955,5047,RSU,TX_Throughput,36080,0
26.7955,5047,RSU,TX_ObjectCount,12,0
26.796,8268,RSU,ChannelLoad,0.102,0
26.796,8268,RSU,ChannelLoad,0.102,0
26.7961,3254,RSU,ChannelLoad,0.11344,0
26.7961,3254,RSU,ChannelLoad,0.11344,0
26.7961,562,Vehicle,ChannelLoad,0.05656,0
26.7961,562,Vehicle,ChannelLoad,0.05656,0
26.7961,562,Vehicle,TX_Throughput,7760,0
26.7961,562,Vehicle,TX_ObjectCount,1,0
26.7961,2359,Vehicle,ChannelLoad,0.06928,0
26.7961,2359,Vehicle,ChannelLoad,0.06928,0
26.7961,2359,Vehicle,TX_Throughput,7760,0
26.7961,2359,Vehicle,TX_ObjectCount,1,0
26.7966,1463,Vehicle,ChannelLoad,0.05352,0
26.7966,1463,Vehicle,ChannelLoad,0.05352,0
26.7966,1463,Vehicle,TX_Throughput,13360,0
26.7966,1463,Vehicle,TX_ObjectCount,3,0
26.7975,2432,Vehicle,ChannelLoad,0.01984,0
26.7975,2432,Vehicle,ChannelLoad,0.01984,0
26.7975,2432,Vehicle,TX_Throughput,4560,0
26.7975,2432,Vehicle,TX_ObjectCount,0,0
26.7976,6414,Vehicle,ChannelLoad,0.10904,0
26.7976,6414,Vehicle,ChannelLoad,0.10904,0
26.7976,6414,Vehicle,TX_Throughput,10560,0
26.7976,6414,Vehicle,TX_ObjectCount,2,0
26.7978,3328,RSU,ChannelLoad,0.07264,0
26.7978,3328,RSU,ChannelLoad,0.07264,0
26.7992,7302,Vehicle,ChannelLoad,0.0668,0
26.7992,7302,Vehicle,ChannelLoad,0.0668,0
26.7992,7302,Vehicle,TX_Throughput,7760,0
26.7992,7302,Vehicle,TX_ObjectCount,1,0
26.8004,7523,RSU,TX_Throughput,27680,0
26.8004,7523,RSU,TX_ObjectCount,9,0
26.8009,7375,Vehicle,ChannelLoad,0.04912,0
26.8009,7375,Vehicle,ChannelLoad,0.04912,0
26.8009,7375,Vehicle,TX_Throughput,7760,0
26.8009,7375,Vehicle,TX_ObjectCount,1,0
26.802,639,Vehicle,ChannelLoad,0.05936,0
26.802,639,Vehicle,ChannelLoad,0.05936,0
26.802,639,Vehicle,TX_Throughput,7760,0
26.802,639,Vehicle,TX_ObjectCount,1,0
26.8023,8342,Vehicle,ChannelLoad,0.0828,0
26.8023,8342,Vehicle,ChannelLoad,0.0828,0
26.8023,8342,Vehicle,TX_Throughput,4560,0
26.8023,8342,Vehicle,TX_ObjectCount,0,0
26.8037,6487,RSU,ChannelLoad,0.07608,0
26.8037,6487,RSU,ChannelLoad,0.07608,0
26.8045,7745,RSU,TX_Throughput,19280,0
26.8045,7745,RSU,TX_ObjectCount,6,0
26.8047,29,RSU,ChannelLoad,0.10464,0
26.8047,29,RSU,ChannelLoad,0.10464,0
26.8048,5495,Vehicle,ChannelLoad,0.05392,0
26.8048,5495,Vehicle,ChannelLoad,0.05392,0
26.8048,5495,Vehicle,TX_Throughput,10560,0
26.8048,5495,Vehicle,TX_ObjectCount,2,0
26.8052,5417,RSU,TX_Throughput,33280,0
26.8052,5417,RSU,TX_ObjectCount,11,0
26.8059,712,Vehicle,ChannelLoad,0.09936,0
26.8059,712,Vehicle,ChannelLoad,0.09936,0
26.8059,712,Vehicle,TX_Throughput,7760,0
26.8059,712,Vehicle,TX_ObjectCount,1,0
26.8078,5568,Vehicle,ChannelLoad,0.06064,0
26.8078,5568,Vehicle,ChannelLoad,0.06064,0
26.8078,5568,Vehicle,TX_Throughput,24560,0
26.8078,5568,Vehicle,TX_ObjectCount,7,0
26.8089,6932,RSU,TX_Throughput,10880,0
26.8089,6932,RSU,TX_ObjectCount,3,0
26.809,4445,Vehicle,ChannelLoad,0.08896,0
26.809,4445,Vehicle,ChannelLoad,0.08896,0
26.809,4445,Vehicle,TX_Throughput,18960,0
26.809,4445,Vehicle,TX_ObjectCount,5,0
26.8103,5343,RSU,TX_Throughput,36080,0
26.8103,5343,RSU,TX_ObjectCount,12,0
26.8104,1538,Vehicle,ChannelLoad,0.03072,0
26.8104,1538,Vehicle,ChannelLoad,0.03072,0
26.8104,1538,Vehicle,TX_Throughput,13360,0
26.8104,1538,Vehicle,TX_ObjectCount,3,0
26.8121,5641,Vehicle,ChannelLoad,0.04784,0
26.8121,5641,Vehicle,ChannelLoad,0.04784,0
26.8121,5641,Vehicle,TX_Throughput,10560,0
26.8121,5641,Vehicle,TX_ObjectCount,2,0
26.8123,2285,RSU,TX_Throughput,27680,0
26.8123,2285,RSU,TX_ObjectCount,9,0
26.8131,5714,Vehicle,ChannelLoad,0.08456,0
26.8131,5714,Vehicle,ChannelLoad,0.08456,0
26.8131,5714,Vehicle,TX_Throughput,4560,0
26.8131,5714,Vehicle,TX_ObjectCount,0,0
26.8144,3404,Vehicle,ChannelLoad,0.08064,0
26.8144,3404,Vehicle,ChannelLoad,0.08064,0
26.8144,3404,Vehicle,TX_Throughput,13360,0
26.8144,3404,Vehicle,TX_ObjectCount,3,0
26.8151,6487,RSU,TX_Throughput,22080,0
26.8151,6487,RSU,TX_ObjectCount,7,0
26.8152,6561,Vehicle,ChannelLoad,0.07008,0
26.8152,6561,Vehicle,ChannelLoad,0.07008,0
26.8152,6561,Vehicle,TX_Throughput,10560,0
26.8152,6561,Vehicle,TX_ObjectCount,2,0
26.8163,6634,RSU,ChannelLoad,0.0604,0
26.8163,6634,RSU,ChannelLoad,0.0604,0
26.8166,1611,Vehicle,ChannelLoad,0.04984,0
26.8166,1611,Vehicle,ChannelLoad,0.04984,0
26.8166,1611,Vehicle,TX_Throughput,4560,0
26.8166,1611,Vehicle,TX_ObjectCount,0,0
26.8166,182,RSU,TX_Throughput,38880,0
26.8166,182,RSU,TX_ObjectCount,13,0
26.8167,8417,Vehicle,ChannelLoad,0.05248,0
26.8167,8417,Vehicle,ChannelLoad,0.05248,0
26.8167,8417,Vehicle,TX_Throughput,4560,0
26.8167,8417,Vehicle,TX_ObjectCount,0,0
26.8168,1684,Vehicle,ChannelLoad,0.10848,0
26.8168,1684,Vehicle,ChannelLoad,0.10848,0
26.8168,1684,Vehicle,TX_Throughput,4560,0
26.8168,1684,Vehicle,TX_ObjectCount,0,0
26.8172,2507,Vehicle,ChannelLoad,0.05024,0
26.8172,2507,Vehicle,ChannelLoad,0.05024,0
26.8172,2507,Vehicle,TX_Throughput,18960,0
26.8172,2507,Vehicle,TX_ObjectCount,5,0
26.818,8268,RSU,TX_Throughput,30480,0
26.818,8268,RSU,TX_ObjectCount,10,0
26.8182,8490,Vehicle,ChannelLoad,0.06392,0
26.8182,8490,Vehicle,ChannelLoad,0.06392,0
26.8182,8490,Vehicle,TX_Throughput,7760,0
26.8182,8490,Vehicle,TX_ObjectCount,1,0
26.8183,787,Vehicle,ChannelLoad,0.05616,0
26.8183,787,Vehicle,ChannelLoad,0.05616,0
26.8183,787,Vehicle,TX_Throughput,4560,0
26.8183,787,Vehicle,TX_ObjectCount,0,0
26.8186,2582,Vehicle,ChannelLoad,0.07744,0
26.8186,2582,Vehicle,ChannelLoad,0.07744,0
26.8186,2582,Vehicle,TX_Throughput,7760,0
26.8186,2582,Vehicle,TX_ObjectCount,1,0
26.8188,107,Vehicle,ChannelLoad,0.0772,0
26.8188,107,Vehicle,ChannelLoad,0.0772,0
26.8188,107,Vehicle,TX_Throughput,10560,0
26.8188,107,Vehicle,TX_ObjectCount,2,0
26.8201,182,RSU,ChannelLoad,0.09248,0
26.8201,182,RSU,ChannelLoad,0.09248,0
26.8206,6708,Vehicle,ChannelLoad,0.09264,0
26.8206,6708,Vehicle,ChannelLoad,0.09264,0
26.8206,6708,Vehicle,TX_Throughput,13360,0
26.8206,6708,Vehicle,TX_ObjectCount,3,0
26.821,7450,Vehicle,ChannelLoad,0.07408,0
26.821,7450,Vehicle,ChannelLoad,0.07408,0
26.821,7450,Vehicle,TX_Throughput,10560,0
26.821,7450,Vehicle,TX_ObjectCount,2,0
26.8212,8563,Vehicle,ChannelLoad,0.09416,0
26.8212,8563,Vehicle,ChannelLoad,0.09416,0
26.8212,8563,Vehicle,TX_Throughput,13360,0
26.8212,8563,Vehicle,TX_ObjectCount,3,0
26.8218,4522,Vehicle,ChannelLoad,0.102,0
26.8218,4522,Vehicle,ChannelLoad,0.102,0
26.8218,4522,Vehicle,TX_Throughput,10560,0
26.8218,4522,Vehicle,TX_ObjectCount,2,0
26.8231,1759,RSU,ChannelLoad,0.06056,0
26.8231,1759,RSU,ChannelLoad,0.06056,0
26.8237,3479,Vehicle,ChannelLoad,0.0928,0
26.8237,3479,Vehicle,ChannelLoad,0.0928,0
26.8237,3479,Vehicle,TX_Throughput,24560,0
26.8237,3479,Vehicle,TX_ObjectCount,7,0
26.8256,8636,Vehicle,ChannelLoad,0.09224,0
26.8256,8636,Vehicle,ChannelLoad,0.09224,0
26.8256,8636,Vehicle,TX_Throughput,13360,0
26.8256,8636,Vehicle,TX_ObjectCount,3,0
26.8275,6263,RSU,TX_Throughput,19280,0
26.8275,6263,RSU,TX_ObjectCount,6,0
26.8289,4597,Vehicle,ChannelLoad,0.10272,0
26.8289,4597,Vehicle,ChannelLoad,0.10272,0
26.8289,4597,Vehicle,TX_Throughput,7760,0
26.8289,4597,Vehicle,TX_ObjectCount,1,0
26.8289,7523,RSU,ChannelLoad,0.1176,0
26.8289,7523,RSU,ChannelLoad,0.1176,0
26.8299,3254,RSU,TX_Throughput,24880,0
26.8299,3254,RSU,TX_ObjectCount,8,0
26.8318,866,Vehicle,ChannelLoad,0.13192,0
26.8318,866,Vehicle,ChannelLoad,0.13192,0
26.8318,866,Vehicle,TX_Throughput,13360,0
26.8318,866,Vehicle,TX_ObjectCount,3,0
26.8328,1984,RSU,TX_Throughput,22080,0
26.8328,1984,RSU,TX_ObjectCount,7,0
26.8332,3776,RSU,TX_Throughput,19280,0
26.8332,3776,RSU,TX_ObjectCount,6,0
26.8333,3552,RSU,ChannelLoad,0.07824,0
26.8333,3552,RSU,ChannelLoad,0.07824,0
26.8343,5797,Vehicle,ChannelLoad,0.07528,0
26.8343,5797,Vehicle,ChannelLoad,0.07528,0
26.8343,5797,Vehicle,TX_Throughput,7760,0
26.8343,5797,Vehicle,TX_ObjectCount,1,0
26.8344,29,RSU,TX_Throughput,38880,0
26.8344,29,RSU,TX_ObjectCount,13,0
26.8352,6781,RSU,ChannelLoad,0.09184,0
26.8352,6781,RSU,ChannelLoad,0.09184,0
26.837,3626,Vehicle,ChannelLoad,0.07448,0
26.837,3626,Vehicle,ChannelLoad,0.07448,0
26.837,3626,Vehicle,TX_Throughput,21760,0
26.837,3626,Vehicle,TX_ObjectCount,6,0
26.8374,2659,Vehicle,ChannelLoad,0.06704,0
26.8374,2659,Vehicle,ChannelLoad,0.06704,0
26.8374,2659,Vehicle,TX_Throughput,18960,0
26.8374,2659,Vehicle,TX_ObjectCount,5,0
26.8376,3699,Vehicle,ChannelLoad,0.03496,0
26.8376,3699,Vehicle,ChannelLoad,0.03496,0
26.8376,3699,Vehicle,TX_Throughput,4560,0
26.8376,3699,Vehicle,TX_ObjectCount,0,0
26.8379,7672,Vehicle,ChannelLoad,0.05728,0
26.8379,7672,Vehicle,ChannelLoad,0.05728,0
26.8379,7672,Vehicle,TX_Throughput,10560,0
26.8379,7672,Vehicle,TX_ObjectCount,2,0
26.838,2732,Vehicle,ChannelLoad,0.03024,0
26.838,2732,Vehicle,ChannelLoad,0.03024,0
26.838,2732,Vehicle,TX_Throughput,10560,0
26.838,2732,Vehicle,TX_ObjectCount,2,0
26.8389,5872,RSU,ChannelLoad,0.09896,0
26.8389,5872,RSU,ChannelLoad,0.09896,0
26.8396,2131,RSU,TX_Throughput,36080,0
26.8396,2131,RSU,TX_ObjectCount,12,0
26.8404,943,Vehicle,ChannelLoad,0.05904,0
26.8404,943,Vehicle,ChannelLoad,0.05904,0
26.8404,943,Vehicle,TX_Throughput,7760,0
26.8404,943,Vehicle,TX_ObjectCount,1,0
26.8414,7745,RSU,ChannelLoad,0.08224,0
26.8414,7745,RSU,ChannelLoad,0.08224,0
26.8423,7819,Vehicle,ChannelLoad,0.07728,0
26.8423,7819,Vehicle,ChannelLoad,0.07728,0
26.8423,7819,Vehicle,TX_Throughput,4560,0
26.8423,7819,Vehicle,TX_ObjectCount,0,0
26.8434,4900,RSU,TX_Throughput,30480,0
26.8434,4900,RSU,TX_ObjectCount,10,0
26.8437,8711,Vehicle,ChannelLoad,0.04776,0
26.8437,8711,Vehicle,ChannelLoad,0.04776,0
26.8437,8711,Vehicle,TX_Throughput,7760,0
26.8437,8711,Vehicle,TX_ObjectCount,1,0
26.8444,1833,Vehicle,ChannelLoad,0.08704,0
26.8444,1833,Vehicle,ChannelLoad,0.08704,0
26.8444,1833,Vehicle,TX_Throughput,16160,0
26.8444,1833,Vehicle,TX_ObjectCount,4,0
26.8449,4672,Vehicle,ChannelLoad,0.08976,0
26.8449,4672,Vehicle,ChannelLoad,0.08976,0
26.8449,4672,Vehicle,TX_Throughput,10560,0
26.8449,4672,Vehicle,TX_ObjectCount,2,0
26.8462,6781,RSU,TX_Throughput,30480,0
26.8462,6781,RSU,TX_ObjectCount,10,0
26.8464,1018,RSU,ChannelLoad,0.12208,0
26.8464,1018,RSU,ChannelLoad,0.12208,0
26.8471,3776,RSU,ChannelLoad,0.08376,0
26.8471,3776,RSU,ChannelLoad,0.08376,0
26.8488,1906,RSU,ChannelLoad,0.14064,0
26.8488,1906,RSU,ChannelLoad,0.14064,0
26.8488,4745,Vehicle,ChannelLoad,0.06784,0
26.8488,4745,Vehicle,ChannelLoad,0.06784,0
26.8488,4745,Vehicle,TX_Throughput,7760,0
26.8488,4745,Vehicle,TX_ObjectCount,1,0
26.8492,3850,RSU,ChannelLoad,0.05216,0
26.8492,3850,RSU,ChannelLoad,0.05216,0
26.8496,8786,Vehicle,ChannelLoad,0.13288,0
26.8496,8786,Vehicle,ChannelLoad,0.13288,0
26.8496,8786,Vehicle,TX_Throughput,4560,0
26.8496,8786,Vehicle,TX_ObjectCount,0,0
26.8507,6859,Vehicle,ChannelLoad,0.05888,0
26.8507,6859,Vehicle,ChannelLoad,0.05888,0
26.8507,6859,Vehicle,TX_Throughput,16160,0
26.8507,6859,Vehicle,TX_ObjectCount,4,0
26.8512,3926,Vehicle,ChannelLoad,0.02976,0
26.8512,3926,Vehicle,ChannelLoad,0.02976,0
26.8512,3926,Vehicle,TX_Throughput,10560,0
26.8512,3926,Vehicle,TX_ObjectCount,2,0
26.8527,8859,RSU,ChannelLoad,0.08088,0
26.8527,8859,RSU,ChannelLoad,0.08088,0
26.8528,4818,RSU,ChannelLoad,0.10184,0
26.8528,4818,RSU,ChannelLoad,0.10184,0
26.8531,5958,Vehicle,ChannelLoad,0.07888,0
26.8531,5958,Vehicle,ChannelLoad,0.07888,0
26.8531,5958,Vehicle,TX_Throughput,16160,0
26.8531,5958,Vehicle,TX_ObjectCount,4,0
26.8548,2211,RSU,TX_Throughput,22080,0
26.8548,2211,RSU,TX_ObjectCount,7,0
26.8561,4818,RSU,TX_Throughput,24880,0
26.8561,4818,RSU,TX_ObjectCount,8,0
26.8561,6932,RSU,ChannelLoad,0.07376,0
26.8561,6932,RSU,ChannelLoad,0.07376,0
26.8582,2805,Vehicle,ChannelLoad,0.05008,0
26.8582,2805,Vehicle,ChannelLoad,0.05008,0
26.8582,2805,Vehicle,TX_Throughput,10560,0
26.8582,2805,Vehicle,TX_ObjectCount,2,0
26.8586,7006,Vehicle,ChannelLoad,0.0728,0
26.8586,7006,Vehicle,ChannelLoad,0.0728,0
26.8586,7006,Vehicle,TX_Throughput,10560,0
26.8586,7006,Vehicle,TX_ObjectCount,2,0
26.859,1094,Vehicle,ChannelLoad,0.03648,0
26.859,1094,Vehicle,ChannelLoad,0.03648,0
26.859,1094,Vehicle,TX_Throughput,10560,0
26.859,1094,Vehicle,TX_ObjectCount,2,0
26.8594,2878,Vehicle,ChannelLoad,0.06352,0
26.8594,2878,Vehicle,ChannelLoad,0.06352,0
26.8594,2878,Vehicle,TX_Throughput,4560,0
26.8594,2878,Vehicle,TX_ObjectCount,0,0
26.8609,3328,RSU,TX_Throughput,22080,0
26.8609,3328,RSU,TX_ObjectCount,7,0
26.8613,1167,Vehicle,ChannelLoad,0.08776,0
26.8613,1167,Vehicle,ChannelLoad,0.08776,0
26.8613,1167,Vehicle,TX_Throughput,10560,0
26.8613,1167,Vehicle,TX_ObjectCount,2,0
26.8615,4001,Vehicle,ChannelLoad,0.07656,0
26.8615,4001,Vehicle,ChannelLoad,0.07656,0
26.8615,4001,Vehicle,TX_Throughput,13360,0
26.8615,4001,Vehicle,TX_ObjectCount,3,0
26.862,6634,RSU,TX_Throughput,16480,0
26.862,6634,RSU,TX_ObjectCount,5,0
26.8622,8937,RSU,ChannelLoad,0.106,0
26.8622,8937,RSU,ChannelLoad,0.106,0
26.8623,3850,RSU,TX_Throughput,8080,0
26.8623,3850,RSU,TX_ObjectCount,2,0
26.8637,9011,Vehicle,ChannelLoad,0.0792,0
26.8637,9011,Vehicle,ChannelLoad,0.0792,0
26.8637,9011,Vehicle,TX_Throughput,10560,0
26.8637,9011,Vehicle,TX_ObjectCount,2,0
26.8637,2953,Vehicle,ChannelLoad,0.07864,0
26.8637,2953,Vehicle,ChannelLoad,0.07864,0
26.8637,2953,Vehicle,TX_Throughput,18960,0
26.8637,2953,Vehicle,TX_ObjectCount,5,0
26.8643,8192,RSU,TX_Throughput,22080,0
26.8643,8192,RSU,TX_ObjectCount,7,0
26.8647,1984,RSU,ChannelLoad,0.06048,0
26.8647,1984,RSU,ChannelLoad,0.06048,0
26.8649,1240,RSU,ChannelLoad,0.05656,0
26.8649,1240,RSU,ChannelLoad,0.05656,0
26.8651,7969,Vehicle,ChannelLoad,0.04784,0
26.8651,7969,Vehicle,ChannelLoad,0.04784,0
26.8651,7969,Vehicle,TX_Throughput,4560,0
26.8651,7969,Vehicle,TX_ObjectCount,0,0
26.8654,2058,Vehicle,ChannelLoad,0.05968,0
26.8654,2058,Vehicle,ChannelLoad,0.05968,0
26.8654,2058,Vehicle,TX_Throughput,13360,0
26.8654,2058,Vehicle,TX_ObjectCount,3,0
26.8663,4074,Vehicle,ChannelLoad,0.07584,0
26.8663,4074,Vehicle,ChannelLoad,0.07584,0
26.8663,4074,Vehicle,TX_Throughput,10560,0
26.8663,4074,Vehicle,TX_ObjectCount,2,0
26.8674,6037,Vehicle,ChannelLoad,0.07864,0
26.8674,6037,Vehicle,ChannelLoad,0.07864,0
26.8674,6037,Vehicle,TX_Throughput,10560,0
26.8674,6037,Vehicle,TX_ObjectCount,2,0
26.8687,4147,Vehicle,ChannelLoad,0.10312,0
26.8687,4147,Vehicle,ChannelLoad,0.10312,0
26.8687,4147,Vehicle,TX_Throughput,7760,0
26.8687,4147,Vehicle,TX_ObjectCount,1,0
26.8696,4900,RSU,ChannelLoad,0.10848,0
26.8696,4900,RSU,ChannelLoad,0.10848,0
26.8698,3030,RSU,ChannelLoad,0.09232,0
26.8698,3030,RSU,ChannelLoad,0.09232,0
26.87,2131,RSU,ChannelLoad,0.12872,0
26.87,2131,RSU,ChannelLoad,0.12872,0
26.8701,8044,Vehicle,ChannelLoad,0.0724,0
26.8701,8044,Vehicle,ChannelLoad,0.0724,0
26.8701,8044,Vehicle,TX_Throughput,7760,0
26.8701,8044,Vehicle,TX_ObjectCount,1,0
26.8702,4974,Vehicle,ChannelLoad,0.06712,0
26.8702,4974,Vehicle,ChannelLoad,0.06712,0
26.8702,4974,Vehicle,TX_Throughput,13360,0
26.8702,4974,Vehicle,TX_ObjectCount,3,0
26.8706,6110,Vehicle,ChannelLoad,0.07144,0
26.8706,6110,Vehicle,ChannelLoad,0.07144,0
26.8706,6110,Vehicle,TX_Throughput,13360,0
26.8706,6110,Vehicle,TX_ObjectCount,3,0
26.8709,1314,Vehicle,ChannelLoad,0.07208,0
26.8709,1314,Vehicle,ChannelLoad,0.07208,0
26.8709,1314,Vehicle,TX_Throughput,7760,0
26.8709,1314,Vehicle,TX_ObjectCount,1,0
26.871,270,Vehicle,ChannelLoad,0.05784,0
26.871,270,Vehicle,ChannelLoad,0.05784,0
26.871,270,Vehicle,TX_Throughput,27360,0
26.871,270,Vehicle,TX_ObjectCount,8,0
26.8719,9086,Vehicle,ChannelLoad,0.05552,0
26.8719,9086,Vehicle,ChannelLoad,0.05552,0
26.8719,9086,Vehicle,TX_Throughput,13360,0
26.8719,9086,Vehicle,TX_ObjectCount,3,0
26.8723,5047,RSU,ChannelLoad,0.13912,0
26.8723,5047,RSU,ChannelLoad,0.13912,0
26.8731,1759,RSU,TX_Throughput,24880,0
26.8731,1759,RSU,TX_ObjectCount,8,0
26.8736,4222,Vehicle,ChannelLoad,0.0344,0
26.8736,4222,Vehicle,ChannelLoad,0.0344,0
26.8736,4222,Vehicle,TX_Throughput,10560,0
26.8736,4222,Vehicle,TX_ObjectCount,2,0
26.8744,3552,RSU,TX_Throughput,19280,0
26.8744,3552,RSU,TX_ObjectCount,6,0
26.8762,5123,RSU,ChannelLoad,0.08976,0
26.8762,5123,RSU,ChannelLoad,0.08976,0
26.8774,8937,RSU,TX_Throughput,16480,0
26.8774,8937,RSU,TX_ObjectCount,5,0
26.8777,4297,Vehicle,ChannelLoad,0.0928,0
26.8777,4297,Vehicle,ChannelLoad,0.0928,0
26.8777,4297,Vehicle,TX_Throughput,7760,0
26.8777,4297,Vehicle,TX_ObjectCount,1,0
26.8778,6187,RSU,ChannelLoad,0.14544,0
26.8778,6187,RSU,ChannelLoad,0.14544,0
26.8782,8117,Vehicle,ChannelLoad,0.07288,0
26.8782,8117,Vehicle,ChannelLoad,0.07288,0
26.8782,8117,Vehicle,TX_Throughput,18960,0
26.8782,8117,Vehicle,TX_ObjectCount,5,0
26.8783,7083,Vehicle,ChannelLoad,0.06176,0
26.8783,7083,Vehicle,ChannelLoad,0.06176,0
26.8783,7083,Vehicle,TX_Throughput,10560,0
26.8783,7083,Vehicle,TX_ObjectCount,2,0
26.8786,9163,Vehicle,ChannelLoad,0.09504,0
26.8786,9163,Vehicle,ChannelLoad,0.09504,0
26.8786,9163,Vehicle,TX_Throughput,13360,0
26.8786,9163,Vehicle,TX_ObjectCount,3,0
26.8791,3030,RSU,TX_Throughput,10880,0
26.8791,3030,RSU,TX_ObjectCount,3,0
26.8796,9236,Vehicle,ChannelLoad,0.05992,0
26.8796,9236,Vehicle,ChannelLoad,0.05992,0
26.8796,9236,Vehicle,TX_Throughput,10560,0
26.8796,9236,Vehicle,TX_ObjectCount,2,0
26.8799,1906,RSU,TX_Throughput,19280,0
26.8799,1906,RSU,TX_ObjectCount,6,0
26.88,4370,Vehicle,ChannelLoad,0.0772,0
26.88,4370,Vehicle,ChannelLoad,0.0772,0
26.88,4370,Vehicle,TX_Throughput,7760,0
26.88,4370,Vehicle,TX_ObjectCount,1,0
26.8801,6263,RSU,ChannelLoad,0.07104,0
26.8801,6263,RSU,ChannelLoad,0.07104,0
26.8805,7156,Vehicle,ChannelLoad,0.05936,0
26.8805,7156,Vehicle,ChannelLoad,0.05936,0
26.8805,7156,Vehicle,TX_Throughput,16160,0
26.8805,7156,Vehicle,TX_ObjectCount,4,0
26.8814,1387,RSU,TX_Throughput,27680,0
26.8814,1387,RSU,TX_ObjectCount,9,0
26.8816,1240,RSU,TX_Throughput,16480,0
26.8816,1240,RSU,TX_ObjectCount,5,0
26.8817,1018,RSU,TX_Throughput,47280,0
26.8817,1018,RSU,TX_ObjectCount,16,0
26.8819,5197,Vehicle,ChannelLoad,0.07032,0
26.8819,5197,Vehicle,ChannelLoad,0.07032,0
26.8819,5197,Vehicle,TX_Throughput,13360,0
26.8819,5197,Vehicle,TX_ObjectCount,3,0
26.882,5270,Vehicle,ChannelLoad,0.07304,0
26.882,5270,Vehicle,ChannelLoad,0.07304,0
26.882,5270,Vehicle,TX_Throughput,10560,0
26.882,5270,Vehicle,TX_ObjectCount,2,0
26.8831,343,Vehicle,ChannelLoad,0.09352,0
26.8831,343,Vehicle,ChannelLoad,0.09352,0
26.8831,343,Vehicle,TX_Throughput,13360,0
26.8831,343,Vehicle,TX_ObjectCount,3,0
26.8832,1387,RSU,ChannelLoad,0.11584,0
26.8832,1387,RSU,ChannelLoad,0.11584,0
26.8838,8859,RSU,TX_Throughput,22080,0
26.8838,8859,RSU,TX_ObjectCount,7,0
26.8855,6187,RSU,TX_Throughput,19280,0
26.8855,6187,RSU,TX_ObjectCount,6,0
26.8865,3108,Vehicle,ChannelLoad,0.082,0
26.8865,3108,Vehicle,ChannelLoad,0.082,0
26.8865,3108,Vehicle,TX_Throughput,7760,0
26.8865,3108,Vehicle,TX_ObjectCount,1,0
26.8865,5343,RSU,ChannelLoad,0.1176,0
26.8865,5343,RSU,ChannelLoad,0.1176,0
26.8871,416,Vehicle,ChannelLoad,0.0808,0
26.8871,416,Vehicle,ChannelLoad,0.0808,0
26.8871,416,Vehicle,TX_Throughput,18960,0
26.8871,416,Vehicle,TX_ObjectCount,5,0
26.8883,5123,RSU,TX_Throughput,19280,0
26.8883,5123,RSU,TX_ObjectCount,6,0
26.8884,9309,Vehicle,ChannelLoad,0.08768,0
26.8884,9309,Vehicle,ChannelLoad,0.08768,0
26.8884,9309,Vehicle,TX_Throughput,21760,0
26.8884,9309,Vehicle,TX_ObjectCount,6,0
26.8885,2211,RSU,ChannelLoad,0.10144,0
26.8885,2211,RSU,ChannelLoad,0.10144,0
26.8894,2285,RSU,ChannelLoad,0.08784,0
26.8894,2285,RSU,ChannelLoad,0.08784,0
26.8916,8192,RSU,ChannelLoad,0.07896,0
26.8916,8192,RSU,ChannelLoad,0.07896,0
26.8917,7229,Vehicle,ChannelLoad,0.06032,0
26.8917,7229,Vehicle,ChannelLoad,0.06032,0
26.8917,7229,Vehicle,TX_Throughput,13360,0
26.8917,7229,Vehicle,TX_ObjectCount,3,0
26.892,5417,RSU,ChannelLoad,0.1124,0
26.892,5417,RSU,ChannelLoad,0.1124,0
26.8925,6341,Vehicle,ChannelLoad,0.06608,0
26.8925,6341,Vehicle,ChannelLoad,0.06608,0
26.8925,6341,Vehicle,TX_Throughput,13360,0
26.8925,6341,Vehicle,TX_ObjectCount,3,0
26.8928,3181,Vehicle,ChannelLoad,0.07464,0
26.8928,3181,Vehicle,ChannelLoad,0.07464,0
26.8928,3181,Vehicle,TX_Throughput,13360,0
26.8928,3181,Vehicle,TX_ObjectCount,3,0
26.8928,5872,RSU,TX_Throughput,10880,0
26.8928,5872,RSU,TX_ObjectCount,3,0
26.8939,489,Vehicle,ChannelLoad,0.05536,0
26.8939,489,Vehicle,ChannelLoad,0.05536,0
26.8939,489,Vehicle,TX_Throughput,7760,0
26.8939,489,Vehicle,TX_ObjectCount,1,0
26.8955,5047,RSU,TX_Throughput,36080,0
26.8955,5047,RSU,TX_ObjectCount,12,0
26.896,8268,RSU,ChannelLoad,0.10128,0
26.896,8268,RSU,ChannelLoad,0.10128,0
26.8961,3254,RSU,ChannelLoad,0.13304,0
26.8961,3254,RSU,ChannelLoad,0.13304,0
26.8961,562,Vehicle,ChannelLoad,0.05528,0
26.8961,562,Vehicle,ChannelLoad,0.05528,0
26.8961,562,Vehicle,TX_Throughput,7760,0
26.8961,562,Vehicle,TX_ObjectCount,1,0
26.8961,2359,Vehicle,ChannelLoad,0.07416,0
26.8961,2359,Vehicle,ChannelLoad,0.07416,0
26.8961,2359,Vehicle,TX_Throughput,7760,0
26.8961,2359,Vehicle,TX_ObjectCount,1,0
26.8966,1463,Vehicle,ChannelLoad,0.0548,0
26.8966,1463,Vehicle,ChannelLoad,0.0548,0
26.8966,1463,Vehicle,TX_Throughput,13360,0
26.8966,1463,Vehicle,TX_ObjectCount,3,0
26.8975,2432,Vehicle,ChannelLoad,0.0224,0
26.8975,2432,Vehicle,ChannelLoad,0.0224,0
26.8975,2432,Vehicle,TX_Throughput,4560,0
26.8975,2432,Vehicle,TX_ObjectCount,0,0
26.8976,6414,Vehicle,ChannelLoad,0.09616,0
26.8976,6414,Vehicle,ChannelLoad,0.09616,0
26.8976,6414,Vehicle,TX_Throughput,10560,0
26.8976,6414,Vehicle,TX_ObjectCount,2,0
26.8978,3328,RSU,ChannelLoad,0.06656,0
26.8978,3328,RSU,ChannelLoad,0.06656,0
26.8992,7302,Vehicle,ChannelLoad,0.0444,0
26.8992,7302,Vehicle,ChannelLoad,0.0444,0
26.8992,7302,Vehicle,TX_Throughput,7760,0
26.8992,7302,Vehicle,TX_ObjectCount,1,0
26.9004,7523,RSU,TX_Throughput,27680,0
26.9004,7523,RSU,TX_ObjectCount,9,0
26.9009,7375,Vehicle,ChannelLoad,0.05232,0
26.9009,7375,Vehicle,ChannelLoad,0.05232,0
26.9009,7375,Vehicle,TX_Throughput,7760,0
26.9009,7375,Vehicle,TX_ObjectCount,1,0
26.902,639,Vehicle,ChannelLoad,0.06944,0
26.902,639,Vehicle,ChannelLoad,0.06944,0
26.902,639,Vehicle,TX_Throughput,7760,0
26.902,639,Vehicle,TX_ObjectCount,1,0
26.9023,8342,Vehicle,ChannelLoad,0.06904,0
26.9023,8342,Vehicle,ChannelLoad,0.06904,0
26.9023,8342,Vehicle,TX_Throughput,10560,0
26.9023,8342,Vehicle,TX_ObjectCount,2,0
26.9037,6487,RSU,ChannelLoad,0.09288,0
26.9037,6487,RSU,ChannelLoad,0.09288,0
26.9045,7745,RSU,TX_Throughput,19280,0
26.9045,7745,RSU,TX_ObjectCount,6,0
26.9047,29,RSU,ChannelLoad,0.10544,0
26.9047,29,RSU,ChannelLoad,0.10544,0
26.9048,5495,Vehicle,ChannelLoad,0.06072,0
26.9048,5495,Vehicle,ChannelLoad,0.06072,0
26.9048,5495,Vehicle,TX_Throughput,10560,0
26.9048,5495,Vehicle,TX_ObjectCount,2,0
26.9052,5417,RSU,TX_Throughput,33280,0
26.9052,5417,RSU,TX_ObjectCount,11,0
26.9059,712,Vehicle,ChannelLoad,0.10864,0
26.9059,712,Vehicle,ChannelLoad,0.10864,0
26.9059,712,Vehicle,TX_Throughput,7760,0
26.9059,712,Vehicle,TX_ObjectCount,1,0
26.9078,5568,Vehicle,ChannelLoad,0.0752,0
26.9078,5568,Vehicle,ChannelLoad,0.0752,0
26.9078,5568,Vehicle,TX_Throughput,24560,0
26.9078,5568,Vehicle,TX_ObjectCount,7,0
26.9089,6932,RSU,TX_Throughput,10880,0
26.9089,6932,RSU,TX_ObjectCount,3,0
26.909,4445,Vehicle,ChannelLoad,0.07584,0
26.909,4445,Vehicle,ChannelLoad,0.07584,0
26.909,4445,Vehicle,TX_Throughput,16160,0
26.909,4445,Vehicle,TX_ObjectCount,4,0
26.9103,5343,RSU,TX_Throughput,36080,0
26.9103,5343,RSU,TX_ObjectCount,12,0
26.9104,1538,Vehicle,ChannelLoad,0.03944,0
26.9104,1538,Vehicle,ChannelLoad,0.03944,0
26.9104,1538,Vehicle,TX_Throughput,13360,0
26.9104,1538,Vehicle,TX_ObjectCount,3,0
26.9121,5641,Vehicle,ChannelLoad,0.04232,0
26.9121,5641,Vehicle,ChannelLoad,0.04232,0
26.9121,5641,Vehicle,TX_Throughput,10560,0
26.9121,5641,Vehicle,TX_ObjectCount,2,0
26.9123,2285,RSU,TX_Throughput,30480,0
26.9123,2285,RSU,TX_ObjectCount,10,0
26.9131,5714,Vehicle,ChannelLoad,0.08272,0
26.9131,5714,Vehicle,ChannelLoad,0.08272,0
26.9131,5714,Vehicle,TX_Throughput,4560,0
26.9131,5714,Vehicle,TX_ObjectCount,0,0
26.9144,3404,Vehicle,ChannelLoad,0.09184,0
26.9144,3404,Vehicle,ChannelLoad,0.09184,0
26.9144,3404,Vehicle,TX_Throughput,13360,0
26.9144,3404,Vehicle,TX_ObjectCount,3,0
26.9151,6487,RSU,TX_Throughput,22080,0
26.9151,6487,RSU,TX_ObjectCount,7,0
26.9152,6561,Vehicle,ChannelLoad,0.08136,0
26.9152,6561,Vehicle,ChannelLoad,0.08136,0
26.9152,6561,Vehicle,TX_Throughput,10560,0
26.9152,6561,Vehicle,TX_ObjectCount,2,0
26.9163,6634,RSU,ChannelLoad,0.0572,0
26.9163,6634,RSU,ChannelLoad,0.0572,0
26.9166,1611,Vehicle,ChannelLoad,0.0492,0
26.9166,1611,Vehicle,ChannelLoad,0.0492,0
26.9166,1611,Vehicle,TX_Throughput,4560,0
26.9166,1611,Vehicle,TX_ObjectCount,0,0
26.9166,182,RSU,TX_Throughput,36080,0
26.9166,182,RSU,TX_ObjectCount,12,0
26.9167,8417,Vehicle,ChannelLoad,0.06616,0
26.9167,8417,Vehicle,ChannelLoad,0.06616,0
26.9167,8417,Vehicle,TX_Throughput,4560,0
26.9167,8417,Vehicle,TX_ObjectCount,0,0
26.9168,1684,Vehicle,ChannelLoad,0.11824,0
26.9168,1684,Vehicle,ChannelLoad,0.11824,0
26.9168,1684,Vehicle,TX_Throughput,4560,0
26.9168,1684,Vehicle,TX_ObjectCount,0,0
26.9172,2507,Vehicle,ChannelLoad,0.05944,0
26.9172,2507,Vehicle,ChannelLoad,0.05944,0
26.9172,2507,Vehicle,TX_Throughput,18960,0
26.9172,2507,Vehicle,TX_ObjectCount,5,0
26.918,8268,RSU,TX_Throughput,30480,0
26.918,8268,RSU,TX_ObjectCount,10,0
26.9182,8490,Vehicle,ChannelLoad,0.07504,0
26.9182,8490,Vehicle,ChannelLoad,0.07504,0
26.9182,8490,Vehicle,TX_Throughput,7760,0
26.9182,8490,Vehicle,TX_ObjectCount,1,0
26.9183,787,Vehicle,ChannelLoad,0.06216,0
26.9183,787,Vehicle,ChannelLoad,0.06216,0
26.9183,787,Vehicle,TX_Throughput,4560,0
26.9183,787,Vehicle,TX_ObjectCount,0,0
26.9186,2582,Vehicle,ChannelLoad,0.0616,0
26.9186,2582,Vehicle,ChannelLoad,0.0616,0
26.9186,2582,Vehicle,TX_Throughput,7760,0
26.9186,2582,Vehicle,TX_ObjectCount,1,0
26.9188,107,Vehicle,ChannelLoad,0.07936,0
26.9188,107,Vehicle,ChannelLoad,0.07936,0
26.9188,107,Vehicle,TX_Throughput,10560,0
26.9188,107,Vehicle,TX_ObjectCount,2,0
26.9201,182,RSU,ChannelLoad,0.10152,0
26.9201,182,RSU,ChannelLoad,0.10152,0
26.9206,6708,Vehicle,ChannelLoad,0.09032,0
26.9206,6708,Vehicle,ChannelLoad,0.09032,0
26.9206,6708,Vehicle,TX_Throughput,10560,0
26.9206,6708,Vehicle,TX_ObjectCount,2,0
26.921,7450,Vehicle,ChannelLoad,0.076,0
26.921,7450,Vehicle,ChannelLoad,0.076,0
26.921,7450,Vehicle,TX_Throughput,10560,0
26.921,7450,Vehicle,TX_ObjectCount,2,0
26.9212,8563,Vehicle,ChannelLoad,0.09184,0
26.9212,8563,Vehicle,ChannelLoad,0.09184,0
26.9212,8563,Vehicle,TX_Throughput,13360,0
26.9212,8563,Vehicle,TX_ObjectCount,3,0
26.9218,4522,Vehicle,ChannelLoad,0.09576,0
26.9218,4522,Vehicle,ChannelLoad,0.09576,0
26.9218,4522,Vehicle,TX_Throughput,10560,0
26.9218,4522,Vehicle,TX_ObjectCount,2,0
26.9231,1759,RSU,ChannelLoad,0.06288,0
26.9231,1759,RSU,ChannelLoad,0.06288,0
26.9237,3479,Vehicle,ChannelLoad,0.07928,0
26.9237,3479,Vehicle,ChannelLoad,0.07928,0
26.9237,3479,Vehicle,TX_Throughput,21760,0
26.9237,3479,Vehicle,TX_ObjectCount,6,0
26.9256,8636,Vehicle,ChannelLoad,0.09672,0
26.9256,8636,Vehicle,ChannelLoad,0.09672,0
26.9256,8636,Vehicle,TX_Throughput,13360,0
26.9256,8636,Vehicle,TX_ObjectCount,3,0
26.9275,6263,RSU,TX_Throughput,19280,0
26.9275,6263,RSU,TX_ObjectCount,6,0
26.9289,4597,Vehicle,ChannelLoad,0.08416,0
26.9289,4597,Vehicle,ChannelLoad,0.08416,0
26.9289,4597,Vehicle,TX_Throughput,7760,0
26.9289,4597,Vehicle,TX_ObjectCount,1,0
26.9289,7523,RSU,ChannelLoad,0.12768,0
26.9289,7523,RSU,ChannelLoad,0.12768,0
26.9299,3254,RSU,TX_Throughput,27680,0
26.9299,3254,RSU,TX_ObjectCount,9,0
26.9318,866,Vehicle,ChannelLoad,0.13464,0
26.9318,866,Vehicle,ChannelLoad,0.13464,0
26.9318,866,Vehicle,TX_Throughput,13360,0
26.9318,866,Vehicle,TX_ObjectCount,3,0
26.9328,1984,RSU,TX_Throughput,22080,0
26.9328,1984,RSU,TX_ObjectCount,7,0
26.9332,3776,RSU,TX_Throughput,19280,0
26.9332,3776,RSU,TX_ObjectCount,6,0
26.9333,3552,RSU,ChannelLoad,0.0808,0
26.9333,3552,RSU,ChannelLoad,0.0808,0
26.9343,5797,Vehicle,ChannelLoad,0.08704,0
26.9343,5797,Vehicle,ChannelLoad,0.08704,0
26.9343,5797,Vehicle,TX_Throughput,7760,0
26.9343,5797,Vehicle,TX_ObjectCount,1,0
26.9344,29,RSU,TX_Throughput,36080,0
26.9344,29,RSU,TX_ObjectCount,12,0
26.9352,6781,RSU,ChannelLoad,0.08096,0
26.9352,6781,RSU,ChannelLoad,0.08096,0
26.937,3626,Vehicle,ChannelLoad,0.0868,0
26.937,3626,Vehicle,ChannelLoad,0.0868,0
26.937,3626,Vehicle,TX_Throughput,21760,0
26.937,3626,Vehicle,TX_ObjectCount,6,0
26.9374,2659,Vehicle,ChannelLoad,0.05608,0
26.9374,2659,Vehicle,ChannelLoad,0.05608,0
26.9374,2659,Vehicle,TX_Throughput,16160,0
26.9374,2659,Vehicle,TX_ObjectCount,4,0
26.9376,3699,Vehicle,ChannelLoad,0.03576,0
26.9376,3699,Vehicle,ChannelLoad,0.03576,0
26.9376,3699,Vehicle,TX_Throughput,4560,0
26.9376,3699,Vehicle,TX_ObjectCount,0,0
26.9379,7672,Vehicle,ChannelLoad,0.05192,0
26.9379,7672,Vehicle,ChannelLoad,0.05192,0
26.9379,7672,Vehicle,TX_Throughput,10560,0
26.9379,7672,Vehicle,TX_ObjectCount,2,0
26.938,2732,Vehicle,ChannelLoad,0.03928,0
26.938,2732,Vehicle,ChannelLoad,0.03928,0
26.938,2732,Vehicle,TX_Throughput,10560,0
26.938,2732,Vehicle,TX_ObjectCount,2,0
26.9389,5872,RSU,ChannelLoad,0.0964,0
26.9389,5872,RSU,ChannelLoad,0.0964,0
26.9396,2131,RSU,TX_Throughput,33280,0
26.9396,2131,RSU,TX_ObjectCount,11,0
26.9404,943,Vehicle,ChannelLoad,0.0604,0
26.9404,943,Vehicle,ChannelLoad,0.0604,0
26.9404,943,Vehicle,TX_Throughput,7760,0
26.9404,943,Vehicle,TX_ObjectCount,1,0
26.9414,7745,RSU,ChannelLoad,0.08616,0
26.9414,7745,RSU,ChannelLoad,0.08616,0
26.9423,7819,Vehicle,ChannelLoad,0.0816,0
26.9423,7819,Vehicle,ChannelLoad,0.0816,0
26.9423,7819,Vehicle,TX_Throughput,4560,0
26.9423,7819,Vehicle,TX_ObjectCount,0,0
26.9434,4900,RSU,TX_Throughput,30480,0
26.9434,4900,RSU,TX_ObjectCount,10,0
26.9437,8711,Vehicle,ChannelLoad,0.04152,0
26.9437,8711,Vehicle,ChannelLoad,0.04152,0
26.9437,8711,Vehicle,TX_Throughput,7760,0
26.9437,8711,Vehicle,TX_ObjectCount,1,0
26.9444,1833,Vehicle,ChannelLoad,0.07896,0
26.9444,1833,Vehicle,ChannelLoad,0.07896,0
26.9444,1833,Vehicle,TX_Throughput,16160,0
26.9444,1833,Vehicle,TX_ObjectCount,4,0
26.9449,4672,Vehicle,ChannelLoad,0.09232,0
26.9449,4672,Vehicle,ChannelLoad,0.09232,0
26.9449,4672,Vehicle,TX_Throughput,10560,0
26.9449,4672,Vehicle,TX_ObjectCount,2,0
26.9462,6781,RSU,TX_Throughput,30480,0
26.9462,6781,RSU,TX_ObjectCount,10,0
26.9464,1018,RSU,ChannelLoad,0.10832,0
26.9464,1018,RSU,ChannelLoad,0.10832,0
26.9471,3776,RSU,ChannelLoad,0.09096,0
26.9471,3776,RSU,ChannelLoad,0.09096,0
26.9488,1906,RSU,ChannelLoad,0.13744,0
26.9488,1906,RSU,ChannelLoad,0.13744,0
26.9488,4745,Vehicle,ChannelLoad,0.0736,0
26.9488,4745,Vehicle,ChannelLoad,0.0736,0
26.9488,4745,Vehicle,TX_Throughput,7760,0
26.9488,4745,Vehicle,TX_ObjectCount,1,0
26.9492,3850,RSU,ChannelLoad,0.06056,0
26.9492,3850,RSU,ChannelLoad,0.06056,0
26.9496,8786,Vehicle,ChannelLoad,0.14192,0
26.9496,8786,Vehicle,ChannelLoad,0.14192,0
26.9496,8786,Vehicle,TX_Throughput,4560,0
26.9496,8786,Vehicle,TX_ObjectCount,0,0
26.9507,6859,Vehicle,ChannelLoad,0.05736,0
26.9507,6859,Vehicle,ChannelLoad,0.05736,0
26.9507,6859,Vehicle,TX_Throughput,16160,0
26.9507,6859,Vehicle,TX_ObjectCount,4,0
26.9512,3926,Vehicle,ChannelLoad,0.02616,0
26.9512,3926,Vehicle,ChannelLoad,0.02616,0
26.9512,3926,Vehicle,TX_Throughput,10560,0
26.9512,3926,Vehicle,TX_ObjectCount,2,0
26.9527,8859,RSU,ChannelLoad,0.08672,0
26.9527,8859,RSU,ChannelLoad,0.08672,0
26.9528,4818,RSU,ChannelLoad,0.10456,0
26.9528,4818,RSU,ChannelLoad,0.10456,0
26.9531,5958,Vehicle,ChannelLoad,0.082,0
26.9531,5958,Vehicle,ChannelLoad,0.082,0
26.9531,5958,Vehicle,TX_Throughput,13360,0
26.9531,5958,Vehicle,TX_ObjectCount,3,0
26.9548,2211,RSU,TX_Throughput,19280,0
26.9548,2211,RSU,TX_ObjectCount,6,0
26.9561,4818,RSU,TX_Throughput,22080,0
26.9561,4818,RSU,TX_ObjectCount,7,0
26.9561,6932,RSU,ChannelLoad,0.07064,0
26.9561,6932,RSU,ChannelLoad,0.07064,0
26.9582,2805,Vehicle,ChannelLoad,0.04208,0
26.9582,2805,Vehicle,ChannelLoad,0.04208,0
26.9582,2805,Vehicle,TX_Throughput,10560,0
26.9582,2805,Vehicle,TX_ObjectCount,2,0
26.9586,7006,Vehicle,ChannelLoad,0.07752,0
26.9586,7006,Vehicle,ChannelLoad,0.07752,0
26.9586,7006,Vehicle,TX_Throughput,10560,0
26.9586,7006,Vehicle,TX_ObjectCount,2,0
26.959,1094,Vehicle,ChannelLoad,0.05664,0
26.959,1094,Vehicle,ChannelLoad,0.05664,0
26.959,1094,Vehicle,TX_Throughput,10560,0
26.959,1094,Vehicle,TX_ObjectCount,2,0
26.9594,2878,Vehicle,ChannelLoad,0.06704,0
26.9594,2878,Vehicle,ChannelLoad,0.06704,0
26.9594,2878,Vehicle,TX_Throughput,4560,0
26.9594,2878,Vehicle,TX_ObjectCount,0,0
26.9609,3328,RSU,TX_Throughput,22080,0
26.9609,3328,RSU,TX_ObjectCount,7,0
26.9613,1167,Vehicle,ChannelLoad,0.09552,0
26.9613,1167,Vehicle,ChannelLoad,0.09552,0
26.9613,1167,Vehicle,TX_Throughput,10560,0
26.9613,1167,Vehicle,TX_ObjectCount,2,0
26.9615,4001,Vehicle,ChannelLoad,0.08592,0
26.9615,4001,Vehicle,ChannelLoad,0.08592,0
26.9615,4001,Vehicle,TX_Throughput,13360,0
26.9615,4001,Vehicle,TX_ObjectCount,3,0
26.962,6634,RSU,TX_Throughput,16480,0
26.962,6634,RSU,TX_ObjectCount,5,0
26.9622,8937,RSU,ChannelLoad,0.11416,0
26.9622,8937,RSU,ChannelLoad,0.11416,0
26.9623,3850,RSU,TX_Throughput,8080,0
26.9623,3850,RSU,TX_ObjectCount,2,0
26.9637,9011,Vehicle,ChannelLoad,0.08168,0
26.9637,9011,Vehicle,ChannelLoad,0.08168,0
26.9637,9011,Vehicle,TX_Throughput,10560,0
26.9637,9011,Vehicle,TX_ObjectCount,2,0
26.9637,2953,Vehicle,ChannelLoad,0.09128,0
26.9637,2953,Vehicle,ChannelLoad,0.09128,0
26.9637,2953,Vehicle,TX_Throughput,18960,0
26.9637,2953,Vehicle,TX_ObjectCount,5,0
26.9643,8192,RSU,TX_Throughput,19280,0
26.9643,8192,RSU,TX_ObjectCount,6,0
26.9647,1984,RSU,ChannelLoad,0.0656,0
26.9647,1984,RSU,ChannelLoad,0.0656,0
26.9649,1240,RSU,ChannelLoad,0.06656,0
26.9649,1240,RSU,ChannelLoad,0.06656,0
26.9651,7969,Vehicle,ChannelLoad,0.0576,0
26.9651,7969,Vehicle,ChannelLoad,0.0576,0
26.9651,7969,Vehicle,TX_Throughput,4560,0
26.9651,7969,Vehicle,TX_ObjectCount,0,0
26.9654,2058,Vehicle,ChannelLoad,0.07896,0
26.9654,2058,Vehicle,ChannelLoad,0.07896,0
26.9654,2058,Vehicle,TX_Throughput,13360,0
26.9654,2058,Vehicle,TX_ObjectCount,3,0
26.9663,4074,Vehicle,ChannelLoad,0.07544,0
26.9663,4074,Vehicle,ChannelLoad,0.07544,0
26.9663,4074,Vehicle,TX_Throughput,10560,0
26.9663,4074,Vehicle,TX_ObjectCount,2,0
26.9674,6037,Vehicle,ChannelLoad,0.09568,0
26.9674,6037,Vehicle,ChannelLoad,0.09568,0
26.9674,6037,Vehicle,TX_Throughput,10560,0
26.9674,6037,Vehicle,TX_ObjectCount,2,0
26.9687,4147,Vehicle,ChannelLoad,0.1144,0
26.9687,4147,Vehicle,ChannelLoad,0.1144,0
26.9687,4147,Vehicle,TX_Throughput,7760,0
26.9687,4147,Vehicle,TX_ObjectCount,1,0
26.9696,4900,RSU,ChannelLoad,0.11648,0
26.9696,4900,RSU,ChannelLoad,0.11648,0
26.9698,3030,RSU,ChannelLoad,0.09392,0
26.9698,3030,RSU,ChannelLoad,0.09392,0
26.97,2131,RSU,ChannelLoad,0.15816,0
26.97,2131,RSU,ChannelLoad,0.15816,0
26.9701,8044,Vehicle,ChannelLoad,0.07968,0
26.9701,8044,Vehicle,ChannelLoad,0.07968,0
26.9701,8044,Vehicle,TX_Throughput,7760,0
26.9701,8044,Vehicle,TX_ObjectCount,1,0
26.9702,4974,Vehicle,ChannelLoad,0.08256,0
26.9702,4974,Vehicle,ChannelLoad,0.08256,0
26.9702,4974,Vehicle,TX_Throughput,13360,0
26.9702,4974,Vehicle,TX_ObjectCount,3,0
26.9706,6110,Vehicle,ChannelLoad,0.06824,0
26.9706,6110,Vehicle,ChannelLoad,0.06824,0
26.9706,6110,Vehicle,TX_Throughput,13360,0
26.9706,6110,Vehicle,TX_ObjectCount,3,0
26.9709,1314,Vehicle,ChannelLoad,0.06576,0
26.9709,1314,Vehicle,ChannelLoad,0.06576,0
26.9709,1314,Vehicle,TX_Throughput,7760,0
26.9709,1314,Vehicle,TX_ObjectCount,1,0
26.971,270,Vehicle,ChannelLoad,0.05144,0
26.971,270,Vehicle,ChannelLoad,0.05144,0
26.971,270,Vehicle,TX_Throughput,24560,0
26.971,270,Vehicle,TX_ObjectCount,7,0
26.9719,9086,Vehicle,ChannelLoad,0.05512,0
26.9719,9086,Vehicle,ChannelLoad,0.05512,0
26.9719,9086,Vehicle,TX_Throughput,13360,0
26.9719,9086,Vehicle,TX_ObjectCount,3,0
26.9723,5047,RSU,ChannelLoad,0.15704,0
26.9723,5047,RSU,ChannelLoad,0.15704,0
26.9731,1759,RSU,TX_Throughput,16480,0
26.9731,1759,RSU,TX_ObjectCount,5,0
26.9736,4222,Vehicle,ChannelLoad,0.0488,0
26.9736,4222,Vehicle,ChannelLoad,0.0488,0
26.9736,4222,Vehicle,TX_Throughput,10560,0
26.9736,4222,Vehicle,TX_ObjectCount,2,0
26.9744,3552,RSU,TX_Throughput,19280,0
26.9744,3552,RSU,TX_ObjectCount,6,0
26.9762,5123,RSU,ChannelLoad,0.09408,0
26.9762,5123,RSU,ChannelLoad,0.09408,0
26.9774,8937,RSU,TX_Throughput,16480,0
26.9774,8937,RSU,TX_ObjectCount,5,0
26.9777,4297,Vehicle,ChannelLoad,0.09944,0
26.9777,4297,Vehicle,ChannelLoad,0.09944,0
26.9777,4297,Vehicle,TX_Throughput,7760,0
26.9777,4297,Vehicle,TX_ObjectCount,1,0
26.9778,6187,RSU,ChannelLoad,0.12968,0
26.9778,6187,RSU,ChannelLoad,0.12968,0
26.9782,8117,Vehicle,ChannelLoad,0.07272,0
26.9782,8117,Vehicle,ChannelLoad,0.07272,0
26.9782,8117,Vehicle,TX_Throughput,18960,0
26.9782,8117,Vehicle,TX_ObjectCount,5,0
26.9783,7083,Vehicle,ChannelLoad,0.064,0
26.9783,7083,Vehicle,ChannelLoad,0.064,0
26.9783,7083,Vehicle,TX_Throughput,10560,0
26.9783,7083,Vehicle,TX_ObjectCount,2,0
26.9786,9163,Vehicle,ChannelLoad,0.09736,0
26.9786,9163,Vehicle,ChannelLoad,0.09736,0
26.9786,9163,Vehicle,TX_Throughput,13360,0
26.9786,9163,Vehicle,TX_ObjectCount,3,0
26.9791,3030,RSU,TX_Throughput,13680,0
26.9791,3030,RSU,TX_ObjectCount,4,0
26.9796,9236,Vehicle,ChannelLoad,0.05576,0
26.9796,9236,Vehicle,ChannelLoad,0.05576,0
26.9796,9236,Vehicle,TX_Throughput,10560,0
26.9796,9236,Vehicle,TX_ObjectCount,2,0
26.9799,1906,RSU,TX_Throughput,19280,0
26.9799,1906,RSU,TX_ObjectCount,6,0
26.98,4370,Vehicle,ChannelLoad,0.09856,0
26.98,4370,Vehicle,ChannelLoad,0.09856,0
26.98,4370,Vehicle,TX_Throughput,7760,0
26.98,4370,Vehicle,TX_ObjectCount,1,0
26.9801,6263,RSU,ChannelLoad,0.0804,0
26.9801,6263,RSU,ChannelLoad,0.0804,0
26.9805,7156,Vehicle,ChannelLoad,0.06192,0
26.9805,7156,Vehicle,ChannelLoad,0.06192,0
26.9805,7156,Vehicle,TX_Throughput,16160,0
26.9805,7156,Vehicle,TX_ObjectCount,4,0
26.9814,1387,RSU,TX_Throughput,27680,0
26.9814,1387,RSU,TX_ObjectCount,9,0
26.9816,1240,RSU,TX_Throughput,13680,0
26.9816,1240,RSU,TX_ObjectCount,4,0
26.9817,1018,RSU,TX_Throughput,47280,0
26.9817,1018,RSU,TX_ObjectCount,16,0
26.9819,5197,Vehicle,ChannelLoad,0.1256,0
26.9819,5197,Vehicle,ChannelLoad,0.1256,0
26.9819,5197,Vehicle,TX_Throughput,13360,0
26.9819,5197,Vehicle,TX_ObjectCount,3,0
26.982,5270,Vehicle,ChannelLoad,0.07104,0
26.982,5270,Vehicle,ChannelLoad,0.07104,0
26.982,5270,Vehicle,TX_Throughput,10560,0
26.982,5270,Vehicle,TX_ObjectCount,2,0
26.9831,343,Vehicle,ChannelLoad,0.07992,0
26.9831,343,Vehicle,ChannelLoad,0.07992,0
26.9831,343,Vehicle,TX_Throughput,13360,0
26.9831,343,Vehicle,TX_ObjectCount,3,0
26.9832,1387,RSU,ChannelLoad,0.12408,0
26.9832,1387,RSU,ChannelLoad,0.12408,0
26.9838,8859,RSU,TX_Throughput,16480,0
26.9838,8859,RSU,TX_ObjectCount,5,0
26.9855,6187,RSU,TX_Throughput,19280,0
26.9855,6187,RSU,TX_ObjectCount,6,0
26.9865,3108,Vehicle,ChannelLoad,0.07408,0
26.9865,3108,Vehicle,ChannelLoad,0.07408,0
26.9865,3108,Vehicle,TX_Throughput,7760,0
26.9865,3108,Vehicle,TX_ObjectCount,1,0
26.9865,5343,RSU,ChannelLoad,0.11024,0
26.9865,5343,RSU,ChannelLoad,0.11024,0
26.9871,416,Vehicle,ChannelLoad,0.09248,0
26.9871,416,Vehicle,ChannelLoad,0.09248,0
26.9871,416,Vehicle,TX_Throughput,18960,0
26.9871,416,Vehicle,TX_ObjectCount,5,0
26.9883,5123,RSU,TX_Throughput,16480,0
26.9883,5123,RSU,TX_ObjectCount,5,0
26.9884,9309,Vehicle,ChannelLoad,0.0784,0
26.9884,9309,Vehicle,ChannelLoad,0.0784,0
26.9884,9309,Vehicle,TX_Throughput,21760,0
26.9884,9309,Vehicle,TX_ObjectCount,6,0
26.9885,2211,RSU,ChannelLoad,0.11656,0
26.9885,2211,RSU,ChannelLoad,0.11656,0
26.9894,2285,RSU,ChannelLoad,0.106,0
26.9894,2285,RSU,ChannelLoad,0.106,0
26.9916,8192,RSU,ChannelLoad,0.09264,0
26.9916,8192,RSU,ChannelLoad,0.09264,0
26.9917,7229,Vehicle,ChannelLoad,0.0484,0
26.9917,7229,Vehicle,ChannelLoad,0.0484,0
26.9917,7229,Vehicle,TX_Throughput,13360,0
26.9917,7229,Vehicle,TX_ObjectCount,3,0
26.992,5417,RSU,ChannelLoad,0.12824,0
26.992,5417,RSU,ChannelLoad,0.12824,0
26.9925,6341,Vehicle,ChannelLoad,0.06184,0
26.9925,6341,Vehicle,ChannelLoad,0.06184,0
26.9925,6341,Vehicle,TX_Throughput,10560,0
26.9925,6341,Vehicle,TX_ObjectCount,2,0
26.9928,3181,Vehicle,ChannelLoad,0.09488,0
26.9928,3181,Vehicle,ChannelLoad,0.09488,0
26.9928,3181,Vehicle,TX_Throughput,13360,0
26.9928,3181,Vehicle,TX_ObjectCount,3,0
26.9928,5872,RSU,TX_Throughput,10880,0
26.9928,5872,RSU,TX_ObjectCount,3,0
26.9939,489,Vehicle,ChannelLoad,0.04984,0
26.9939,489,Vehicle,ChannelLoad,0.04984,0
26.9939,489,Vehicle,TX_Throughput,7760,0
26.9939,489,Vehicle,TX_ObjectCount,1,0
26.9955,5047,RSU,TX_Throughput,30480,0
26.9955,5047,RSU,TX_ObjectCount,10,0
26.996,8268,RSU,ChannelLoad,0.1036,0
26.996,8268,RSU,ChannelLoad,0.1036,0
26.9961,3254,RSU,ChannelLoad,0.12928,0
26.9961,3254,RSU,ChannelLoad,0.12928,0
26.9961,562,Vehicle,ChannelLoad,0.06624,0
26.9961,562,Vehicle,ChannelLoad,0.06624,0
26.9961,562,Vehicle,TX_Throughput,7760,0
26.9961,562,Vehicle,TX_ObjectCount,1,0
26.9961,2359,Vehicle,ChannelLoad,0.0688,0
26.9961,2359,Vehicle,ChannelLoad,0.0688,0
26.9961,2359,Vehicle,TX_Throughput,7760,0
26.9961,2359,Vehicle,TX_ObjectCount,1,0
26.9966,1463,Vehicle,ChannelLoad,0.04448,0
26.9966,1463,Vehicle,ChannelLoad,0.04448,0
26.9966,1463,Vehicle,TX_Throughput,13360,0
26.9966,1463,Vehicle,TX_ObjectCount,3,0
26.9975,2432,Vehicle,ChannelLoad,0.02176,0
26.9975,2432,Vehicle,ChannelLoad,0.02176,0
26.9975,2432,Vehicle,TX_Throughput,4560,0
26.9975,2432,Vehicle,TX_ObjectCount,0,0
26.9976,6414,Vehicle,ChannelLoad,0.10984,0
26.9976,6414,Vehicle,ChannelLoad,0.10984,0
26.9976,6414,Vehicle,TX_Throughput,10560,0
26.9976,6414,Vehicle,TX_ObjectCount,2,0
26.9978,3328,RSU,ChannelLoad,0.06976,0
26.9978,3328,RSU,ChannelLoad,0.06976,0
26.9992,7302,Vehicle,ChannelLoad,0.07232,0
26.9992,7302,Vehicle,ChannelLoad,0.07232,0
26.9992,7302,Vehicle,TX_Throughput,7760,0
26.9992,7302,Vehicle,TX_ObjectCount,1,0
27.0004,7523,RSU,TX_Throughput,30480,0
27.0004,7523,RSU,TX_ObjectCount,10,0
27.0009,7375,Vehicle,ChannelLoad,0.04768,0
27.0009,7375,Vehicle,ChannelLoad,0.04768,0
27.0009,7375,Vehicle,TX_Throughput,7760,0
27.0009,7375,Vehicle,TX_ObjectCount,1,0
27.002,639,Vehicle,ChannelLoad,0.07712,0
27.002,639,Vehicle,ChannelLoad,0.07712,0
27.002,639,Vehicle,TX_Throughput,7760,0
27.002,639,Vehicle,TX_ObjectCount,1,0
27.0023,8342,Vehicle,ChannelLoad,0.0868,0
27.0023,8342,Vehicle,ChannelLoad,0.0868,0
27.0023,8342,Vehicle,TX_Throughput,10560,0
27.0023,8342,Vehicle,TX_ObjectCount,2,0
27.0037,6487,RSU,ChannelLoad,0.084,0
27.0037,6487,RSU,ChannelLoad,0.084,0
27.0045,7745,RSU,TX_Throughput,22080,0
27.0045,7745,RSU,TX_ObjectCount,7,0
27.0047,29,RSU,ChannelLoad,0.08744,0
27.0047,29,RSU,ChannelLoad,0.08744,0
27.0048,5495,Vehicle,ChannelLoad,0.05976,0
27.0048,5495,Vehicle,ChannelLoad,0.05976,0
27.0048,5495,Vehicle,TX_Throughput,10560,0
27.0048,5495,Vehicle,TX_ObjectCount,2,0
27.0052,5417,RSU,TX_Throughput,33280,0
27.0052,5417,RSU,TX_ObjectCount,11,0
27.0059,712,Vehicle,ChannelLoad,0.10712,0
27.0059,712,Vehicle,ChannelLoad,0.10712,0
27.0059,712,Vehicle,TX_Throughput,10560,0
27.0059,712,Vehicle,TX_ObjectCount,2,0
27.0078,5568,Vehicle,ChannelLoad,0.06688,0
27.0078,5568,Vehicle,ChannelLoad,0.06688,0
27.0078,5568,Vehicle,TX_Throughput,24560,0
27.0078,5568,Vehicle,TX_ObjectCount,7,0
27.0089,6932,RSU,TX_Throughput,10880,0
27.0089,6932,RSU,TX_ObjectCount,3,0
27.009,4445,Vehicle,ChannelLoad,0.07776,0
27.009,4445,Vehicle,ChannelLoad,0.07776,0
27.009,4445,Vehicle,TX_Throughput,18960,0
27.009,4445,Vehicle,TX_ObjectCount,5,0
27.0103,5343,RSU,TX_Throughput,33280,0
27.0103,5343,RSU,TX_ObjectCount,11,0
27.0104,1538,Vehicle,ChannelLoad,0.0348,0
27.0104,1538,Vehicle,ChannelLoad,0.0348,0
27.0104,1538,Vehicle,TX_Throughput,13360,0
27.0104,1538,Vehicle,TX_ObjectCount,3,0
27.0121,5641,Vehicle,ChannelLoad,0.04328,0
27.0121,5641,Vehicle,ChannelLoad,0.04328,0
27.0121,5641,Vehicle,TX_Throughput,10560,0
27.0121,5641,Vehicle,TX_ObjectCount,2,0
27.0123,2285,RSU,TX_Throughput,27680,0
27.0123,2285,RSU,TX_ObjectCount,9,0
27.0131,5714,Vehicle,ChannelLoad,0.09952,0
27.0131,5714,Vehicle,ChannelLoad,0.09952,0
27.0131,5714,Vehicle,TX_Throughput,4560,0
27.0131,5714,Vehicle,TX_ObjectCount,0,0
27.0144,3404,Vehicle,ChannelLoad,0.06408,0
27.0144,3404,Vehicle,ChannelLoad,0.06408,0
27.0144,3404,Vehicle,TX_Throughput,13360,0
27.0144,3404,Vehicle,TX_ObjectCount,3,0
27.0151,6487,RSU,TX_Throughput,22080,0
27.0151,6487,RSU,TX_ObjectCount,7,0
27.0152,6561,Vehicle,ChannelLoad,0.06008,0
27.0152,6561,Vehicle,ChannelLoad,0.06008,0
27.0152,6561,Vehicle,TX_Throughput,10560,0
27.0152,6561,Vehicle,TX_ObjectCount,2,0
27.0163,6634,RSU,ChannelLoad,0.06904,0
27.0163,6634,RSU,ChannelLoad,0.06904,0
27.0166,1611,Vehicle,ChannelLoad,0.05544,0
27.0166,1611,Vehicle,ChannelLoad,0.05544,0
27.0166,1611,Vehicle,TX_Throughput,7760,0
27.0166,1611,Vehicle,TX_ObjectCount,1,0
27.0166,182,RSU,TX_Throughput,33280,0
27.0166,182,RSU,TX_ObjectCount,11,0
27.0167,8417,Vehicle,ChannelLoad,0.05528,0
27.0167,8417,Vehicle,ChannelLoad,0.05528,0
27.0167,8417,Vehicle,TX_Throughput,4560,0
27.0167,8417,Vehicle,TX_ObjectCount,0,0
27.0168,1684,Vehicle,ChannelLoad,0.1124,0
27.0168,1684,Vehicle,ChannelLoad,0.1124,0
27.0168,1684,Vehicle,TX_Throughput,4560,0
27.0168,1684,Vehicle,TX_ObjectCount,0,0
27.0172,2507,Vehicle,ChannelLoad,0.06184,0
27.0172,2507,Vehicle,ChannelLoad,0.06184,0
27.0172,2507,Vehicle,TX_Throughput,18960,0
27.0172,2507,Vehicle,TX_ObjectCount,5,0
27.018,8268,RSU,TX_Throughput,30480,0
27.018,8268,RSU,TX_ObjectCount,10,0
27.0182,8490,Vehicle,ChannelLoad,0.06272,0
27.0182,8490,Vehicle,ChannelLoad,0.06272,0
27.0182,8490,Vehicle,TX_Throughput,7760,0
27.0182,8490,Vehicle,TX_ObjectCount,1,0
27.0183,787,Vehicle,ChannelLoad,0.06872,0
27.0183,787,Vehicle,ChannelLoad,0.06872,0
27.0183,787,Vehicle,TX_Throughput,4560,0
27.0183,787,Vehicle,TX_ObjectCount,0,0
27.0186,2582,Vehicle,ChannelLoad,0.05392,0
27.0186,2582,Vehicle,ChannelLoad,0.05392,0
27.0186,2582,Vehicle,TX_Throughput,7760,0
27.0186,2582,Vehicle,TX_ObjectCount,1,0
27.0188,107,Vehicle,ChannelLoad,0.08504,0
27.0188,107,Vehicle,ChannelLoad,0.08504,0
27.0188,107,Vehicle,TX_Throughput,10560,0
27.0188,107,Vehicle,TX_ObjectCount,2,0
27.0201,182,RSU,ChannelLoad,0.08672,0
27.0201,182,RSU,ChannelLoad,0.08672,0
27.0206,6708,Vehicle,ChannelLoad,0.10032,0
27.0206,6708,Vehicle,ChannelLoad,0.10032,0
27.0206,6708,Vehicle,TX_Throughput,10560,0
27.0206,6708,Vehicle,TX_ObjectCount,2,0
27.021,7450,Vehicle,ChannelLoad,0.07032,0
27.021,7450,Vehicle,ChannelLoad,0.07032,0
27.021,7450,Vehicle,TX_Throughput,13360,0
27.021,7450,Vehicle,TX_ObjectCount,3,0
27.0212,8563,Vehicle,ChannelLoad,0.11552,0
27.0212,8563,Vehicle,ChannelLoad,0.11552,0
27.0212,8563,Vehicle,TX_Throughput,13360,0
27.0212,8563,Vehicle,TX_ObjectCount,3,0
27.0218,4522,Vehicle,ChannelLoad,0.08072,0
27.0218,4522,Vehicle,ChannelLoad,0.08072,0
27.0218,4522,Vehicle,TX_Throughput,10560,0
27.0218,4522,Vehicle,TX_ObjectCount,2,0
27.0231,1759,RSU,ChannelLoad,0.08008,0
27.0231,1759,RSU,ChannelLoad,0.08008,0
27.0237,3479,Vehicle,ChannelLoad,0.082,0
27.0237,3479,Vehicle,ChannelLoad,0.082,0
27.0237,3479,Vehicle,TX_Throughput,21760,0
27.0237,3479,Vehicle,TX_ObjectCount,6,0
27.0256,8636,Vehicle,ChannelLoad,0.08776,0
27.0256,8636,Vehicle,ChannelLoad,0.08776,0
27.0256,8636,Vehicle,TX_Throughput,13360,0
27.0256,8636,Vehicle,TX_ObjectCount,3,0
27.0275,6263,RSU,TX_Throughput,16480,0
27.0275,6263,RSU,TX_ObjectCount,5,0
27.0289,4597,Vehicle,ChannelLoad,0.08104,0
27.0289,4597,Vehicle,ChannelLoad,0.08104,0
27.0289,4597,Vehicle,TX_Throughput,7760,0
27.0289,4597,Vehicle,TX_ObjectCount,1,0
27.0289,7523,RSU,ChannelLoad,0.1248,0
27.0289,7523,RSU,ChannelLoad,0.1248,0
27.0299,3254,RSU,TX_Throughput,27680,0
27.0299,3254,RSU,TX_ObjectCount,9,0
27.0318,866,Vehicle,ChannelLoad,0.14624,0
27.0318,866,Vehicle,ChannelLoad,0.14624,0
27.0318,866,Vehicle,TX_Throughput,10560,0
27.0318,866,Vehicle,TX_ObjectCount,2,0
27.0328,1984,RSU,TX_Throughput,22080,0
27.0328,1984,RSU,TX_ObjectCount,7,0
27.0332,3776,RSU,TX_Throughput,19280,0
27.0332,3776,RSU,TX_ObjectCount,6,0
27.0333,3552,RSU,ChannelLoad,0.08296,0
27.0333,3552,RSU,ChannelLoad,0.08296,0
27.0343,5797,Vehicle,ChannelLoad,0.06368,0
27.0343,5797,Vehicle,ChannelLoad,0.06368,0
27.0343,5797,Vehicle,TX_Throughput,7760,0
27.0343,5797,Vehicle,TX_ObjectCount,1,0
27.0344,29,RSU,TX_Throughput,36080,0
27.0344,29,RSU,TX_ObjectCount,12,0
27.0352,6781,RSU,ChannelLoad,0.09048,0
27.0352,6781,RSU,ChannelLoad,0.09048,0
27.037,3626,Vehicle,ChannelLoad,0.07576,0
27.037,3626,Vehicle,ChannelLoad,0.07576,0
27.037,3626,Vehicle,TX_Throughput,21760,0
27.037,3626,Vehicle,TX_ObjectCount,6,0
27.0374,2659,Vehicle,ChannelLoad,0.05664,0
27.0374,2659,Vehicle,ChannelLoad,0.05664,0
27.0374,2659,Vehicle,TX_Throughput,16160,0
27.0374,2659,Vehicle,TX_ObjectCount,4,0
27.0376,3699,Vehicle,ChannelLoad,0.04096,0
27.0376,3699,Vehicle,ChannelLoad,0.04096,0
27.0376,3699,Vehicle,TX_Throughput,4560,0
27.0376,3699,Vehicle,TX_ObjectCount,0,0
27.0379,7672,Vehicle,ChannelLoad,0.03528,0
27.0379,7672,Vehicle,ChannelLoad,0.03528,0
27.0379,7672,Vehicle,TX_Throughput,10560,0
27.0379,7672,Vehicle,TX_ObjectCount,2,0
27.038,2732,Vehicle,ChannelLoad,0.0388,0
27.038,2732,Vehicle,ChannelLoad,0.0388,0
27.038,2732,Vehicle,TX_Throughput,10560,0
27.038,2732,Vehicle,TX_ObjectCount,2,0
27.0389,5872,RSU,ChannelLoad,0.0784,0
27.0389,5872,RSU,ChannelLoad,0.0784,0
27.0396,2131,RSU,TX_Throughput,30480,0
27.0396,2131,RSU,TX_ObjectCount,10,0
27.0404,943,Vehicle,ChannelLoad,0.0556,0
27.0404,943,Vehicle,ChannelLoad,0.0556,0
27.0404,943,Vehicle,TX_Throughput,7760,0
27.0404,943,Vehicle,TX_ObjectCount,1,0
27.0414,7745,RSU,ChannelLoad,0.07896,0
27.0414,7745,RSU,ChannelLoad,0.07896,0
27.0423,7819,Vehicle,ChannelLoad,0.08712,0
27.0423,7819,Vehicle,ChannelLoad,0.08712,0
27.0423,7819,Vehicle,TX_Throughput,7760,0
27.0423,7819,Vehicle,TX_ObjectCount,1,0
27.0434,4900,RSU,TX_Throughput,27680,0
27.0434,4900,RSU,TX_ObjectCount,9,0
27.0437,8711,Vehicle,ChannelLoad,0.0408,0
27.0437,8711,Vehicle,ChannelLoad,0.0408,0
27.0437,8711,Vehicle,TX_Throughput,7760,0
27.0437,8711,Vehicle,TX_ObjectCount,1,0
27.0444,1833,Vehicle,ChannelLoad,0.0768,0
27.0444,1833,Vehicle,ChannelLoad,0.0768,0
27.0444,1833,Vehicle,TX_Throughput,21760,0
27.0444,1833,Vehicle,TX_ObjectCount,6,0
27.0449,4672,Vehicle,ChannelLoad,0.08144,0
27.0449,4672,Vehicle,ChannelLoad,0.08144,0
27.0449,4672,Vehicle,TX_Throughput,10560,0
27.0449,4672,Vehicle,TX_ObjectCount,2,0
27.0462,6781,RSU,TX_Throughput,30480,0
27.0462,6781,RSU,TX_ObjectCount,10,0
27.0464,1018,RSU,ChannelLoad,0.1124,0
27.0464,1018,RSU,ChannelLoad,0.1124,0
27.0471,3776,RSU,ChannelLoad,0.08896,0
27.0471,3776,RSU,ChannelLoad,0.08896,0
27.0488,1906,RSU,ChannelLoad,0.14744,0
27.0488,1906,RSU,ChannelLoad,0.14744,0
27.0488,4745,Vehicle,ChannelLoad,0.07304,0
27.0488,4745,Vehicle,ChannelLoad,0.07304,0
27.0488,4745,Vehicle,TX_Throughput,7760,0
27.0488,4745,Vehicle,TX_ObjectCount,1,0
27.0492,3850,RSU,ChannelLoad,0.06048,0
27.0492,3850,RSU,ChannelLoad,0.06048,0
27.0496,8786,Vehicle,ChannelLoad,0.1344,0
27.0496,8786,Vehicle,ChannelLoad,0.1344,0
27.0496,8786,Vehicle,TX_Throughput,4560,0
27.0496,8786,Vehicle,TX_ObjectCount,0,0
27.0507,6859,Vehicle,ChannelLoad,0.05664,0
27.0507,6859,Vehicle,ChannelLoad,0.05664,0
27.0507,6859,Vehicle,TX_Throughput,16160,0
27.0507,6859,Vehicle,TX_ObjectCount,4,0
27.0512,3926,Vehicle,ChannelLoad,0.0236,0
27.0512,3926,Vehicle,ChannelLoad,0.0236,0
27.0512,3926,Vehicle,TX_Throughput,10560,0
27.0512,3926,Vehicle,TX_ObjectCount,2,0
27.0527,8859,RSU,ChannelLoad,0.1032,0
27.0527,8859,RSU,ChannelLoad,0.1032,0
27.0528,4818,RSU,ChannelLoad,0.07416,0
27.0528,4818,RSU,ChannelLoad,0.07416,0
27.0531,5958,Vehicle,ChannelLoad,0.0944,0
27.0531,5958,Vehicle,ChannelLoad,0.0944,0
27.0531,5958,Vehicle,TX_Throughput,13360,0
27.0531,5958,Vehicle,TX_ObjectCount,3,0
27.0548,2211,RSU,TX_Throughput,16480,0
27.0548,2211,RSU,TX_ObjectCount,5,0
27.0561,4818,RSU,TX_Throughput,22080,0
27.0561,4818,RSU,TX_ObjectCount,7,0
27.0561,6932,RSU,ChannelLoad,0.06624,0
27.0561,6932,RSU,ChannelLoad,0.06624,0
27.0582,2805,Vehicle,ChannelLoad,0.04728,0
27.0582,2805,Vehicle,ChannelLoad,0.04728,0
27.0582,2805,Vehicle,TX_Throughput,10560,0
27.0582,2805,Vehicle,TX_ObjectCount,2,0
27.0586,7006,Vehicle,ChannelLoad,0.07712,0
27.0586,7006,Vehicle,ChannelLoad,0.07712,0
27.0586,7006,Vehicle,TX_Throughput,10560,0
27.0586,7006,Vehicle,TX_ObjectCount,2,0
27.059,1094,Vehicle,ChannelLoad,0.04216,0
27.059,1094,Vehicle,ChannelLoad,0.04216,0
27.059,1094,Vehicle,TX_Throughput,10560,0
27.059,1094,Vehicle,TX_ObjectCount,2,0
27.0594,2878,Vehicle,ChannelLoad,0.07144,0
27.0594,2878,Vehicle,ChannelLoad,0.07144,0
27.0594,2878,Vehicle,TX_Throughput,4560,0
27.0594,2878,Vehicle,TX_ObjectCount,0,0
27.0609,3328,RSU,TX_Throughput,22080,0
27.0609,3328,RSU,TX_ObjectCount,7,0
27.0613,1167,Vehicle,ChannelLoad,0.08096,0
27.0613,1167,Vehicle,ChannelLoad,0.08096,0
27.0613,1167,Vehicle,TX_Throughput,10560,0
27.0613,1167,Vehicle,TX_ObjectCount,2,0
27.0615,4001,Vehicle,ChannelLoad,0.09144,0
27.0615,4001,Vehicle,ChannelLoad,0.09144,0
27.0615,4001,Vehicle,TX_Throughput,13360,0
27.0615,4001,Vehicle,TX_ObjectCount,3,0
27.062,6634,RSU,TX_Throughput,16480,0
27.062,6634,RSU,TX_ObjectCount,5,0
27.0622,8937,RSU,ChannelLoad,0.12384,0
27.0622,8937,RSU,ChannelLoad,0.12384,0
27.0623,3850,RSU,TX_Throughput,8080,0
27.0623,3850,RSU,TX_ObjectCount,2,0
27.0637,9011,Vehicle,ChannelLoad,0.0888,0
27.0637,9011,Vehicle,ChannelLoad,0.0888,0
27.0637,9011,Vehicle,TX_Throughput,10560,0
27.0637,9011,Vehicle,TX_ObjectCount,2,0
27.0637,2953,Vehicle,ChannelLoad,0.07544,0
27.0637,2953,Vehicle,ChannelLoad,0.07544,0
27.0637,2953,Vehicle,TX_Throughput,18960,0
27.0637,2953,Vehicle,TX_ObjectCount,5,0
27.0643,8192,RSU,TX_Throughput,19280,0
27.0643,8192,RSU,TX_ObjectCount,6,0
27.0647,1984,RSU,ChannelLoad,0.07656,0
27.0647,1984,RSU,ChannelLoad,0.07656,0
27.0649,1240,RSU,ChannelLoad,0.07144,0
27.0649,1240,RSU,ChannelLoad,0.07144,0
27.0651,7969,Vehicle,ChannelLoad,0.05104,0
27.0651,7969,Vehicle,ChannelLoad,0.05104,0
27.0651,7969,Vehicle,TX_Throughput,4560,0
27.0651,7969,Vehicle,TX_ObjectCount,0,0
27.0654,2058,Vehicle,ChannelLoad,0.06264,0
27.0654,2058,Vehicle,ChannelLoad,0.06264,0
27.0654,2058,Vehicle,TX_Throughput,13360,0
27.0654,2058,Vehicle,TX_ObjectCount,3,0
27.0663,4074,Vehicle,ChannelLoad,0.06688,0
27.0663,4074,Vehicle,ChannelLoad,0.06688,0
27.0663,4074,Vehicle,TX_Throughput,10560,0
27.0663,4074,Vehicle,TX_ObjectCount,2,0
27.0674,6037,Vehicle,ChannelLoad,0.07456,0
27.0674,6037,Vehicle,ChannelLoad,0.07456,0
27.0674,6037,Vehicle,TX_Throughput,10560,0
27.0674,6037,Vehicle,TX_ObjectCount,2,0
27.0687,4147,Vehicle,ChannelLoad,0.1048,0
27.0687,4147,Vehicle,ChannelLoad,0.1048,0
27.0687,4147,Vehicle,TX_Throughput,7760,0
27.0687,4147,Vehicle,TX_ObjectCount,1,0
27.0696,4900,RSU,ChannelLoad,0.09472,0
27.0696,4900,RSU,ChannelLoad,0.09472,0
27.0698,3030,RSU,ChannelLoad,0.09384,0
27.0698,3030,RSU,ChannelLoad,0.09384,0
27.07,2131,RSU,ChannelLoad,0.14976,0
27.07,2131,RSU,ChannelLoad,0.14976,0
27.0701,8044,Vehicle,ChannelLoad,0.07464,0
27.0701,8044,Vehicle,ChannelLoad,0.07464,0
27.0701,8044,Vehicle,TX_Throughput,7760,0
27.0701,8044,Vehicle,TX_ObjectCount,1,0
27.0702,4974,Vehicle,ChannelLoad,0.06608,0
27.0702,4974,Vehicle,ChannelLoad,0.06608,0
27.0702,4974,Vehicle,TX_Throughput,10560,0
27.0702,4974,Vehicle,TX_ObjectCount,2,0
27.0706,6110,Vehicle,ChannelLoad,0.06752,0
27.0706,6110,Vehicle,ChannelLoad,0.06752,0
27.0706,6110,Vehicle,TX_Throughput,13360,0
27.0706,6110,Vehicle,TX_ObjectCount,3,0
27.0709,1314,Vehicle,ChannelLoad,0.06728,0
27.0709,1314,Vehicle,ChannelLoad,0.06728,0
27.0709,1314,Vehicle,TX_Throughput,7760,0
27.0709,1314,Vehicle,TX_ObjectCount,1,0
27.071,270,Vehicle,ChannelLoad,0.05344,0
27.071,270,Vehicle,ChannelLoad,0.05344,0
27.071,270,Vehicle,TX_Throughput,24560,0
27.071,270,Vehicle,TX_ObjectCount,7,0
27.0719,9086,Vehicle,ChannelLoad,0.07,0
27.0719,9086,Vehicle,ChannelLoad,0.07,0
27.0719,9086,Vehicle,TX_Throughput,10560,0
27.0719,9086,Vehicle,TX_ObjectCount,2,0
27.0723,5047,RSU,ChannelLoad,0.12512,0
27.0723,5047,RSU,ChannelLoad,0.12512,0
27.0731,1759,RSU,TX_Throughput,16480,0
27.0731,1759,RSU,TX_ObjectCount,5,0
27.0736,4222,Vehicle,ChannelLoad,0.05144,0
27.0736,4222,Vehicle,ChannelLoad,0.05144,0
27.0736,4222,Vehicle,TX_Throughput,10560,0
27.0736,4222,Vehicle,TX_ObjectCount,2,0
27.0744,3552,RSU,TX_Throughput,19280,0
27.0744,3552,RSU,TX_ObjectCount,6,0
27.0762,5123,RSU,ChannelLoad,0.08968,0
27.0762,5123,RSU,ChannelLoad,0.08968,0
27.0774,8937,RSU,TX_Throughput,19280,0
27.0774,8937,RSU,TX_ObjectCount,6,0
27.0777,4297,Vehicle,ChannelLoad,0.1092,0
27.0777,4297,Vehicle,ChannelLoad,0.1092,0
27.0777,4297,Vehicle,TX_Throughput,7760,0
27.0777,4297,Vehicle,TX_ObjectCount,1,0
27.0778,6187,RSU,ChannelLoad,0.1368,0
27.0778,6187,RSU,ChannelLoad,0.1368,0
27.0782,8117,Vehicle,ChannelLoad,0.08464,0
27.0782,8117,Vehicle,ChannelLoad,0.08464,0
27.0782,8117,Vehicle,TX_Throughput,18960,0
27.0782,8117,Vehicle,TX_ObjectCount,5,0
27.0783,7083,Vehicle,ChannelLoad,0.07512,0
27.0783,7083,Vehicle,ChannelLoad,0.07512,0
27.0783,7083,Vehicle,TX_Throughput,10560,0
27.0783,7083,Vehicle,TX_ObjectCount,2,0
27.0786,9163,Vehicle,ChannelLoad,0.09384,0
27.0786,9163,Vehicle,ChannelLoad,0.09384,0
27.0786,9163,Vehicle,TX_Throughput,13360,0
27.0786,9163,Vehicle,TX_ObjectCount,3,0
27.0791,3030,RSU,TX_Throughput,16480,0
27.0791,3030,RSU,TX_ObjectCount,5,0
27.0796,9236,Vehicle,ChannelLoad,0.05408,0
27.0796,9236,Vehicle,ChannelLoad,0.05408,0
27.0796,9236,Vehicle,TX_Throughput,10560,0
27.0796,9236,Vehicle,TX_ObjectCount,2,0
27.0799,1906,RSU,TX_Throughput,19280,0
27.0799,1906,RSU,TX_ObjectCount,6,0
27.08,4370,Vehicle,ChannelLoad,0.06688,0
27.08,4370,Vehicle,ChannelLoad,0.06688,0
27.08,4370,Vehicle,TX_Throughput,7760,0
27.08,4370,Vehicle,TX_ObjectCount,1,0
27.0801,6263,RSU,ChannelLoad,0.0788,0
27.0801,6263,RSU,ChannelLoad,0.0788,0
27.0805,7156,Vehicle,ChannelLoad,0.05744,0
27.0805,7156,Vehicle,ChannelLoad,0.05744,0
27.0805,7156,Vehicle,TX_Throughput,16160,0
27.0805,7156,Vehicle,TX_ObjectCount,4,0
27.0814,1387,RSU,TX_Throughput,27680,0
27.0814,1387,RSU,TX_ObjectCount,9,0
27.0816,1240,RSU,TX_Throughput,13680,0
27.0816,1240,RSU,TX_ObjectCount,4,0
27.0817,1018,RSU,TX_Throughput,41680,0
27.0817,1018,RSU,TX_ObjectCount,14,0
27.0819,5197,Vehicle,ChannelLoad,0.10848,0
27.0819,5197,Vehicle,ChannelLoad,0.10848,0
27.0819,5197,Vehicle,TX_Throughput,13360,0
27.0819,5197,Vehicle,TX_ObjectCount,3,0
27.082,5270,Vehicle,ChannelLoad,0.06312,0
27.082,5270,Vehicle,ChannelLoad,0.06312,0
27.082,5270,Vehicle,TX_Throughput,10560,0
27.082,5270,Vehicle,TX_ObjectCount,2,0
27.0831,343,Vehicle,ChannelLoad,0.07832,0
27.0831,343,Vehicle,ChannelLoad,0.07832,0
27.0831,343,Vehicle,TX_Throughput,13360,0
27.0831,343,Vehicle,TX_ObjectCount,3,0
27.0832,1387,RSU,ChannelLoad,0.1204,0
27.0832,1387,RSU,ChannelLoad,0.1204,0
27.0838,8859,RSU,TX_Throughput,13680,0
27.0838,8859,RSU,TX_ObjectCount,4,0
27.0855,6187,RSU,TX_Throughput,19280,0
27.0855,6187,RSU,TX_ObjectCount,6,0
27.0865,3108,Vehicle,ChannelLoad,0.06048,0
27.0865,3108,Vehicle,ChannelLoad,0.06048,0
27.0865,3108,Vehicle,TX_Throughput,7760,0
27.0865,3108,Vehicle,TX_ObjectCount,1,0
27.0865,5343,RSU,ChannelLoad,0.10792,0
27.0865,5343,RSU,ChannelLoad,0.10792,0
27.0871,416,Vehicle,ChannelLoad,0.07552,0
27.0871,416,Vehicle,ChannelLoad,0.07552,0
27.0871,416,Vehicle,TX_Throughput,18960,0
27.0871,416,Vehicle,TX_ObjectCount,5,0
27.0883,5123,RSU,TX_Throughput,16480,0
27.0883,5123,RSU,TX_ObjectCount,5,0
27.0884,9309,Vehicle,ChannelLoad,0.09944,0
27.0884,9309,Vehicle,ChannelLoad,0.09944,0
27.0884,9309,Vehicle,TX_Throughput,21760,0
27.0884,9309,Vehicle,TX_ObjectCount,6,0
27.0885,2211,RSU,ChannelLoad,0.10928,0
27.0885,2211,RSU,ChannelLoad,0.10928,0
27.0894,2285,RSU,ChannelLoad,0.08528,0
27.0894,2285,RSU,ChannelLoad,0.08528,0
27.0916,8192,RSU,ChannelLoad,0.08456,0
27.0916,8192,RSU,ChannelLoad,0.08456,0
27.0917,7229,Vehicle,ChannelLoad,0.05296,0
27.0917,7229,Vehicle,ChannelLoad,0.05296,0
27.0917,7229,Vehicle,TX_Throughput,13360,0
27.0917,7229,Vehicle,TX_ObjectCount,3,0
27.092,5417,RSU,ChannelLoad,0.10416,0
27.092,5417,RSU,ChannelLoad,0.10416,0
27.0925,6341,Vehicle,ChannelLoad,0.04456,0
27.0925,6341,Vehicle,ChannelLoad,0.04456,0
27.0925,6341,Vehicle,TX_Throughput,10560,0
27.0925,6341,Vehicle,TX_ObjectCount,2,0
27.0928,3181,Vehicle,ChannelLoad,0.096,0
27.0928,3181,Vehicle,ChannelLoad,0.096,0
27.0928,3181,Vehicle,TX_Throughput,10560,0
27.0928,3181,Vehicle,TX_ObjectCount,2,0
27.0928,5872,RSU,TX_Throughput,10880,0
27.0928,5872,RSU,TX_ObjectCount,3,0
27.0939,489,Vehicle,ChannelLoad,0.06344,0
27.0939,489,Vehicle,ChannelLoad,0.06344,0
27.0939,489,Vehicle,TX_Throughput,7760,0
27.0939,489,Vehicle,TX_ObjectCount,1,0
27.0955,5047,RSU,TX_Throughput,27680,0
27.0955,5047,RSU,TX_ObjectCount,9,0
27.096,8268,RSU,ChannelLoad,0.10096,0
27.096,8268,RSU,ChannelLoad,0.10096,0
27.0961,3254,RSU,ChannelLoad,0.11096,0
27.0961,3254,RSU,ChannelLoad,0.11096,0
27.0961,562,Vehicle,ChannelLoad,0.05528,0
27.0961,562,Vehicle,ChannelLoad,0.05528,0
27.0961,562,Vehicle,TX_Throughput,7760,0
27.0961,562,Vehicle,TX_ObjectCount,1,0
27.0961,2359,Vehicle,ChannelLoad,0.06536,0
27.0961,2359,Vehicle,ChannelLoad,0.06536,0
27.0961,2359,Vehicle,TX_Throughput,7760,0
27.0961,2359,Vehicle,TX_ObjectCount,1,0
27.0966,1463,Vehicle,ChannelLoad,0.05232,0
27.0966,1463,Vehicle,ChannelLoad,0.05232,0
27.0966,1463,Vehicle,TX_Throughput,10560,0
27.0966,1463,Vehicle,TX_ObjectCount,2,0
27.0975,2432,Vehicle,ChannelLoad,0.02136,0
27.0975,2432,Vehicle,ChannelLoad,0.02136,0
27.0975,2432,Vehicle,TX_Throughput,4560,0
27.0975,2432,Vehicle,TX_ObjectCount,0,0
27.0976,6414,Vehicle,ChannelLoad,0.11976,0
27.0976,6414,Vehicle,ChannelLoad,0.11976,0
27.0976,6414,Vehicle,TX_Throughput,10560,0
27.0976,6414,Vehicle,TX_ObjectCount,2,0
27.0978,3328,RSU,ChannelLoad,0.0736,0
27.0978,3328,RSU,ChannelLoad,0.0736,0
27.0992,7302,Vehicle,ChannelLoad,0.07288,0
27.0992,7302,Vehicle,ChannelLoad,0.07288,0
27.0992,7302,Vehicle,TX_Throughput,7760,0
27.0992,7302,Vehicle,TX_ObjectCount,1,0
27.1004,7523,RSU,TX_Throughput,24880,0
27.1004,7523,RSU,TX_ObjectCount,8,0
27.1009,7375,Vehicle,ChannelLoad,0.05304,0
27.1009,7375,Vehicle,ChannelLoad,0.05304,0
27.1009,7375,Vehicle,TX_Throughput,7760,0
27.1009,7375,Vehicle,TX_ObjectCount,1,0
27.102,639,Vehicle,ChannelLoad,0.0564,0
27.102,639,Vehicle,ChannelLoad,0.0564,0
27.102,639,Vehicle,TX_Throughput,4560,0
27.102,639,Vehicle,TX_ObjectCount,0,0
27.1023,8342,Vehicle,ChannelLoad,0.0756,0
27.1023,8342,Vehicle,ChannelLoad,0.0756,0
27.1023,8342,Vehicle,TX_Throughput,10560,0
27.1023,8342,Vehicle,TX_ObjectCount,2,0
27.1037,6487,RSU,ChannelLoad,0.09088,0
27.1037,6487,RSU,ChannelLoad,0.09088,0
27.1045,7745,RSU,TX_Throughput,22080,0
27.1045,7745,RSU,TX_ObjectCount,7,0
27.1047,29,RSU,ChannelLoad,0.10136,0
27.1047,29,RSU,ChannelLoad,0.10136,0
27.1048,5495,Vehicle,ChannelLoad,0.05744,0
27.1048,5495,Vehicle,ChannelLoad,0.05744,0
27.1048,5495,Vehicle,TX_Throughput,10560,0
27.1048,5495,Vehicle,TX_ObjectCount,2,0
27.1052,5417,RSU,TX_Throughput,33280,0
27.1052,5417,RSU,TX_ObjectCount,11,0
27.1059,712,Vehicle,ChannelLoad,0.11584,0
27.1059,712,Vehicle,ChannelLoad,0.11584,0
27.1059,712,Vehicle,TX_Throughput,10560,0
27.1059,712,Vehicle,TX_ObjectCount,2,0
27.1078,5568,Vehicle,ChannelLoad,0.06472,0
27.1078,5568,Vehicle,ChannelLoad,0.06472,0
27.1078,5568,Vehicle,TX_Throughput,24560,0
27.1078,5568,Vehicle,TX_ObjectCount,7,0
27.1089,6932,RSU,TX_Throughput,10880,0
27.1089,6932,RSU,TX_ObjectCount,3,0
27.109,4445,Vehicle,ChannelLoad,0.08424,0
27.109,4445,Vehicle,ChannelLoad,0.08424,0
27.109,4445,Vehicle,TX_Throughput,13360,0
27.109,4445,Vehicle,TX_ObjectCount,3,0
27.1103,5343,RSU,TX_Throughput,33280,0
27.1103,5343,RSU,TX_ObjectCount,11,0
27.1104,1538,Vehicle,ChannelLoad,0.03408,0
27.1104,1538,Vehicle,ChannelLoad,0.03408,0
27.1104,1538,Vehicle,TX_Throughput,13360,0
27.1104,1538,Vehicle,TX_ObjectCount,3,0
27.1121,5641,Vehicle,ChannelLoad,0.04488,0
27.1121,5641,Vehicle,ChannelLoad,0.04488,0
27.1121,5641,Vehicle,TX_Throughput,10560,0
27.1121,5641,Vehicle,TX_ObjectCount,2,0
27.1123,2285,RSU,TX_Throughput,16480,0
27.1123,2285,RSU,TX_ObjectCount,5,0
27.1131,5714,Vehicle,ChannelLoad,0.0956,0
27.1131,5714,Vehicle,ChannelLoad,0.0956,0
27.1131,5714,Vehicle,TX_Throughput,4560,0
27.1131,5714,Vehicle,TX_ObjectCount,0,0
27.1144,3404,Vehicle,ChannelLoad,0.08912,0
27.1144,3404,Vehicle,ChannelLoad,0.08912,0
27.1144,3404,Vehicle,TX_Throughput,13360,0
27.1144,3404,Vehicle,TX_ObjectCount,3,0
27.1151,6487,RSU,TX_Throughput,22080,0
27.1151,6487,RSU,TX_ObjectCount,7,0
27.1152,6561,Vehicle,ChannelLoad,0.0844,0
27.1152,6561,Vehicle,ChannelLoad,0.0844,0
27.1152,6561,Vehicle,TX_Throughput,10560,0
27.1152,6561,Vehicle,TX_ObjectCount,2,0
27.1163,6634,RSU,ChannelLoad,0.06624,0
27.1163,6634,RSU,ChannelLoad,0.06624,0
27.1166,1611,Vehicle,ChannelLoad,0.05576,0
27.1166,1611,Vehicle,ChannelLoad,0.05576,0
27.1166,1611,Vehicle,TX_Throughput,7760,0
27.1166,1611,Vehicle,TX_ObjectCount,1,0
27.1166,182,RSU,TX_Throughput,27680,0
27.1166,182,RSU,TX_ObjectCount,9,0
27.1167,8417,Vehicle,ChannelLoad,0.06064,0
27.1167,8417,Vehicle,ChannelLoad,0.06064,0
27.1167,8417,Vehicle,TX_Throughput,4560,0
27.1167,8417,Vehicle,TX_ObjectCount,0,0
27.1168,1684,Vehicle,ChannelLoad,0.06496,0
27.1168,1684,Vehicle,ChannelLoad,0.06496,0
27.1168,1684,Vehicle,TX_Throughput,4560,0
27.1168,1684,Vehicle,TX_ObjectCount,0,0
27.1172,2507,Vehicle,ChannelLoad,0.058,0
27.1172,2507,Vehicle,ChannelLoad,0.058,0
27.1172,2507,Vehicle,TX_Throughput,18960,0
27.1172,2507,Vehicle,TX_ObjectCount,5,0
27.118,8268,RSU,TX_Throughput,27680,0
27.118,8268,RSU,TX_ObjectCount,9,0
27.1182,8490,Vehicle,ChannelLoad,0.06208,0
27.1182,8490,Vehicle,ChannelLoad,0.06208,0
27.1182,8490,Vehicle,TX_Throughput,7760,0
27.1182,8490,Vehicle,TX_ObjectCount,1,0
27.1183,787,Vehicle,ChannelLoad,0.06056,0
27.1183,787,Vehicle,ChannelLoad,0.06056,0
27.1183,787,Vehicle,TX_Throughput,4560,0
27.1183,787,Vehicle,TX_ObjectCount,0,0
27.1186,2582,Vehicle,ChannelLoad,0.06912,0
27.1186,2582,Vehicle,ChannelLoad,0.06912,0
27.1186,2582,Vehicle,TX_Throughput,7760,0
27.1186,2582,Vehicle,TX_ObjectCount,1,0
27.1188,107,Vehicle,ChannelLoad,0.0832,0
27.1188,107,Vehicle,ChannelLoad,0.0832,0
27.1188,107,Vehicle,TX_Throughput,10560,0
27.1188,107,Vehicle,TX_ObjectCount,2,0
27.1201,182,RSU,ChannelLoad,0.09248,0
27.1201,182,RSU,ChannelLoad,0.09248,0
27.1206,6708,Vehicle,ChannelLoad,0.10536,0
27.1206,6708,Vehicle,ChannelLoad,0.10536,0
27.1206,6708,Vehicle,TX_Throughput,4560,0
27.1206,6708,Vehicle,TX_ObjectCount,0,0
27.121,7450,Vehicle,ChannelLoad,0.0688,0
27.121,7450,Vehicle,ChannelLoad,0.0688,0
27.121,7450,Vehicle,TX_Throughput,13360,0
27.121,7450,Vehicle,TX_ObjectCount,3,0
27.1218,4522,Vehicle,ChannelLoad,0.08368,0
27.1218,4522,Vehicle,ChannelLoad,0.08368,0
27.1218,4522,Vehicle,TX_Throughput,13360,0
27.1218,4522,Vehicle,TX_ObjectCount,3,0
27.1231,1759,RSU,ChannelLoad,0.0748,0
27.1231,1759,RSU,ChannelLoad,0.0748,0
27.1237,3479,Vehicle,ChannelLoad,0.07848,0
27.1237,3479,Vehicle,ChannelLoad,0.07848,0
27.1237,3479,Vehicle,TX_Throughput,18960,0
27.1237,3479,Vehicle,TX_ObjectCount,5,0
27.1256,8636,Vehicle,ChannelLoad,0.07328,0
27.1256,8636,Vehicle,ChannelLoad,0.07328,0
27.1256,8636,Vehicle,TX_Throughput,13360,0
27.1256,8636,Vehicle,TX_ObjectCount,3,0
27.1275,6263,RSU,TX_Throughput,16480,0
27.1275,6263,RSU,TX_ObjectCount,5,0
27.1289,4597,Vehicle,ChannelLoad,0.09024,0
27.1289,4597,Vehicle,ChannelLoad,0.09024,0
27.1289,4597,Vehicle,TX_Throughput,7760,0
27.1289,4597,Vehicle,TX_ObjectCount,1,0
27.1289,7523,RSU,ChannelLoad,0.12336,0
27.1289,7523,RSU,ChannelLoad,0.12336,0
27.1299,3254,RSU,TX_Throughput,24880,0
27.1299,3254,RSU,TX_ObjectCount,8,0
27.1318,866,Vehicle,ChannelLoad,0.13352,0
27.1318,866,Vehicle,ChannelLoad,0.13352,0
27.1318,866,Vehicle,TX_Throughput,7760,0
27.1318,866,Vehicle,TX_ObjectCount,1,0
27.1328,1984,RSU,TX_Throughput,22080,0
27.1328,1984,RSU,TX_ObjectCount,7,0
27.1332,3776,RSU,TX_Throughput,19280,0
27.1332,3776,RSU,TX_ObjectCount,6,0
27.1333,3552,RSU,ChannelLoad,0.08216,0
27.1333,3552,RSU,ChannelLoad,0.08216,0
27.1343,5797,Vehicle,ChannelLoad,0.07872,0
27.1343,5797,Vehicle,ChannelLoad,0.07872,0
27.1343,5797,Vehicle,TX_Throughput,7760,0
27.1343,5797,Vehicle,TX_ObjectCount,1,0
27.1344,29,RSU,TX_Throughput,36080,0
27.1344,29,RSU,TX_ObjectCount,12,0
27.1352,6781,RSU,ChannelLoad,0.08952,0
27.1352,6781,RSU,ChannelLoad,0.08952,0
27.137,3626,Vehicle,ChannelLoad,0.06888,0
27.137,3626,Vehicle,ChannelLoad,0.06888,0
27.137,3626,Vehicle,TX_Throughput,18960,0
27.137,3626,Vehicle,TX_ObjectCount,5,0
27.1374,2659,Vehicle,ChannelLoad,0.06552,0
27.1374,2659,Vehicle,ChannelLoad,0.06552,0
27.1374,2659,Vehicle,TX_Throughput,16160,0
27.1374,2659,Vehicle,TX_ObjectCount,4,0
27.1376,3699,Vehicle,ChannelLoad,0.03264,0
27.1376,3699,Vehicle,ChannelLoad,0.03264,0
27.1376,3699,Vehicle,TX_Throughput,4560,0
27.1376,3699,Vehicle,TX_ObjectCount,0,0
27.1379,7672,Vehicle,ChannelLoad,0.0596,0
27.1379,7672,Vehicle,ChannelLoad,0.0596,0
27.1379,7672,Vehicle,TX_Throughput,10560,0
27.1379,7672,Vehicle,TX_ObjectCount,2,0
27.138,2732,Vehicle,ChannelLoad,0.04136,0
27.138,2732,Vehicle,ChannelLoad,0.04136,0
27.138,2732,Vehicle,TX_Throughput,10560,0
27.138,2732,Vehicle,TX_ObjectCount,2,0
27.1389,5872,RSU,ChannelLoad,0.09192,0
27.1389,5872,RSU,ChannelLoad,0.09192,0
27.1396,2131,RSU,TX_Throughput,24880,0
27.1396,2131,RSU,TX_ObjectCount,8,0
27.1404,943,Vehicle,ChannelLoad,0.06512,0
27.1404,943,Vehicle,ChannelLoad,0.06512,0
27.1404,943,Vehicle,TX_Throughput,7760,0
27.1404,943,Vehicle,TX_ObjectCount,1,0
27.1414,7745,RSU,ChannelLoad,0.07912,0
27.1414,7745,RSU,ChannelLoad,0.07912,0
27.1423,7819,Vehicle,ChannelLoad,0.08224,0
27.1423,7819,Vehicle,ChannelLoad,0.08224,0
27.1423,7819,Vehicle,TX_Throughput,10560,0
27.1423,7819,Vehicle,TX_ObjectCount,2,0
27.1434,4900,RSU,TX_Throughput,27680,0
27.1434,4900,RSU,TX_ObjectCount,9,0
27.1437,8711,Vehicle,ChannelLoad,0.04568,0
27.1437,8711,Vehicle,ChannelLoad,0.04568,0
27.1437,8711,Vehicle,TX_Throughput,7760,0
27.1437,8711,Vehicle,TX_ObjectCount,1,0
27.1444,1833,Vehicle,ChannelLoad,0.0784,0
27.1444,1833,Vehicle,ChannelLoad,0.0784,0
27.1444,1833,Vehicle,TX_Throughput,18960,0
27.1444,1833,Vehicle,TX_ObjectCount,5,0
27.1449,4672,Vehicle,ChannelLoad,0.09376,0
27.1449,4672,Vehicle,ChannelLoad,0.09376,0
27.1449,4672,Vehicle,TX_Throughput,10560,0
27.1449,4672,Vehicle,TX_ObjectCount,2,0
27.1462,6781,RSU,TX_Throughput,30480,0
27.1462,6781,RSU,TX_ObjectCount,10,0
27.1464,1018,RSU,ChannelLoad,0.10384,0
27.1464,1018,RSU,ChannelLoad,0.10384,0
27.1471,3776,RSU,ChannelLoad,0.08768,0
27.1471,3776,RSU,ChannelLoad,0.08768,0
27.1488,1906,RSU,ChannelLoad,0.12888,0
27.1488,1906,RSU,ChannelLoad,0.12888,0
27.1488,4745,Vehicle,ChannelLoad,0.06624,0
27.1488,4745,Vehicle,ChannelLoad,0.06624,0
27.1488,4745,Vehicle,TX_Throughput,7760,0
27.1488,4745,Vehicle,TX_ObjectCount,1,0
27.1492,3850,RSU,ChannelLoad,0.06616,0
27.1492,3850,RSU,ChannelLoad,0.06616,0
27.1496,8786,Vehicle,ChannelLoad,0.13072,0
27.1496,8786,Vehicle,ChannelLoad,0.13072,0
27.1496,8786,Vehicle,TX_Throughput,4560,0
27.1496,8786,Vehicle,TX_ObjectCount,0,0
27.1507,6859,Vehicle,ChannelLoad,0.06712,0
27.1507,6859,Vehicle,ChannelLoad,0.06712,0
27.1507,6859,Vehicle,TX_Throughput,16160,0
27.1507,6859,Vehicle,TX_ObjectCount,4,0
27.1512,3926,Vehicle,ChannelLoad,0.0276,0
27.1512,3926,Vehicle,ChannelLoad,0.0276,0
27.1512,3926,Vehicle,TX_Throughput,10560,0
27.1512,3926,Vehicle,TX_ObjectCount,2,0
27.1527,8859,RSU,ChannelLoad,0.08688,0
27.1527,8859,RSU,ChannelLoad,0.08688,0
27.1528,4818,RSU,ChannelLoad,0.096,0
27.1528,4818,RSU,ChannelLoad,0.096,0
27.1531,5958,Vehicle,ChannelLoad,0.10928,0
27.1531,5958,Vehicle,ChannelLoad,0.10928,0
27.1531,5958,Vehicle,TX_Throughput,13360,0
27.1531,5958,Vehicle,TX_ObjectCount,3,0
27.1548,2211,RSU,TX_Throughput,16480,0
27.1548,2211,RSU,TX_ObjectCount,5,0
27.1561,4818,RSU,TX_Throughput,22080,0
27.1561,4818,RSU,TX_ObjectCount,7,0
27.1561,6932,RSU,ChannelLoad,0.0896,0
27.1561,6932,RSU,ChannelLoad,0.0896,0
27.1582,2805,Vehicle,ChannelLoad,0.0432,0
27.1582,2805,Vehicle,ChannelLoad,0.0432,0
27.1582,2805,Vehicle,TX_Throughput,10560,0
27.1582,2805,Vehicle,TX_ObjectCount,2,0
27.1586,7006,Vehicle,ChannelLoad,0.0776,0
27.1586,7006,Vehicle,ChannelLoad,0.0776,0
27.1586,7006,Vehicle,TX_Throughput,10560,0
27.1586,7006,Vehicle,TX_ObjectCount,2,0
27.159,1094,Vehicle,ChannelLoad,0.04768,0
27.159,1094,Vehicle,ChannelLoad,0.04768,0
27.159,1094,Vehicle,TX_Throughput,10560,0
27.159,1094,Vehicle,TX_ObjectCount,2,0
27.1594,2878,Vehicle,ChannelLoad,0.05792,0
27.1594,2878,Vehicle,ChannelLoad,0.05792,0
27.1594,2878,Vehicle,TX_Throughput,4560,0
27.1594,2878,Vehicle,TX_ObjectCount,0,0
27.1609,3328,RSU,TX_Throughput,22080,0
27.1609,3328,RSU,TX_ObjectCount,7,0
27.1613,1167,Vehicle,ChannelLoad,0.08016,0
27.1613,1167,Vehicle,ChannelLoad,0.08016,0
27.1613,1167,Vehicle,TX_Throughput,10560,0
27.1613,1167,Vehicle,TX_ObjectCount,2,0
27.1615,4001,Vehicle,ChannelLoad,0.08344,0
27.1615,4001,Vehicle,ChannelLoad,0.08344,0
27.1615,4001,Vehicle,TX_Throughput,13360,0
27.1615,4001,Vehicle,TX_ObjectCount,3,0
27.162,6634,RSU,TX_Throughput,19280,0
27.162,6634,RSU,TX_ObjectCount,6,0
27.1622,8937,RSU,ChannelLoad,0.10048,0
27.1622,8937,RSU,ChannelLoad,0.10048,0
27.1623,3850,RSU,TX_Throughput,8080,0
27.1623,3850,RSU,TX_ObjectCount,2,0
27.1637,9011,Vehicle,ChannelLoad,0.07704,0
27.1637,9011,Vehicle,ChannelLoad,0.07704,0
27.1637,9011,Vehicle,TX_Throughput,10560,0
27.1637,9011,Vehicle,TX_ObjectCount,2,0
27.1637,2953,Vehicle,ChannelLoad,0.07552,0
27.1637,2953,Vehicle,ChannelLoad,0.07552,0
27.1637,2953,Vehicle,TX_Throughput,21760,0
27.1637,2953,Vehicle,TX_ObjectCount,6,0
27.1643,8192,RSU,TX_Throughput,19280,0
27.1643,8192,RSU,TX_ObjectCount,6,0
27.1647,1984,RSU,ChannelLoad,0.0556,0
27.1647,1984,RSU,ChannelLoad,0.0556,0
27.1649,1240,RSU,ChannelLoad,0.06216,0
27.1649,1240,RSU,ChannelLoad,0.06216,0
27.1651,7969,Vehicle,ChannelLoad,0.05096,0
27.1651,7969,Vehicle,ChannelLoad,0.05096,0
27.1651,7969,Vehicle,TX_Throughput,4560,0
27.1651,7969,Vehicle,TX_ObjectCount,0,0
27.1654,2058,Vehicle,ChannelLoad,0.068,0
27.1654,2058,Vehicle,ChannelLoad,0.068,0
27.1654,2058,Vehicle,TX_Throughput,10560,0
27.1654,2058,Vehicle,TX_ObjectCount,2,0
27.1663,4074,Vehicle,ChannelLoad,0.0708,0
27.1663,4074,Vehicle,ChannelLoad,0.0708,0
27.1663,4074,Vehicle,TX_Throughput,10560,0
27.1663,4074,Vehicle,TX_ObjectCount,2,0
27.1674,6037,Vehicle,ChannelLoad,0.07744,0
27.1674,6037,Vehicle,ChannelLoad,0.07744,0
27.1674,6037,Vehicle,TX_Throughput,10560,0
27.1674,6037,Vehicle,TX_ObjectCount,2,0
27.1687,4147,Vehicle,ChannelLoad,0.108,0
27.1687,4147,Vehicle,ChannelLoad,0.108,0
27.1687,4147,Vehicle,TX_Throughput,7760,0
27.1687,4147,Vehicle,TX_ObjectCount,1,0
27.1696,4900,RSU,ChannelLoad,0.11944,0
27.1696,4900,RSU,ChannelLoad,0.11944,0
27.1698,3030,RSU,ChannelLoad,0.096,0
27.1698,3030,RSU,ChannelLoad,0.096,0
27.17,2131,RSU,ChannelLoad,0.1408,0
27.17,2131,RSU,ChannelLoad,0.1408,0
27.1701,8044,Vehicle,ChannelLoad,0.07896,0
27.1701,8044,Vehicle,ChannelLoad,0.07896,0
27.1701,8044,Vehicle,TX_Throughput,7760,0
27.1701,8044,Vehicle,TX_ObjectCount,1,0
27.1702,4974,Vehicle,ChannelLoad,0.06648,0
27.1702,4974,Vehicle,ChannelLoad,0.06648,0
27.1702,4974,Vehicle,TX_Throughput,10560,0
27.1702,4974,Vehicle,TX_ObjectCount,2,0
27.1706,6110,Vehicle,ChannelLoad,0.06336,0
27.1706,6110,Vehicle,ChannelLoad,0.06336,0
27.1706,6110,Vehicle,TX_Throughput,13360,0
27.1706,6110,Vehicle,TX_ObjectCount,3,0
27.1709,1314,Vehicle,ChannelLoad,0.0636,0
27.1709,1314,Vehicle,ChannelLoad,0.0636,0
27.1709,1314,Vehicle,TX_Throughput,7760,0
27.1709,1314,Vehicle,TX_ObjectCount,1,0
27.171,270,Vehicle,ChannelLoad,0.05912,0
27.171,270,Vehicle,ChannelLoad,0.05912,0
27.171,270,Vehicle,TX_Throughput,24560,0
27.171,270,Vehicle,TX_ObjectCount,7,0
27.1719,9086,Vehicle,ChannelLoad,0.06328,0
27.1719,9086,Vehicle,ChannelLoad,0.06328,0
27.1719,9086,Vehicle,TX_Throughput,10560,0
27.1719,9086,Vehicle,TX_ObjectCount,2,0
27.1723,5047,RSU,ChannelLoad,0.12648,0
27.1723,5047,RSU,ChannelLoad,0.12648,0
27.1731,1759,RSU,TX_Throughput,16480,0
27.1731,1759,RSU,TX_ObjectCount,5,0
27.1736,4222,Vehicle,ChannelLoad,0.05368,0
27.1736,4222,Vehicle,ChannelLoad,0.05368,0
27.1736,4222,Vehicle,TX_Throughput,10560,0
27.1736,4222,Vehicle,TX_ObjectCount,2,0
27.1744,3552,RSU,TX_Throughput,19280,0
27.1744,3552,RSU,TX_ObjectCount,6,0
27.1762,5123,RSU,ChannelLoad,0.09928,0
27.1762,5123,RSU,ChannelLoad,0.09928,0
27.1774,8937,RSU,TX_Throughput,19280,0
27.1774,8937,RSU,TX_ObjectCount,6,0
27.1777,4297,Vehicle,ChannelLoad,0.08552,0
27.1777,4297,Vehicle,ChannelLoad,0.08552,0
27.1777,4297,Vehicle,TX_Throughput,7760,0
27.1777,4297,Vehicle,TX_ObjectCount,1,0
27.1778,6187,RSU,ChannelLoad,0.144,0
27.1778,6187,RSU,ChannelLoad,0.144,0
27.1782,8117,Vehicle,ChannelLoad,0.06952,0
27.1782,8117,Vehicle,ChannelLoad,0.06952,0
27.1782,8117,Vehicle,TX_Throughput,13360,0
27.1782,8117,Vehicle,TX_ObjectCount,3,0
27.1783,7083,Vehicle,ChannelLoad,0.05488,0
27.1783,7083,Vehicle,ChannelLoad,0.05488,0
27.1783,7083,Vehicle,TX_Throughput,10560,0
27.1783,7083,Vehicle,TX_ObjectCount,2,0
27.1786,9163,Vehicle,ChannelLoad,0.08328,0
27.1786,9163,Vehicle,ChannelLoad,0.08328,0
27.1786,9163,Vehicle,TX_Throughput,13360,0
27.1786,9163,Vehicle,TX_ObjectCount,3,0
27.1791,3030,RSU,TX_Throughput,16480,0
27.1791,3030,RSU,TX_ObjectCount,5,0
27.1796,9236,Vehicle,ChannelLoad,0.06824,0
27.1796,9236,Vehicle,ChannelLoad,0.06824,0
27.1796,9236,Vehicle,TX_Throughput,10560,0
27.1796,9236,Vehicle,TX_ObjectCount,2,0
27.1799,1906,RSU,TX_Throughput,19280,0
27.1799,1906,RSU,TX_ObjectCount,6,0
27.18,4370,Vehicle,ChannelLoad,0.06944,0
27.18,4370,Vehicle,ChannelLoad,0.06944,0
27.18,4370,Vehicle,TX_Throughput,7760,0
27.18,4370,Vehicle,TX_ObjectCount,1,0
27.1801,6263,RSU,ChannelLoad,0.074,0
27.1801,6263,RSU,ChannelLoad,0.074,0
27.1805,7156,Vehicle,ChannelLoad,0.06304,0
27.1805,7156,Vehicle,ChannelLoad,0.06304,0
27.1805,7156,Vehicle,TX_Throughput,16160,0
27.1805,7156,Vehicle,TX_ObjectCount,4,0
27.1814,1387,RSU,TX_Throughput,24880,0
27.1814,1387,RSU,TX_ObjectCount,8,0
27.1816,1240,RSU,TX_Throughput,13680,0
27.1816,1240,RSU,TX_ObjectCount,4,0
27.1817,1018,RSU,TX_Throughput,41680,0
27.1817,1018,RSU,TX_ObjectCount,14,0
27.1819,5197,Vehicle,ChannelLoad,0.09576,0
27.1819,5197,Vehicle,ChannelLoad,0.09576,0
27.1819,5197,Vehicle,TX_Throughput,16160,0
27.1819,5197,Vehicle,TX_ObjectCount,4,0
27.182,5270,Vehicle,ChannelLoad,0.0696,0
27.182,5270,Vehicle,ChannelLoad,0.0696,0
27.182,5270,Vehicle,TX_Throughput,10560,0
27.182,5270,Vehicle,TX_ObjectCount,2,0
27.1831,343,Vehicle,ChannelLoad,0.07672,0
27.1831,343,Vehicle,ChannelLoad,0.07672,0
27.1831,343,Vehicle,TX_Throughput,13360,0
27.1831,343,Vehicle,TX_ObjectCount,3,0
27.1832,1387,RSU,ChannelLoad,0.09344,0
27.1832,1387,RSU,ChannelLoad,0.09344,0
27.1838,8859,RSU,TX_Throughput,13680,0
27.1838,8859,RSU,TX_ObjectCount,4,0
27.1855,6187,RSU,TX_Throughput,19280,0
27.1855,6187,RSU,TX_ObjectCount,6,0
27.1865,3108,Vehicle,ChannelLoad,0.07072,0
27.1865,3108,Vehicle,ChannelLoad,0.07072,0
27.1865,3108,Vehicle,TX_Throughput,7760,0
27.1865,3108,Vehicle,TX_ObjectCount,1,0
27.1865,5343,RSU,ChannelLoad,0.11048,0
27.1865,5343,RSU,ChannelLoad,0.11048,0
27.1871,416,Vehicle,ChannelLoad,0.08088,0
27.1871,416,Vehicle,ChannelLoad,0.08088,0
27.1871,416,Vehicle,TX_Throughput,16160,0
27.1871,416,Vehicle,TX_ObjectCount,4,0
27.1883,5123,RSU,TX_Throughput,19280,0
27.1883,5123,RSU,TX_ObjectCount,6,0
27.1884,9309,Vehicle,ChannelLoad,0.08952,0
27.1884,9309,Vehicle,ChannelLoad,0.08952,0
27.1884,9309,Vehicle,TX_Throughput,16160,0
27.1884,9309,Vehicle,TX_ObjectCount,4,0
27.1885,2211,RSU,ChannelLoad,0.09784,0
27.1885,2211,RSU,ChannelLoad,0.09784,0
27.1894,2285,RSU,ChannelLoad,0.08552,0
27.1894,2285,RSU,ChannelLoad,0.08552,0
27.1916,8192,RSU,ChannelLoad,0.06976,0
27.1916,8192,RSU,ChannelLoad,0.06976,0
27.1917,7229,Vehicle,ChannelLoad,0.06496,0
27.1917,7229,Vehicle,ChannelLoad,0.06496,0
27.1917,7229,Vehicle,TX_Throughput,13360,0
27.1917,7229,Vehicle,TX_ObjectCount,3,0
27.192,5417,RSU,ChannelLoad,0.102,0
27.192,5417,RSU,ChannelLoad,0.102,0
27.1925,6341,Vehicle,ChannelLoad,0.04872,0
27.1925,6341,Vehicle,ChannelLoad,0.04872,0
27.1925,6341,Vehicle,TX_Throughput,10560,0
27.1925,6341,Vehicle,TX_ObjectCount,2,0
27.1928,3181,Vehicle,ChannelLoad,0.08696,0
27.1928,3181,Vehicle,ChannelLoad,0.08696,0
27.1928,3181,Vehicle,TX_Throughput,10560,0
27.1928,3181,Vehicle,TX_ObjectCount,2,0
27.1928,5872,RSU,TX_Throughput,13680,0
27.1928,5872,RSU,TX_ObjectCount,4,0
27.1939,489,Vehicle,ChannelLoad,0.05128,0
27.1939,489,Vehicle,ChannelLoad,0.05128,0
27.1939,489,Vehicle,TX_Throughput,7760,0
27.1939,489,Vehicle,TX_ObjectCount,1,0
27.1955,5047,RSU,TX_Throughput,30480,0
27.1955,5047,RSU,TX_ObjectCount,10,0
27.196,8268,RSU,ChannelLoad,0.09152,0
27.196,8268,RSU,ChannelLoad,0.09152,0
27.1961,3254,RSU,ChannelLoad,0.11536,0
27.1961,3254,RSU,ChannelLoad,0.11536,0
27.1961,562,Vehicle,ChannelLoad,0.0616,0
27.1961,562,Vehicle,ChannelLoad,0.0616,0
27.1961,562,Vehicle,TX_Throughput,7760,0
27.1961,562,Vehicle,TX_ObjectCount,1,0
27.1961,2359,Vehicle,ChannelLoad,0.05632,0
27.1961,2359,Vehicle,ChannelLoad,0.05632,0
27.1961,2359,Vehicle,TX_Throughput,7760,0
27.1961,2359,Vehicle,TX_ObjectCount,1,0
27.1966,1463,Vehicle,ChannelLoad,0.05752,0
27.1966,1463,Vehicle,ChannelLoad,0.05752,0
27.1966,1463,Vehicle,TX_Throughput,10560,0
27.1966,1463,Vehicle,TX_ObjectCount,2,0
27.1975,2432,Vehicle,ChannelLoad,0.02576,0
27.1975,2432,Vehicle,ChannelLoad,0.02576,0
27.1975,2432,Vehicle,TX_Throughput,4560,0
27.1975,2432,Vehicle,TX_ObjectCount,0,0
27.1976,6414,Vehicle,ChannelLoad,0.11912,0
27.1976,6414,Vehicle,ChannelLoad,0.11912,0
27.1976,6414,Vehicle,TX_Throughput,10560,0
27.1976,6414,Vehicle,TX_ObjectCount,2,0
27.1978,3328,RSU,ChannelLoad,0.05768,0
27.1978,3328,RSU,ChannelLoad,0.05768,0
27.1992,7302,Vehicle,ChannelLoad,0.0564,0
27.1992,7302,Vehicle,ChannelLoad,0.0564,0
27.1992,7302,Vehicle,TX_Throughput,7760,0
27.1992,7302,Vehicle,TX_ObjectCount,1,0
27.2004,7523,RSU,TX_Throughput,24880,0
27.2004,7523,RSU,TX_ObjectCount,8,0
27.2009,7375,Vehicle,ChannelLoad,0.05152,0
27.2009,7375,Vehicle,ChannelLoad,0.05152,0
27.2009,7375,Vehicle,TX_Throughput,7760,0
27.2009,7375,Vehicle,TX_ObjectCount,1,0
27.202,639,Vehicle,ChannelLoad,0.06888,0
27.202,639,Vehicle,ChannelLoad,0.06888,0
27.202,639,Vehicle,TX_Throughput,4560,0
27.202,639,Vehicle,TX_ObjectCount,0,0
27.2023,8342,Vehicle,ChannelLoad,0.06984,0
27.2023,8342,Vehicle,ChannelLoad,0.06984,0
27.2023,8342,Vehicle,TX_Throughput,10560,0
27.2023,8342,Vehicle,TX_ObjectCount,2,0
27.2037,6487,RSU,ChannelLoad,0.08856,0
27.2037,6487,RSU,ChannelLoad,0.08856,0
27.2045,7745,RSU,TX_Throughput,22080,0
27.2045,7745,RSU,TX_ObjectCount,7,0
27.2047,29,RSU,ChannelLoad,0.10568,0
27.2047,29,RSU,ChannelLoad,0.10568,0
27.2048,5495,Vehicle,ChannelLoad,0.066,0
27.2048,5495,Vehicle,ChannelLoad,0.066,0
27.2048,5495,Vehicle,TX_Throughput,10560,0
27.2048,5495,Vehicle,TX_ObjectCount,2,0
27.2052,5417,RSU,TX_Throughput,36080,0
27.2052,5417,RSU,TX_ObjectCount,12,0
27.2059,712,Vehicle,ChannelLoad,0.11232,0
27.2059,712,Vehicle,ChannelLoad,0.11232,0
27.2059,712,Vehicle,TX_Throughput,10560,0
27.2059,712,Vehicle,TX_ObjectCount,2,0
27.2078,5568,Vehicle,ChannelLoad,0.07424,0
27.2078,5568,Vehicle,ChannelLoad,0.07424,0
27.2078,5568,Vehicle,TX_Throughput,24560,0
27.2078,5568,Vehicle,TX_ObjectCount,7,0
27.2089,6932,RSU,TX_Throughput,10880,0
27.2089,6932,RSU,TX_ObjectCount,3,0
27.209,4445,Vehicle,ChannelLoad,0.08712,0
27.209,4445,Vehicle,ChannelLoad,0.08712,0
27.209,4445,Vehicle,TX_Throughput,16160,0
27.209,4445,Vehicle,TX_ObjectCount,4,0
27.2103,5343,RSU,TX_Throughput,30480,0
27.2103,5343,RSU,TX_ObjectCount,10,0
27.2104,1538,Vehicle,ChannelLoad,0.03552,0
27.2104,1538,Vehicle,ChannelLoad,0.03552,0
27.2104,1538,Vehicle,TX_Throughput,13360,0
27.2104,1538,Vehicle,TX_ObjectCount,3,0
27.2121,5641,Vehicle,ChannelLoad,0.0444,0
27.2121,5641,Vehicle,ChannelLoad,0.0444,0
27.2121,5641,Vehicle,TX_Throughput,10560,0
27.2121,5641,Vehicle,TX_ObjectCount,2,0
27.2123,2285,RSU,TX_Throughput,19280,0
27.2123,2285,RSU,TX_ObjectCount,6,0
27.2131,5714,Vehicle,ChannelLoad,0.08128,0
27.2131,5714,Vehicle,ChannelLoad,0.08128,0
27.2131,5714,Vehicle,TX_Throughput,4560,0
27.2131,5714,Vehicle,TX_ObjectCount,0,0
27.2144,3404,Vehicle,ChannelLoad,0.12272,0
27.2144,3404,Vehicle,ChannelLoad,0.12272,0
27.2144,3404,Vehicle,TX_Throughput,16160,0
27.2144,3404,Vehicle,TX_ObjectCount,4,0
27.2151,6487,RSU,TX_Throughput,22080,0
27.2151,6487,RSU,TX_ObjectCount,7,0
27.2152,6561,Vehicle,ChannelLoad,0.0696,0
27.2152,6561,Vehicle,ChannelLoad,0.0696,0
27.2152,6561,Vehicle,TX_Throughput,10560,0
27.2152,6561,Vehicle,TX_ObjectCount,2,0
27.2163,6634,RSU,ChannelLoad,0.05784,0
27.2163,6634,RSU,ChannelLoad,0.05784,0
27.2166,1611,Vehicle,ChannelLoad,0.0408,0
27.2166,1611,Vehicle,ChannelLoad,0.0408,0
27.2166,1611,Vehicle,TX_Throughput,7760,0
27.2166,1611,Vehicle,TX_ObjectCount,1,0
27.2166,182,RSU,TX_Throughput,27680,0
27.2166,182,RSU,TX_ObjectCount,9,0
27.2167,8417,Vehicle,ChannelLoad,0.062,0
27.2167,8417,Vehicle,ChannelLoad,0.062,0
27.2167,8417,Vehicle,TX_Throughput,4560,0
27.2167,8417,Vehicle,TX_ObjectCount,0,0
27.2168,1684,Vehicle,ChannelLoad,0.07008,0
27.2168,1684,Vehicle,ChannelLoad,0.07008,0
27.2168,1684,Vehicle,TX_Throughput,4560,0
27.2168,1684,Vehicle,TX_ObjectCount,0,0
27.2172,2507,Vehicle,ChannelLoad,0.04472,0
27.2172,2507,Vehicle,ChannelLoad,0.04472,0
27.2172,2507,Vehicle,TX_Throughput,18960,0
27.2172,2507,Vehicle,TX_ObjectCount,5,0
27.218,8268,RSU,TX_Throughput,27680,0
27.218,8268,RSU,TX_ObjectCount,9,0
27.2182,8490,Vehicle,ChannelLoad,0.08176,0
27.2182,8490,Vehicle,ChannelLoad,0.08176,0
27.2182,8490,Vehicle,TX_Throughput,7760,0
27.2182,8490,Vehicle,TX_ObjectCount,1,0
27.2183,787,Vehicle,ChannelLoad,0.06088,0
27.2183,787,Vehicle,ChannelLoad,0.06088,0
27.2183,787,Vehicle,TX_Throughput,4560,0
27.2183,787,Vehicle,TX_ObjectCount,0,0
27.2186,2582,Vehicle,ChannelLoad,0.05128,0
27.2186,2582,Vehicle,ChannelLoad,0.05128,0
27.2186,2582,Vehicle,TX_Throughput,7760,0
27.2186,2582,Vehicle,TX_ObjectCount,1,0
27.2188,107,Vehicle,ChannelLoad,0.07568,0
27.2188,107,Vehicle,ChannelLoad,0.07568,0
27.2188,107,Vehicle,TX_Throughput,10560,0
27.2188,107,Vehicle,TX_ObjectCount,2,0
27.2201,182,RSU,ChannelLoad,0.09448,0
27.2201,182,RSU,ChannelLoad,0.09448,0
27.2206,6708,Vehicle,ChannelLoad,0.11192,0
27.2206,6708,Vehicle,ChannelLoad,0.11192,0
27.2206,6708,Vehicle,TX_Throughput,4560,0
27.2206,6708,Vehicle,TX_ObjectCount,0,0
27.221,7450,Vehicle,ChannelLoad,0.07408,0
27.221,7450,Vehicle,ChannelLoad,0.07408,0
27.221,7450,Vehicle,TX_Throughput,13360,0
27.221,7450,Vehicle,TX_ObjectCount,3,0
27.2218,4522,Vehicle,ChannelLoad,0.09488,0
27.2218,4522,Vehicle,ChannelLoad,0.09488,0
27.2218,4522,Vehicle,TX_Throughput,13360,0
27.2218,4522,Vehicle,TX_ObjectCount,3,0
27.2231,1759,RSU,ChannelLoad,0.0596,0
27.2231,1759,RSU,ChannelLoad,0.0596,0
27.2237,3479,Vehicle,ChannelLoad,0.08112,0
27.2237,3479,Vehicle,ChannelLoad,0.08112,0
27.2237,3479,Vehicle,TX_Throughput,18960,0
27.2237,3479,Vehicle,TX_ObjectCount,5,0
27.2256,8636,Vehicle,ChannelLoad,0.09936,0
27.2256,8636,Vehicle,ChannelLoad,0.09936,0
27.2256,8636,Vehicle,TX_Throughput,13360,0
27.2256,8636,Vehicle,TX_ObjectCount,3,0
27.2275,6263,RSU,TX_Throughput,19280,0
27.2275,6263,RSU,TX_ObjectCount,6,0
27.2289,4597,Vehicle,ChannelLoad,0.10848,0
27.2289,4597,Vehicle,ChannelLoad,0.10848,0
27.2289,4597,Vehicle,TX_Throughput,7760,0
27.2289,4597,Vehicle,TX_ObjectCount,1,0
27.2289,7523,RSU,ChannelLoad,0.11584,0
27.2289,7523,RSU,ChannelLoad,0.11584,0
27.2299,3254,RSU,TX_Throughput,27680,0
27.2299,3254,RSU,TX_ObjectCount,9,0
27.2318,866,Vehicle,ChannelLoad,0.14472,0
27.2318,866,Vehicle,ChannelLoad,0.14472,0
27.2318,866,Vehicle,TX_Throughput,7760,0
27.2318,866,Vehicle,TX_ObjectCount,1,0
27.2328,1984,RSU,TX_Throughput,22080,0
27.2328,1984,RSU,TX_ObjectCount,7,0
27.2332,3776,RSU,TX_Throughput,19280,0
27.2332,3776,RSU,TX_ObjectCount,6,0
27.2333,3552,RSU,ChannelLoad,0.0904,0
27.2333,3552,RSU,ChannelLoad,0.0904,0
27.2343,5797,Vehicle,ChannelLoad,0.06904,0
27.2343,5797,Vehicle,ChannelLoad,0.06904,0
27.2343,5797,Vehicle,TX_Throughput,7760,0
27.2343,5797,Vehicle,TX_ObjectCount,1,0
27.2344,29,RSU,TX_Throughput,36080,0
27.2344,29,RSU,TX_ObjectCount,12,0
27.2352,6781,RSU,ChannelLoad,0.0688,0
27.2352,6781,RSU,ChannelLoad,0.0688,0
27.237,3626,Vehicle,ChannelLoad,0.07424,0
27.237,3626,Vehicle,ChannelLoad,0.07424,0
27.237,3626,Vehicle,TX_Throughput,18960,0
27.237,3626,Vehicle,TX_ObjectCount,5,0
27.2374,2659,Vehicle,ChannelLoad,0.04792,0
27.2374,2659,Vehicle,ChannelLoad,0.04792,0
27.2374,2659,Vehicle,TX_Throughput,16160,0
27.2374,2659,Vehicle,TX_ObjectCount,4,0
27.2376,3699,Vehicle,ChannelLoad,0.036,0
27.2376,3699,Vehicle,ChannelLoad,0.036,0
27.2376,3699,Vehicle,TX_Throughput,4560,0
27.2376,3699,Vehicle,TX_ObjectCount,0,0
27.2379,7672,Vehicle,ChannelLoad,0.04568,0
27.2379,7672,Vehicle,ChannelLoad,0.04568,0
27.2379,7672,Vehicle,TX_Throughput,7760,0
27.2379,7672,Vehicle,TX_ObjectCount,1,0
27.238,2732,Vehicle,ChannelLoad,0.0408,0
27.238,2732,Vehicle,ChannelLoad,0.0408,0
27.238,2732,Vehicle,TX_Throughput,10560,0
27.238,2732,Vehicle,TX_ObjectCount,2,0
27.2389,5872,RSU,ChannelLoad,0.0932,0
27.2389,5872,RSU,ChannelLoad,0.0932,0
27.2396,2131,RSU,TX_Throughput,22080,0
27.2396,2131,RSU,TX_ObjectCount,7,0
27.2404,943,Vehicle,ChannelLoad,0.06224,0
27.2404,943,Vehicle,ChannelLoad,0.06224,0
27.2404,943,Vehicle,TX_Throughput,7760,0
27.2404,943,Vehicle,TX_ObjectCount,1,0
27.2414,7745,RSU,ChannelLoad,0.07752,0
27.2414,7745,RSU,ChannelLoad,0.07752,0
27.2423,7819,Vehicle,ChannelLoad,0.07664,0
27.2423,7819,Vehicle,ChannelLoad,0.07664,0
27.2423,7819,Vehicle,TX_Throughput,10560,0
27.2423,7819,Vehicle,TX_ObjectCount,2,0
27.2434,4900,RSU,TX_Throughput,27680,0
27.2434,4900,RSU,TX_ObjectCount,9,0
27.2437,8711,Vehicle,ChannelLoad,0.04896,0
27.2437,8711,Vehicle,ChannelLoad,0.04896,0
27.2437,8711,Vehicle,TX_Throughput,7760,0
27.2437,8711,Vehicle,TX_ObjectCount,1,0
27.2444,1833,Vehicle,ChannelLoad,0.08416,0
27.2444,1833,Vehicle,ChannelLoad,0.08416,0
27.2444,1833,Vehicle,TX_Throughput,18960,0
27.2444,1833,Vehicle,TX_ObjectCount,5,0
27.2449,4672,Vehicle,ChannelLoad,0.07248,0
27.2449,4672,Vehicle,ChannelLoad,0.07248,0
27.2449,4672,Vehicle,TX_Throughput,7760,0
27.2449,4672,Vehicle,TX_ObjectCount,1,0
27.2462,6781,RSU,TX_Throughput,27680,0
27.2462,6781,RSU,TX_ObjectCount,9,0
27.2464,1018,RSU,ChannelLoad,0.10736,0
27.2464,1018,RSU,ChannelLoad,0.10736,0
27.2471,3776,RSU,ChannelLoad,0.08784,0
27.2471,3776,RSU,ChannelLoad,0.08784,0
27.2488,1906,RSU,ChannelLoad,0.12984,0
27.2488,1906,RSU,ChannelLoad,0.12984,0
27.2488,4745,Vehicle,ChannelLoad,0.06696,0
27.2488,4745,Vehicle,ChannelLoad,0.06696,0
27.2488,4745,Vehicle,TX_Throughput,4560,0
27.2488,4745,Vehicle,TX_ObjectCount,0,0
27.2492,3850,RSU,ChannelLoad,0.0604,0
27.2492,3850,RSU,ChannelLoad,0.0604,0
27.2496,8786,Vehicle,ChannelLoad,0.12624,0
27.2496,8786,Vehicle,ChannelLoad,0.12624,0
27.2496,8786,Vehicle,TX_Throughput,7760,0
27.2496,8786,Vehicle,TX_ObjectCount,1,0
27.2507,6859,Vehicle,ChannelLoad,0.0508,0
27.2507,6859,Vehicle,ChannelLoad,0.0508,0
27.2507,6859,Vehicle,TX_Throughput,16160,0
27.2507,6859,Vehicle,TX_ObjectCount,4,0
27.2512,3926,Vehicle,ChannelLoad,0.026,0
27.2512,3926,Vehicle,ChannelLoad,0.026,0
27.2512,3926,Vehicle,TX_Throughput,10560,0
27.2512,3926,Vehicle,TX_ObjectCount,2,0
27.2527,8859,RSU,ChannelLoad,0.09288,0
27.2527,8859,RSU,ChannelLoad,0.09288,0
27.2528,4818,RSU,ChannelLoad,0.08848,0
27.2528,4818,RSU,ChannelLoad,0.08848,0
27.2531,5958,Vehicle,ChannelLoad,0.13152,0
27.2531,5958,Vehicle,ChannelLoad,0.13152,0
27.2531,5958,Vehicle,TX_Throughput,13360,0
27.2531,5958,Vehicle,TX_ObjectCount,3,0
27.2548,2211,RSU,TX_Throughput,19280,0
27.2548,2211,RSU,TX_ObjectCount,6,0
27.2561,4818,RSU,TX_Throughput,22080,0
27.2561,4818,RSU,TX_ObjectCount,7,0
27.2561,6932,RSU,ChannelLoad,0.08416,0
27.2561,6932,RSU,ChannelLoad,0.08416,0
27.2582,2805,Vehicle,ChannelLoad,0.04472,0
27.2582,2805,Vehicle,ChannelLoad,0.04472,0
27.2582,2805,Vehicle,TX_Throughput,10560,0
27.2582,2805,Vehicle,TX_ObjectCount,2,0
27.2586,7006,Vehicle,ChannelLoad,0.0816,0
27.2586,7006,Vehicle,ChannelLoad,0.0816,0
27.2586,7006,Vehicle,TX_Throughput,10560,0
27.2586,7006,Vehicle,TX_ObjectCount,2,0
27.259,1094,Vehicle,ChannelLoad,0.04488,0
27.259,1094,Vehicle,ChannelLoad,0.04488,0
27.259,1094,Vehicle,TX_Throughput,13360,0
27.259,1094,Vehicle,TX_ObjectCount,3,0
27.2594,2878,Vehicle,ChannelLoad,0.05472,0
27.2594,2878,Vehicle,ChannelLoad,0.05472,0
27.2594,2878,Vehicle,TX_Throughput,4560,0
27.2594,2878,Vehicle,TX_ObjectCount,0,0
27.2609,3328,RSU,TX_Throughput,22080,0
27.2609,3328,RSU,TX_ObjectCount,7,0
27.2613,1167,Vehicle,ChannelLoad,0.09832,0
27.2613,1167,Vehicle,ChannelLoad,0.09832,0
27.2613,1167,Vehicle,TX_Throughput,10560,0
27.2613,1167,Vehicle,TX_ObjectCount,2,0
27.2615,4001,Vehicle,ChannelLoad,0.07992,0
27.2615,4001,Vehicle,ChannelLoad,0.07992,0
27.2615,4001,Vehicle,TX_Throughput,13360,0
27.2615,4001,Vehicle,TX_ObjectCount,3,0
27.262,6634,RSU,TX_Throughput,19280,0
27.262,6634,RSU,TX_ObjectCount,6,0
27.2622,8937,RSU,ChannelLoad,0.1168,0
27.2622,8937,RSU,ChannelLoad,0.1168,0
27.2623,3850,RSU,TX_Throughput,8080,0
27.2623,3850,RSU,TX_ObjectCount,2,0
27.2637,9011,Vehicle,ChannelLoad,0.076,0
27.2637,9011,Vehicle,ChannelLoad,0.076,0
27.2637,9011,Vehicle,TX_Throughput,10560,0
27.2637,9011,Vehicle,TX_ObjectCount,2,0
27.2637,2953,Vehicle,ChannelLoad,0.06752,0
27.2637,2953,Vehicle,ChannelLoad,0.06752,0
27.2637,2953,Vehicle,TX_Throughput,21760,0
27.2637,2953,Vehicle,TX_ObjectCount,6,0
27.2643,8192,RSU,TX_Throughput,19280,0
27.2643,8192,RSU,TX_ObjectCount,6,0
27.2647,1984,RSU,ChannelLoad,0.0644,0
27.2647,1984,RSU,ChannelLoad,0.0644,0
27.2649,1240,RSU,ChannelLoad,0.06056,0
27.2649,1240,RSU,ChannelLoad,0.06056,0
27.2651,7969,Vehicle,ChannelLoad,0.0568,0
27.2651,7969,Vehicle,ChannelLoad,0.0568,0
27.2651,7969,Vehicle,TX_Throughput,4560,0
27.2651,7969,Vehicle,TX_ObjectCount,0,0
27.2654,2058,Vehicle,ChannelLoad,0.06512,0
27.2654,2058,Vehicle,ChannelLoad,0.06512,0
27.2654,2058,Vehicle,TX_Throughput,10560,0
27.2654,2058,Vehicle,TX_ObjectCount,2,0
27.2663,4074,Vehicle,ChannelLoad,0.07032,0
27.2663,4074,Vehicle,ChannelLoad,0.07032,0
27.2663,4074,Vehicle,TX_Throughput,10560,0
27.2663,4074,Vehicle,TX_ObjectCount,2,0
27.2674,6037,Vehicle,ChannelLoad,0.07944,0
27.2674,6037,Vehicle,ChannelLoad,0.07944,0
27.2674,6037,Vehicle,TX_Throughput,7760,0
27.2674,6037,Vehicle,TX_ObjectCount,1,0
27.2687,4147,Vehicle,ChannelLoad,0.1016,0
27.2687,4147,Vehicle,ChannelLoad,0.1016,0
27.2687,4147,Vehicle,TX_Throughput,4560,0
27.2687,4147,Vehicle,TX_ObjectCount,0,0
27.2696,4900,RSU,ChannelLoad,0.11328,0
27.2696,4900,RSU,ChannelLoad,0.11328,0
27.2698,3030,RSU,ChannelLoad,0.10032,0
27.2698,3030,RSU,ChannelLoad,0.10032,0
27.27,2131,RSU,ChannelLoad,0.15584,0
27.27,2131,RSU,ChannelLoad,0.15584,0
27.2701,8044,Vehicle,ChannelLoad,0.06992,0
27.2701,8044,Vehicle,ChannelLoad,0.06992,0
27.2701,8044,Vehicle,TX_Throughput,7760,0
27.2701,8044,Vehicle,TX_ObjectCount,1,0
27.2702,4974,Vehicle,ChannelLoad,0.076,0
27.2702,4974,Vehicle,ChannelLoad,0.076,0
27.2702,4974,Vehicle,TX_Throughput,18960,0
27.2702,4974,Vehicle,TX_ObjectCount,5,0
27.2706,6110,Vehicle,ChannelLoad,0.06176,0
27.2706,6110,Vehicle,ChannelLoad,0.06176,0
27.2706,6110,Vehicle,TX_Throughput,16160,0
27.2706,6110,Vehicle,TX_ObjectCount,4,0
27.2709,1314,Vehicle,ChannelLoad,0.06776,0
27.2709,1314,Vehicle,ChannelLoad,0.06776,0
27.2709,1314,Vehicle,TX_Throughput,7760,0
27.2709,1314,Vehicle,TX_ObjectCount,1,0
27.271,270,Vehicle,ChannelLoad,0.05272,0
27.271,270,Vehicle,ChannelLoad,0.05272,0
27.271,270,Vehicle,TX_Throughput,21760,0
27.271,270,Vehicle,TX_ObjectCount,6,0
27.2719,9086,Vehicle,ChannelLoad,0.06512,0
27.2719,9086,Vehicle,ChannelLoad,0.06512,0
27.2719,9086,Vehicle,TX_Throughput,10560,0
27.2719,9086,Vehicle,TX_ObjectCount,2,0
27.2723,5047,RSU,ChannelLoad,0.14432,0
27.2723,5047,RSU,ChannelLoad,0.14432,0
27.2731,1759,RSU,TX_Throughput,16480,0
27.2731,1759,RSU,TX_ObjectCount,5,0
27.2736,4222,Vehicle,ChannelLoad,0.08128,0
27.2736,4222,Vehicle,ChannelLoad,0.08128,0
27.2736,4222,Vehicle,TX_Throughput,10560,0
27.2736,4222,Vehicle,TX_ObjectCount,2,0
27.2744,3552,RSU,TX_Throughput,19280,0
27.2744,3552,RSU,TX_ObjectCount,6,0
27.2762,5123,RSU,ChannelLoad,0.07936,0
27.2762,5123,RSU,ChannelLoad,0.07936,0
27.2774,8937,RSU,TX_Throughput,19280,0
27.2774,8937,RSU,TX_ObjectCount,6,0
27.2777,4297,Vehicle,ChannelLoad,0.11312,0
27.2777,4297,Vehicle,ChannelLoad,0.11312,0
27.2777,4297,Vehicle,TX_Throughput,7760,0
27.2777,4297,Vehicle,TX_ObjectCount,1,0
27.2778,6187,RSU,ChannelLoad,0.13088,0
27.2778,6187,RSU,ChannelLoad,0.13088,0
27.2782,8117,Vehicle,ChannelLoad,0.08744,0
27.2782,8117,Vehicle,ChannelLoad,0.08744,0
27.2782,8117,Vehicle,TX_Throughput,13360,0
27.2782,8117,Vehicle,TX_ObjectCount,3,0
27.2783,7083,Vehicle,ChannelLoad,0.07512,0
27.2783,7083,Vehicle,ChannelLoad,0.07512,0
27.2783,7083,Vehicle,TX_Throughput,10560,0
27.2783,7083,Vehicle,TX_ObjectCount,2,0
27.2786,9163,Vehicle,ChannelLoad,0.08248,0
27.2786,9163,Vehicle,ChannelLoad,0.08248,0
27.2786,9163,Vehicle,TX_Throughput,16160,0
27.2786,9163,Vehicle,TX_ObjectCount,4,0
27.2791,3030,RSU,TX_Throughput,16480,0
27.2791,3030,RSU,TX_ObjectCount,5,0
27.2796,9236,Vehicle,ChannelLoad,0.0508,0
27.2796,9236,Vehicle,ChannelLoad,0.0508,0
27.2796,9236,Vehicle,TX_Throughput,10560,0
27.2796,9236,Vehicle,TX_ObjectCount,2,0
27.2799,1906,RSU,TX_Throughput,19280,0
27.2799,1906,RSU,TX_ObjectCount,6,0
27.28,4370,Vehicle,ChannelLoad,0.07632,0
27.28,4370,Vehicle,ChannelLoad,0.07632,0
27.28,4370,Vehicle,TX_Throughput,7760,0
27.28,4370,Vehicle,TX_ObjectCount,1,0
27.2801,6263,RSU,ChannelLoad,0.07984,0
27.2801,6263,RSU,ChannelLoad,0.07984,0
27.2805,7156,Vehicle,ChannelLoad,0.0544,0
27.2805,7156,Vehicle,ChannelLoad,0.0544,0
27.2805,7156,Vehicle,TX_Throughput,16160,0
27.2805,7156,Vehicle,TX_ObjectCount,4,0
27.2814,1387,RSU,TX_Throughput,24880,0
27.2814,1387,RSU,TX_ObjectCount,8,0
27.2816,1240,RSU,TX_Throughput,13680,0
27.2816,1240,RSU,TX_ObjectCount,4,0
27.2817,1018,RSU,TX_Throughput,41680,0
27.2817,1018,RSU,TX_ObjectCount,14,0
27.2819,5197,Vehicle,ChannelLoad,0.13192,0
27.2819,5197,Vehicle,ChannelLoad,0.13192,0
27.2819,5197,Vehicle,TX_Throughput,16160,0
27.2819,5197,Vehicle,TX_ObjectCount,4,0
27.282,5270,Vehicle,ChannelLoad,0.06344,0
27.282,5270,Vehicle,ChannelLoad,0.06344,0
27.282,5270,Vehicle,TX_Throughput,10560,0
27.282,5270,Vehicle,TX_ObjectCount,2,0
27.2831,343,Vehicle,ChannelLoad,0.07816,0
27.2831,343,Vehicle,ChannelLoad,0.07816,0
27.2831,343,Vehicle,TX_Throughput,13360,0
27.2831,343,Vehicle,TX_ObjectCount,3,0
27.2832,1387,RSU,ChannelLoad,0.11672,0
27.2832,1387,RSU,ChannelLoad,0.11672,0
27.2838,8859,RSU,TX_Throughput,13680,0
27.2838,8859,RSU,TX_ObjectCount,4,0
27.2855,6187,RSU,TX_Throughput,19280,0
27.2855,6187,RSU,TX_ObjectCount,6,0
27.2865,3108,Vehicle,ChannelLoad,0.0788,0
27.2865,3108,Vehicle,ChannelLoad,0.0788,0
27.2865,3108,Vehicle,TX_Throughput,7760,0
27.2865,3108,Vehicle,TX_ObjectCount,1,0
27.2865,5343,RSU,ChannelLoad,0.098,0
27.2865,5343,RSU,ChannelLoad,0.098,0
27.2871,416,Vehicle,ChannelLoad,0.07768,0
27.2871,416,Vehicle,ChannelLoad,0.07768,0
27.2871,416,Vehicle,TX_Throughput,13360,0
27.2871,416,Vehicle,TX_ObjectCount,3,0
27.2883,5123,RSU,TX_Throughput,19280,0
27.2883,5123,RSU,TX_ObjectCount,6,0
27.2884,9309,Vehicle,ChannelLoad,0.09632,0
27.2884,9309,Vehicle,ChannelLoad,0.09632,0
27.2884,9309,Vehicle,TX_Throughput,13360,0
27.2884,9309,Vehicle,TX_ObjectCount,3,0
27.2885,2211,RSU,ChannelLoad,0.11648,0
27.2885,2211,RSU,ChannelLoad,0.11648,0
27.2894,2285,RSU,ChannelLoad,0.09952,0
27.2894,2285,RSU,ChannelLoad,0.09952,0
27.2916,8192,RSU,ChannelLoad,0.08584,0
27.2916,8192,RSU,ChannelLoad,0.08584,0
27.2917,7229,Vehicle,ChannelLoad,0.05944,0
27.2917,7229,Vehicle,ChannelLoad,0.05944,0
27.2917,7229,Vehicle,TX_Throughput,13360,0
27.2917,7229,Vehicle,TX_ObjectCount,3,0
27.292,5417,RSU,ChannelLoad,0.12256,0
27.292,5417,RSU,ChannelLoad,0.12256,0
27.2925,6341,Vehicle,ChannelLoad,0.0508,0
27.2925,6341,Vehicle,ChannelLoad,0.0508,0
27.2925,6341,Vehicle,TX_Throughput,10560,0
27.2925,6341,Vehicle,TX_ObjectCount,2,0
27.2928,3181,Vehicle,ChannelLoad,0.10224,0
27.2928,3181,Vehicle,ChannelLoad,0.10224,0
27.2928,3181,Vehicle,TX_Throughput,10560,0
27.2928,3181,Vehicle,TX_ObjectCount,2,0
27.2928,5872,RSU,TX_Throughput,13680,0
27.2928,5872,RSU,TX_ObjectCount,4,0
27.2939,489,Vehicle,ChannelLoad,0.04848,0
27.2939,489,Vehicle,ChannelLoad,0.04848,0
27.2939,489,Vehicle,TX_Throughput,7760,0
27.2939,489,Vehicle,TX_ObjectCount,1,0
27.2955,5047,RSU,TX_Throughput,30480,0
27.2955,5047,RSU,TX_ObjectCount,10,0
27.296,8268,RSU,ChannelLoad,0.10328,0
27.296,8268,RSU,ChannelLoad,0.10328,0
27.2961,3254,RSU,ChannelLoad,0.12568,0
27.2961,3254,RSU,ChannelLoad,0.12568,0
27.2961,562,Vehicle,ChannelLoad,0.0448,0
27.2961,562,Vehicle,ChannelLoad,0.0448,0
27.2961,562,Vehicle,TX_Throughput,10560,0
27.2961,562,Vehicle,TX_ObjectCount,2,0
27.2961,2359,Vehicle,ChannelLoad,0.0648,0
27.2961,2359,Vehicle,ChannelLoad,0.0648,0
27.2961,2359,Vehicle,TX_Throughput,10560,0
27.2961,2359,Vehicle,TX_ObjectCount,2,0
27.2966,1463,Vehicle,ChannelLoad,0.05848,0
27.2966,1463,Vehicle,ChannelLoad,0.05848,0
27.2966,1463,Vehicle,TX_Throughput,10560,0
27.2966,1463,Vehicle,TX_ObjectCount,2,0
27.2975,2432,Vehicle,ChannelLoad,0.02696,0
27.2975,2432,Vehicle,ChannelLoad,0.02696,0
27.2975,2432,Vehicle,TX_Throughput,4560,0
27.2975,2432,Vehicle,TX_ObjectCount,0,0
27.2976,6414,Vehicle,ChannelLoad,0.12104,0
27.2976,6414,Vehicle,ChannelLoad,0.12104,0
27.2976,6414,Vehicle,TX_Throughput,10560,0
27.2976,6414,Vehicle,TX_ObjectCount,2,0
27.2978,3328,RSU,ChannelLoad,0.06288,0
27.2978,3328,RSU,ChannelLoad,0.06288,0
27.2992,7302,Vehicle,ChannelLoad,0.04896,0
27.2992,7302,Vehicle,ChannelLoad,0.04896,0
27.2992,7302,Vehicle,TX_Throughput,7760,0
27.2992,7302,Vehicle,TX_ObjectCount,1,0
27.3004,7523,RSU,TX_Throughput,27680,0
27.3004,7523,RSU,TX_ObjectCount,9,0
27.3009,7375,Vehicle,ChannelLoad,0.05544,0
27.3009,7375,Vehicle,ChannelLoad,0.05544,0
27.3009,7375,Vehicle,TX_Throughput,7760,0
27.3009,7375,Vehicle,TX_ObjectCount,1,0
27.302,639,Vehicle,ChannelLoad,0.0732,0
27.302,639,Vehicle,ChannelLoad,0.0732,0
27.302,639,Vehicle,TX_Throughput,4560,0
27.302,639,Vehicle,TX_ObjectCount,0,0
27.3023,8342,Vehicle,ChannelLoad,0.06776,0
27.3023,8342,Vehicle,ChannelLoad,0.06776,0
27.3023,8342,Vehicle,TX_Throughput,10560,0
27.3023,8342,Vehicle,TX_ObjectCount,2,0
27.3037,6487,RSU,ChannelLoad,0.09736,0
27.3037,6487,RSU,ChannelLoad,0.09736,0
27.3045,7745,RSU,TX_Throughput,22080,0
27.3045,7745,RSU,TX_ObjectCount,7,0
27.3047,29,RSU,ChannelLoad,0.09888,0
27.3047,29,RSU,ChannelLoad,0.09888,0
27.3048,5495,Vehicle,ChannelLoad,0.0696,0
27.3048,5495,Vehicle,ChannelLoad,0.0696,0
27.3048,5495,Vehicle,TX_Throughput,10560,0
27.3048,5495,Vehicle,TX_ObjectCount,2,0
27.3052,5417,RSU,TX_Throughput,36080,0
27.3052,5417,RSU,TX_ObjectCount,12,0
27.3059,712,Vehicle,ChannelLoad,0.1224,0
27.3059,712,Vehicle,ChannelLoad,0.1224,0
27.3059,712,Vehicle,TX_Throughput,7760,0
27.3059,712,Vehicle,TX_ObjectCount,1,0
27.3078,5568,Vehicle,ChannelLoad,0.06104,0
27.3078,5568,Vehicle,ChannelLoad,0.06104,0
27.3078,5568,Vehicle,TX_Throughput,24560,0
27.3078,5568,Vehicle,TX_ObjectCount,7,0
27.3089,6932,RSU,TX_Throughput,10880,0
27.3089,6932,RSU,TX_ObjectCount,3,0
27.309,4445,Vehicle,ChannelLoad,0.08008,0
27.309,4445,Vehicle,ChannelLoad,0.08008,0
27.309,4445,Vehicle,TX_Throughput,16160,0
27.309,4445,Vehicle,TX_ObjectCount,4,0
27.3103,5343,RSU,TX_Throughput,30480,0
27.3103,5343,RSU,TX_ObjectCount,10,0
27.3104,1538,Vehicle,ChannelLoad,0.02912,0
27.3104,1538,Vehicle,ChannelLoad,0.02912,0
27.3104,1538,Vehicle,TX_Throughput,13360,0
27.3104,1538,Vehicle,TX_ObjectCount,3,0
27.3121,5641,Vehicle,ChannelLoad,0.04456,0
27.3121,5641,Vehicle,ChannelLoad,0.04456,0
27.3121,5641,Vehicle,TX_Throughput,10560,0
27.3121,5641,Vehicle,TX_ObjectCount,2,0
27.3123,2285,RSU,TX_Throughput,24880,0
27.3123,2285,RSU,TX_ObjectCount,8,0
27.3131,5714,Vehicle,ChannelLoad,0.10832,0
27.3131,5714,Vehicle,ChannelLoad,0.10832,0
27.3131,5714,Vehicle,TX_Throughput,4560,0
27.3131,5714,Vehicle,TX_ObjectCount,0,0
27.3144,3404,Vehicle,ChannelLoad,0.102,0
27.3144,3404,Vehicle,ChannelLoad,0.102,0
27.3144,3404,Vehicle,TX_Throughput,16160,0
27.3144,3404,Vehicle,TX_ObjectCount,4,0
27.3151,6487,RSU,TX_Throughput,22080,0
27.3151,6487,RSU,TX_ObjectCount,7,0
27.3152,6561,Vehicle,ChannelLoad,0.058,0
27.3152,6561,Vehicle,ChannelLoad,0.058,0
27.3152,6561,Vehicle,TX_Throughput,13360,0
27.3152,6561,Vehicle,TX_ObjectCount,3,0
27.3163,6634,RSU,ChannelLoad,0.07,0
27.3163,6634,RSU,ChannelLoad,0.07,0
27.3166,1611,Vehicle,ChannelLoad,0.05504,0
27.3166,1611,Vehicle,ChannelLoad,0.05504,0
27.3166,1611,Vehicle,TX_Throughput,7760,0
27.3166,1611,Vehicle,TX_ObjectCount,1,0
27.3166,182,RSU,TX_Throughput,27680,0
27.3166,182,RSU,TX_ObjectCount,9,0
27.3167,8417,Vehicle,ChannelLoad,0.06728,0
27.3167,8417,Vehicle,ChannelLoad,0.06728,0
27.3167,8417,Vehicle,TX_Throughput,4560,0
27.3167,8417,Vehicle,TX_ObjectCount,0,0
27.3168,1684,Vehicle,ChannelLoad,0.05584,0
27.3168,1684,Vehicle,ChannelLoad,0.05584,0
27.3168,1684,Vehicle,TX_Throughput,4560,0
27.3168,1684,Vehicle,TX_ObjectCount,0,0
27.3172,2507,Vehicle,ChannelLoad,0.06448,0
27.3172,2507,Vehicle,ChannelLoad,0.06448,0
27.3172,2507,Vehicle,TX_Throughput,18960,0
27.3172,2507,Vehicle,TX_ObjectCount,5,0
27.318,8268,RSU,TX_Throughput,27680,0
27.318,8268,RSU,TX_ObjectCount,9,0
27.3182,8490,Vehicle,ChannelLoad,0.0616,0
27.3182,8490,Vehicle,ChannelLoad,0.0616,0
27.3182,8490,Vehicle,TX_Throughput,7760,0
27.3182,8490,Vehicle,TX_ObjectCount,1,0
27.3183,787,Vehicle,ChannelLoad,0.06704,0
27.3183,787,Vehicle,ChannelLoad,0.06704,0
27.3183,787,Vehicle,TX_Throughput,4560,0
27.3183,787,Vehicle,TX_ObjectCount,0,0
27.3186,2582,Vehicle,ChannelLoad,0.05584,0
27.3186,2582,Vehicle,ChannelLoad,0.05584,0
27.3186,2582,Vehicle,TX_Throughput,7760,0
27.3186,2582,Vehicle,TX_ObjectCount,1,0
27.3188,107,Vehicle,ChannelLoad,0.08376,0
27.3188,107,Vehicle,ChannelLoad,0.08376,0
27.3188,107,Vehicle,TX_Throughput,10560,0
27.3188,107,Vehicle,TX_ObjectCount,2,0
27.3201,182,RSU,ChannelLoad,0.07464,0
27.3201,182,RSU,ChannelLoad,0.07464,0
27.3206,6708,Vehicle,ChannelLoad,0.10672,0
27.3206,6708,Vehicle,ChannelLoad,0.10672,0
27.3206,6708,Vehicle,TX_Throughput,4560,0
27.3206,6708,Vehicle,TX_ObjectCount,0,0
27.321,7450,Vehicle,ChannelLoad,0.0692,0
27.321,7450,Vehicle,ChannelLoad,0.0692,0
27.321,7450,Vehicle,TX_Throughput,13360,0
27.321,7450,Vehicle,TX_ObjectCount,3,0
27.3218,4522,Vehicle,ChannelLoad,0.072,0
27.3218,4522,Vehicle,ChannelLoad,0.072,0
27.3218,4522,Vehicle,TX_Throughput,13360,0
27.3218,4522,Vehicle,TX_ObjectCount,3,0
27.3231,1759,RSU,ChannelLoad,0.08488,0
27.3231,1759,RSU,ChannelLoad,0.08488,0
27.3237,3479,Vehicle,ChannelLoad,0.07264,0
27.3237,3479,Vehicle,ChannelLoad,0.07264,0
27.3237,3479,Vehicle,TX_Throughput,18960,0
27.3237,3479,Vehicle,TX_ObjectCount,5,0
27.3256,8636,Vehicle,ChannelLoad,0.08008,0
27.3256,8636,Vehicle,ChannelLoad,0.08008,0
27.3256,8636,Vehicle,TX_Throughput,13360,0
27.3256,8636,Vehicle,TX_ObjectCount,3,0
27.3275,6263,RSU,TX_Throughput,22080,0
27.3275,6263,RSU,TX_ObjectCount,7,0
27.3289,4597,Vehicle,ChannelLoad,0.1148,0
27.3289,4597,Vehicle,ChannelLoad,0.1148,0
27.3289,4597,Vehicle,TX_Throughput,7760,0
27.3289,4597,Vehicle,TX_ObjectCount,1,0
27.3289,7523,RSU,ChannelLoad,0.11528,0
27.3289,7523,RSU,ChannelLoad,0.11528,0
27.3299,3254,RSU,TX_Throughput,30480,0
27.3299,3254,RSU,TX_ObjectCount,10,0
27.3318,866,Vehicle,ChannelLoad,0.13896,0
27.3318,866,Vehicle,ChannelLoad,0.13896,0
27.3318,866,Vehicle,TX_Throughput,7760,0
27.3318,866,Vehicle,TX_ObjectCount,1,0
27.3328,1984,RSU,TX_Throughput,22080,0
27.3328,1984,RSU,TX_ObjectCount,7,0
27.3332,3776,RSU,TX_Throughput,19280,0
27.3332,3776,RSU,TX_ObjectCount,6,0
27.3333,3552,RSU,ChannelLoad,0.07992,0
27.3333,3552,RSU,ChannelLoad,0.07992,0
27.3343,5797,Vehicle,ChannelLoad,0.07664,0
27.3343,5797,Vehicle,ChannelLoad,0.07664,0
27.3343,5797,Vehicle,TX_Throughput,7760,0
27.3343,5797,Vehicle,TX_ObjectCount,1,0
27.3344,29,RSU,TX_Throughput,36080,0
27.3344,29,RSU,TX_ObjectCount,12,0
27.3352,6781,RSU,ChannelLoad,0.08624,0
27.3352,6781,RSU,ChannelLoad,0.08624,0
27.337,3626,Vehicle,ChannelLoad,0.07912,0
27.337,3626,Vehicle,ChannelLoad,0.07912,0
27.337,3626,Vehicle,TX_Throughput,18960,0
27.337,3626,Vehicle,TX_ObjectCount,5,0
27.3374,2659,Vehicle,ChannelLoad,0.05208,0
27.3374,2659,Vehicle,ChannelLoad,0.05208,0
27.3374,2659,Vehicle,TX_Throughput,18960,0
27.3374,2659,Vehicle,TX_ObjectCount,5,0
27.3376,3699,Vehicle,ChannelLoad,0.03576,0
27.3376,3699,Vehicle,ChannelLoad,0.03576,0
27.3376,3699,Vehicle,TX_Throughput,4560,0
27.3376,3699,Vehicle,TX_ObjectCount,0,0
27.3379,7672,Vehicle,ChannelLoad,0.0384,0
27.3379,7672,Vehicle,ChannelLoad,0.0384,0
27.3379,7672,Vehicle,TX_Throughput,7760,0
27.3379,7672,Vehicle,TX_ObjectCount,1,0
27.338,2732,Vehicle,ChannelLoad,0.03984,0
27.338,2732,Vehicle,ChannelLoad,0.03984,0
27.338,2732,Vehicle,TX_Throughput,10560,0
27.338,2732,Vehicle,TX_ObjectCount,2,0
27.3389,5872,RSU,ChannelLoad,0.07744,0
27.3389,5872,RSU,ChannelLoad,0.07744,0
27.3396,2131,RSU,TX_Throughput,22080,0
27.3396,2131,RSU,TX_ObjectCount,7,0
27.3404,943,Vehicle,ChannelLoad,0.06056,0
27.3404,943,Vehicle,ChannelLoad,0.06056,0
27.3404,943,Vehicle,TX_Throughput,7760,0
27.3404,943,Vehicle,TX_ObjectCount,1,0
27.3414,7745,RSU,ChannelLoad,0.08016,0
27.3414,7745,RSU,ChannelLoad,0.08016,0
27.3423,7819,Vehicle,ChannelLoad,0.08448,0
27.3423,7819,Vehicle,ChannelLoad,0.08448,0
27.3423,7819,Vehicle,TX_Throughput,10560,0
27.3423,7819,Vehicle,TX_ObjectCount,2,0
27.3434,4900,RSU,TX_Throughput,27680,0
27.3434,4900,RSU,TX_ObjectCount,9,0
27.3437,8711,Vehicle,ChannelLoad,0.0384,0
27.3437,8711,Vehicle,ChannelLoad,0.0384,0
27.3437,8711,Vehicle,TX_Throughput,7760,0
27.3437,8711,Vehicle,TX_ObjectCount,1,0
27.3444,1833,Vehicle,ChannelLoad,0.06496,0
27.3444,1833,Vehicle,ChannelLoad,0.06496,0
27.3444,1833,Vehicle,TX_Throughput,21760,0
27.3444,1833,Vehicle,TX_ObjectCount,6,0
27.3449,4672,Vehicle,ChannelLoad,0.09136,0
27.3449,4672,Vehicle,ChannelLoad,0.09136,0
27.3449,4672,Vehicle,TX_Throughput,10560,0
27.3449,4672,Vehicle,TX_ObjectCount,2,0
27.3462,6781,RSU,TX_Throughput,30480,0
27.3462,6781,RSU,TX_ObjectCount,10,0
27.3464,1018,RSU,ChannelLoad,0.10248,0
27.3464,1018,RSU,ChannelLoad,0.10248,0
27.3471,3776,RSU,ChannelLoad,0.09624,0
27.3471,3776,RSU,ChannelLoad,0.09624,0
27.3488,1906,RSU,ChannelLoad,0.13992,0
27.3488,1906,RSU,ChannelLoad,0.13992,0
27.3488,4745,Vehicle,ChannelLoad,0.06608,0
27.3488,4745,Vehicle,ChannelLoad,0.06608,0
27.3488,4745,Vehicle,TX_Throughput,4560,0
27.3488,4745,Vehicle,TX_ObjectCount,0,0
27.3492,3850,RSU,ChannelLoad,0.07152,0
27.3492,3850,RSU,ChannelLoad,0.07152,0
27.3496,8786,Vehicle,ChannelLoad,0.14152,0
27.3496,8786,Vehicle,ChannelLoad,0.14152,0
27.3496,8786,Vehicle,TX_Throughput,10560,0
27.3496,8786,Vehicle,TX_ObjectCount,2,0
27.3507,6859,Vehicle,ChannelLoad,0.05144,0
27.3507,6859,Vehicle,ChannelLoad,0.05144,0
27.3507,6859,Vehicle,TX_Throughput,16160,0
27.3507,6859,Vehicle,TX_ObjectCount,4,0
27.3512,3926,Vehicle,ChannelLoad,0.02336,0
27.3512,3926,Vehicle,ChannelLoad,0.02336,0
27.3512,3926,Vehicle,TX_Throughput,10560,0
27.3512,3926,Vehicle,TX_ObjectCount,2,0
27.3527,8859,RSU,ChannelLoad,0.10288,0
27.3527,8859,RSU,ChannelLoad,0.10288,0
27.3528,4818,RSU,ChannelLoad,0.08232,0
27.3528,4818,RSU,ChannelLoad,0.08232,0
27.3531,5958,Vehicle,ChannelLoad,0.14352,0
27.3531,5958,Vehicle,ChannelLoad,0.14352,0
27.3531,5958,Vehicle,TX_Throughput,13360,0
27.3531,5958,Vehicle,TX_ObjectCount,3,0
27.3548,2211,RSU,TX_Throughput,19280,0
27.3548,2211,RSU,TX_ObjectCount,6,0
27.3561,4818,RSU,TX_Throughput,22080,0
27.3561,4818,RSU,TX_ObjectCount,7,0
27.3561,6932,RSU,ChannelLoad,0.08016,0
27.3561,6932,RSU,ChannelLoad,0.08016,0
27.3582,2805,Vehicle,ChannelLoad,0.05016,0
27.3582,2805,Vehicle,ChannelLoad,0.05016,0
27.3582,2805,Vehicle,TX_Throughput,10560,0
27.3582,2805,Vehicle,TX_ObjectCount,2,0
27.3586,7006,Vehicle,ChannelLoad,0.08664,0
27.3586,7006,Vehicle,ChannelLoad,0.08664,0
27.3586,7006,Vehicle,TX_Throughput,10560,0
27.3586,7006,Vehicle,TX_ObjectCount,2,0
27.359,1094,Vehicle,ChannelLoad,0.03936,0
27.359,1094,Vehicle,ChannelLoad,0.03936,0
27.359,1094,Vehicle,TX_Throughput,13360,0
27.359,1094,Vehicle,TX_ObjectCount,3,0
27.3594,2878,Vehicle,ChannelLoad,0.07256,0
27.3594,2878,Vehicle,ChannelLoad,0.07256,0
27.3594,2878,Vehicle,TX_Throughput,4560,0
27.3594,2878,Vehicle,TX_ObjectCount,0,0
27.3609,3328,RSU,TX_Throughput,22080,0
27.3609,3328,RSU,TX_ObjectCount,7,0
27.3613,1167,Vehicle,ChannelLoad,0.08936,0
27.3613,1167,Vehicle,ChannelLoad,0.08936,0
27.3613,1167,Vehicle,TX_Throughput,10560,0
27.3613,1167,Vehicle,TX_ObjectCount,2,0
27.3615,4001,Vehicle,ChannelLoad,0.08528,0
27.3615,4001,Vehicle,ChannelLoad,0.08528,0
27.3615,4001,Vehicle,TX_Throughput,13360,0
27.3615,4001,Vehicle,TX_ObjectCount,3,0
27.362,6634,RSU,TX_Throughput,19280,0
27.362,6634,RSU,TX_ObjectCount,6,0
27.3622,8937,RSU,ChannelLoad,0.11768,0
27.3622,8937,RSU,ChannelLoad,0.11768,0
27.3623,3850,RSU,TX_Throughput,8080,0
27.3623,3850,RSU,TX_ObjectCount,2,0
27.3637,9011,Vehicle,ChannelLoad,0.09176,0
27.3637,9011,Vehicle,ChannelLoad,0.09176,0
27.3637,9011,Vehicle,TX_Throughput,10560,0
27.3637,9011,Vehicle,TX_ObjectCount,2,0
27.3637,2953,Vehicle,ChannelLoad,0.0884,0
27.3637,2953,Vehicle,ChannelLoad,0.0884,0
27.3637,2953,Vehicle,TX_Throughput,21760,0
27.3637,2953,Vehicle,TX_ObjectCount,6,0
27.3643,8192,RSU,TX_Throughput,19280,0
27.3643,8192,RSU,TX_ObjectCount,6,0
27.3647,1984,RSU,ChannelLoad,0.06688,0
27.3647,1984,RSU,ChannelLoad,0.06688,0
27.3649,1240,RSU,ChannelLoad,0.06968,0
27.3649,1240,RSU,ChannelLoad,0.06968,0
27.3651,7969,Vehicle,ChannelLoad,0.05424,0
27.3651,7969,Vehicle,ChannelLoad,0.05424,0
27.3651,7969,Vehicle,TX_Throughput,4560,0
27.3651,7969,Vehicle,TX_ObjectCount,0,0
27.3654,2058,Vehicle,ChannelLoad,0.064,0
27.3654,2058,Vehicle,ChannelLoad,0.064,0
27.3654,2058,Vehicle,TX_Throughput,10560,0
27.3654,2058,Vehicle,TX_ObjectCount,2,0
27.3663,4074,Vehicle,ChannelLoad,0.06984,0
27.3663,4074,Vehicle,ChannelLoad,0.06984,0
27.3663,4074,Vehicle,TX_Throughput,10560,0
27.3663,4074,Vehicle,TX_ObjectCount,2,0
27.3674,6037,Vehicle,ChannelLoad,0.07856,0
27.3674,6037,Vehicle,ChannelLoad,0.07856,0
27.3674,6037,Vehicle,TX_Throughput,7760,0
27.3674,6037,Vehicle,TX_ObjectCount,1,0
27.3687,4147,Vehicle,ChannelLoad,0.10912,0
27.3687,4147,Vehicle,ChannelLoad,0.10912,0
27.3687,4147,Vehicle,TX_Throughput,4560,0
27.3687,4147,Vehicle,TX_ObjectCount,0,0
27.3696,4900,RSU,ChannelLoad,0.10552,0
27.3696,4900,RSU,ChannelLoad,0.10552,0
27.3698,3030,RSU,ChannelLoad,0.08464,0
27.3698,3030,RSU,ChannelLoad,0.08464,0
27.37,2131,RSU,ChannelLoad,0.15864,0
27.37,2131,RSU,ChannelLoad,0.15864,0
27.3701,8044,Vehicle,ChannelLoad,0.08856,0
27.3701,8044,Vehicle,ChannelLoad,0.08856,0
27.3701,8044,Vehicle,TX_Throughput,7760,0
27.3701,8044,Vehicle,TX_ObjectCount,1,0
27.3702,4974,Vehicle,ChannelLoad,0.06696,0
27.3702,4974,Vehicle,ChannelLoad,0.06696,0
27.3702,4974,Vehicle,TX_Throughput,21760,0
27.3702,4974,Vehicle,TX_ObjectCount,6,0
27.3706,6110,Vehicle,ChannelLoad,0.07344,0
27.3706,6110,Vehicle,ChannelLoad,0.07344,0
27.3706,6110,Vehicle,TX_Throughput,16160,0
27.3706,6110,Vehicle,TX_ObjectCount,4,0
27.3709,1314,Vehicle,ChannelLoad,0.06696,0
27.3709,1314,Vehicle,ChannelLoad,0.06696,0
27.3709,1314,Vehicle,TX_Throughput,7760,0
27.3709,1314,Vehicle,TX_ObjectCount,1,0
27.371,270,Vehicle,ChannelLoad,0.064,0
27.371,270,Vehicle,ChannelLoad,0.064,0
27.371,270,Vehicle,TX_Throughput,21760,0
27.371,270,Vehicle,TX_ObjectCount,6,0
27.3719,9086,Vehicle,ChannelLoad,0.0756,0
27.3719,9086,Vehicle,ChannelLoad,0.0756,0
27.3719,9086,Vehicle,TX_Throughput,10560,0
27.3719,9086,Vehicle,TX_ObjectCount,2,0
27.3723,5047,RSU,ChannelLoad,0.13552,0
27.3723,5047,RSU,ChannelLoad,0.13552,0
27.3731,1759,RSU,TX_Throughput,16480,0
27.3731,1759,RSU,TX_ObjectCount,5,0
27.3736,4222,Vehicle,ChannelLoad,0.0672,0
27.3736,4222,Vehicle,ChannelLoad,0.0672,0
27.3736,4222,Vehicle,TX_Throughput,10560,0
27.3736,4222,Vehicle,TX_ObjectCount,2,0
27.3744,3552,RSU,TX_Throughput,19280,0
27.3744,3552,RSU,TX_ObjectCount,6,0
27.3762,5123,RSU,ChannelLoad,0.09432,0
27.3762,5123,RSU,ChannelLoad,0.09432,0
27.3774,8937,RSU,TX_Throughput,19280,0
27.3774,8937,RSU,TX_ObjectCount,6,0
27.3777,4297,Vehicle,ChannelLoad,0.1052,0
27.3777,4297,Vehicle,ChannelLoad,0.1052,0
27.3777,4297,Vehicle,TX_Throughput,7760,0
27.3777,4297,Vehicle,TX_ObjectCount,1,0
27.3778,6187,RSU,ChannelLoad,0.13168,0
27.3778,6187,RSU,ChannelLoad,0.13168,0
27.3782,8117,Vehicle,ChannelLoad,0.07456,0
27.3782,8117,Vehicle,ChannelLoad,0.07456,0
27.3782,8117,Vehicle,TX_Throughput,13360,0
27.3782,8117,Vehicle,TX_ObjectCount,3,0
27.3783,7083,Vehicle,ChannelLoad,0.06848,0
27.3783,7083,Vehicle,ChannelLoad,0.06848,0
27.3783,7083,Vehicle,TX_Throughput,10560,0
27.3783,7083,Vehicle,TX_ObjectCount,2,0
27.3786,9163,Vehicle,ChannelLoad,0.07208,0
27.3786,9163,Vehicle,ChannelLoad,0.07208,0
27.3786,9163,Vehicle,TX_Throughput,16160,0
27.3786,9163,Vehicle,TX_ObjectCount,4,0
27.3791,3030,RSU,TX_Throughput,16480,0
27.3791,3030,RSU,TX_ObjectCount,5,0
27.3796,9236,Vehicle,ChannelLoad,0.06256,0
27.3796,9236,Vehicle,ChannelLoad,0.06256,0
27.3796,9236,Vehicle,TX_Throughput,10560,0
27.3796,9236,Vehicle,TX_ObjectCount,2,0
27.3799,1906,RSU,TX_Throughput,19280,0
27.3799,1906,RSU,TX_ObjectCount,6,0
27.38,4370,Vehicle,ChannelLoad,0.07656,0
27.38,4370,Vehicle,ChannelLoad,0.07656,0
27.38,4370,Vehicle,TX_Throughput,10560,0
27.38,4370,Vehicle,TX_ObjectCount,2,0
27.3801,6263,RSU,ChannelLoad,0.08256,0
27.3801,6263,RSU,ChannelLoad,0.08256,0
27.3805,7156,Vehicle,ChannelLoad,0.0664,0
27.3805,7156,Vehicle,ChannelLoad,0.0664,0
27.3805,7156,Vehicle,TX_Throughput,13360,0
27.3805,7156,Vehicle,TX_ObjectCount,3,0
27.3814,1387,RSU,TX_Throughput,24880,0
27.3814,1387,RSU,TX_ObjectCount,8,0
27.3816,1240,RSU,TX_Throughput,13680,0
27.3816,1240,RSU,TX_ObjectCount,4,0
27.3817,1018,RSU,TX_Throughput,44480,0
27.3817,1018,RSU,TX_ObjectCount,15,0
27.3819,5197,Vehicle,ChannelLoad,0.116,0
27.3819,5197,Vehicle,ChannelLoad,0.116,0
27.3819,5197,Vehicle,TX_Throughput,13360,0
27.3819,5197,Vehicle,TX_ObjectCount,3,0
27.382,5270,Vehicle,ChannelLoad,0.06912,0
27.382,5270,Vehicle,ChannelLoad,0.06912,0
27.382,5270,Vehicle,TX_Throughput,10560,0
27.382,5270,Vehicle,TX_ObjectCount,2,0
27.3831,343,Vehicle,ChannelLoad,0.06952,0
27.3831,343,Vehicle,ChannelLoad,0.06952,0
27.3831,343,Vehicle,TX_Throughput,13360,0
27.3831,343,Vehicle,TX_ObjectCount,3,0
27.3832,1387,RSU,ChannelLoad,0.1068,0
27.3832,1387,RSU,ChannelLoad,0.1068,0
27.3838,8859,RSU,TX_Throughput,13680,0
27.3838,8859,RSU,TX_ObjectCount,4,0
27.3855,6187,RSU,TX_Throughput,19280,0
27.3855,6187,RSU,TX_ObjectCount,6,0
27.3865,3108,Vehicle,ChannelLoad,0.07416,0
27.3865,3108,Vehicle,ChannelLoad,0.07416,0
27.3865,3108,Vehicle,TX_Throughput,7760,0
27.3865,3108,Vehicle,TX_ObjectCount,1,0
27.3865,5343,RSU,ChannelLoad,0.11504,0
27.3865,5343,RSU,ChannelLoad,0.11504,0
27.3871,416,Vehicle,ChannelLoad,0.08576,0
27.3871,416,Vehicle,ChannelLoad,0.08576,0
27.3871,416,Vehicle,TX_Throughput,16160,0
27.3871,416,Vehicle,TX_ObjectCount,4,0
27.3883,5123,RSU,TX_Throughput,19280,0
27.3883,5123,RSU,TX_ObjectCount,6,0
27.3884,9309,Vehicle,ChannelLoad,0.09016,0
27.3884,9309,Vehicle,ChannelLoad,0.09016,0
27.3884,9309,Vehicle,TX_Throughput,13360,0
27.3884,9309,Vehicle,TX_ObjectCount,3,0
27.3885,2211,RSU,ChannelLoad,0.116,0
27.3885,2211,RSU,ChannelLoad,0.116,0
27.3894,2285,RSU,ChannelLoad,0.09008,0
27.3894,2285,RSU,ChannelLoad,0.09008,0
27.3916,8192,RSU,ChannelLoad,0.09056,0
27.3916,8192,RSU,ChannelLoad,0.09056,0
27.3917,7229,Vehicle,ChannelLoad,0.0536,0
27.3917,7229,Vehicle,ChannelLoad,0.0536,0
27.3917,7229,Vehicle,TX_Throughput,13360,0
27.3917,7229,Vehicle,TX_ObjectCount,3,0
27.392,5417,RSU,ChannelLoad,0.10392,0
27.392,5417,RSU,ChannelLoad,0.10392,0
27.3925,6341,Vehicle,ChannelLoad,0.05552,0
27.3925,6341,Vehicle,ChannelLoad,0.05552,0
27.3925,6341,Vehicle,TX_Throughput,10560,0
27.3925,6341,Vehicle,TX_ObjectCount,2,0
27.3928,3181,Vehicle,ChannelLoad,0.098,0
27.3928,3181,Vehicle,ChannelLoad,0.098,0
27.3928,3181,Vehicle,TX_Throughput,10560,0
27.3928,3181,Vehicle,TX_ObjectCount,2,0
27.3928,5872,RSU,TX_Throughput,13680,0
27.3928,5872,RSU,TX_ObjectCount,4,0
27.3939,489,Vehicle,ChannelLoad,0.05888,0
27.3939,489,Vehicle,ChannelLoad,0.05888,0
27.3939,489,Vehicle,TX_Throughput,7760,0
27.3939,489,Vehicle,TX_ObjectCount,1,0
27.3955,5047,RSU,TX_Throughput,30480,0
27.3955,5047,RSU,TX_ObjectCount,10,0
27.396,8268,RSU,ChannelLoad,0.09232,0
27.396,8268,RSU,ChannelLoad,0.09232,0
27.3961,3254,RSU,ChannelLoad,0.10736,0
27.3961,3254,RSU,ChannelLoad,0.10736,0
27.3961,562,Vehicle,ChannelLoad,0.0344,0
27.3961,562,Vehicle,ChannelLoad,0.0344,0
27.3961,562,Vehicle,TX_Throughput,10560,0
27.3961,562,Vehicle,TX_ObjectCount,2,0
27.3961,2359,Vehicle,ChannelLoad,0.06944,0
27.3961,2359,Vehicle,ChannelLoad,0.06944,0
27.3961,2359,Vehicle,TX_Throughput,10560,0
27.3961,2359,Vehicle,TX_ObjectCount,2,0
27.3966,1463,Vehicle,ChannelLoad,0.05752,0
27.3966,1463,Vehicle,ChannelLoad,0.05752,0
27.3966,1463,Vehicle,TX_Throughput,13360,0
27.3966,1463,Vehicle,TX_ObjectCount,3,0
27.3975,2432,Vehicle,ChannelLoad,0.02432,0
27.3975,2432,Vehicle,ChannelLoad,0.02432,0
27.3975,2432,Vehicle,TX_Throughput,4560,0
27.3975,2432,Vehicle,TX_ObjectCount,0,0
27.3976,6414,Vehicle,ChannelLoad,0.11592,0
27.3976,6414,Vehicle,ChannelLoad,0.11592,0
27.3976,6414,Vehicle,TX_Throughput,10560,0
27.3976,6414,Vehicle,TX_ObjectCount,2,0
27.3978,3328,RSU,ChannelLoad,0.06944,0
27.3978,3328,RSU,ChannelLoad,0.06944,0
27.3992,7302,Vehicle,ChannelLoad,0.07408,0
27.3992,7302,Vehicle,ChannelLoad,0.07408,0
27.3992,7302,Vehicle,TX_Throughput,7760,0
27.3992,7302,Vehicle,TX_ObjectCount,1,0
27.4004,7523,RSU,TX_Throughput,27680,0
27.4004,7523,RSU,TX_ObjectCount,9,0
27.4009,7375,Vehicle,ChannelLoad,0.0544,0
27.4009,7375,Vehicle,ChannelLoad,0.0544,0
27.4009,7375,Vehicle,TX_Throughput,7760,0
27.4009,7375,Vehicle,TX_ObjectCount,1,0
27.402,639,Vehicle,ChannelLoad,0.06808,0
27.402,639,Vehicle,ChannelLoad,0.06808,0
27.402,639,Vehicle,TX_Throughput,4560,0
27.402,639,Vehicle,TX_ObjectCount,0,0
27.4023,8342,Vehicle,ChannelLoad,0.06768,0
27.4023,8342,Vehicle,ChannelLoad,0.06768,0
27.4023,8342,Vehicle,TX_Throughput,10560,0
27.4023,8342,Vehicle,TX_ObjectCount,2,0
27.4037,6487,RSU,ChannelLoad,0.07824,0
27.4037,6487,RSU,ChannelLoad,0.07824,0
27.4045,7745,RSU,TX_Throughput,22080,0
27.4045,7745,RSU,TX_ObjectCount,7,0
27.4047,29,RSU,ChannelLoad,0.10384,0
27.4047,29,RSU,ChannelLoad,0.10384,0
27.4048,5495,Vehicle,ChannelLoad,0.06432,0
27.4048,5495,Vehicle,ChannelLoad,0.06432,0
27.4048,5495,Vehicle,TX_Throughput,10560,0
27.4048,5495,Vehicle,TX_ObjectCount,2,0
27.4052,5417,RSU,TX_Throughput,36080,0
27.4052,5417,RSU,TX_ObjectCount,12,0
27.4059,712,Vehicle,ChannelLoad,0.11736,0
27.4059,712,Vehicle,ChannelLoad,0.11736,0
27.4059,712,Vehicle,TX_Throughput,7760,0
27.4059,712,Vehicle,TX_ObjectCount,1,0
27.4078,5568,Vehicle,ChannelLoad,0.06912,0
27.4078,5568,Vehicle,ChannelLoad,0.06912,0
27.4078,5568,Vehicle,TX_Throughput,24560,0
27.4078,5568,Vehicle,TX_ObjectCount,7,0
27.4089,6932,RSU,TX_Throughput,10880,0
27.4089,6932,RSU,TX_ObjectCount,3,0
27.409,4445,Vehicle,ChannelLoad,0.08368,0
27.409,4445,Vehicle,ChannelLoad,0.08368,0
27.409,4445,Vehicle,TX_Throughput,16160,0
27.409,4445,Vehicle,TX_ObjectCount,4,0
27.4103,5343,RSU,TX_Throughput,30480,0
27.4103,5343,RSU,TX_ObjectCount,10,0
27.4104,1538,Vehicle,ChannelLoad,0.03432,0
27.4104,1538,Vehicle,ChannelLoad,0.03432,0
27.4104,1538,Vehicle,TX_Throughput,13360,0
27.4104,1538,Vehicle,TX_ObjectCount,3,0
27.4121,5641,Vehicle,ChannelLoad,0.0396,0
27.4121,5641,Vehicle,ChannelLoad,0.0396,0
27.4121,5641,Vehicle,TX_Throughput,10560,0
27.4121,5641,Vehicle,TX_ObjectCount,2,0
27.4123,2285,RSU,TX_Throughput,24880,0
27.4123,2285,RSU,TX_ObjectCount,8,0
27.4131,5714,Vehicle,ChannelLoad,0.07808,0
27.4131,5714,Vehicle,ChannelLoad,0.07808,0
27.4131,5714,Vehicle,TX_Throughput,7760,0
27.4131,5714,Vehicle,TX_ObjectCount,1,0
27.4144,3404,Vehicle,ChannelLoad,0.10632,0
27.4144,3404,Vehicle,ChannelLoad,0.10632,0
27.4144,3404,Vehicle,TX_Throughput,16160,0
27.4144,3404,Vehicle,TX_ObjectCount,4,0
27.4151,6487,RSU,TX_Throughput,22080,0
27.4151,6487,RSU,TX_ObjectCount,7,0
27.4152,6561,Vehicle,ChannelLoad,0.07576,0
27.4152,6561,Vehicle,ChannelLoad,0.07576,0
27.4152,6561,Vehicle,TX_Throughput,13360,0
27.4152,6561,Vehicle,TX_ObjectCount,3,0
27.4163,6634,RSU,ChannelLoad,0.06512,0
27.4163,6634,RSU,ChannelLoad,0.06512,0
27.4166,1611,Vehicle,ChannelLoad,0.05136,0
27.4166,1611,Vehicle,ChannelLoad,0.05136,0
27.4166,1611,Vehicle,TX_Throughput,7760,0
27.4166,1611,Vehicle,TX_ObjectCount,1,0
27.4166,182,RSU,TX_Throughput,27680,0
27.4166,182,RSU,TX_ObjectCount,9,0
27.4167,8417,Vehicle,ChannelLoad,0.0524,0
27.4167,8417,Vehicle,ChannelLoad,0.0524,0
27.4167,8417,Vehicle,TX_Throughput,4560,0
27.4167,8417,Vehicle,TX_ObjectCount,0,0
27.4168,1684,Vehicle,ChannelLoad,0.05712,0
27.4168,1684,Vehicle,ChannelLoad,0.05712,0
27.4168,1684,Vehicle,TX_Throughput,7760,0
27.4168,1684,Vehicle,TX_ObjectCount,1,0
27.4172,2507,Vehicle,ChannelLoad,0.05696,0
27.4172,2507,Vehicle,ChannelLoad,0.05696,0
27.4172,2507,Vehicle,TX_Throughput,18960,0
27.4172,2507,Vehicle,TX_ObjectCount,5,0
27.418,8268,RSU,TX_Throughput,27680,0
27.418,8268,RSU,TX_ObjectCount,9,0
27.4182,8490,Vehicle,ChannelLoad,0.08144,0
27.4182,8490,Vehicle,ChannelLoad,0.08144,0
27.4182,8490,Vehicle,TX_Throughput,7760,0
27.4182,8490,Vehicle,TX_ObjectCount,1,0
27.4183,787,Vehicle,ChannelLoad,0.05544,0
27.4183,787,Vehicle,ChannelLoad,0.05544,0
27.4183,787,Vehicle,TX_Throughput,4560,0
27.4183,787,Vehicle,TX_ObjectCount,0,0
27.4186,2582,Vehicle,ChannelLoad,0.066,0
27.4186,2582,Vehicle,ChannelLoad,0.066,0
27.4186,2582,Vehicle,TX_Throughput,7760,0
27.4186,2582,Vehicle,TX_ObjectCount,1,0
27.4188,107,Vehicle,ChannelLoad,0.07384,0
27.4188,107,Vehicle,ChannelLoad,0.07384,0
27.4188,107,Vehicle,TX_Throughput,10560,0
27.4188,107,Vehicle,TX_ObjectCount,2,0
27.4201,182,RSU,ChannelLoad,0.0844,0
27.4201,182,RSU,ChannelLoad,0.0844,0
27.4206,6708,Vehicle,ChannelLoad,0.12136,0
27.4206,6708,Vehicle,ChannelLoad,0.12136,0
27.4206,6708,Vehicle,TX_Throughput,4560,0
27.4206,6708,Vehicle,TX_ObjectCount,0,0
27.421,7450,Vehicle,ChannelLoad,0.07528,0
27.421,7450,Vehicle,ChannelLoad,0.07528,0
27.421,7450,Vehicle,TX_Throughput,16160,0
27.421,7450,Vehicle,TX_ObjectCount,4,0
27.4218,4522,Vehicle,ChannelLoad,0.09936,0
27.4218,4522,Vehicle,ChannelLoad,0.09936,0
27.4218,4522,Vehicle,TX_Throughput,13360,0
27.4218,4522,Vehicle,TX_ObjectCount,3,0
27.4231,1759,RSU,ChannelLoad,0.06816,0
27.4231,1759,RSU,ChannelLoad,0.06816,0
27.4237,3479,Vehicle,ChannelLoad,0.09496,0
27.4237,3479,Vehicle,ChannelLoad,0.09496,0
27.4237,3479,Vehicle,TX_Throughput,18960,0
27.4237,3479,Vehicle,TX_ObjectCount,5,0
27.4256,8636,Vehicle,ChannelLoad,0.08568,0
27.4256,8636,Vehicle,ChannelLoad,0.08568,0
27.4256,8636,Vehicle,TX_Throughput,13360,0
27.4256,8636,Vehicle,TX_ObjectCount,3,0
27.4275,6263,RSU,TX_Throughput,22080,0
27.4275,6263,RSU,TX_ObjectCount,7,0
27.4289,4597,Vehicle,ChannelLoad,0.12504,0
27.4289,4597,Vehicle,ChannelLoad,0.12504,0
27.4289,4597,Vehicle,TX_Throughput,7760,0
27.4289,4597,Vehicle,TX_ObjectCount,1,0
27.4289,7523,RSU,ChannelLoad,0.12656,0
27.4289,7523,RSU,ChannelLoad,0.12656,0
27.4299,3254,RSU,TX_Throughput,33280,0
27.4299,3254,RSU,TX_ObjectCount,11,0
27.4318,866,Vehicle,ChannelLoad,0.1492,0
27.4318,866,Vehicle,ChannelLoad,0.1492,0
27.4318,866,Vehicle,TX_Throughput,7760,0
27.4318,866,Vehicle,TX_ObjectCount,1,0
27.4328,1984,RSU,TX_Throughput,24880,0
27.4328,1984,RSU,TX_ObjectCount,8,0
27.4332,3776,RSU,TX_Throughput,19280,0
27.4332,3776,RSU,TX_ObjectCount,6,0
27.4333,3552,RSU,ChannelLoad,0.0804,0
27.4333,3552,RSU,ChannelLoad,0.0804,0
27.4343,5797,Vehicle,ChannelLoad,0.08256,0
27.4343,5797,Vehicle,ChannelLoad,0.08256,0
27.4343,5797,Vehicle,TX_Throughput,7760,0
27.4343,5797,Vehicle,TX_ObjectCount,1,0
27.4344,29,RSU,TX_Throughput,33280,0
27.4344,29,RSU,TX_ObjectCount,11,0
27.4352,6781,RSU,ChannelLoad,0.08152,0
27.4352,6781,RSU,ChannelLoad,0.08152,0
27.437,3626,Vehicle,ChannelLoad,0.07336,0
27.437,3626,Vehicle,ChannelLoad,0.07336,0
27.437,3626,Vehicle,TX_Throughput,18960,0
27.437,3626,Vehicle,TX_ObjectCount,5,0
27.4374,2659,Vehicle,ChannelLoad,0.06584,0
27.4374,2659,Vehicle,ChannelLoad,0.06584,0
27.4374,2659,Vehicle,TX_Throughput,18960,0
27.4374,2659,Vehicle,TX_ObjectCount,5,0
27.4376,3699,Vehicle,ChannelLoad,0.03368,0
27.4376,3699,Vehicle,ChannelLoad,0.03368,0
27.4376,3699,Vehicle,TX_Throughput,4560,0
27.4376,3699,Vehicle,TX_ObjectCount,0,0
27.4379,7672,Vehicle,ChannelLoad,0.0432,0
27.4379,7672,Vehicle,ChannelLoad,0.0432,0
27.4379,7672,Vehicle,TX_Throughput,7760,0
27.4379,7672,Vehicle,TX_ObjectCount,1,0
27.438,2732,Vehicle,ChannelLoad,0.03384,0
27.438,2732,Vehicle,ChannelLoad,0.03384,0
27.438,2732,Vehicle,TX_Throughput,10560,0
27.438,2732,Vehicle,TX_ObjectCount,2,0
27.4389,5872,RSU,ChannelLoad,0.0872,0
27.4389,5872,RSU,ChannelLoad,0.0872,0
27.4396,2131,RSU,TX_Throughput,19280,0
27.4396,2131,RSU,TX_ObjectCount,6,0
27.4404,943,Vehicle,ChannelLoad,0.0536,0
27.4404,943,Vehicle,ChannelLoad,0.0536,0
27.4404,943,Vehicle,TX_Throughput,7760,0
27.4404,943,Vehicle,TX_ObjectCount,1,0
27.4414,7745,RSU,ChannelLoad,0.08752,0
27.4414,7745,RSU,ChannelLoad,0.08752,0
27.4423,7819,Vehicle,ChannelLoad,0.08264,0
27.4423,7819,Vehicle,ChannelLoad,0.08264,0
27.4423,7819,Vehicle,TX_Throughput,10560,0
27.4423,7819,Vehicle,TX_ObjectCount,2,0
27.4434,4900,RSU,TX_Throughput,24880,0
27.4434,4900,RSU,TX_ObjectCount,8,0
27.4437,8711,Vehicle,ChannelLoad,0.04576,0
27.4437,8711,Vehicle,ChannelLoad,0.04576,0
27.4437,8711,Vehicle,TX_Throughput,7760,0
27.4437,8711,Vehicle,TX_ObjectCount,1,0
27.4444,1833,Vehicle,ChannelLoad,0.07928,0
27.4444,1833,Vehicle,ChannelLoad,0.07928,0
27.4444,1833,Vehicle,TX_Throughput,21760,0
27.4444,1833,Vehicle,TX_ObjectCount,6,0
27.4449,4672,Vehicle,ChannelLoad,0.09936,0
27.4449,4672,Vehicle,ChannelLoad,0.09936,0
27.4449,4672,Vehicle,TX_Throughput,10560,0
27.4449,4672,Vehicle,TX_ObjectCount,2,0
27.4462,6781,RSU,TX_Throughput,33280,0
27.4462,6781,RSU,TX_ObjectCount,11,0
27.4464,1018,RSU,ChannelLoad,0.1252,0
27.4464,1018,RSU,ChannelLoad,0.1252,0
27.4471,3776,RSU,ChannelLoad,0.0912,0
27.4471,3776,RSU,ChannelLoad,0.0912,0
27.4488,1906,RSU,ChannelLoad,0.13392,0
27.4488,1906,RSU,ChannelLoad,0.13392,0
27.4488,4745,Vehicle,ChannelLoad,0.06544,0
27.4488,4745,Vehicle,ChannelLoad,0.06544,0
27.4488,4745,Vehicle,TX_Throughput,7760,0
27.4488,4745,Vehicle,TX_ObjectCount,1,0
27.4492,3850,RSU,ChannelLoad,0.0536,0
27.4492,3850,RSU,ChannelLoad,0.0536,0
27.4496,8786,Vehicle,ChannelLoad,0.1312,0
27.4496,8786,Vehicle,ChannelLoad,0.1312,0
27.4496,8786,Vehicle,TX_Throughput,10560,0
27.4496,8786,Vehicle,TX_ObjectCount,2,0
27.4507,6859,Vehicle,ChannelLoad,0.0548,0
27.4507,6859,Vehicle,ChannelLoad,0.0548,0
27.4507,6859,Vehicle,TX_Throughput,13360,0
27.4507,6859,Vehicle,TX_ObjectCount,3,0
27.4512,3926,Vehicle,ChannelLoad,0.02752,0
27.4512,3926,Vehicle,ChannelLoad,0.02752,0
27.4512,3926,Vehicle,TX_Throughput,10560,0
27.4512,3926,Vehicle,TX_ObjectCount,2,0
27.4527,8859,RSU,ChannelLoad,0.08688,0
27.4527,8859,RSU,ChannelLoad,0.08688,0
27.4528,4818,RSU,ChannelLoad,0.09584,0
27.4528,4818,RSU,ChannelLoad,0.09584,0
27.4531,5958,Vehicle,ChannelLoad,0.13816,0
27.4531,5958,Vehicle,ChannelLoad,0.13816,0
27.4531,5958,Vehicle,TX_Throughput,13360,0
27.4531,5958,Vehicle,TX_ObjectCount,3,0
27.4548,2211,RSU,TX_Throughput,19280,0
27.4548,2211,RSU,TX_ObjectCount,6,0
27.4561,4818,RSU,TX_Throughput,22080,0
27.4561,4818,RSU,TX_ObjectCount,7,0
27.4561,6932,RSU,ChannelLoad,0.0788,0
27.4561,6932,RSU,ChannelLoad,0.0788,0
27.4582,2805,Vehicle,ChannelLoad,0.0564,0
27.4582,2805,Vehicle,ChannelLoad,0.0564,0
27.4582,2805,Vehicle,TX_Throughput,10560,0
27.4582,2805,Vehicle,TX_ObjectCount,2,0
27.4586,7006,Vehicle,ChannelLoad,0.07544,0
27.4586,7006,Vehicle,ChannelLoad,0.07544,0
27.4586,7006,Vehicle,TX_Throughput,10560,0
27.4586,7006,Vehicle,TX_ObjectCount,2,0
27.459,1094,Vehicle,ChannelLoad,0.03848,0
27.459,1094,Vehicle,ChannelLoad,0.03848,0
27.459,1094,Vehicle,TX_Throughput,10560,0
27.459,1094,Vehicle,TX_ObjectCount,2,0
27.4594,2878,Vehicle,ChannelLoad,0.05448,0
27.4594,2878,Vehicle,ChannelLoad,0.05448,0
27.4594,2878,Vehicle,TX_Throughput,4560,0
27.4594,2878,Vehicle,TX_ObjectCount,0,0
27.4609,3328,RSU,TX_Throughput,22080,0
27.4609,3328,RSU,TX_ObjectCount,7,0
27.4613,1167,Vehicle,ChannelLoad,0.09424,0
27.4613,1167,Vehicle,ChannelLoad,0.09424,0
27.4613,1167,Vehicle,TX_Throughput,10560,0
27.4613,1167,Vehicle,TX_ObjectCount,2,0
27.4615,4001,Vehicle,ChannelLoad,0.07464,0
27.4615,4001,Vehicle,ChannelLoad,0.07464,0
27.4615,4001,Vehicle,TX_Throughput,13360,0
27.4615,4001,Vehicle,TX_ObjectCount,3,0
27.462,6634,RSU,TX_Throughput,19280,0
27.462,6634,RSU,TX_ObjectCount,6,0
27.4622,8937,RSU,ChannelLoad,0.10184,0
27.4622,8937,RSU,ChannelLoad,0.10184,0
27.4623,3850,RSU,TX_Throughput,8080,0
27.4623,3850,RSU,TX_ObjectCount,2,0
27.4637,9011,Vehicle,ChannelLoad,0.08128,0
27.4637,9011,Vehicle,ChannelLoad,0.08128,0
27.4637,9011,Vehicle,TX_Throughput,10560,0
27.4637,9011,Vehicle,TX_ObjectCount,2,0
27.4637,2953,Vehicle,ChannelLoad,0.07712,0
27.4637,2953,Vehicle,ChannelLoad,0.07712,0
27.4637,2953,Vehicle,TX_Throughput,21760,0
27.4637,2953,Vehicle,TX_ObjectCount,6,0
27.4643,8192,RSU,TX_Throughput,19280,0
27.4643,8192,RSU,TX_ObjectCount,6,0
27.4647,1984,RSU,ChannelLoad,0.05672,0
27.4647,1984,RSU,ChannelLoad,0.05672,0
27.4649,1240,RSU,ChannelLoad,0.05664,0
27.4649,1240,RSU,ChannelLoad,0.05664,0
27.4651,7969,Vehicle,ChannelLoad,0.0412,0
27.4651,7969,Vehicle,ChannelLoad,0.0412,0
27.4651,7969,Vehicle,TX_Throughput,4560,0
27.4651,7969,Vehicle,TX_ObjectCount,0,0
27.4654,2058,Vehicle,ChannelLoad,0.05912,0
27.4654,2058,Vehicle,ChannelLoad,0.05912,0
27.4654,2058,Vehicle,TX_Throughput,10560,0
27.4654,2058,Vehicle,TX_ObjectCount,2,0
27.4663,4074,Vehicle,ChannelLoad,0.08,0
27.4663,4074,Vehicle,ChannelLoad,0.08,0
27.4663,4074,Vehicle,TX_Throughput,10560,0
27.4663,4074,Vehicle,TX_ObjectCount,2,0
27.4674,6037,Vehicle,ChannelLoad,0.07496,0
27.4674,6037,Vehicle,ChannelLoad,0.07496,0
27.4674,6037,Vehicle,TX_Throughput,10560,0
27.4674,6037,Vehicle,TX_ObjectCount,2,0
27.4687,4147,Vehicle,ChannelLoad,0.10656,0
27.4687,4147,Vehicle,ChannelLoad,0.10656,0
27.4687,4147,Vehicle,TX_Throughput,4560,0
27.4687,4147,Vehicle,TX_ObjectCount,0,0
27.4696,4900,RSU,ChannelLoad,0.1124,0
27.4696,4900,RSU,ChannelLoad,0.1124,0
27.4698,3030,RSU,ChannelLoad,0.09872,0
27.4698,3030,RSU,ChannelLoad,0.09872,0
27.47,2131,RSU,ChannelLoad,0.1436,0
27.47,2131,RSU,ChannelLoad,0.1436,0
27.4701,8044,Vehicle,ChannelLoad,0.06792,0
27.4701,8044,Vehicle,ChannelLoad,0.06792,0
27.4701,8044,Vehicle,TX_Throughput,7760,0
27.4701,8044,Vehicle,TX_ObjectCount,1,0
27.4702,4974,Vehicle,ChannelLoad,0.06936,0
27.4702,4974,Vehicle,ChannelLoad,0.06936,0
27.4702,4974,Vehicle,TX_Throughput,27360,0
27.4702,4974,Vehicle,TX_ObjectCount,8,0
27.4706,6110,Vehicle,ChannelLoad,0.06504,0
27.4706,6110,Vehicle,ChannelLoad,0.06504,0
27.4706,6110,Vehicle,TX_Throughput,16160,0
27.4706,6110,Vehicle,TX_ObjectCount,4,0
27.4709,1314,Vehicle,ChannelLoad,0.07544,0
27.4709,1314,Vehicle,ChannelLoad,0.07544,0
27.4709,1314,Vehicle,TX_Throughput,7760,0
27.4709,1314,Vehicle,TX_ObjectCount,1,0
27.471,270,Vehicle,ChannelLoad,0.05552,0
27.471,270,Vehicle,ChannelLoad,0.05552,0
27.471,270,Vehicle,TX_Throughput,21760,0
27.471,270,Vehicle,TX_ObjectCount,6,0
27.4719,9086,Vehicle,ChannelLoad,0.05672,0
27.4719,9086,Vehicle,ChannelLoad,0.05672,0
27.4719,9086,Vehicle,TX_Throughput,13360,0
27.4719,9086,Vehicle,TX_ObjectCount,3,0
27.4723,5047,RSU,ChannelLoad,0.1388,0
27.4723,5047,RSU,ChannelLoad,0.1388,0
27.4731,1759,RSU,TX_Throughput,16480,0
27.4731,1759,RSU,TX_ObjectCount,5,0
27.4736,4222,Vehicle,ChannelLoad,0.05984,0
27.4736,4222,Vehicle,ChannelLoad,0.05984,0
27.4736,4222,Vehicle,TX_Throughput,10560,0
27.4736,4222,Vehicle,TX_ObjectCount,2,0
27.4744,3552,RSU,TX_Throughput,22080,0
27.4744,3552,RSU,TX_ObjectCount,7,0
27.4762,5123,RSU,ChannelLoad,0.08808,0
27.4762,5123,RSU,ChannelLoad,0.08808,0
27.4774,8937,RSU,TX_Throughput,19280,0
27.4774,8937,RSU,TX_ObjectCount,6,0
27.4777,4297,Vehicle,ChannelLoad,0.09544,0
27.4777,4297,Vehicle,ChannelLoad,0.09544,0
27.4777,4297,Vehicle,TX_Throughput,7760,0
27.4777,4297,Vehicle,TX_ObjectCount,1,0
27.4778,6187,RSU,ChannelLoad,0.13464,0
27.4778,6187,RSU,ChannelLoad,0.13464,0
27.4782,8117,Vehicle,ChannelLoad,0.07128,0
27.4782,8117,Vehicle,ChannelLoad,0.07128,0
27.4782,8117,Vehicle,TX_Throughput,13360,0
27.4782,8117,Vehicle,TX_ObjectCount,3,0
27.4783,7083,Vehicle,ChannelLoad,0.0756,0
27.4783,7083,Vehicle,ChannelLoad,0.0756,0
27.4783,7083,Vehicle,TX_Throughput,10560,0
27.4783,7083,Vehicle,TX_ObjectCount,2,0
27.4786,9163,Vehicle,ChannelLoad,0.08712,0
27.4786,9163,Vehicle,ChannelLoad,0.08712,0
27.4786,9163,Vehicle,TX_Throughput,16160,0
27.4786,9163,Vehicle,TX_ObjectCount,4,0
27.4791,3030,RSU,TX_Throughput,16480,0
27.4791,3030,RSU,TX_ObjectCount,5,0
27.4796,9236,Vehicle,ChannelLoad,0.07104,0
27.4796,9236,Vehicle,ChannelLoad,0.07104,0
27.4796,9236,Vehicle,TX_Throughput,10560,0
27.4796,9236,Vehicle,TX_ObjectCount,2,0
27.4799,1906,RSU,TX_Throughput,19280,0
27.4799,1906,RSU,TX_ObjectCount,6,0
27.48,4370,Vehicle,ChannelLoad,0.07352,0
27.48,4370,Vehicle,ChannelLoad,0.07352,0
27.48,4370,Vehicle,TX_Throughput,10560,0
27.48,4370,Vehicle,TX_ObjectCount,2,0
27.4801,6263,RSU,ChannelLoad,0.06752,0
27.4801,6263,RSU,ChannelLoad,0.06752,0
27.4805,7156,Vehicle,ChannelLoad,0.06728,0
27.4805,7156,Vehicle,ChannelLoad,0.06728,0
27.4805,7156,Vehicle,TX_Throughput,13360,0
27.4805,7156,Vehicle,TX_ObjectCount,3,0
27.4814,1387,RSU,TX_Throughput,24880,0
27.4814,1387,RSU,TX_ObjectCount,8,0
27.4816,1240,RSU,TX_Throughput,13680,0
27.4816,1240,RSU,TX_ObjectCount,4,0
27.4817,1018,RSU,TX_Throughput,41680,0
27.4817,1018,RSU,TX_ObjectCount,14,0
27.4819,5197,Vehicle,ChannelLoad,0.11304,0
27.4819,5197,Vehicle,ChannelLoad,0.11304,0
27.4819,5197,Vehicle,TX_Throughput,13360,0
27.4819,5197,Vehicle,TX_ObjectCount,3,0
27.482,5270,Vehicle,ChannelLoad,0.0732,0
27.482,5270,Vehicle,ChannelLoad,0.0732,0
27.482,5270,Vehicle,TX_Throughput,7760,0
27.482,5270,Vehicle,TX_ObjectCount,1,0
27.4831,343,Vehicle,ChannelLoad,0.08752,0
27.4831,343,Vehicle,ChannelLoad,0.08752,0
27.4831,343,Vehicle,TX_Throughput,13360,0
27.4831,343,Vehicle,TX_ObjectCount,3,0
27.4832,1387,RSU,ChannelLoad,0.12392,0
27.4832,1387,RSU,ChannelLoad,0.12392,0
27.4838,8859,RSU,TX_Throughput,16480,0
27.4838,8859,RSU,TX_ObjectCount,5,0
27.4855,6187,RSU,TX_Throughput,19280,0
27.4855,6187,RSU,TX_ObjectCount,6,0
27.4865,3108,Vehicle,ChannelLoad,0.09248,0
27.4865,3108,Vehicle,ChannelLoad,0.09248,0
27.4865,3108,Vehicle,TX_Throughput,7760,0
27.4865,3108,Vehicle,TX_ObjectCount,1,0
27.4865,5343,RSU,ChannelLoad,0.11784,0
27.4865,5343,RSU,ChannelLoad,0.11784,0
27.4871,416,Vehicle,ChannelLoad,0.07704,0
27.4871,416,Vehicle,ChannelLoad,0.07704,0
27.4871,416,Vehicle,TX_Throughput,13360,0
27.4871,416,Vehicle,TX_ObjectCount,3,0
27.4883,5123,RSU,TX_Throughput,19280,0
27.4883,5123,RSU,TX_ObjectCount,6,0
27.4884,9309,Vehicle,ChannelLoad,0.10328,0
27.4884,9309,Vehicle,ChannelLoad,0.10328,0
27.4884,9309,Vehicle,TX_Throughput,13360,0
27.4884,9309,Vehicle,TX_ObjectCount,3,0
27.4885,2211,RSU,ChannelLoad,0.1136,0
27.4885,2211,RSU,ChannelLoad,0.1136,0
27.4894,2285,RSU,ChannelLoad,0.0884,0
27.4894,2285,RSU,ChannelLoad,0.0884,0
27.4916,8192,RSU,ChannelLoad,0.08224,0
27.4916,8192,RSU,ChannelLoad,0.08224,0
27.4917,7229,Vehicle,ChannelLoad,0.06064,0
27.4917,7229,Vehicle,ChannelLoad,0.06064,0
27.4917,7229,Vehicle,TX_Throughput,13360,0
27.4917,7229,Vehicle,TX_ObjectCount,3,0
27.492,5417,RSU,ChannelLoad,0.10752,0
27.492,5417,RSU,ChannelLoad,0.10752,0
27.4925,6341,Vehicle,ChannelLoad,0.05144,0
27.4925,6341,Vehicle,ChannelLoad,0.05144,0
27.4925,6341,Vehicle,TX_Throughput,10560,0
27.4925,6341,Vehicle,TX_ObjectCount,2,0
27.4928,3181,Vehicle,ChannelLoad,0.09672,0
27.4928,3181,Vehicle,ChannelLoad,0.09672,0
27.4928,3181,Vehicle,TX_Throughput,10560,0
27.4928,3181,Vehicle,TX_ObjectCount,2,0
27.4928,5872,RSU,TX_Throughput,13680,0
27.4928,5872,RSU,TX_ObjectCount,4,0
27.4939,489,Vehicle,ChannelLoad,0.0552,0
27.4939,489,Vehicle,ChannelLoad,0.0552,0
27.4939,489,Vehicle,TX_Throughput,7760,0
27.4939,489,Vehicle,TX_ObjectCount,1,0
27.4955,5047,RSU,TX_Throughput,30480,0
27.4955,5047,RSU,TX_ObjectCount,10,0
27.496,8268,RSU,ChannelLoad,0.10048,0
27.496,8268,RSU,ChannelLoad,0.10048,0
27.4961,3254,RSU,ChannelLoad,0.14096,0
27.4961,3254,RSU,ChannelLoad,0.14096,0
27.4961,562,Vehicle,ChannelLoad,0.0396,0
27.4961,562,Vehicle,ChannelLoad,0.0396,0
27.4961,562,Vehicle,TX_Throughput,10560,0
27.4961,562,Vehicle,TX_ObjectCount,2,0
27.4961,2359,Vehicle,ChannelLoad,0.07048,0
27.4961,2359,Vehicle,ChannelLoad,0.07048,0
27.4961,2359,Vehicle,TX_Throughput,10560,0
27.4961,2359,Vehicle,TX_ObjectCount,2,0
27.4966,1463,Vehicle,ChannelLoad,0.05984,0
27.4966,1463,Vehicle,ChannelLoad,0.05984,0
27.4966,1463,Vehicle,TX_Throughput,13360,0
27.4966,1463,Vehicle,TX_ObjectCount,3,0
27.4975,2432,Vehicle,ChannelLoad,0.02776,0
27.4975,2432,Vehicle,ChannelLoad,0.02776,0
27.4975,2432,Vehicle,TX_Throughput,4560,0
27.4975,2432,Vehicle,TX_ObjectCount,0,0
27.4976,6414,Vehicle,ChannelLoad,0.1324,0
27.4976,6414,Vehicle,ChannelLoad,0.1324,0
27.4976,6414,Vehicle,TX_Throughput,10560,0
27.4976,6414,Vehicle,TX_ObjectCount,2,0
27.4978,3328,RSU,ChannelLoad,0.06536,0
27.4978,3328,RSU,ChannelLoad,0.06536,0
27.4992,7302,Vehicle,ChannelLoad,0.05184,0
27.4992,7302,Vehicle,ChannelLoad,0.05184,0
27.4992,7302,Vehicle,TX_Throughput,10560,0
27.4992,7302,Vehicle,TX_ObjectCount,2,0
27.5004,7523,RSU,TX_Throughput,27680,0
27.5004,7523,RSU,TX_ObjectCount,9,0
27.5009,7375,Vehicle,ChannelLoad,0.05688,0
27.5009,7375,Vehicle,ChannelLoad,0.05688,0
27.5009,7375,Vehicle,TX_Throughput,4560,0
27.5009,7375,Vehicle,TX_ObjectCount,0,0
27.502,639,Vehicle,ChannelLoad,0.06928,0
27.502,639,Vehicle,ChannelLoad,0.06928,0
27.502,639,Vehicle,TX_Throughput,4560,0
27.502,639,Vehicle,TX_ObjectCount,0,0
27.5023,8342,Vehicle,ChannelLoad,0.07168,0
27.5023,8342,Vehicle,ChannelLoad,0.07168,0
27.5023,8342,Vehicle,TX_Throughput,10560,0
27.5023,8342,Vehicle,TX_ObjectCount,2,0
27.5037,6487,RSU,ChannelLoad,0.09072,0
27.5037,6487,RSU,ChannelLoad,0.09072,0
27.5045,7745,RSU,TX_Throughput,22080,0
27.5045,7745,RSU,TX_ObjectCount,7,0
27.5047,29,RSU,ChannelLoad,0.10632,0
27.5047,29,RSU,ChannelLoad,0.10632,0
27.5048,5495,Vehicle,ChannelLoad,0.06648,0
27.5048,5495,Vehicle,ChannelLoad,0.06648,0
27.5048,5495,Vehicle,TX_Throughput,10560,0
27.5048,5495,Vehicle,TX_ObjectCount,2,0
27.5052,5417,RSU,TX_Throughput,36080,0
27.5052,5417,RSU,TX_ObjectCount,12,0
27.5059,712,Vehicle,ChannelLoad,0.1336,0
27.5059,712,Vehicle,ChannelLoad,0.1336,0
27.5059,712,Vehicle,TX_Throughput,7760,0
27.5059,712,Vehicle,TX_ObjectCount,1,0
27.5078,5568,Vehicle,ChannelLoad,0.06768,0
27.5078,5568,Vehicle,ChannelLoad,0.06768,0
27.5078,5568,Vehicle,TX_Throughput,24560,0
27.5078,5568,Vehicle,TX_ObjectCount,7,0
27.5089,6932,RSU,TX_Throughput,10880,0
27.5089,6932,RSU,TX_ObjectCount,3,0
27.509,4445,Vehicle,ChannelLoad,0.09256,0
27.509,4445,Vehicle,ChannelLoad,0.09256,0
27.509,4445,Vehicle,TX_Throughput,16160,0
27.509,4445,Vehicle,TX_ObjectCount,4,0
27.5103,5343,RSU,TX_Throughput,33280,0
27.5103,5343,RSU,TX_ObjectCount,11,0
27.5104,1538,Vehicle,ChannelLoad,0.03968,0
27.5104,1538,Vehicle,ChannelLoad,0.03968,0
27.5104,1538,Vehicle,TX_Throughput,13360,0
27.5104,1538,Vehicle,TX_ObjectCount,3,0
27.5121,5641,Vehicle,ChannelLoad,0.04512,0
27.5121,5641,Vehicle,ChannelLoad,0.04512,0
27.5121,5641,Vehicle,TX_Throughput,10560,0
27.5121,5641,Vehicle,TX_ObjectCount,2,0
27.5123,2285,RSU,TX_Throughput,24880,0
27.5123,2285,RSU,TX_ObjectCount,8,0
27.5131,5714,Vehicle,ChannelLoad,0.08592,0
27.5131,5714,Vehicle,ChannelLoad,0.08592,0
27.5131,5714,Vehicle,TX_Throughput,7760,0
27.5131,5714,Vehicle,TX_ObjectCount,1,0
27.5144,3404,Vehicle,ChannelLoad,0.13888,0
27.5144,3404,Vehicle,ChannelLoad,0.13888,0
27.5144,3404,Vehicle,TX_Throughput,10560,0
27.5144,3404,Vehicle,TX_ObjectCount,2,0
27.5151,6487,RSU,TX_Throughput,22080,0
27.5151,6487,RSU,TX_ObjectCount,7,0
27.5152,6561,Vehicle,ChannelLoad,0.07704,0
27.5152,6561,Vehicle,ChannelLoad,0.07704,0
27.5152,6561,Vehicle,TX_Throughput,13360,0
27.5152,6561,Vehicle,TX_ObjectCount,3,0
27.5163,6634,RSU,ChannelLoad,0.064,0
27.5163,6634,RSU,ChannelLoad,0.064,0
27.5166,1611,Vehicle,ChannelLoad,0.05136,0
27.5166,1611,Vehicle,ChannelLoad,0.05136,0
27.5166,1611,Vehicle,TX_Throughput,7760,0
27.5166,1611,Vehicle,TX_ObjectCount,1,0
27.5166,182,RSU,TX_Throughput,22080,0
27.5166,182,RSU,TX_ObjectCount,7,0
27.5167,8417,Vehicle,ChannelLoad,0.06648,0
27.5167,8417,Vehicle,ChannelLoad,0.06648,0
27.5167,8417,Vehicle,TX_Throughput,4560,0
27.5167,8417,Vehicle,TX_ObjectCount,0,0
27.5168,1684,Vehicle,ChannelLoad,0.0828,0
27.5168,1684,Vehicle,ChannelLoad,0.0828,0
27.5168,1684,Vehicle,TX_Throughput,7760,0
27.5168,1684,Vehicle,TX_ObjectCount,1,0
27.5172,2507,Vehicle,ChannelLoad,0.0496,0
27.5172,2507,Vehicle,ChannelLoad,0.0496,0
27.5172,2507,Vehicle,TX_Throughput,18960,0
27.5172,2507,Vehicle,TX_ObjectCount,5,0
27.518,8268,RSU,TX_Throughput,27680,0
27.518,8268,RSU,TX_ObjectCount,9,0
27.5182,8490,Vehicle,ChannelLoad,0.06776,0
27.5182,8490,Vehicle,ChannelLoad,0.06776,0
27.5182,8490,Vehicle,TX_Throughput,7760,0
27.5182,8490,Vehicle,TX_ObjectCount,1,0
27.5183,787,Vehicle,ChannelLoad,0.06728,0
27.5183,787,Vehicle,ChannelLoad,0.06728,0
27.5183,787,Vehicle,TX_Throughput,4560,0
27.5183,787,Vehicle,TX_ObjectCount,0,0
27.5186,2582,Vehicle,ChannelLoad,0.06392,0
27.5186,2582,Vehicle,ChannelLoad,0.06392,0
27.5186,2582,Vehicle,TX_Throughput,7760,0
27.5186,2582,Vehicle,TX_ObjectCount,1,0
27.5188,107,Vehicle,ChannelLoad,0.08288,0
27.5188,107,Vehicle,ChannelLoad,0.08288,0
27.5188,107,Vehicle,TX_Throughput,10560,0
27.5188,107,Vehicle,TX_ObjectCount,2,0
27.5201,182,RSU,ChannelLoad,0.09632,0
27.5201,182,RSU,ChannelLoad,0.09632,0
27.5206,6708,Vehicle,ChannelLoad,0.11984,0
27.5206,6708,Vehicle,ChannelLoad,0.11984,0
27.5206,6708,Vehicle,TX_Throughput,4560,0
27.5206,6708,Vehicle,TX_ObjectCount,0,0
27.521,7450,Vehicle,ChannelLoad,0.06944,0
27.521,7450,Vehicle,ChannelLoad,0.06944,0
27.521,7450,Vehicle,TX_Throughput,16160,0
27.521,7450,Vehicle,TX_ObjectCount,4,0
27.5218,4522,Vehicle,ChannelLoad,0.09248,0
27.5218,4522,Vehicle,ChannelLoad,0.09248,0
27.5218,4522,Vehicle,TX_Throughput,13360,0
27.5218,4522,Vehicle,TX_ObjectCount,3,0
27.5231,1759,RSU,ChannelLoad,0.0616,0
27.5231,1759,RSU,ChannelLoad,0.0616,0
27.5237,3479,Vehicle,ChannelLoad,0.08304,0
27.5237,3479,Vehicle,ChannelLoad,0.08304,0
27.5237,3479,Vehicle,TX_Throughput,18960,0
27.5237,3479,Vehicle,TX_ObjectCount,5,0
27.5256,8636,Vehicle,ChannelLoad,0.0956,0
27.5256,8636,Vehicle,ChannelLoad,0.0956,0
27.5256,8636,Vehicle,TX_Throughput,13360,0
27.5256,8636,Vehicle,TX_ObjectCount,3,0
27.5275,6263,RSU,TX_Throughput,22080,0
27.5275,6263,RSU,TX_ObjectCount,7,0
27.5289,4597,Vehicle,ChannelLoad,0.12392,0
27.5289,4597,Vehicle,ChannelLoad,0.12392,0
27.5289,4597,Vehicle,TX_Throughput,7760,0
27.5289,4597,Vehicle,TX_ObjectCount,1,0
27.5289,7523,RSU,ChannelLoad,0.11992,0
27.5289,7523,RSU,ChannelLoad,0.11992,0
27.5299,3254,RSU,TX_Throughput,33280,0
27.5299,3254,RSU,TX_ObjectCount,11,0
27.5318,866,Vehicle,ChannelLoad,0.11256,0
27.5318,866,Vehicle,ChannelLoad,0.11256,0
27.5318,866,Vehicle,TX_Throughput,7760,0
27.5318,866,Vehicle,TX_ObjectCount,1,0
27.5328,1984,RSU,TX_Throughput,22080,0
27.5328,1984,RSU,TX_ObjectCount,7,0
27.5332,3776,RSU,TX_Throughput,19280,0
27.5332,3776,RSU,TX_ObjectCount,6,0
27.5333,3552,RSU,ChannelLoad,0.08656,0
27.5333,3552,RSU,ChannelLoad,0.08656,0
27.5343,5797,Vehicle,ChannelLoad,0.0784,0
27.5343,5797,Vehicle,ChannelLoad,0.0784,0
27.5343,5797,Vehicle,TX_Throughput,7760,0
27.5343,5797,Vehicle,TX_ObjectCount,1,0
27.5344,29,RSU,TX_Throughput,36080,0
27.5344,29,RSU,TX_ObjectCount,12,0
27.5352,6781,RSU,ChannelLoad,0.07056,0
27.5352,6781,RSU,ChannelLoad,0.07056,0
27.537,3626,Vehicle,ChannelLoad,0.0792,0
27.537,3626,Vehicle,ChannelLoad,0.0792,0
27.537,3626,Vehicle,TX_Throughput,18960,0
27.537,3626,Vehicle,TX_ObjectCount,5,0
27.5374,2659,Vehicle,ChannelLoad,0.048,0
27.5374,2659,Vehicle,ChannelLoad,0.048,0
27.5374,2659,Vehicle,TX_Throughput,16160,0
27.5374,2659,Vehicle,TX_ObjectCount,4,0
27.5376,3699,Vehicle,ChannelLoad,0.0372,0
27.5376,3699,Vehicle,ChannelLoad,0.0372,0
27.5376,3699,Vehicle,TX_Throughput,4560,0
27.5376,3699,Vehicle,TX_ObjectCount,0,0
27.5379,7672,Vehicle,ChannelLoad,0.04184,0
27.5379,7672,Vehicle,ChannelLoad,0.04184,0
27.5379,7672,Vehicle,TX_Throughput,7760,0
27.5379,7672,Vehicle,TX_ObjectCount,1,0
27.538,2732,Vehicle,ChannelLoad,0.03432,0
27.538,2732,Vehicle,ChannelLoad,0.03432,0
27.538,2732,Vehicle,TX_Throughput,10560,0
27.538,2732,Vehicle,TX_ObjectCount,2,0
27.5389,5872,RSU,ChannelLoad,0.09136,0
27.5389,5872,RSU,ChannelLoad,0.09136,0
27.5396,2131,RSU,TX_Throughput,30480,0
27.5396,2131,RSU,TX_ObjectCount,10,0
27.5404,943,Vehicle,ChannelLoad,0.05504,0
27.5404,943,Vehicle,ChannelLoad,0.05504,0
27.5404,943,Vehicle,TX_Throughput,13360,0
27.5404,943,Vehicle,TX_ObjectCount,3,0
27.5414,7745,RSU,ChannelLoad,0.08784,0
27.5414,7745,RSU,ChannelLoad,0.08784,0
27.5423,7819,Vehicle,ChannelLoad,0.07304,0
27.5423,7819,Vehicle,ChannelLoad,0.07304,0
27.5423,7819,Vehicle,TX_Throughput,10560,0
27.5423,7819,Vehicle,TX_ObjectCount,2,0
27.5434,4900,RSU,TX_Throughput,27680,0
27.5434,4900,RSU,TX_ObjectCount,9,0
27.5437,8711,Vehicle,ChannelLoad,0.0448,0
27.5437,8711,Vehicle,ChannelLoad,0.0448,0
27.5437,8711,Vehicle,TX_Throughput,7760,0
27.5437,8711,Vehicle,TX_ObjectCount,1,0
27.5444,1833,Vehicle,ChannelLoad,0.07496,0
27.5444,1833,Vehicle,ChannelLoad,0.07496,0
27.5444,1833,Vehicle,TX_Throughput,21760,0
27.5444,1833,Vehicle,TX_ObjectCount,6,0
27.5449,4672,Vehicle,ChannelLoad,0.08928,0
27.5449,4672,Vehicle,ChannelLoad,0.08928,0
27.5449,4672,Vehicle,TX_Throughput,10560,0
27.5449,4672,Vehicle,TX_ObjectCount,2,0
27.5462,6781,RSU,TX_Throughput,33280,0
27.5462,6781,RSU,TX_ObjectCount,11,0
27.5464,1018,RSU,ChannelLoad,0.10136,0
27.5464,1018,RSU,ChannelLoad,0.10136,0
27.5471,3776,RSU,ChannelLoad,0.08808,0
27.5471,3776,RSU,ChannelLoad,0.08808,0
27.5488,1906,RSU,ChannelLoad,0.13304,0
27.5488,1906,RSU,ChannelLoad,0.13304,0
27.5488,4745,Vehicle,ChannelLoad,0.07168,0
27.5488,4745,Vehicle,ChannelLoad,0.07168,0
27.5488,4745,Vehicle,TX_Throughput,7760,0
27.5488,4745,Vehicle,TX_ObjectCount,1,0
27.5492,3850,RSU,ChannelLoad,0.05888,0
27.5492,3850,RSU,ChannelLoad,0.05888,0
27.5496,8786,Vehicle,ChannelLoad,0.1204,0
27.5496,8786,Vehicle,ChannelLoad,0.1204,0
27.5496,8786,Vehicle,TX_Throughput,10560,0
27.5496,8786,Vehicle,TX_ObjectCount,2,0
27.5507,6859,Vehicle,ChannelLoad,0.04624,0
27.5507,6859,Vehicle,ChannelLoad,0.04624,0
27.5507,6859,Vehicle,TX_Throughput,13360,0
27.5507,6859,Vehicle,TX_ObjectCount,3,0
27.5512,3926,Vehicle,ChannelLoad,0.034,0
27.5512,3926,Vehicle,ChannelLoad,0.034,0
27.5512,3926,Vehicle,TX_Throughput,10560,0
27.5512,3926,Vehicle,TX_ObjectCount,2,0
27.5527,8859,RSU,ChannelLoad,0.08168,0
27.5527,8859,RSU,ChannelLoad,0.08168,0
27.5528,4818,RSU,ChannelLoad,0.09544,0
27.5528,4818,RSU,ChannelLoad,0.09544,0
27.5531,5958,Vehicle,ChannelLoad,0.14656,0
27.5531,5958,Vehicle,ChannelLoad,0.14656,0
27.5531,5958,Vehicle,TX_Throughput,13360,0
27.5531,5958,Vehicle,TX_ObjectCount,3,0
27.5548,2211,RSU,TX_Throughput,16480,0
27.5548,2211,RSU,TX_ObjectCount,5,0
27.5561,4818,RSU,TX_Throughput,22080,0
27.5561,4818,RSU,TX_ObjectCount,7,0
27.5561,6932,RSU,ChannelLoad,0.08192,0
27.5561,6932,RSU,ChannelLoad,0.08192,0
27.5582,2805,Vehicle,ChannelLoad,0.0468,0
27.5582,2805,Vehicle,ChannelLoad,0.0468,0
27.5582,2805,Vehicle,TX_Throughput,10560,0
27.5582,2805,Vehicle,TX_ObjectCount,2,0
27.5586,7006,Vehicle,ChannelLoad,0.08648,0
27.5586,7006,Vehicle,ChannelLoad,0.08648,0
27.5586,7006,Vehicle,TX_Throughput,10560,0
27.5586,7006,Vehicle,TX_ObjectCount,2,0
27.559,1094,Vehicle,ChannelLoad,0.04904,0
27.559,1094,Vehicle,ChannelLoad,0.04904,0
27.559,1094,Vehicle,TX_Throughput,10560,0
27.559,1094,Vehicle,TX_ObjectCount,2,0
27.5594,2878,Vehicle,ChannelLoad,0.06088,0
27.5594,2878,Vehicle,ChannelLoad,0.06088,0
27.5594,2878,Vehicle,TX_Throughput,10560,0
27.5594,2878,Vehicle,TX_ObjectCount,2,0
27.5609,3328,RSU,TX_Throughput,22080,0
27.5609,3328,RSU,TX_ObjectCount,7,0
27.5613,1167,Vehicle,ChannelLoad,0.10816,0
27.5613,1167,Vehicle,ChannelLoad,0.10816,0
27.5613,1167,Vehicle,TX_Throughput,10560,0
27.5613,1167,Vehicle,TX_ObjectCount,2,0
27.5615,4001,Vehicle,ChannelLoad,0.08072,0
27.5615,4001,Vehicle,ChannelLoad,0.08072,0
27.5615,4001,Vehicle,TX_Throughput,13360,0
27.5615,4001,Vehicle,TX_ObjectCount,3,0
27.562,6634,RSU,TX_Throughput,19280,0
27.562,6634,RSU,TX_ObjectCount,6,0
27.5622,8937,RSU,ChannelLoad,0.11944,0
27.5622,8937,RSU,ChannelLoad,0.11944,0
27.5623,3850,RSU,TX_Throughput,8080,0
27.5623,3850,RSU,TX_ObjectCount,2,0
27.5637,9011,Vehicle,ChannelLoad,0.07656,0
27.5637,9011,Vehicle,ChannelLoad,0.07656,0
27.5637,9011,Vehicle,TX_Throughput,16160,0
27.5637,9011,Vehicle,TX_ObjectCount,4,0
27.5637,2953,Vehicle,ChannelLoad,0.08184,0
27.5637,2953,Vehicle,ChannelLoad,0.08184,0
27.5637,2953,Vehicle,TX_Throughput,21760,0
27.5637,2953,Vehicle,TX_ObjectCount,6,0
27.5643,8192,RSU,TX_Throughput,16480,0
27.5643,8192,RSU,TX_ObjectCount,5,0
27.5647,1984,RSU,ChannelLoad,0.06232,0
27.5647,1984,RSU,ChannelLoad,0.06232,0
27.5649,1240,RSU,ChannelLoad,0.07064,0
27.5649,1240,RSU,ChannelLoad,0.07064,0
27.5651,7969,Vehicle,ChannelLoad,0.05696,0
27.5651,7969,Vehicle,ChannelLoad,0.05696,0
27.5651,7969,Vehicle,TX_Throughput,4560,0
27.5651,7969,Vehicle,TX_ObjectCount,0,0
27.5654,2058,Vehicle,ChannelLoad,0.06816,0
27.5654,2058,Vehicle,ChannelLoad,0.06816,0
27.5654,2058,Vehicle,TX_Throughput,10560,0
27.5654,2058,Vehicle,TX_ObjectCount,2,0
27.5663,4074,Vehicle,ChannelLoad,0.07064,0
27.5663,4074,Vehicle,ChannelLoad,0.07064,0
27.5663,4074,Vehicle,TX_Throughput,10560,0
27.5663,4074,Vehicle,TX_ObjectCount,2,0
27.5674,6037,Vehicle,ChannelLoad,0.07576,0
27.5674,6037,Vehicle,ChannelLoad,0.07576,0
27.5674,6037,Vehicle,TX_Throughput,10560,0
27.5674,6037,Vehicle,TX_ObjectCount,2,0
27.5687,4147,Vehicle,ChannelLoad,0.1136,0
27.5687,4147,Vehicle,ChannelLoad,0.1136,0
27.5687,4147,Vehicle,TX_Throughput,4560,0
27.5687,4147,Vehicle,TX_ObjectCount,0,0
27.5696,4900,RSU,ChannelLoad,0.12168,0
27.5696,4900,RSU,ChannelLoad,0.12168,0
27.5698,3030,RSU,ChannelLoad,0.08936,0
27.5698,3030,RSU,ChannelLoad,0.08936,0
27.57,2131,RSU,ChannelLoad,0.16008,0
27.57,2131,RSU,ChannelLoad,0.16008,0
27.5701,8044,Vehicle,ChannelLoad,0.08592,0
27.5701,8044,Vehicle,ChannelLoad,0.08592,0
27.5701,8044,Vehicle,TX_Throughput,7760,0
27.5701,8044,Vehicle,TX_ObjectCount,1,0
27.5702,4974,Vehicle,ChannelLoad,0.07888,0
27.5702,4974,Vehicle,ChannelLoad,0.07888,0
27.5702,4974,Vehicle,TX_Throughput,27360,0
27.5702,4974,Vehicle,TX_ObjectCount,8,0
27.5706,6110,Vehicle,ChannelLoad,0.066,0
27.5706,6110,Vehicle,ChannelLoad,0.066,0
27.5706,6110,Vehicle,TX_Throughput,13360,0
27.5706,6110,Vehicle,TX_ObjectCount,3,0
27.5709,1314,Vehicle,ChannelLoad,0.07664,0
27.5709,1314,Vehicle,ChannelLoad,0.07664,0
27.5709,1314,Vehicle,TX_Throughput,7760,0
27.5709,1314,Vehicle,TX_ObjectCount,1,0
27.571,270,Vehicle,ChannelLoad,0.05536,0
27.571,270,Vehicle,ChannelLoad,0.05536,0
27.571,270,Vehicle,TX_Throughput,21760,0
27.571,270,Vehicle,TX_ObjectCount,6,0
27.5719,9086,Vehicle,ChannelLoad,0.05608,0
27.5719,9086,Vehicle,ChannelLoad,0.05608,0
27.5719,9086,Vehicle,TX_Throughput,10560,0
27.5719,9086,Vehicle,TX_ObjectCount,2,0
27.5723,5047,RSU,ChannelLoad,0.14576,0
27.5723,5047,RSU,ChannelLoad,0.14576,0
27.5731,1759,RSU,TX_Throughput,22080,0
27.5731,1759,RSU,TX_ObjectCount,7,0
27.5736,4222,Vehicle,ChannelLoad,0.0736,0
27.5736,4222,Vehicle,ChannelLoad,0.0736,0
27.5736,4222,Vehicle,TX_Throughput,7760,0
27.5736,4222,Vehicle,TX_ObjectCount,1,0
27.5744,3552,RSU,TX_Throughput,22080,0
27.5744,3552,RSU,TX_ObjectCount,7,0
27.5762,5123,RSU,ChannelLoad,0.0864,0
27.5762,5123,RSU,ChannelLoad,0.0864,0
27.5774,8937,RSU,TX_Throughput,19280,0
27.5774,8937,RSU,TX_ObjectCount,6,0
27.5777,4297,Vehicle,ChannelLoad,0.10472,0
27.5777,4297,Vehicle,ChannelLoad,0.10472,0
27.5777,4297,Vehicle,TX_Throughput,7760,0
27.5777,4297,Vehicle,TX_ObjectCount,1,0
27.5778,6187,RSU,ChannelLoad,0.12872,0
27.5778,6187,RSU,ChannelLoad,0.12872,0
27.5782,8117,Vehicle,ChannelLoad,0.08624,0
27.5782,8117,Vehicle,ChannelLoad,0.08624,0
27.5782,8117,Vehicle,TX_Throughput,13360,0
27.5782,8117,Vehicle,TX_ObjectCount,3,0
27.5783,7083,Vehicle,ChannelLoad,0.0712,0
27.5783,7083,Vehicle,ChannelLoad,0.0712,0
27.5783,7083,Vehicle,TX_Throughput,10560,0
27.5783,7083,Vehicle,TX_ObjectCount,2,0
27.5786,9163,Vehicle,ChannelLoad,0.07008,0
27.5786,9163,Vehicle,ChannelLoad,0.07008,0
27.5786,9163,Vehicle,TX_Throughput,13360,0
27.5786,9163,Vehicle,TX_ObjectCount,3,0
27.5791,3030,RSU,TX_Throughput,16480,0
27.5791,3030,RSU,TX_ObjectCount,5,0
27.5796,9236,Vehicle,ChannelLoad,0.05648,0
27.5796,9236,Vehicle,ChannelLoad,0.05648,0
27.5796,9236,Vehicle,TX_Throughput,13360,0
27.5796,9236,Vehicle,TX_ObjectCount,3,0
27.5799,1906,RSU,TX_Throughput,19280,0
27.5799,1906,RSU,TX_ObjectCount,6,0
27.58,4370,Vehicle,ChannelLoad,0.09056,0
27.58,4370,Vehicle,ChannelLoad,0.09056,0
27.58,4370,Vehicle,TX_Throughput,10560,0
27.58,4370,Vehicle,TX_ObjectCount,2,0
27.5801,6263,RSU,ChannelLoad,0.07712,0
27.5801,6263,RSU,ChannelLoad,0.07712,0
27.5805,7156,Vehicle,ChannelLoad,0.06232,0
27.5805,7156,Vehicle,ChannelLoad,0.06232,0
27.5805,7156,Vehicle,TX_Throughput,13360,0
27.5805,7156,Vehicle,TX_ObjectCount,3,0
27.5814,1387,RSU,TX_Throughput,27680,0
27.5814,1387,RSU,TX_ObjectCount,9,0
27.5816,1240,RSU,TX_Throughput,13680,0
27.5816,1240,RSU,TX_ObjectCount,4,0
27.5817,1018,RSU,TX_Throughput,38880,0
27.5817,1018,RSU,TX_ObjectCount,13,0
27.5819,5197,Vehicle,ChannelLoad,0.13208,0
27.5819,5197,Vehicle,ChannelLoad,0.13208,0
27.5819,5197,Vehicle,TX_Throughput,13360,0
27.5819,5197,Vehicle,TX_ObjectCount,3,0
27.582,5270,Vehicle,ChannelLoad,0.05888,0
27.582,5270,Vehicle,ChannelLoad,0.05888,0
27.582,5270,Vehicle,TX_Throughput,7760,0
27.582,5270,Vehicle,TX_ObjectCount,1,0
27.5831,343,Vehicle,ChannelLoad,0.06352,0
27.5831,343,Vehicle,ChannelLoad,0.06352,0
27.5831,343,Vehicle,TX_Throughput,13360,0
27.5831,343,Vehicle,TX_ObjectCount,3,0
27.5832,1387,RSU,ChannelLoad,0.10608,0
27.5832,1387,RSU,ChannelLoad,0.10608,0
27.5838,8859,RSU,TX_Throughput,19280,0
27.5838,8859,RSU,TX_ObjectCount,6,0
27.5855,6187,RSU,TX_Throughput,19280,0
27.5855,6187,RSU,TX_ObjectCount,6,0
27.5865,3108,Vehicle,ChannelLoad,0.0808,0
27.5865,3108,Vehicle,ChannelLoad,0.0808,0
27.5865,3108,Vehicle,TX_Throughput,7760,0
27.5865,3108,Vehicle,TX_ObjectCount,1,0
27.5865,5343,RSU,ChannelLoad,0.09936,0
27.5865,5343,RSU,ChannelLoad,0.09936,0
27.5871,416,Vehicle,ChannelLoad,0.0844,0
27.5871,416,Vehicle,ChannelLoad,0.0844,0
27.5871,416,Vehicle,TX_Throughput,13360,0
27.5871,416,Vehicle,TX_ObjectCount,3,0
27.5883,5123,RSU,TX_Throughput,19280,0
27.5883,5123,RSU,TX_ObjectCount,6,0
27.5884,9309,Vehicle,ChannelLoad,0.08848,0
27.5884,9309,Vehicle,ChannelLoad,0.08848,0
27.5884,9309,Vehicle,TX_Throughput,13360,0
27.5884,9309,Vehicle,TX_ObjectCount,3,0
27.5885,2211,RSU,ChannelLoad,0.1184,0
27.5885,2211,RSU,ChannelLoad,0.1184,0
27.5894,2285,RSU,ChannelLoad,0.08864,0
27.5894,2285,RSU,ChannelLoad,0.08864,0
27.5916,8192,RSU,ChannelLoad,0.08232,0
27.5916,8192,RSU,ChannelLoad,0.08232,0
27.5917,7229,Vehicle,ChannelLoad,0.04736,0
27.5917,7229,Vehicle,ChannelLoad,0.04736,0
27.5917,7229,Vehicle,TX_Throughput,13360,0
27.5917,7229,Vehicle,TX_ObjectCount,3,0
27.592,5417,RSU,ChannelLoad,0.12152,0
27.592,5417,RSU,ChannelLoad,0.12152,0
27.5925,6341,Vehicle,ChannelLoad,0.05904,0
27.5925,6341,Vehicle,ChannelLoad,0.05904,0
27.5925,6341,Vehicle,TX_Throughput,10560,0
27.5925,6341,Vehicle,TX_ObjectCount,2,0
27.5928,3181,Vehicle,ChannelLoad,0.10192,0
27.5928,3181,Vehicle,ChannelLoad,0.10192,0
27.5928,3181,Vehicle,TX_Throughput,10560,0
27.5928,3181,Vehicle,TX_ObjectCount,2,0
27.5928,5872,RSU,TX_Throughput,13680,0
27.5928,5872,RSU,TX_ObjectCount,4,0
27.5939,489,Vehicle,ChannelLoad,0.04952,0
27.5939,489,Vehicle,ChannelLoad,0.04952,0
27.5939,489,Vehicle,TX_Throughput,7760,0
27.5939,489,Vehicle,TX_ObjectCount,1,0
27.5955,5047,RSU,TX_Throughput,30480,0
27.5955,5047,RSU,TX_ObjectCount,10,0
27.596,8268,RSU,ChannelLoad,0.108,0
27.596,8268,RSU,ChannelLoad,0.108,0
27.5961,3254,RSU,ChannelLoad,0.1216,0
27.5961,3254,RSU,ChannelLoad,0.1216,0
27.5961,562,Vehicle,ChannelLoad,0.0372,0
27.5961,562,Vehicle,ChannelLoad,0.0372,0
27.5961,562,Vehicle,TX_Throughput,10560,0
27.5961,562,Vehicle,TX_ObjectCount,2,0
27.5961,2359,Vehicle,ChannelLoad,0.07912,0
27.5961,2359,Vehicle,ChannelLoad,0.07912,0
27.5961,2359,Vehicle,TX_Throughput,10560,0
27.5961,2359,Vehicle,TX_ObjectCount,2,0
27.5966,1463,Vehicle,ChannelLoad,0.04856,0
27.5966,1463,Vehicle,ChannelLoad,0.04856,0
27.5966,1463,Vehicle,TX_Throughput,13360,0
27.5966,1463,Vehicle,TX_ObjectCount,3,0
27.5975,2432,Vehicle,ChannelLoad,0.02704,0
27.5975,2432,Vehicle,ChannelLoad,0.02704,0
27.5975,2432,Vehicle,TX_Throughput,4560,0
27.5975,2432,Vehicle,TX_ObjectCount,0,0
27.5976,6414,Vehicle,ChannelLoad,0.1184,0
27.5976,6414,Vehicle,ChannelLoad,0.1184,0
27.5976,6414,Vehicle,TX_Throughput,10560,0
27.5976,6414,Vehicle,TX_ObjectCount,2,0
27.5978,3328,RSU,ChannelLoad,0.06512,0
27.5978,3328,RSU,ChannelLoad,0.06512,0
27.5992,7302,Vehicle,ChannelLoad,0.06168,0
27.5992,7302,Vehicle,ChannelLoad,0.06168,0
27.5992,7302,Vehicle,TX_Throughput,10560,0
27.5992,7302,Vehicle,TX_ObjectCount,2,0
27.6004,7523,RSU,TX_Throughput,30480,0
27.6004,7523,RSU,TX_ObjectCount,10,0
27.6009,7375,Vehicle,ChannelLoad,0.04224,0
27.6009,7375,Vehicle,ChannelLoad,0.04224,0
27.6009,7375,Vehicle,TX_Throughput,4560,0
27.6009,7375,Vehicle,TX_ObjectCount,0,0
27.602,639,Vehicle,ChannelLoad,0.07832,0
27.602,639,Vehicle,ChannelLoad,0.07832,0
27.602,639,Vehicle,TX_Throughput,7760,0
27.602,639,Vehicle,TX_ObjectCount,1,0
27.6023,8342,Vehicle,ChannelLoad,0.07416,0
27.6023,8342,Vehicle,ChannelLoad,0.07416,0
27.6023,8342,Vehicle,TX_Throughput,10560,0
27.6023,8342,Vehicle,TX_ObjectCount,2,0
27.6037,6487,RSU,ChannelLoad,0.08392,0
27.6037,6487,RSU,ChannelLoad,0.08392,0
27.6045,7745,RSU,TX_Throughput,22080,0
27.6045,7745,RSU,TX_ObjectCount,7,0
27.6047,29,RSU,ChannelLoad,0.0932,0
27.6047,29,RSU,ChannelLoad,0.0932,0
27.6048,5495,Vehicle,ChannelLoad,0.07112,0
27.6048,5495,Vehicle,ChannelLoad,0.07112,0
27.6048,5495,Vehicle,TX_Throughput,7760,0
27.6048,5495,Vehicle,TX_ObjectCount,1,0
27.6052,5417,RSU,TX_Throughput,33280,0
27.6052,5417,RSU,TX_ObjectCount,11,0
27.6059,712,Vehicle,ChannelLoad,0.12552,0
27.6059,712,Vehicle,ChannelLoad,0.12552,0
27.6059,712,Vehicle,TX_Throughput,7760,0
27.6059,712,Vehicle,TX_ObjectCount,1,0
27.6078,5568,Vehicle,ChannelLoad,0.0696,0
27.6078,5568,Vehicle,ChannelLoad,0.0696,0
27.6078,5568,Vehicle,TX_Throughput,24560,0
27.6078,5568,Vehicle,TX_ObjectCount,7,0
27.6089,6932,RSU,TX_Throughput,10880,0
27.6089,6932,RSU,TX_ObjectCount,3,0
27.609,4445,Vehicle,ChannelLoad,0.078,0
27.609,4445,Vehicle,ChannelLoad,0.078,0
27.609,4445,Vehicle,TX_Throughput,16160,0
27.609,4445,Vehicle,TX_ObjectCount,4,0
27.6103,5343,RSU,TX_Throughput,33280,0
27.6103,5343,RSU,TX_ObjectCount,11,0
27.6104,1538,Vehicle,ChannelLoad,0.03712,0
27.6104,1538,Vehicle,ChannelLoad,0.03712,0
27.6104,1538,Vehicle,TX_Throughput,13360,0
27.6104,1538,Vehicle,TX_ObjectCount,3,0
27.6121,5641,Vehicle,ChannelLoad,0.0444,0
27.6121,5641,Vehicle,ChannelLoad,0.0444,0
27.6121,5641,Vehicle,TX_Throughput,10560,0
27.6121,5641,Vehicle,TX_ObjectCount,2,0
27.6123,2285,RSU,TX_Throughput,24880,0
27.6123,2285,RSU,TX_ObjectCount,8,0
27.6131,5714,Vehicle,ChannelLoad,0.08576,0
27.6131,5714,Vehicle,ChannelLoad,0.08576,0
27.6131,5714,Vehicle,TX_Throughput,7760,0
27.6131,5714,Vehicle,TX_ObjectCount,1,0
27.6144,3404,Vehicle,ChannelLoad,0.08888,0
27.6144,3404,Vehicle,ChannelLoad,0.08888,0
27.6144,3404,Vehicle,TX_Throughput,10560,0
27.6144,3404,Vehicle,TX_ObjectCount,2,0
27.6151,6487,RSU,TX_Throughput,22080,0
27.6151,6487,RSU,TX_ObjectCount,7,0
27.6152,6561,Vehicle,ChannelLoad,0.06224,0
27.6152,6561,Vehicle,ChannelLoad,0.06224,0
27.6152,6561,Vehicle,TX_Throughput,10560,0
27.6152,6561,Vehicle,TX_ObjectCount,2,0
27.6163,6634,RSU,ChannelLoad,0.06664,0
27.6163,6634,RSU,ChannelLoad,0.06664,0
27.6166,1611,Vehicle,ChannelLoad,0.06352,0
27.6166,1611,Vehicle,ChannelLoad,0.06352,0
27.6166,1611,Vehicle,TX_Throughput,7760,0
27.6166,1611,Vehicle,TX_ObjectCount,1,0
27.6166,182,RSU,TX_Throughput,24880,0
27.6166,182,RSU,TX_ObjectCount,8,0
27.6167,8417,Vehicle,ChannelLoad,0.07024,0
27.6167,8417,Vehicle,ChannelLoad,0.07024,0
27.6167,8417,Vehicle,TX_Throughput,4560,0
27.6167,8417,Vehicle,TX_ObjectCount,0,0
27.6168,1684,Vehicle,ChannelLoad,0.05984,0
27.6168,1684,Vehicle,ChannelLoad,0.05984,0
27.6168,1684,Vehicle,TX_Throughput,7760,0
27.6168,1684,Vehicle,TX_ObjectCount,1,0
27.6172,2507,Vehicle,ChannelLoad,0.06056,0
27.6172,2507,Vehicle,ChannelLoad,0.06056,0
27.6172,2507,Vehicle,TX_Throughput,18960,0
27.6172,2507,Vehicle,TX_ObjectCount,5,0
27.618,8268,RSU,TX_Throughput,30480,0
27.618,8268,RSU,TX_ObjectCount,10,0
27.6182,8490,Vehicle,ChannelLoad,0.07664,0
27.6182,8490,Vehicle,ChannelLoad,0.07664,0
27.6182,8490,Vehicle,TX_Throughput,7760,0
27.6182,8490,Vehicle,TX_ObjectCount,1,0
27.6183,787,Vehicle,ChannelLoad,0.0628,0
27.6183,787,Vehicle,ChannelLoad,0.0628,0
27.6183,787,Vehicle,TX_Throughput,4560,0
27.6183,787,Vehicle,TX_ObjectCount,0,0
27.6186,2582,Vehicle,ChannelLoad,0.06104,0
27.6186,2582,Vehicle,ChannelLoad,0.06104,0
27.6186,2582,Vehicle,TX_Throughput,7760,0
27.6186,2582,Vehicle,TX_ObjectCount,1,0
27.6188,107,Vehicle,ChannelLoad,0.08496,0
27.6188,107,Vehicle,ChannelLoad,0.08496,0
27.6188,107,Vehicle,TX_Throughput,10560,0
27.6188,107,Vehicle,TX_ObjectCount,2,0
27.6201,182,RSU,ChannelLoad,0.08624,0
27.6201,182,RSU,ChannelLoad,0.08624,0
27.6206,6708,Vehicle,ChannelLoad,0.12768,0
27.6206,6708,Vehicle,ChannelLoad,0.12768,0
27.6206,6708,Vehicle,TX_Throughput,7760,0
27.6206,6708,Vehicle,TX_ObjectCount,1,0
27.621,7450,Vehicle,ChannelLoad,0.06784,0
27.621,7450,Vehicle,ChannelLoad,0.06784,0
27.621,7450,Vehicle,TX_Throughput,16160,0
27.621,7450,Vehicle,TX_ObjectCount,4,0
27.6218,4522,Vehicle,ChannelLoad,0.07984,0
27.6218,4522,Vehicle,ChannelLoad,0.07984,0
27.6218,4522,Vehicle,TX_Throughput,13360,0
27.6218,4522,Vehicle,TX_ObjectCount,3,0
27.6231,1759,RSU,ChannelLoad,0.0808,0
27.6231,1759,RSU,ChannelLoad,0.0808,0
27.6237,3479,Vehicle,ChannelLoad,0.08904,0
27.6237,3479,Vehicle,ChannelLoad,0.08904,0
27.6237,3479,Vehicle,TX_Throughput,18960,0
27.6237,3479,Vehicle,TX_ObjectCount,5,0
27.6256,8636,Vehicle,ChannelLoad,0.08264,0
27.6256,8636,Vehicle,ChannelLoad,0.08264,0
27.6256,8636,Vehicle,TX_Throughput,13360,0
27.6256,8636,Vehicle,TX_ObjectCount,3,0
27.6275,6263,RSU,TX_Throughput,22080,0
27.6275,6263,RSU,TX_ObjectCount,7,0
27.6289,4597,Vehicle,ChannelLoad,0.13216,0
27.6289,4597,Vehicle,ChannelLoad,0.13216,0
27.6289,4597,Vehicle,TX_Throughput,7760,0
27.6289,4597,Vehicle,TX_ObjectCount,1,0
27.6289,7523,RSU,ChannelLoad,0.12336,0
27.6289,7523,RSU,ChannelLoad,0.12336,0
27.6299,3254,RSU,TX_Throughput,30480,0
27.6299,3254,RSU,TX_ObjectCount,10,0
27.6318,866,Vehicle,ChannelLoad,0.08928,0
27.6318,866,Vehicle,ChannelLoad,0.08928,0
27.6318,866,Vehicle,TX_Throughput,7760,0
27.6318,866,Vehicle,TX_ObjectCount,1,0
27.6328,1984,RSU,TX_Throughput,22080,0
27.6328,1984,RSU,TX_ObjectCount,7,0
27.6332,3776,RSU,TX_Throughput,19280,0
27.6332,3776,RSU,TX_ObjectCount,6,0
27.6333,3552,RSU,ChannelLoad,0.08864,0
27.6333,3552,RSU,ChannelLoad,0.08864,0
27.6343,5797,Vehicle,ChannelLoad,0.07024,0
27.6343,5797,Vehicle,ChannelLoad,0.07024,0
27.6343,5797,Vehicle,TX_Throughput,7760,0
27.6343,5797,Vehicle,TX_ObjectCount,1,0
27.6344,29,RSU,TX_Throughput,33280,0
27.6344,29,RSU,TX_ObjectCount,11,0
27.6352,6781,RSU,ChannelLoad,0.09552,0
27.6352,6781,RSU,ChannelLoad,0.09552,0
27.637,3626,Vehicle,ChannelLoad,0.06976,0
27.637,3626,Vehicle,ChannelLoad,0.06976,0
27.637,3626,Vehicle,TX_Throughput,18960,0
27.637,3626,Vehicle,TX_ObjectCount,5,0
27.6374,2659,Vehicle,ChannelLoad,0.05928,0
27.6374,2659,Vehicle,ChannelLoad,0.05928,0
27.6374,2659,Vehicle,TX_Throughput,16160,0
27.6374,2659,Vehicle,TX_ObjectCount,4,0
27.6376,3699,Vehicle,ChannelLoad,0.03632,0
27.6376,3699,Vehicle,ChannelLoad,0.03632,0
27.6376,3699,Vehicle,TX_Throughput,4560,0
27.6376,3699,Vehicle,TX_ObjectCount,0,0
27.6379,7672,Vehicle,ChannelLoad,0.03352,0
27.6379,7672,Vehicle,ChannelLoad,0.03352,0
27.6379,7672,Vehicle,TX_Throughput,7760,0
27.6379,7672,Vehicle,TX_ObjectCount,1,0
27.638,2732,Vehicle,ChannelLoad,0.03336,0
27.638,2732,Vehicle,ChannelLoad,0.03336,0
27.638,2732,Vehicle,TX_Throughput,10560,0
27.638,2732,Vehicle,TX_ObjectCount,2,0
27.6389,5872,RSU,ChannelLoad,0.07768,0
27.6389,5872,RSU,ChannelLoad,0.07768,0
27.6396,2131,RSU,TX_Throughput,33280,0
27.6396,2131,RSU,TX_ObjectCount,11,0
27.6404,943,Vehicle,ChannelLoad,0.05648,0
27.6404,943,Vehicle,ChannelLoad,0.05648,0
27.6404,943,Vehicle,TX_Throughput,13360,0
27.6404,943,Vehicle,TX_ObjectCount,3,0
27.6414,7745,RSU,ChannelLoad,0.066,0
27.6414,7745,RSU,ChannelLoad,0.066,0
27.6423,7819,Vehicle,ChannelLoad,0.06704,0
27.6423,7819,Vehicle,ChannelLoad,0.06704,0
27.6423,7819,Vehicle,TX_Throughput,7760,0
27.6423,7819,Vehicle,TX_ObjectCount,1,0
27.6434,4900,RSU,TX_Throughput,30480,0
27.6434,4900,RSU,TX_ObjectCount,10,0
27.6437,8711,Vehicle,ChannelLoad,0.0396,0
27.6437,8711,Vehicle,ChannelLoad,0.0396,0
27.6437,8711,Vehicle,TX_Throughput,7760,0
27.6437,8711,Vehicle,TX_ObjectCount,1,0
27.6444,1833,Vehicle,ChannelLoad,0.06928,0
27.6444,1833,Vehicle,ChannelLoad,0.06928,0
27.6444,1833,Vehicle,TX_Throughput,21760,0
27.6444,1833,Vehicle,TX_ObjectCount,6,0
27.6449,4672,Vehicle,ChannelLoad,0.08088,0
27.6449,4672,Vehicle,ChannelLoad,0.08088,0
27.6449,4672,Vehicle,TX_Throughput,7760,0
27.6449,4672,Vehicle,TX_ObjectCount,1,0
27.6462,6781,RSU,TX_Throughput,36080,0
27.6462,6781,RSU,TX_ObjectCount,12,0
27.6464,1018,RSU,ChannelLoad,0.1144,0
27.6464,1018,RSU,ChannelLoad,0.1144,0
27.6471,3776,RSU,ChannelLoad,0.08896,0
27.6471,3776,RSU,ChannelLoad,0.08896,0
27.6488,1906,RSU,ChannelLoad,0.14072,0
27.6488,1906,RSU,ChannelLoad,0.14072,0
27.6488,4745,Vehicle,ChannelLoad,0.06784,0
27.6488,4745,Vehicle,ChannelLoad,0.06784,0
27.6488,4745,Vehicle,TX_Throughput,7760,0
27.6488,4745,Vehicle,TX_ObjectCount,1,0
27.6492,3850,RSU,ChannelLoad,0.05672,0
27.6492,3850,RSU,ChannelLoad,0.05672,0
27.6496,8786,Vehicle,ChannelLoad,0.086,0
27.6496,8786,Vehicle,ChannelLoad,0.086,0
27.6496,8786,Vehicle,TX_Throughput,10560,0
27.6496,8786,Vehicle,TX_ObjectCount,2,0
27.6507,6859,Vehicle,ChannelLoad,0.0496,0
27.6507,6859,Vehicle,ChannelLoad,0.0496,0
27.6507,6859,Vehicle,TX_Throughput,13360,0
27.6507,6859,Vehicle,TX_ObjectCount,3,0
27.6512,3926,Vehicle,ChannelLoad,0.0248,0
27.6512,3926,Vehicle,ChannelLoad,0.0248,0
27.6512,3926,Vehicle,TX_Throughput,10560,0
27.6512,3926,Vehicle,TX_ObjectCount,2,0
27.6527,8859,RSU,ChannelLoad,0.0944,0
27.6527,8859,RSU,ChannelLoad,0.0944,0
27.6528,4818,RSU,ChannelLoad,0.06848,0
27.6528,4818,RSU,ChannelLoad,0.06848,0
27.6531,5958,Vehicle,ChannelLoad,0.13696,0
27.6531,5958,Vehicle,ChannelLoad,0.13696,0
27.6531,5958,Vehicle,TX_Throughput,13360,0
27.6531,5958,Vehicle,TX_ObjectCount,3,0
27.6548,2211,RSU,TX_Throughput,19280,0
27.6548,2211,RSU,TX_ObjectCount,6,0
27.6561,4818,RSU,TX_Throughput,22080,0
27.6561,4818,RSU,TX_ObjectCount,7,0
27.6561,6932,RSU,ChannelLoad,0.06904,0
27.6561,6932,RSU,ChannelLoad,0.06904,0
27.6582,2805,Vehicle,ChannelLoad,0.0536,0
27.6582,2805,Vehicle,ChannelLoad,0.0536,0
27.6582,2805,Vehicle,TX_Throughput,10560,0
27.6582,2805,Vehicle,TX_ObjectCount,2,0
27.6586,7006,Vehicle,ChannelLoad,0.0744,0
27.6586,7006,Vehicle,ChannelLoad,0.0744,0
27.6586,7006,Vehicle,TX_Throughput,10560,0
27.6586,7006,Vehicle,TX_ObjectCount,2,0
27.659,1094,Vehicle,ChannelLoad,0.03584,0
27.659,1094,Vehicle,ChannelLoad,0.03584,0
27.659,1094,Vehicle,TX_Throughput,10560,0
27.659,1094,Vehicle,TX_ObjectCount,2,0
27.6594,2878,Vehicle,ChannelLoad,0.07168,0
27.6594,2878,Vehicle,ChannelLoad,0.07168,0
27.6594,2878,Vehicle,TX_Throughput,10560,0
27.6594,2878,Vehicle,TX_ObjectCount,2,0
27.6609,3328,RSU,TX_Throughput,22080,0
27.6609,3328,RSU,TX_ObjectCount,7,0
27.6613,1167,Vehicle,ChannelLoad,0.08848,0
27.6613,1167,Vehicle,ChannelLoad,0.08848,0
27.6613,1167,Vehicle,TX_Throughput,7760,0
27.6613,1167,Vehicle,TX_ObjectCount,1,0
27.6615,4001,Vehicle,ChannelLoad,0.08856,0
27.6615,4001,Vehicle,ChannelLoad,0.08856,0
27.6615,4001,Vehicle,TX_Throughput,13360,0
27.6615,4001,Vehicle,TX_ObjectCount,3,0
27.662,6634,RSU,TX_Throughput,19280,0
27.662,6634,RSU,TX_ObjectCount,6,0
27.6622,8937,RSU,ChannelLoad,0.11912,0
27.6622,8937,RSU,ChannelLoad,0.11912,0
27.6623,3850,RSU,TX_Throughput,8080,0
27.6623,3850,RSU,TX_ObjectCount,2,0
27.6637,9011,Vehicle,ChannelLoad,0.08744,0
27.6637,9011,Vehicle,ChannelLoad,0.08744,0
27.6637,9011,Vehicle,TX_Throughput,18960,0
27.6637,9011,Vehicle,TX_ObjectCount,5,0
27.6637,2953,Vehicle,ChannelLoad,0.07336,0
27.6637,2953,Vehicle,ChannelLoad,0.07336,0
27.6637,2953,Vehicle,TX_Throughput,21760,0
27.6637,2953,Vehicle,TX_ObjectCount,6,0
27.6643,8192,RSU,TX_Throughput,19280,0
27.6643,8192,RSU,TX_ObjectCount,6,0
27.6647,1984,RSU,ChannelLoad,0.06992,0
27.6647,1984,RSU,ChannelLoad,0.06992,0
27.6649,1240,RSU,ChannelLoad,0.06824,0
27.6649,1240,RSU,ChannelLoad,0.06824,0
27.6651,7969,Vehicle,ChannelLoad,0.05264,0
27.6651,7969,Vehicle,ChannelLoad,0.05264,0
27.6651,7969,Vehicle,TX_Throughput,4560,0
27.6651,7969,Vehicle,TX_ObjectCount,0,0
27.6654,2058,Vehicle,ChannelLoad,0.05688,0
27.6654,2058,Vehicle,ChannelLoad,0.05688,0
27.6654,2058,Vehicle,TX_Throughput,10560,0
27.6654,2058,Vehicle,TX_ObjectCount,2,0
27.6663,4074,Vehicle,ChannelLoad,0.05664,0
27.6663,4074,Vehicle,ChannelLoad,0.05664,0
27.6663,4074,Vehicle,TX_Throughput,10560,0
27.6663,4074,Vehicle,TX_ObjectCount,2,0
27.6674,6037,Vehicle,ChannelLoad,0.05152,0
27.6674,6037,Vehicle,ChannelLoad,0.05152,0
27.6674,6037,Vehicle,TX_Throughput,10560,0
27.6674,6037,Vehicle,TX_ObjectCount,2,0
27.6687,4147,Vehicle,ChannelLoad,0.1052,0
27.6687,4147,Vehicle,ChannelLoad,0.1052,0
27.6687,4147,Vehicle,TX_Throughput,4560,0
27.6687,4147,Vehicle,TX_ObjectCount,0,0
27.6696,4900,RSU,ChannelLoad,0.09648,0
27.6696,4900,RSU,ChannelLoad,0.09648,0
27.6698,3030,RSU,ChannelLoad,0.08704,0
27.6698,3030,RSU,ChannelLoad,0.08704,0
27.67,2131,RSU,ChannelLoad,0.1456,0
27.67,2131,RSU,ChannelLoad,0.1456,0
27.6701,8044,Vehicle,ChannelLoad,0.0728,0
27.6701,8044,Vehicle,ChannelLoad,0.0728,0
27.6701,8044,Vehicle,TX_Throughput,7760,0
27.6701,8044,Vehicle,TX_ObjectCount,1,0
27.6702,4974,Vehicle,ChannelLoad,0.0548,0
27.6702,4974,Vehicle,ChannelLoad,0.0548,0
27.6702,4974,Vehicle,TX_Throughput,27360,0
27.6702,4974,Vehicle,TX_ObjectCount,8,0
27.6706,6110,Vehicle,ChannelLoad,0.06864,0
27.6706,6110,Vehicle,ChannelLoad,0.06864,0
27.6706,6110,Vehicle,TX_Throughput,13360,0
27.6706,6110,Vehicle,TX_ObjectCount,3,0
27.6709,1314,Vehicle,ChannelLoad,0.0736,0
27.6709,1314,Vehicle,ChannelLoad,0.0736,0
27.6709,1314,Vehicle,TX_Throughput,10560,0
27.6709,1314,Vehicle,TX_ObjectCount,2,0
27.671,270,Vehicle,ChannelLoad,0.05216,0
27.671,270,Vehicle,ChannelLoad,0.05216,0
27.671,270,Vehicle,TX_Throughput,18960,0
27.671,270,Vehicle,TX_ObjectCount,5,0
27.6719,9086,Vehicle,ChannelLoad,0.06864,0
27.6719,9086,Vehicle,ChannelLoad,0.06864,0
27.6719,9086,Vehicle,TX_Throughput,10560,0
27.6719,9086,Vehicle,TX_ObjectCount,2,0
27.6723,5047,RSU,ChannelLoad,0.11848,0
27.6723,5047,RSU,ChannelLoad,0.11848,0
27.6731,1759,RSU,TX_Throughput,24880,0
27.6731,1759,RSU,TX_ObjectCount,8,0
27.6736,4222,Vehicle,ChannelLoad,0.06464,0
27.6736,4222,Vehicle,ChannelLoad,0.06464,0
27.6736,4222,Vehicle,TX_Throughput,10560,0
27.6736,4222,Vehicle,TX_ObjectCount,2,0
27.6744,3552,RSU,TX_Throughput,22080,0
27.6744,3552,RSU,TX_ObjectCount,7,0
27.6762,5123,RSU,ChannelLoad,0.08888,0
27.6762,5123,RSU,ChannelLoad,0.08888,0
27.6774,8937,RSU,TX_Throughput,19280,0
27.6774,8937,RSU,TX_ObjectCount,6,0
27.6777,4297,Vehicle,ChannelLoad,0.09048,0
27.6777,4297,Vehicle,ChannelLoad,0.09048,0
27.6777,4297,Vehicle,TX_Throughput,7760,0
27.6777,4297,Vehicle,TX_ObjectCount,1,0
27.6778,6187,RSU,ChannelLoad,0.12352,0
27.6778,6187,RSU,ChannelLoad,0.12352,0
27.6782,8117,Vehicle,ChannelLoad,0.10016,0
27.6782,8117,Vehicle,ChannelLoad,0.10016,0
27.6782,8117,Vehicle,TX_Throughput,13360,0
27.6782,8117,Vehicle,TX_ObjectCount,3,0
27.6783,7083,Vehicle,ChannelLoad,0.07872,0
27.6783,7083,Vehicle,ChannelLoad,0.07872,0
27.6783,7083,Vehicle,TX_Throughput,10560,0
27.6783,7083,Vehicle,TX_ObjectCount,2,0
27.6786,9163,Vehicle,ChannelLoad,0.08392,0
27.6786,9163,Vehicle,ChannelLoad,0.08392,0
27.6786,9163,Vehicle,TX_Throughput,13360,0
27.6786,9163,Vehicle,TX_ObjectCount,3,0
27.6791,3030,RSU,TX_Throughput,16480,0
27.6791,3030,RSU,TX_ObjectCount,5,0
27.6796,9236,Vehicle,ChannelLoad,0.0556,0
27.6796,9236,Vehicle,ChannelLoad,0.0556,0
27.6796,9236,Vehicle,TX_Throughput,13360,0
27.6796,9236,Vehicle,TX_ObjectCount,3,0
27.6799,1906,RSU,TX_Throughput,19280,0
27.6799,1906,RSU,TX_ObjectCount,6,0
27.68,4370,Vehicle,ChannelLoad,0.07592,0
27.68,4370,Vehicle,ChannelLoad,0.07592,0
27.68,4370,Vehicle,TX_Throughput,10560,0
27.68,4370,Vehicle,TX_ObjectCount,2,0
27.6801,6263,RSU,ChannelLoad,0.07464,0
27.6801,6263,RSU,ChannelLoad,0.07464,0
27.6805,7156,Vehicle,ChannelLoad,0.06224,0
27.6805,7156,Vehicle,ChannelLoad,0.06224,0
27.6805,7156,Vehicle,TX_Throughput,13360,0
27.6805,7156,Vehicle,TX_ObjectCount,3,0
27.6814,1387,RSU,TX_Throughput,27680,0
27.6814,1387,RSU,TX_ObjectCount,9,0
27.6816,1240,RSU,TX_Throughput,13680,0
27.6816,1240,RSU,TX_ObjectCount,4,0
27.6817,1018,RSU,TX_Throughput,38880,0
27.6817,1018,RSU,TX_ObjectCount,13,0
27.6819,5197,Vehicle,ChannelLoad,0.11752,0
27.6819,5197,Vehicle,ChannelLoad,0.11752,0
27.6819,5197,Vehicle,TX_Throughput,13360,0
27.6819,5197,Vehicle,TX_ObjectCount,3,0
27.682,5270,Vehicle,ChannelLoad,0.06208,0
27.682,5270,Vehicle,ChannelLoad,0.06208,0
27.682,5270,Vehicle,TX_Throughput,7760,0
27.682,5270,Vehicle,TX_ObjectCount,1,0
27.6831,343,Vehicle,ChannelLoad,0.06904,0
27.6831,343,Vehicle,ChannelLoad,0.06904,0
27.6831,343,Vehicle,TX_Throughput,13360,0
27.6831,343,Vehicle,TX_ObjectCount,3,0
27.6832,1387,RSU,ChannelLoad,0.11584,0
27.6832,1387,RSU,ChannelLoad,0.11584,0
27.6838,8859,RSU,TX_Throughput,19280,0
27.6838,8859,RSU,TX_ObjectCount,6,0
27.6855,6187,RSU,TX_Throughput,19280,0
27.6855,6187,RSU,TX_ObjectCount,6,0
27.6865,3108,Vehicle,ChannelLoad,0.08768,0
27.6865,3108,Vehicle,ChannelLoad,0.08768,0
27.6865,3108,Vehicle,TX_Throughput,4560,0
27.6865,3108,Vehicle,TX_ObjectCount,0,0
27.6865,5343,RSU,ChannelLoad,0.10648,0
27.6865,5343,RSU,ChannelLoad,0.10648,0
27.6871,416,Vehicle,ChannelLoad,0.07512,0
27.6871,416,Vehicle,ChannelLoad,0.07512,0
27.6871,416,Vehicle,TX_Throughput,13360,0
27.6871,416,Vehicle,TX_ObjectCount,3,0
27.6883,5123,RSU,TX_Throughput,19280,0
27.6883,5123,RSU,TX_ObjectCount,6,0
27.6884,9309,Vehicle,ChannelLoad,0.10288,0
27.6884,9309,Vehicle,ChannelLoad,0.10288,0
27.6884,9309,Vehicle,TX_Throughput,13360,0
27.6884,9309,Vehicle,TX_ObjectCount,3,0
27.6885,2211,RSU,ChannelLoad,0.10448,0
27.6885,2211,RSU,ChannelLoad,0.10448,0
27.6894,2285,RSU,ChannelLoad,0.08264,0
27.6894,2285,RSU,ChannelLoad,0.08264,0
27.6916,8192,RSU,ChannelLoad,0.08344,0
27.6916,8192,RSU,ChannelLoad,0.08344,0
27.6917,7229,Vehicle,ChannelLoad,0.05288,0
27.6917,7229,Vehicle,ChannelLoad,0.05288,0
27.6917,7229,Vehicle,TX_Throughput,13360,0
27.6917,7229,Vehicle,TX_ObjectCount,3,0
27.692,5417,RSU,ChannelLoad,0.10248,0
27.692,5417,RSU,ChannelLoad,0.10248,0
27.6925,6341,Vehicle,ChannelLoad,0.05544,0
27.6925,6341,Vehicle,ChannelLoad,0.05544,0
27.6925,6341,Vehicle,TX_Throughput,16160,0
27.6925,6341,Vehicle,TX_ObjectCount,4,0
27.6928,3181,Vehicle,ChannelLoad,0.1,0
27.6928,3181,Vehicle,ChannelLoad,0.1,0
27.6928,3181,Vehicle,TX_Throughput,10560,0
27.6928,3181,Vehicle,TX_ObjectCount,2,0
27.6928,5872,RSU,TX_Throughput,13680,0
27.6928,5872,RSU,TX_ObjectCount,4,0
27.6939,489,Vehicle,ChannelLoad,0.0676,0
27.6939,489,Vehicle,ChannelLoad,0.0676,0
27.6939,489,Vehicle,TX_Throughput,7760,0
27.6939,489,Vehicle,TX_ObjectCount,1,0
27.6955,5047,RSU,TX_Throughput,30480,0
27.6955,5047,RSU,TX_ObjectCount,10,0
27.696,8268,RSU,ChannelLoad,0.10152,0
27.696,8268,RSU,ChannelLoad,0.10152,0
27.6961,3254,RSU,ChannelLoad,0.10616,0
27.6961,3254,RSU,ChannelLoad,0.10616,0
27.6961,562,Vehicle,ChannelLoad,0.03208,0
27.6961,562,Vehicle,ChannelLoad,0.03208,0
27.6961,562,Vehicle,TX_Throughput,10560,0
27.6961,562,Vehicle,TX_ObjectCount,2,0
27.6961,2359,Vehicle,ChannelLoad,0.06856,0
27.6961,2359,Vehicle,ChannelLoad,0.06856,0
27.6961,2359,Vehicle,TX_Throughput,13360,0
27.6961,2359,Vehicle,TX_ObjectCount,3,0
27.6966,1463,Vehicle,ChannelLoad,0.05392,0
27.6966,1463,Vehicle,ChannelLoad,0.05392,0
27.6966,1463,Vehicle,TX_Throughput,13360,0
27.6966,1463,Vehicle,TX_ObjectCount,3,0
27.6975,2432,Vehicle,ChannelLoad,0.02408,0
27.6975,2432,Vehicle,ChannelLoad,0.02408,0
27.6975,2432,Vehicle,TX_Throughput,4560,0
27.6975,2432,Vehicle,TX_ObjectCount,0,0
27.6976,6414,Vehicle,ChannelLoad,0.07568,0
27.6976,6414,Vehicle,ChannelLoad,0.07568,0
27.6976,6414,Vehicle,TX_Throughput,7760,0
27.6976,6414,Vehicle,TX_ObjectCount,1,0
27.6978,3328,RSU,ChannelLoad,0.06808,0
27.6978,3328,RSU,ChannelLoad,0.06808,0
27.6992,7302,Vehicle,ChannelLoad,0.06856,0
27.6992,7302,Vehicle,ChannelLoad,0.06856,0
27.6992,7302,Vehicle,TX_Throughput,10560,0
27.6992,7302,Vehicle,TX_ObjectCount,2,0
27.7004,7523,RSU,TX_Throughput,30480,0
27.7004,7523,RSU,TX_ObjectCount,10,0
27.7009,7375,Vehicle,ChannelLoad,0.06128,0
27.7009,7375,Vehicle,ChannelLoad,0.06128,0
27.7009,7375,Vehicle,TX_Throughput,4560,0
27.7009,7375,Vehicle,TX_ObjectCount,0,0
27.702,639,Vehicle,ChannelLoad,0.06912,0
27.702,639,Vehicle,ChannelLoad,0.06912,0
27.702,639,Vehicle,TX_Throughput,7760,0
27.702,639,Vehicle,TX_ObjectCount,1,0
27.7023,8342,Vehicle,ChannelLoad,0.0764,0
27.7023,8342,Vehicle,ChannelLoad,0.0764,0
27.7023,8342,Vehicle,TX_Throughput,10560,0
27.7023,8342,Vehicle,TX_ObjectCount,2,0
27.7037,6487,RSU,ChannelLoad,0.09088,0
27.7037,6487,RSU,ChannelLoad,0.09088,0
27.7045,7745,RSU,TX_Throughput,22080,0
27.7045,7745,RSU,TX_ObjectCount,7,0
27.7047,29,RSU,ChannelLoad,0.09576,0
27.7047,29,RSU,ChannelLoad,0.09576,0
27.7048,5495,Vehicle,ChannelLoad,0.05616,0
27.7048,5495,Vehicle,ChannelLoad,0.05616,0
27.7048,5495,Vehicle,TX_Throughput,10560,0
27.7048,5495,Vehicle,TX_ObjectCount,2,0
27.7052,5417,RSU,TX_Throughput,33280,0
27.7052,5417,RSU,TX_ObjectCount,11,0
27.7059,712,Vehicle,ChannelLoad,0.09512,0
27.7059,712,Vehicle,ChannelLoad,0.09512,0
27.7059,712,Vehicle,TX_Throughput,7760,0
27.7059,712,Vehicle,TX_ObjectCount,1,0
27.7078,5568,Vehicle,ChannelLoad,0.06344,0
27.7078,5568,Vehicle,ChannelLoad,0.06344,0
27.7078,5568,Vehicle,TX_Throughput,24560,0
27.7078,5568,Vehicle,TX_ObjectCount,7,0
27.7089,6932,RSU,TX_Throughput,10880,0
27.7089,6932,RSU,TX_ObjectCount,3,0
27.709,4445,Vehicle,ChannelLoad,0.08888,0
27.709,4445,Vehicle,ChannelLoad,0.08888,0
27.709,4445,Vehicle,TX_Throughput,16160,0
27.709,4445,Vehicle,TX_ObjectCount,4,0
27.7103,5343,RSU,TX_Throughput,36080,0
27.7103,5343,RSU,TX_ObjectCount,12,0
27.7104,1538,Vehicle,ChannelLoad,0.0364,0
27.7104,1538,Vehicle,ChannelLoad,0.0364,0
27.7104,1538,Vehicle,TX_Throughput,10560,0
27.7104,1538,Vehicle,TX_ObjectCount,2,0
27.7121,5641,Vehicle,ChannelLoad,0.04304,0
27.7121,5641,Vehicle,ChannelLoad,0.04304,0
27.7121,5641,Vehicle,TX_Throughput,10560,0
27.7121,5641,Vehicle,TX_ObjectCount,2,0
27.7123,2285,RSU,TX_Throughput,24880,0
27.7123,2285,RSU,TX_ObjectCount,8,0
27.7131,5714,Vehicle,ChannelLoad,0.06232,0
27.7131,5714,Vehicle,ChannelLoad,0.06232,0
27.7131,5714,Vehicle,TX_Throughput,7760,0
27.7131,5714,Vehicle,TX_ObjectCount,1,0
27.7144,3404,Vehicle,ChannelLoad,0.09696,0
27.7144,3404,Vehicle,ChannelLoad,0.09696,0
27.7144,3404,Vehicle,TX_Throughput,13360,0
27.7144,3404,Vehicle,TX_ObjectCount,3,0
27.7151,6487,RSU,TX_Throughput,22080,0
27.7151,6487,RSU,TX_ObjectCount,7,0
27.7152,6561,Vehicle,ChannelLoad,0.07864,0
27.7152,6561,Vehicle,ChannelLoad,0.07864,0
27.7152,6561,Vehicle,TX_Throughput,10560,0
27.7152,6561,Vehicle,TX_ObjectCount,2,0
27.7163,6634,RSU,ChannelLoad,0.06464,0
27.7163,6634,RSU,ChannelLoad,0.06464,0
27.7166,1611,Vehicle,ChannelLoad,0.05328,0
27.7166,1611,Vehicle,ChannelLoad,0.05328,0
27.7166,1611,Vehicle,TX_Throughput,7760,0
27.7166,1611,Vehicle,TX_ObjectCount,1,0
27.7166,182,RSU,TX_Throughput,24880,0
27.7166,182,RSU,TX_ObjectCount,8,0
27.7167,8417,Vehicle,ChannelLoad,0.06008,0
27.7167,8417,Vehicle,ChannelLoad,0.06008,0
27.7167,8417,Vehicle,TX_Throughput,4560,0
27.7167,8417,Vehicle,TX_ObjectCount,0,0
27.7168,1684,Vehicle,ChannelLoad,0.05088,0
27.7168,1684,Vehicle,ChannelLoad,0.05088,0
27.7168,1684,Vehicle,TX_Throughput,7760,0
27.7168,1684,Vehicle,TX_ObjectCount,1,0
27.7172,2507,Vehicle,ChannelLoad,0.05768,0
27.7172,2507,Vehicle,ChannelLoad,0.05768,0
27.7172,2507,Vehicle,TX_Throughput,16160,0
27.7172,2507,Vehicle,TX_ObjectCount,4,0
27.718,8268,RSU,TX_Throughput,27680,0
27.718,8268,RSU,TX_ObjectCount,9,0
27.7182,8490,Vehicle,ChannelLoad,0.06984,0
27.7182,8490,Vehicle,ChannelLoad,0.06984,0
27.7182,8490,Vehicle,TX_Throughput,7760,0
27.7182,8490,Vehicle,TX_ObjectCount,1,0
27.7183,787,Vehicle,ChannelLoad,0.05312,0
27.7183,787,Vehicle,ChannelLoad,0.05312,0
27.7183,787,Vehicle,TX_Throughput,4560,0
27.7183,787,Vehicle,TX_ObjectCount,0,0
27.7186,2582,Vehicle,ChannelLoad,0.07168,0
27.7186,2582,Vehicle,ChannelLoad,0.07168,0
27.7186,2582,Vehicle,TX_Throughput,7760,0
27.7186,2582,Vehicle,TX_ObjectCount,1,0
27.7188,107,Vehicle,ChannelLoad,0.07672,0
27.7188,107,Vehicle,ChannelLoad,0.07672,0
27.7188,107,Vehicle,TX_Throughput,10560,0
27.7188,107,Vehicle,TX_ObjectCount,2,0
27.7201,182,RSU,ChannelLoad,0.084,0
27.7201,182,RSU,ChannelLoad,0.084,0
27.7206,6708,Vehicle,ChannelLoad,0.13544,0
27.7206,6708,Vehicle,ChannelLoad,0.13544,0
27.7206,6708,Vehicle,TX_Throughput,10560,0
27.7206,6708,Vehicle,TX_ObjectCount,2,0
27.721,7450,Vehicle,ChannelLoad,0.06584,0
27.721,7450,Vehicle,ChannelLoad,0.06584,0
27.721,7450,Vehicle,TX_Throughput,16160,0
27.721,7450,Vehicle,TX_ObjectCount,4,0
27.7218,4522,Vehicle,ChannelLoad,0.07544,0
27.7218,4522,Vehicle,ChannelLoad,0.07544,0
27.7218,4522,Vehicle,TX_Throughput,10560,0
27.7218,4522,Vehicle,TX_ObjectCount,2,0
27.7231,1759,RSU,ChannelLoad,0.0696,0
27.7231,1759,RSU,ChannelLoad,0.0696,0
27.7237,3479,Vehicle,ChannelLoad,0.078,0
27.7237,3479,Vehicle,ChannelLoad,0.078,0
27.7237,3479,Vehicle,TX_Throughput,18960,0
27.7237,3479,Vehicle,TX_ObjectCount,5,0
27.7256,8636,Vehicle,ChannelLoad,0.0696,0
27.7256,8636,Vehicle,ChannelLoad,0.0696,0
27.7256,8636,Vehicle,TX_Throughput,13360,0
27.7256,8636,Vehicle,TX_ObjectCount,3,0
27.7275,6263,RSU,TX_Throughput,22080,0
27.7275,6263,RSU,TX_ObjectCount,7,0
27.7289,4597,Vehicle,ChannelLoad,0.12568,0
27.7289,4597,Vehicle,ChannelLoad,0.12568,0
27.7289,4597,Vehicle,TX_Throughput,4560,0
27.7289,4597,Vehicle,TX_ObjectCount,0,0
27.7289,7523,RSU,ChannelLoad,0.11448,0
27.7289,7523,RSU,ChannelLoad,0.11448,0
27.7299,3254,RSU,TX_Throughput,30480,0
27.7299,3254,RSU,TX_ObjectCount,10,0
27.7318,866,Vehicle,ChannelLoad,0.07056,0
27.7318,866,Vehicle,ChannelLoad,0.07056,0
27.7318,866,Vehicle,TX_Throughput,7760,0
27.7318,866,Vehicle,TX_ObjectCount,1,0
27.7328,1984,RSU,TX_Throughput,24880,0
27.7328,1984,RSU,TX_ObjectCount,8,0
27.7332,3776,RSU,TX_Throughput,19280,0
27.7332,3776,RSU,TX_ObjectCount,6,0
27.7333,3552,RSU,ChannelLoad,0.08128,0
27.7333,3552,RSU,ChannelLoad,0.08128,0
27.7343,5797,Vehicle,ChannelLoad,0.06992,0
27.7343,5797,Vehicle,ChannelLoad,0.06992,0
27.7343,5797,Vehicle,TX_Throughput,7760,0
27.7343,5797,Vehicle,TX_ObjectCount,1,0
27.7344,29,RSU,TX_Throughput,33280,0
27.7344,29,RSU,TX_ObjectCount,11,0
27.7352,6781,RSU,ChannelLoad,0.09112,0
27.7352,6781,RSU,ChannelLoad,0.09112,0
27.737,3626,Vehicle,ChannelLoad,0.0576,0
27.737,3626,Vehicle,ChannelLoad,0.0576,0
27.737,3626,Vehicle,TX_Throughput,16160,0
27.737,3626,Vehicle,TX_ObjectCount,4,0
27.7374,2659,Vehicle,ChannelLoad,0.07312,0
27.7374,2659,Vehicle,ChannelLoad,0.07312,0
27.7374,2659,Vehicle,TX_Throughput,16160,0
27.7374,2659,Vehicle,TX_ObjectCount,4,0
27.7376,3699,Vehicle,ChannelLoad,0.03112,0
27.7376,3699,Vehicle,ChannelLoad,0.03112,0
27.7376,3699,Vehicle,TX_Throughput,4560,0
27.7376,3699,Vehicle,TX_ObjectCount,0,0
27.7379,7672,Vehicle,ChannelLoad,0.04696,0
27.7379,7672,Vehicle,ChannelLoad,0.04696,0
27.7379,7672,Vehicle,TX_Throughput,4560,0
27.7379,7672,Vehicle,TX_ObjectCount,0,0
27.738,2732,Vehicle,ChannelLoad,0.0332,0
27.738,2732,Vehicle,ChannelLoad,0.0332,0
27.738,2732,Vehicle,TX_Throughput,7760,0
27.738,2732,Vehicle,TX_ObjectCount,1,0
27.7389,5872,RSU,ChannelLoad,0.09168,0
27.7389,5872,RSU,ChannelLoad,0.09168,0
27.7396,2131,RSU,TX_Throughput,33280,0
27.7396,2131,RSU,TX_ObjectCount,11,0
27.7404,943,Vehicle,ChannelLoad,0.04728,0
27.7404,943,Vehicle,ChannelLoad,0.04728,0
27.7404,943,Vehicle,TX_Throughput,16160,0
27.7404,943,Vehicle,TX_ObjectCount,4,0
27.7414,7745,RSU,ChannelLoad,0.08272,0
27.7414,7745,RSU,ChannelLoad,0.08272,0
27.7423,7819,Vehicle,ChannelLoad,0.06304,0
27.7423,7819,Vehicle,ChannelLoad,0.06304,0
27.7423,7819,Vehicle,TX_Throughput,7760,0
27.7423,7819,Vehicle,TX_ObjectCount,1,0
27.7434,4900,RSU,TX_Throughput,30480,0
27.7434,4900,RSU,TX_ObjectCount,10,0
27.7437,8711,Vehicle,ChannelLoad,0.04632,0
27.7437,8711,Vehicle,ChannelLoad,0.04632,0
27.7437,8711,Vehicle,TX_Throughput,7760,0
27.7437,8711,Vehicle,TX_ObjectCount,1,0
27.7444,1833,Vehicle,ChannelLoad,0.08648,0
27.7444,1833,Vehicle,ChannelLoad,0.08648,0
27.7444,1833,Vehicle,TX_Throughput,21760,0
27.7444,1833,Vehicle,TX_ObjectCount,6,0
27.7449,4672,Vehicle,ChannelLoad,0.08848,0
27.7449,4672,Vehicle,ChannelLoad,0.08848,0
27.7449,4672,Vehicle,TX_Throughput,7760,0
27.7449,4672,Vehicle,TX_ObjectCount,1,0
27.7462,6781,RSU,TX_Throughput,36080,0
27.7462,6781,RSU,TX_ObjectCount,12,0
27.7464,1018,RSU,ChannelLoad,0.1172,0
27.7464,1018,RSU,ChannelLoad,0.1172,0
27.7471,3776,RSU,ChannelLoad,0.0768,0
27.7471,3776,RSU,ChannelLoad,0.0768,0
27.7488,1906,RSU,ChannelLoad,0.13736,0
27.7488,1906,RSU,ChannelLoad,0.13736,0
27.7488,4745,Vehicle,ChannelLoad,0.06472,0
27.7488,4745,Vehicle,ChannelLoad,0.06472,0
27.7488,4745,Vehicle,TX_Throughput,7760,0
27.7488,4745,Vehicle,TX_ObjectCount,1,0
27.7492,3850,RSU,ChannelLoad,0.06104,0
27.7492,3850,RSU,ChannelLoad,0.06104,0
27.7496,8786,Vehicle,ChannelLoad,0.09216,0
27.7496,8786,Vehicle,ChannelLoad,0.09216,0
27.7496,8786,Vehicle,TX_Throughput,4560,0
27.7496,8786,Vehicle,TX_ObjectCount,0,0
27.7507,6859,Vehicle,ChannelLoad,0.05064,0
27.7507,6859,Vehicle,ChannelLoad,0.05064,0
27.7507,6859,Vehicle,TX_Throughput,13360,0
27.7507,6859,Vehicle,TX_ObjectCount,3,0
27.7512,3926,Vehicle,ChannelLoad,0.02976,0
27.7512,3926,Vehicle,ChannelLoad,0.02976,0
27.7512,3926,Vehicle,TX_Throughput,10560,0
27.7512,3926,Vehicle,TX_ObjectCount,2,0
27.7527,8859,RSU,ChannelLoad,0.08224,0
27.7527,8859,RSU,ChannelLoad,0.08224,0
27.7528,4818,RSU,ChannelLoad,0.07696,0
27.7528,4818,RSU,ChannelLoad,0.07696,0
27.7531,5958,Vehicle,ChannelLoad,0.14472,0
27.7531,5958,Vehicle,ChannelLoad,0.14472,0
27.7531,5958,Vehicle,TX_Throughput,7760,0
27.7531,5958,Vehicle,TX_ObjectCount,1,0
27.7548,2211,RSU,TX_Throughput,22080,0
27.7548,2211,RSU,TX_ObjectCount,7,0
27.7561,4818,RSU,TX_Throughput,22080,0
27.7561,4818,RSU,TX_ObjectCount,7,0
27.7561,6932,RSU,ChannelLoad,0.0876,0
27.7561,6932,RSU,ChannelLoad,0.0876,0
27.7582,2805,Vehicle,ChannelLoad,0.05192,0
27.7582,2805,Vehicle,ChannelLoad,0.05192,0
27.7582,2805,Vehicle,TX_Throughput,13360,0
27.7582,2805,Vehicle,TX_ObjectCount,3,0
27.7586,7006,Vehicle,ChannelLoad,0.06328,0
27.7586,7006,Vehicle,ChannelLoad,0.06328,0
27.7586,7006,Vehicle,TX_Throughput,7760,0
27.7586,7006,Vehicle,TX_ObjectCount,1,0
27.759,1094,Vehicle,ChannelLoad,0.03912,0
27.759,1094,Vehicle,ChannelLoad,0.03912,0
27.759,1094,Vehicle,TX_Throughput,10560,0
27.759,1094,Vehicle,TX_ObjectCount,2,0
27.7594,2878,Vehicle,ChannelLoad,0.05496,0
27.7594,2878,Vehicle,ChannelLoad,0.05496,0
27.7594,2878,Vehicle,TX_Throughput,16160,0
27.7594,2878,Vehicle,TX_ObjectCount,4,0
27.7609,3328,RSU,TX_Throughput,22080,0
27.7609,3328,RSU,TX_ObjectCount,7,0
27.7613,1167,Vehicle,ChannelLoad,0.08816,0
27.7613,1167,Vehicle,ChannelLoad,0.08816,0
27.7613,1167,Vehicle,TX_Throughput,7760,0
27.7613,1167,Vehicle,TX_ObjectCount,1,0
27.7615,4001,Vehicle,ChannelLoad,0.07728,0
27.7615,4001,Vehicle,ChannelLoad,0.07728,0
27.7615,4001,Vehicle,TX_Throughput,13360,0
27.7615,4001,Vehicle,TX_ObjectCount,3,0
27.762,6634,RSU,TX_Throughput,19280,0
27.762,6634,RSU,TX_ObjectCount,6,0
27.7622,8937,RSU,ChannelLoad,0.09856,0
27.7622,8937,RSU,ChannelLoad,0.09856,0
27.7623,3850,RSU,TX_Throughput,8080,0
27.7623,3850,RSU,TX_ObjectCount,2,0
27.7637,9011,Vehicle,ChannelLoad,0.07432,0
27.7637,9011,Vehicle,ChannelLoad,0.07432,0
27.7637,9011,Vehicle,TX_Throughput,21760,0
27.7637,9011,Vehicle,TX_ObjectCount,6,0
27.7637,2953,Vehicle,ChannelLoad,0.08016,0
27.7637,2953,Vehicle,ChannelLoad,0.08016,0
27.7637,2953,Vehicle,TX_Throughput,21760,0
27.7637,2953,Vehicle,TX_ObjectCount,6,0
27.7643,8192,RSU,TX_Throughput,19280,0
27.7643,8192,RSU,TX_ObjectCount,6,0
27.7647,1984,RSU,ChannelLoad,0.05152,0
27.7647,1984,RSU,ChannelLoad,0.05152,0
27.7649,1240,RSU,ChannelLoad,0.06112,0
27.7649,1240,RSU,ChannelLoad,0.06112,0
27.7651,7969,Vehicle,ChannelLoad,0.04952,0
27.7651,7969,Vehicle,ChannelLoad,0.04952,0
27.7651,7969,Vehicle,TX_Throughput,4560,0
27.7651,7969,Vehicle,TX_ObjectCount,0,0
27.7654,2058,Vehicle,ChannelLoad,0.05848,0
27.7654,2058,Vehicle,ChannelLoad,0.05848,0
27.7654,2058,Vehicle,TX_Throughput,10560,0
27.7654,2058,Vehicle,TX_ObjectCount,2,0
27.7663,4074,Vehicle,ChannelLoad,0.06528,0
27.7663,4074,Vehicle,ChannelLoad,0.06528,0
27.7663,4074,Vehicle,TX_Throughput,10560,0
27.7663,4074,Vehicle,TX_ObjectCount,2,0
27.7674,6037,Vehicle,ChannelLoad,0.05656,0
27.7674,6037,Vehicle,ChannelLoad,0.05656,0
27.7674,6037,Vehicle,TX_Throughput,10560,0
27.7674,6037,Vehicle,TX_ObjectCount,2,0
27.7687,4147,Vehicle,ChannelLoad,0.11024,0
27.7687,4147,Vehicle,ChannelLoad,0.11024,0
27.7687,4147,Vehicle,TX_Throughput,7760,0
27.7687,4147,Vehicle,TX_ObjectCount,1,0
27.7696,4900,RSU,ChannelLoad,0.11144,0
27.7696,4900,RSU,ChannelLoad,0.11144,0
27.7698,3030,RSU,ChannelLoad,0.09096,0
27.7698,3030,RSU,ChannelLoad,0.09096,0
27.77,2131,RSU,ChannelLoad,0.13688,0
27.77,2131,RSU,ChannelLoad,0.13688,0
27.7701,8044,Vehicle,ChannelLoad,0.06848,0
27.7701,8044,Vehicle,ChannelLoad,0.06848,0
27.7701,8044,Vehicle,TX_Throughput,7760,0
27.7701,8044,Vehicle,TX_ObjectCount,1,0
27.7702,4974,Vehicle,ChannelLoad,0.06864,0
27.7702,4974,Vehicle,ChannelLoad,0.06864,0
27.7702,4974,Vehicle,TX_Throughput,27360,0
27.7702,4974,Vehicle,TX_ObjectCount,8,0
27.7706,6110,Vehicle,ChannelLoad,0.06352,0
27.7706,6110,Vehicle,ChannelLoad,0.06352,0
27.7706,6110,Vehicle,TX_Throughput,13360,0
27.7706,6110,Vehicle,TX_ObjectCount,3,0
27.7709,1314,Vehicle,ChannelLoad,0.07128,0
27.7709,1314,Vehicle,ChannelLoad,0.07128,0
27.7709,1314,Vehicle,TX_Throughput,10560,0
27.7709,1314,Vehicle,TX_ObjectCount,2,0
27.771,270,Vehicle,ChannelLoad,0.06536,0
27.771,270,Vehicle,ChannelLoad,0.06536,0
27.771,270,Vehicle,TX_Throughput,21760,0
27.771,270,Vehicle,TX_ObjectCount,6,0
27.7719,9086,Vehicle,ChannelLoad,0.06104,0
27.7719,9086,Vehicle,ChannelLoad,0.06104,0
27.7719,9086,Vehicle,TX_Throughput,10560,0
27.7719,9086,Vehicle,TX_ObjectCount,2,0
27.7723,5047,RSU,ChannelLoad,0.12864,0
27.7723,5047,RSU,ChannelLoad,0.12864,0
27.7731,1759,RSU,TX_Throughput,24880,0
27.7731,1759,RSU,TX_ObjectCount,8,0
27.7736,4222,Vehicle,ChannelLoad,0.05912,0
27.7736,4222,Vehicle,ChannelLoad,0.05912,0
27.7736,4222,Vehicle,TX_Throughput,10560,0
27.7736,4222,Vehicle,TX_ObjectCount,2,0
27.7744,3552,RSU,TX_Throughput,22080,0
27.7744,3552,RSU,TX_ObjectCount,7,0
27.7762,5123,RSU,ChannelLoad,0.0948,0
27.7762,5123,RSU,ChannelLoad,0.0948,0
27.7774,8937,RSU,TX_Throughput,19280,0
27.7774,8937,RSU,TX_ObjectCount,6,0
27.7777,4297,Vehicle,ChannelLoad,0.07592,0
27.7777,4297,Vehicle,ChannelLoad,0.07592,0
27.7777,4297,Vehicle,TX_Throughput,7760,0
27.7777,4297,Vehicle,TX_ObjectCount,1,0
27.7778,6187,RSU,ChannelLoad,0.142,0
27.7778,6187,RSU,ChannelLoad,0.142,0
27.7782,8117,Vehicle,ChannelLoad,0.07456,0
27.7782,8117,Vehicle,ChannelLoad,0.07456,0
27.7782,8117,Vehicle,TX_Throughput,10560,0
27.7782,8117,Vehicle,TX_ObjectCount,2,0
27.7783,7083,Vehicle,ChannelLoad,0.06072,0
27.7783,7083,Vehicle,ChannelLoad,0.06072,0
27.7783,7083,Vehicle,TX_Throughput,7760,0
27.7783,7083,Vehicle,TX_ObjectCount,1,0
27.7786,9163,Vehicle,ChannelLoad,0.06656,0
27.7786,9163,Vehicle,ChannelLoad,0.06656,0
27.7786,9163,Vehicle,TX_Throughput,13360,0
27.7786,9163,Vehicle,TX_ObjectCount,3,0
27.7791,3030,RSU,TX_Throughput,16480,0
27.7791,3030,RSU,TX_ObjectCount,5,0
27.7796,9236,Vehicle,ChannelLoad,0.07208,0
27.7796,9236,Vehicle,ChannelLoad,0.07208,0
27.7796,9236,Vehicle,TX_Throughput,13360,0
27.7796,9236,Vehicle,TX_ObjectCount,3,0
27.7799,1906,RSU,TX_Throughput,19280,0
27.7799,1906,RSU,TX_ObjectCount,6,0
27.78,4370,Vehicle,ChannelLoad,0.07552,0
27.78,4370,Vehicle,ChannelLoad,0.07552,0
27.78,4370,Vehicle,TX_Throughput,10560,0
27.78,4370,Vehicle,TX_ObjectCount,2,0
27.7801,6263,RSU,ChannelLoad,0.06664,0
27.7801,6263,RSU,ChannelLoad,0.06664,0
27.7805,7156,Vehicle,ChannelLoad,0.07112,0
27.7805,7156,Vehicle,ChannelLoad,0.07112,0
27.7805,7156,Vehicle,TX_Throughput,13360,0
27.7805,7156,Vehicle,TX_ObjectCount,3,0
27.7814,1387,RSU,TX_Throughput,27680,0
27.7814,1387,RSU,TX_ObjectCount,9,0
27.7816,1240,RSU,TX_Throughput,13680,0
27.7816,1240,RSU,TX_ObjectCount,4,0
27.7817,1018,RSU,TX_Throughput,38880,0
27.7817,1018,RSU,TX_ObjectCount,13,0
27.7819,5197,Vehicle,ChannelLoad,0.11336,0
27.7819,5197,Vehicle,ChannelLoad,0.11336,0
27.7819,5197,Vehicle,TX_Throughput,13360,0
27.7819,5197,Vehicle,TX_ObjectCount,3,0
27.782,5270,Vehicle,ChannelLoad,0.06624,0
27.782,5270,Vehicle,ChannelLoad,0.06624,0
27.782,5270,Vehicle,TX_Throughput,7760,0
27.782,5270,Vehicle,TX_ObjectCount,1,0
27.7831,343,Vehicle,ChannelLoad,0.0608,0
27.7831,343,Vehicle,ChannelLoad,0.0608,0
27.7831,343,Vehicle,TX_Throughput,13360,0
27.7831,343,Vehicle,TX_ObjectCount,3,0
27.7832,1387,RSU,ChannelLoad,0.09648,0
27.7832,1387,RSU,ChannelLoad,0.09648,0
27.7838,8859,RSU,TX_Throughput,22080,0
27.7838,8859,RSU,TX_ObjectCount,7,0
27.7855,6187,RSU,TX_Throughput,19280,0
27.7855,6187,RSU,TX_ObjectCount,6,0
27.7865,3108,Vehicle,ChannelLoad,0.08632,0
27.7865,3108,Vehicle,ChannelLoad,0.08632,0
27.7865,3108,Vehicle,TX_Throughput,4560,0
27.7865,3108,Vehicle,TX_ObjectCount,0,0
27.7865,5343,RSU,ChannelLoad,0.11272,0
27.7865,5343,RSU,ChannelLoad,0.11272,0
27.7871,416,Vehicle,ChannelLoad,0.0752,0
27.7871,416,Vehicle,ChannelLoad,0.0752,0
27.7871,416,Vehicle,TX_Throughput,13360,0
27.7871,416,Vehicle,TX_ObjectCount,3,0
27.7883,5123,RSU,TX_Throughput,16480,0
27.7883,5123,RSU,TX_ObjectCount,5,0
27.7884,9309,Vehicle,ChannelLoad,0.09904,0
27.7884,9309,Vehicle,ChannelLoad,0.09904,0
27.7884,9309,Vehicle,TX_Throughput,13360,0
27.7884,9309,Vehicle,TX_ObjectCount,3,0
27.7885,2211,RSU,ChannelLoad,0.09112,0
27.7885,2211,RSU,ChannelLoad,0.09112,0
27.7894,2285,RSU,ChannelLoad,0.07896,0
27.7894,2285,RSU,ChannelLoad,0.07896,0
27.7916,8192,RSU,ChannelLoad,0.068,0
27.7916,8192,RSU,ChannelLoad,0.068,0
27.7917,7229,Vehicle,ChannelLoad,0.06176,0
27.7917,7229,Vehicle,ChannelLoad,0.06176,0
27.7917,7229,Vehicle,TX_Throughput,10560,0
27.7917,7229,Vehicle,TX_ObjectCount,2,0
27.792,5417,RSU,ChannelLoad,0.102,0
27.792,5417,RSU,ChannelLoad,0.102,0
27.7925,6341,Vehicle,ChannelLoad,0.05864,0
27.7925,6341,Vehicle,ChannelLoad,0.05864,0
27.7925,6341,Vehicle,TX_Throughput,16160,0
27.7925,6341,Vehicle,TX_ObjectCount,4,0
27.7928,3181,Vehicle,ChannelLoad,0.08976,0
27.7928,3181,Vehicle,ChannelLoad,0.08976,0
27.7928,3181,Vehicle,TX_Throughput,10560,0
27.7928,3181,Vehicle,TX_ObjectCount,2,0
27.7928,5872,RSU,TX_Throughput,13680,0
27.7928,5872,RSU,TX_ObjectCount,4,0
27.7939,489,Vehicle,ChannelLoad,0.05128,0
27.7939,489,Vehicle,ChannelLoad,0.05128,0
27.7939,489,Vehicle,TX_Throughput,7760,0
27.7939,489,Vehicle,TX_ObjectCount,1,0
27.7955,5047,RSU,TX_Throughput,33280,0
27.7955,5047,RSU,TX_ObjectCount,11,0
27.796,8268,RSU,ChannelLoad,0.09304,0
27.796,8268,RSU,ChannelLoad,0.09304,0
27.7961,3254,RSU,ChannelLoad,0.11608,0
27.7961,3254,RSU,ChannelLoad,0.11608,0
27.7961,562,Vehicle,ChannelLoad,0.03456,0
27.7961,562,Vehicle,ChannelLoad,0.03456,0
27.7961,562,Vehicle,TX_Throughput,10560,0
27.7961,562,Vehicle,TX_ObjectCount,2,0
27.7961,2359,Vehicle,ChannelLoad,0.0604,0
27.7961,2359,Vehicle,ChannelLoad,0.0604,0
27.7961,2359,Vehicle,TX_Throughput,13360,0
27.7961,2359,Vehicle,TX_ObjectCount,3,0
27.7966,1463,Vehicle,ChannelLoad,0.05712,0
27.7966,1463,Vehicle,ChannelLoad,0.05712,0
27.7966,1463,Vehicle,TX_Throughput,13360,0
27.7966,1463,Vehicle,TX_ObjectCount,3,0
27.7975,2432,Vehicle,ChannelLoad,0.03248,0
27.7975,2432,Vehicle,ChannelLoad,0.03248,0
27.7975,2432,Vehicle,TX_Throughput,4560,0
27.7975,2432,Vehicle,TX_ObjectCount,0,0
27.7976,6414,Vehicle,ChannelLoad,0.06424,0
27.7976,6414,Vehicle,ChannelLoad,0.06424,0
27.7976,6414,Vehicle,TX_Throughput,7760,0
27.7976,6414,Vehicle,TX_ObjectCount,1,0
27.7978,3328,RSU,ChannelLoad,0.05584,0
27.7978,3328,RSU,ChannelLoad,0.05584,0
27.7992,7302,Vehicle,ChannelLoad,0.0548,0
27.7992,7302,Vehicle,ChannelLoad,0.0548,0
27.7992,7302,Vehicle,TX_Throughput,10560,0
27.7992,7302,Vehicle,TX_ObjectCount,2,0
27.8004,7523,RSU,TX_Throughput,36080,0
27.8004,7523,RSU,TX_ObjectCount,12,0
27.8009,7375,Vehicle,ChannelLoad,0.04488,0
27.8009,7375,Vehicle,ChannelLoad,0.04488,0
27.8009,7375,Vehicle,TX_Throughput,4560,0
27.8009,7375,Vehicle,TX_ObjectCount,0,0
27.802,639,Vehicle,ChannelLoad,0.07224,0
27.802,639,Vehicle,ChannelLoad,0.07224,0
27.802,639,Vehicle,TX_Throughput,7760,0
27.802,639,Vehicle,TX_ObjectCount,1,0
27.8023,8342,Vehicle,ChannelLoad,0.08224,0
27.8023,8342,Vehicle,ChannelLoad,0.08224,0
27.8023,8342,Vehicle,TX_Throughput,10560,0
27.8023,8342,Vehicle,TX_ObjectCount,2,0
27.8037,6487,RSU,ChannelLoad,0.09424,0
27.8037,6487,RSU,ChannelLoad,0.09424,0
27.8045,7745,RSU,TX_Throughput,22080,0
27.8045,7745,RSU,TX_ObjectCount,7,0
27.8047,29,RSU,ChannelLoad,0.10688,0
27.8047,29,RSU,ChannelLoad,0.10688,0
27.8048,5495,Vehicle,ChannelLoad,0.08112,0
27.8048,5495,Vehicle,ChannelLoad,0.08112,0
27.8048,5495,Vehicle,TX_Throughput,10560,0
27.8048,5495,Vehicle,TX_ObjectCount,2,0
27.8052,5417,RSU,TX_Throughput,33280,0
27.8052,5417,RSU,TX_ObjectCount,11,0
27.8059,712,Vehicle,ChannelLoad,0.11032,0
27.8059,712,Vehicle,ChannelLoad,0.11032,0
27.8059,712,Vehicle,TX_Throughput,7760,0
27.8059,712,Vehicle,TX_ObjectCount,1,0
27.8078,5568,Vehicle,ChannelLoad,0.08048,0
27.8078,5568,Vehicle,ChannelLoad,0.08048,0
27.8078,5568,Vehicle,TX_Throughput,21760,0
27.8078,5568,Vehicle,TX_ObjectCount,6,0
27.8089,6932,RSU,TX_Throughput,10880,0
27.8089,6932,RSU,TX_ObjectCount,3,0
27.809,4445,Vehicle,ChannelLoad,0.08952,0
27.809,4445,Vehicle,ChannelLoad,0.08952,0
27.809,4445,Vehicle,TX_Throughput,18960,0
27.809,4445,Vehicle,TX_ObjectCount,5,0
27.8103,5343,RSU,TX_Throughput,33280,0
27.8103,5343,RSU,TX_ObjectCount,11,0
27.8104,1538,Vehicle,ChannelLoad,0.03448,0
27.8104,1538,Vehicle,ChannelLoad,0.03448,0
27.8104,1538,Vehicle,TX_Throughput,10560,0
27.8104,1538,Vehicle,TX_ObjectCount,2,0
27.8121,5641,Vehicle,ChannelLoad,0.0464,0
27.8121,5641,Vehicle,ChannelLoad,0.0464,0
27.8121,5641,Vehicle,TX_Throughput,10560,0
27.8121,5641,Vehicle,TX_ObjectCount,2,0
27.8123,2285,RSU,TX_Throughput,24880,0
27.8123,2285,RSU,TX_ObjectCount,8,0
27.8131,5714,Vehicle,ChannelLoad,0.058,0
27.8131,5714,Vehicle,ChannelLoad,0.058,0
27.8131,5714,Vehicle,TX_Throughput,7760,0
27.8131,5714,Vehicle,TX_ObjectCount,1,0
27.8144,3404,Vehicle,ChannelLoad,0.12168,0
27.8144,3404,Vehicle,ChannelLoad,0.12168,0
27.8144,3404,Vehicle,TX_Throughput,10560,0
27.8144,3404,Vehicle,TX_ObjectCount,2,0
27.8151,6487,RSU,TX_Throughput,22080,0
27.8151,6487,RSU,TX_ObjectCount,7,0
27.8152,6561,Vehicle,ChannelLoad,0.07632,0
27.8152,6561,Vehicle,ChannelLoad,0.07632,0
27.8152,6561,Vehicle,TX_Throughput,10560,0
27.8152,6561,Vehicle,TX_ObjectCount,2,0
27.8163,6634,RSU,ChannelLoad,0.05864,0
27.8163,6634,RSU,ChannelLoad,0.05864,0
27.8166,1611,Vehicle,ChannelLoad,0.04664,0
27.8166,1611,Vehicle,ChannelLoad,0.04664,0
27.8166,1611,Vehicle,TX_Throughput,7760,0
27.8166,1611,Vehicle,TX_ObjectCount,1,0
27.8166,182,RSU,TX_Throughput,24880,0
27.8166,182,RSU,TX_ObjectCount,8,0
27.8167,8417,Vehicle,ChannelLoad,0.06352,0
27.8167,8417,Vehicle,ChannelLoad,0.06352,0
27.8167,8417,Vehicle,TX_Throughput,4560,0
27.8167,8417,Vehicle,TX_ObjectCount,0,0
27.8168,1684,Vehicle,ChannelLoad,0.07168,0
27.8168,1684,Vehicle,ChannelLoad,0.07168,0
27.8168,1684,Vehicle,TX_Throughput,7760,0
27.8168,1684,Vehicle,TX_ObjectCount,1,0
27.8172,2507,Vehicle,ChannelLoad,0.05544,0
27.8172,2507,Vehicle,ChannelLoad,0.05544,0
27.8172,2507,Vehicle,TX_Throughput,13360,0
27.8172,2507,Vehicle,TX_ObjectCount,3,0
27.818,8268,RSU,TX_Throughput,27680,0
27.818,8268,RSU,TX_ObjectCount,9,0
27.8182,8490,Vehicle,ChannelLoad,0.09112,0
27.8182,8490,Vehicle,ChannelLoad,0.09112,0
27.8182,8490,Vehicle,TX_Throughput,7760,0
27.8182,8490,Vehicle,TX_ObjectCount,1,0
27.8183,787,Vehicle,ChannelLoad,0.06272,0
27.8183,787,Vehicle,ChannelLoad,0.06272,0
27.8183,787,Vehicle,TX_Throughput,4560,0
27.8183,787,Vehicle,TX_ObjectCount,0,0
27.8186,2582,Vehicle,ChannelLoad,0.07112,0
27.8186,2582,Vehicle,ChannelLoad,0.07112,0
27.8186,2582,Vehicle,TX_Throughput,7760,0
27.8186,2582,Vehicle,TX_ObjectCount,1,0
27.8188,107,Vehicle,ChannelLoad,0.07696,0
27.8188,107,Vehicle,ChannelLoad,0.07696,0
27.8188,107,Vehicle,TX_Throughput,10560,0
27.8188,107,Vehicle,TX_ObjectCount,2,0
27.8201,182,RSU,ChannelLoad,0.09976,0
27.8201,182,RSU,ChannelLoad,0.09976,0
27.8206,6708,Vehicle,ChannelLoad,0.12272,0
27.8206,6708,Vehicle,ChannelLoad,0.12272,0
27.8206,6708,Vehicle,TX_Throughput,10560,0
27.8206,6708,Vehicle,TX_ObjectCount,2,0
27.821,7450,Vehicle,ChannelLoad,0.0804,0
27.821,7450,Vehicle,ChannelLoad,0.0804,0
27.821,7450,Vehicle,TX_Throughput,16160,0
27.821,7450,Vehicle,TX_ObjectCount,4,0
27.8218,4522,Vehicle,ChannelLoad,0.08664,0
27.8218,4522,Vehicle,ChannelLoad,0.08664,0
27.8218,4522,Vehicle,TX_Throughput,13360,0
27.8218,4522,Vehicle,TX_ObjectCount,3,0
27.8231,1759,RSU,ChannelLoad,0.06096,0
27.8231,1759,RSU,ChannelLoad,0.06096,0
27.8237,3479,Vehicle,ChannelLoad,0.08464,0
27.8237,3479,Vehicle,ChannelLoad,0.08464,0
27.8237,3479,Vehicle,TX_Throughput,16160,0
27.8237,3479,Vehicle,TX_ObjectCount,4,0
27.8256,8636,Vehicle,ChannelLoad,0.0916,0
27.8256,8636,Vehicle,ChannelLoad,0.0916,0
27.8256,8636,Vehicle,TX_Throughput,10560,0
27.8256,8636,Vehicle,TX_ObjectCount,2,0
27.8275,6263,RSU,TX_Throughput,22080,0
27.8275,6263,RSU,TX_ObjectCount,7,0
27.8289,4597,Vehicle,ChannelLoad,0.1312,0
27.8289,4597,Vehicle,ChannelLoad,0.1312,0
27.8289,4597,Vehicle,TX_Throughput,4560,0
27.8289,4597,Vehicle,TX_ObjectCount,0,0
27.8289,7523,RSU,ChannelLoad,0.1136,0
27.8289,7523,RSU,ChannelLoad,0.1136,0
27.8299,3254,RSU,TX_Throughput,27680,0
27.8299,3254,RSU,TX_ObjectCount,9,0
27.8318,866,Vehicle,ChannelLoad,0.07072,0
27.8318,866,Vehicle,ChannelLoad,0.07072,0
27.8318,866,Vehicle,TX_Throughput,7760,0
27.8318,866,Vehicle,TX_ObjectCount,1,0
27.8328,1984,RSU,TX_Throughput,24880,0
27.8328,1984,RSU,TX_ObjectCount,8,0
27.8332,3776,RSU,TX_Throughput,19280,0
27.8332,3776,RSU,TX_ObjectCount,6,0
27.8333,3552,RSU,ChannelLoad,0.09864,0
27.8333,3552,RSU,ChannelLoad,0.09864,0
27.8343,5797,Vehicle,ChannelLoad,0.07424,0
27.8343,5797,Vehicle,ChannelLoad,0.07424,0
27.8343,5797,Vehicle,TX_Throughput,7760,0
27.8343,5797,Vehicle,TX_ObjectCount,1,0
27.8344,29,RSU,TX_Throughput,30480,0
27.8344,29,RSU,TX_ObjectCount,10,0
27.8352,6781,RSU,ChannelLoad,0.0752,0
27.8352,6781,RSU,ChannelLoad,0.0752,0
27.837,3626,Vehicle,ChannelLoad,0.0652,0
27.837,3626,Vehicle,ChannelLoad,0.0652,0
27.837,3626,Vehicle,TX_Throughput,18960,0
27.837,3626,Vehicle,TX_ObjectCount,5,0
27.8374,2659,Vehicle,ChannelLoad,0.0704,0
27.8374,2659,Vehicle,ChannelLoad,0.0704,0
27.8374,2659,Vehicle,TX_Throughput,16160,0
27.8374,2659,Vehicle,TX_ObjectCount,4,0
27.8376,3699,Vehicle,ChannelLoad,0.03688,0
27.8376,3699,Vehicle,ChannelLoad,0.03688,0
27.8376,3699,Vehicle,TX_Throughput,4560,0
27.8376,3699,Vehicle,TX_ObjectCount,0,0
27.8379,7672,Vehicle,ChannelLoad,0.03552,0
27.8379,7672,Vehicle,ChannelLoad,0.03552,0
27.8379,7672,Vehicle,TX_Throughput,4560,0
27.8379,7672,Vehicle,TX_ObjectCount,0,0
27.838,2732,Vehicle,ChannelLoad,0.03408,0
27.838,2732,Vehicle,ChannelLoad,0.03408,0
27.838,2732,Vehicle,TX_Throughput,7760,0
27.838,2732,Vehicle,TX_ObjectCount,1,0
27.8389,5872,RSU,ChannelLoad,0.08992,0
27.8389,5872,RSU,ChannelLoad,0.08992,0
27.8396,2131,RSU,TX_Throughput,33280,0
27.8396,2131,RSU,TX_ObjectCount,11,0
27.8404,943,Vehicle,ChannelLoad,0.05904,0
27.8404,943,Vehicle,ChannelLoad,0.05904,0
27.8404,943,Vehicle,TX_Throughput,16160,0
27.8404,943,Vehicle,TX_ObjectCount,4,0
27.8414,7745,RSU,ChannelLoad,0.06832,0
27.8414,7745,RSU,ChannelLoad,0.06832,0
27.8423,7819,Vehicle,ChannelLoad,0.05232,0
27.8423,7819,Vehicle,ChannelLoad,0.05232,0
27.8423,7819,Vehicle,TX_Throughput,7760,0
27.8423,7819,Vehicle,TX_ObjectCount,1,0
27.8434,4900,RSU,TX_Throughput,30480,0
27.8434,4900,RSU,TX_ObjectCount,10,0
27.8437,8711,Vehicle,ChannelLoad,0.06008,0
27.8437,8711,Vehicle,ChannelLoad,0.06008,0
27.8437,8711,Vehicle,TX_Throughput,10560,0
27.8437,8711,Vehicle,TX_ObjectCount,2,0
27.8444,1833,Vehicle,ChannelLoad,0.08696,0
27.8444,1833,Vehicle,ChannelLoad,0.08696,0
27.8444,1833,Vehicle,TX_Throughput,21760,0
27.8444,1833,Vehicle,TX_ObjectCount,6,0
27.8449,4672,Vehicle,ChannelLoad,0.07776,0
27.8449,4672,Vehicle,ChannelLoad,0.07776,0
27.8449,4672,Vehicle,TX_Throughput,7760,0
27.8449,4672,Vehicle,TX_ObjectCount,1,0
27.8462,6781,RSU,TX_Throughput,36080,0
27.8462,6781,RSU,TX_ObjectCount,12,0
27.8464,1018,RSU,ChannelLoad,0.10752,0
27.8464,1018,RSU,ChannelLoad,0.10752,0
27.8471,3776,RSU,ChannelLoad,0.08128,0
27.8471,3776,RSU,ChannelLoad,0.08128,0
27.8488,1906,RSU,ChannelLoad,0.12432,0
27.8488,1906,RSU,ChannelLoad,0.12432,0
27.8488,4745,Vehicle,ChannelLoad,0.0724,0
27.8488,4745,Vehicle,ChannelLoad,0.0724,0
27.8488,4745,Vehicle,TX_Throughput,7760,0
27.8488,4745,Vehicle,TX_ObjectCount,1,0
27.8492,3850,RSU,ChannelLoad,0.05408,0
27.8492,3850,RSU,ChannelLoad,0.05408,0
27.8496,8786,Vehicle,ChannelLoad,0.08128,0
27.8496,8786,Vehicle,ChannelLoad,0.08128,0
27.8496,8786,Vehicle,TX_Throughput,4560,0
27.8496,8786,Vehicle,TX_ObjectCount,0,0
27.8507,6859,Vehicle,ChannelLoad,0.04648,0
27.8507,6859,Vehicle,ChannelLoad,0.04648,0
27.8507,6859,Vehicle,TX_Throughput,13360,0
27.8507,6859,Vehicle,TX_ObjectCount,3,0
27.8512,3926,Vehicle,ChannelLoad,0.02872,0
27.8512,3926,Vehicle,ChannelLoad,0.02872,0
27.8512,3926,Vehicle,TX_Throughput,10560,0
27.8512,3926,Vehicle,TX_ObjectCount,2,0
27.8527,8859,RSU,ChannelLoad,0.0936,0
27.8527,8859,RSU,ChannelLoad,0.0936,0
27.8528,4818,RSU,ChannelLoad,0.0776,0
27.8528,4818,RSU,ChannelLoad,0.0776,0
27.8531,5958,Vehicle,ChannelLoad,0.15072,0
27.8531,5958,Vehicle,ChannelLoad,0.15072,0
27.8531,5958,Vehicle,TX_Throughput,7760,0
27.8531,5958,Vehicle,TX_ObjectCount,1,0
27.8548,2211,RSU,TX_Throughput,22080,0
27.8548,2211,RSU,TX_ObjectCount,7,0
27.8561,4818,RSU,TX_Throughput,22080,0
27.8561,4818,RSU,TX_ObjectCount,7,0
27.8561,6932,RSU,ChannelLoad,0.08432,0
27.8561,6932,RSU,ChannelLoad,0.08432,0
27.8582,2805,Vehicle,ChannelLoad,0.05136,0
27.8582,2805,Vehicle,ChannelLoad,0.05136,0
27.8582,2805,Vehicle,TX_Throughput,13360,0
27.8582,2805,Vehicle,TX_ObjectCount,3,0
27.8586,7006,Vehicle,ChannelLoad,0.0608,0
27.8586,7006,Vehicle,ChannelLoad,0.0608,0
27.8586,7006,Vehicle,TX_Throughput,7760,0
27.8586,7006,Vehicle,TX_ObjectCount,1,0
27.859,1094,Vehicle,ChannelLoad,0.04008,0
27.859,1094,Vehicle,ChannelLoad,0.04008,0
27.859,1094,Vehicle,TX_Throughput,10560,0
27.859,1094,Vehicle,TX_ObjectCount,2,0
27.8594,2878,Vehicle,ChannelLoad,0.06424,0
27.8594,2878,Vehicle,ChannelLoad,0.06424,0
27.8594,2878,Vehicle,TX_Throughput,16160,0
27.8594,2878,Vehicle,TX_ObjectCount,4,0
27.8609,3328,RSU,TX_Throughput,22080,0
27.8609,3328,RSU,TX_ObjectCount,7,0
27.8613,1167,Vehicle,ChannelLoad,0.1072,0
27.8613,1167,Vehicle,ChannelLoad,0.1072,0
27.8613,1167,Vehicle,TX_Throughput,7760,0
27.8613,1167,Vehicle,TX_ObjectCount,1,0
27.8615,4001,Vehicle,ChannelLoad,0.08664,0
27.8615,4001,Vehicle,ChannelLoad,0.08664,0
27.8615,4001,Vehicle,TX_Throughput,13360,0
27.8615,4001,Vehicle,TX_ObjectCount,3,0
27.862,6634,RSU,TX_Throughput,19280,0
27.862,6634,RSU,TX_ObjectCount,6,0
27.8622,8937,RSU,ChannelLoad,0.12024,0
27.8622,8937,RSU,ChannelLoad,0.12024,0
27.8623,3850,RSU,TX_Throughput,8080,0
27.8623,3850,RSU,TX_ObjectCount,2,0
27.8637,9011,Vehicle,ChannelLoad,0.0688,0
27.8637,9011,Vehicle,ChannelLoad,0.0688,0
27.8637,9011,Vehicle,TX_Throughput,21760,0
27.8637,9011,Vehicle,TX_ObjectCount,6,0
27.8637,2953,Vehicle,ChannelLoad,0.07,0
27.8637,2953,Vehicle,ChannelLoad,0.07,0
27.8637,2953,Vehicle,TX_Throughput,21760,0
27.8637,2953,Vehicle,TX_ObjectCount,6,0
27.8643,8192,RSU,TX_Throughput,19280,0
27.8643,8192,RSU,TX_ObjectCount,6,0
27.8647,1984,RSU,ChannelLoad,0.06624,0
27.8647,1984,RSU,ChannelLoad,0.06624,0
27.8649,1240,RSU,ChannelLoad,0.05704,0
27.8649,1240,RSU,ChannelLoad,0.05704,0
27.8651,7969,Vehicle,ChannelLoad,0.05752,0
27.8651,7969,Vehicle,ChannelLoad,0.05752,0
27.8651,7969,Vehicle,TX_Throughput,4560,0
27.8651,7969,Vehicle,TX_ObjectCount,0,0
27.8654,2058,Vehicle,ChannelLoad,0.06104,0
27.8654,2058,Vehicle,ChannelLoad,0.06104,0
27.8654,2058,Vehicle,TX_Throughput,7760,0
27.8654,2058,Vehicle,TX_ObjectCount,1,0
27.8663,4074,Vehicle,ChannelLoad,0.06408,0
27.8663,4074,Vehicle,ChannelLoad,0.06408,0
27.8663,4074,Vehicle,TX_Throughput,10560,0
27.8663,4074,Vehicle,TX_ObjectCount,2,0
27.8674,6037,Vehicle,ChannelLoad,0.05888,0
27.8674,6037,Vehicle,ChannelLoad,0.05888,0
27.8674,6037,Vehicle,TX_Throughput,10560,0
27.8674,6037,Vehicle,TX_ObjectCount,2,0
27.8687,4147,Vehicle,ChannelLoad,0.1,0
27.8687,4147,Vehicle,ChannelLoad,0.1,0
27.8687,4147,Vehicle,TX_Throughput,7760,0
27.8687,4147,Vehicle,TX_ObjectCount,1,0
27.8696,4900,RSU,ChannelLoad,0.11536,0
27.8696,4900,RSU,ChannelLoad,0.11536,0
27.8698,3030,RSU,ChannelLoad,0.09288,0
27.8698,3030,RSU,ChannelLoad,0.09288,0
27.87,2131,RSU,ChannelLoad,0.15216,0
27.87,2131,RSU,ChannelLoad,0.15216,0
27.8701,8044,Vehicle,ChannelLoad,0.06816,0
27.8701,8044,Vehicle,ChannelLoad,0.06816,0
27.8701,8044,Vehicle,TX_Throughput,7760,0
27.8701,8044,Vehicle,TX_ObjectCount,1,0
27.8702,4974,Vehicle,ChannelLoad,0.07464,0
27.8702,4974,Vehicle,ChannelLoad,0.07464,0
27.8702,4974,Vehicle,TX_Throughput,27360,0
27.8702,4974,Vehicle,TX_ObjectCount,8,0
27.8706,6110,Vehicle,ChannelLoad,0.06616,0
27.8706,6110,Vehicle,ChannelLoad,0.06616,0
27.8706,6110,Vehicle,TX_Throughput,13360,0
27.8706,6110,Vehicle,TX_ObjectCount,3,0
27.8709,1314,Vehicle,ChannelLoad,0.07784,0
27.8709,1314,Vehicle,ChannelLoad,0.07784,0
27.8709,1314,Vehicle,TX_Throughput,10560,0
27.8709,1314,Vehicle,TX_ObjectCount,2,0
27.871,270,Vehicle,ChannelLoad,0.06016,0
27.871,270,Vehicle,ChannelLoad,0.06016,0
27.871,270,Vehicle,TX_Throughput,21760,0
27.871,270,Vehicle,TX_ObjectCount,6,0
27.8719,9086,Vehicle,ChannelLoad,0.06208,0
27.8719,9086,Vehicle,ChannelLoad,0.06208,0
27.8719,9086,Vehicle,TX_Throughput,10560,0
27.8719,9086,Vehicle,TX_ObjectCount,2,0
27.8723,5047,RSU,ChannelLoad,0.134,0
27.8723,5047,RSU,ChannelLoad,0.134,0
27.8731,1759,RSU,TX_Throughput,24880,0
27.8731,1759,RSU,TX_ObjectCount,8,0
27.8736,4222,Vehicle,ChannelLoad,0.0932,0
27.8736,4222,Vehicle,ChannelLoad,0.0932,0
27.8736,4222,Vehicle,TX_Throughput,10560,0
27.8736,4222,Vehicle,TX_ObjectCount,2,0
27.8744,3552,RSU,TX_Throughput,22080,0
27.8744,3552,RSU,TX_ObjectCount,7,0
27.8762,5123,RSU,ChannelLoad,0.0796,0
27.8762,5123,RSU,ChannelLoad,0.0796,0
27.8774,8937,RSU,TX_Throughput,19280,0
27.8774,8937,RSU,TX_ObjectCount,6,0
27.8777,4297,Vehicle,ChannelLoad,0.0952,0
27.8777,4297,Vehicle,ChannelLoad,0.0952,0
27.8777,4297,Vehicle,TX_Throughput,7760,0
27.8777,4297,Vehicle,TX_ObjectCount,1,0
27.8778,6187,RSU,ChannelLoad,0.14272,0
27.8778,6187,RSU,ChannelLoad,0.14272,0
27.8782,8117,Vehicle,ChannelLoad,0.10024,0
27.8782,8117,Vehicle,ChannelLoad,0.10024,0
27.8782,8117,Vehicle,TX_Throughput,13360,0
27.8782,8117,Vehicle,TX_ObjectCount,3,0
27.8783,7083,Vehicle,ChannelLoad,0.07736,0
27.8783,7083,Vehicle,ChannelLoad,0.07736,0
27.8783,7083,Vehicle,TX_Throughput,7760,0
27.8783,7083,Vehicle,TX_ObjectCount,1,0
27.8786,9163,Vehicle,ChannelLoad,0.07672,0
27.8786,9163,Vehicle,ChannelLoad,0.07672,0
27.8786,9163,Vehicle,TX_Throughput,18960,0
27.8786,9163,Vehicle,TX_ObjectCount,5,0
27.8791,3030,RSU,TX_Throughput,16480,0
27.8791,3030,RSU,TX_ObjectCount,5,0
27.8796,9236,Vehicle,ChannelLoad,0.0532,0
27.8796,9236,Vehicle,ChannelLoad,0.0532,0
27.8796,9236,Vehicle,TX_Throughput,13360,0
27.8796,9236,Vehicle,TX_ObjectCount,3,0
27.8799,1906,RSU,TX_Throughput,19280,0
27.8799,1906,RSU,TX_ObjectCount,6,0
27.88,4370,Vehicle,ChannelLoad,0.07872,0
27.88,4370,Vehicle,ChannelLoad,0.07872,0
27.88,4370,Vehicle,TX_Throughput,10560,0
27.88,4370,Vehicle,TX_ObjectCount,2,0
27.8801,6263,RSU,ChannelLoad,0.07584,0
27.8801,6263,RSU,ChannelLoad,0.07584,0
27.8805,7156,Vehicle,ChannelLoad,0.05816,0
27.8805,7156,Vehicle,ChannelLoad,0.05816,0
27.8805,7156,Vehicle,TX_Throughput,13360,0
27.8805,7156,Vehicle,TX_ObjectCount,3,0
27.8814,1387,RSU,TX_Throughput,27680,0
27.8814,1387,RSU,TX_ObjectCount,9,0
27.8816,1240,RSU,TX_Throughput,13680,0
27.8816,1240,RSU,TX_ObjectCount,4,0
27.8817,1018,RSU,TX_Throughput,38880,0
27.8817,1018,RSU,TX_ObjectCount,13,0
27.8819,5197,Vehicle,ChannelLoad,0.13328,0
27.8819,5197,Vehicle,ChannelLoad,0.13328,0
27.8819,5197,Vehicle,TX_Throughput,13360,0
27.8819,5197,Vehicle,TX_ObjectCount,3,0
27.882,5270,Vehicle,ChannelLoad,0.0644,0
27.882,5270,Vehicle,ChannelLoad,0.0644,0
27.882,5270,Vehicle,TX_Throughput,7760,0
27.882,5270,Vehicle,TX_ObjectCount,1,0
27.8831,343,Vehicle,ChannelLoad,0.07112,0
27.8831,343,Vehicle,ChannelLoad,0.07112,0
27.8831,343,Vehicle,TX_Throughput,13360,0
27.8831,343,Vehicle,TX_ObjectCount,3,0
27.8832,1387,RSU,ChannelLoad,0.1156,0
27.8832,1387,RSU,ChannelLoad,0.1156,0
27.8838,8859,RSU,TX_Throughput,22080,0
27.8838,8859,RSU,TX_ObjectCount,7,0
27.8855,6187,RSU,TX_Throughput,22080,0
27.8855,6187,RSU,TX_ObjectCount,7,0
27.8865,3108,Vehicle,ChannelLoad,0.08736,0
27.8865,3108,Vehicle,ChannelLoad,0.08736,0
27.8865,3108,Vehicle,TX_Throughput,4560,0
27.8865,3108,Vehicle,TX_ObjectCount,0,0
27.8865,5343,RSU,ChannelLoad,0.10248,0
27.8865,5343,RSU,ChannelLoad,0.10248,0
27.8871,416,Vehicle,ChannelLoad,0.076,0
27.8871,416,Vehicle,ChannelLoad,0.076,0
27.8871,416,Vehicle,TX_Throughput,13360,0
27.8871,416,Vehicle,TX_ObjectCount,3,0
27.8883,5123,RSU,TX_Throughput,16480,0
27.8883,5123,RSU,TX_ObjectCount,5,0
27.8884,9309,Vehicle,ChannelLoad,0.10168,0
27.8884,9309,Vehicle,ChannelLoad,0.10168,0
27.8884,9309,Vehicle,TX_Throughput,13360,0
27.8884,9309,Vehicle,TX_ObjectCount,3,0
27.8885,2211,RSU,ChannelLoad,0.11112,0
27.8885,2211,RSU,ChannelLoad,0.11112,0
27.8894,2285,RSU,ChannelLoad,0.08816,0
27.8894,2285,RSU,ChannelLoad,0.08816,0
27.8916,8192,RSU,ChannelLoad,0.08856,0
27.8916,8192,RSU,ChannelLoad,0.08856,0
27.8917,7229,Vehicle,ChannelLoad,0.05584,0
27.8917,7229,Vehicle,ChannelLoad,0.05584,0
27.8917,7229,Vehicle,TX_Throughput,13360,0
27.8917,7229,Vehicle,TX_ObjectCount,3,0
27.892,5417,RSU,ChannelLoad,0.12256,0
27.892,5417,RSU,ChannelLoad,0.12256,0
27.8925,6341,Vehicle,ChannelLoad,0.066,0
27.8925,6341,Vehicle,ChannelLoad,0.066,0
27.8925,6341,Vehicle,TX_Throughput,16160,0
27.8925,6341,Vehicle,TX_ObjectCount,4,0
27.8928,3181,Vehicle,ChannelLoad,0.10784,0
27.8928,3181,Vehicle,ChannelLoad,0.10784,0
27.8928,3181,Vehicle,TX_Throughput,10560,0
27.8928,3181,Vehicle,TX_ObjectCount,2,0
27.8928,5872,RSU,TX_Throughput,13680,0
27.8928,5872,RSU,TX_ObjectCount,4,0
27.8939,489,Vehicle,ChannelLoad,0.04592,0
27.8939,489,Vehicle,ChannelLoad,0.04592,0
27.8939,489,Vehicle,TX_Throughput,7760,0
27.8939,489,Vehicle,TX_ObjectCount,1,0
27.8955,5047,RSU,TX_Throughput,33280,0
27.8955,5047,RSU,TX_ObjectCount,11,0
27.896,8268,RSU,ChannelLoad,0.09752,0
27.896,8268,RSU,ChannelLoad,0.09752,0
27.8961,3254,RSU,ChannelLoad,0.1236,0
27.8961,3254,RSU,ChannelLoad,0.1236,0
27.8961,562,Vehicle,ChannelLoad,0.03704,0
27.8961,562,Vehicle,ChannelLoad,0.03704,0
27.8961,562,Vehicle,TX_Throughput,10560,0
27.8961,562,Vehicle,TX_ObjectCount,2,0
27.8961,2359,Vehicle,ChannelLoad,0.06048,0
27.8961,2359,Vehicle,ChannelLoad,0.06048,0
27.8961,2359,Vehicle,TX_Throughput,13360,0
27.8961,2359,Vehicle,TX_ObjectCount,3,0
27.8966,1463,Vehicle,ChannelLoad,0.05112,0
27.8966,1463,Vehicle,ChannelLoad,0.05112,0
27.8966,1463,Vehicle,TX_Throughput,13360,0
27.8966,1463,Vehicle,TX_ObjectCount,3,0
27.8975,2432,Vehicle,ChannelLoad,0.02816,0
27.8975,2432,Vehicle,ChannelLoad,0.02816,0
27.8975,2432,Vehicle,TX_Throughput,4560,0
27.8975,2432,Vehicle,TX_ObjectCount,0,0
27.8976,6414,Vehicle,ChannelLoad,0.05992,0
27.8976,6414,Vehicle,ChannelLoad,0.05992,0
27.8976,6414,Vehicle,TX_Throughput,7760,0
27.8976,6414,Vehicle,TX_ObjectCount,1,0
27.8978,3328,RSU,ChannelLoad,0.06416,0
27.8978,3328,RSU,ChannelLoad,0.06416,0
27.8992,7302,Vehicle,ChannelLoad,0.0488,0
27.8992,7302,Vehicle,ChannelLoad,0.0488,0
27.8992,7302,Vehicle,TX_Throughput,10560,0
27.8992,7302,Vehicle,TX_ObjectCount,2,0
27.9004,7523,RSU,TX_Throughput,36080,0
27.9004,7523,RSU,TX_ObjectCount,12,0
27.9009,7375,Vehicle,ChannelLoad,0.04232,0
27.9009,7375,Vehicle,ChannelLoad,0.04232,0
27.9009,7375,Vehicle,TX_Throughput,4560,0
27.9009,7375,Vehicle,TX_ObjectCount,0,0
27.902,639,Vehicle,ChannelLoad,0.08016,0
27.902,639,Vehicle,ChannelLoad,0.08016,0
27.902,639,Vehicle,TX_Throughput,7760,0
27.902,639,Vehicle,TX_ObjectCount,1,0
27.9023,8342,Vehicle,ChannelLoad,0.076,0
27.9023,8342,Vehicle,ChannelLoad,0.076,0
27.9023,8342,Vehicle,TX_Throughput,10560,0
27.9023,8342,Vehicle,TX_ObjectCount,2,0
27.9037,6487,RSU,ChannelLoad,0.09304,0
27.9037,6487,RSU,ChannelLoad,0.09304,0
27.9045,7745,RSU,TX_Throughput,22080,0
27.9045,7745,RSU,TX_ObjectCount,7,0
27.9047,29,RSU,ChannelLoad,0.09808,0
27.9047,29,RSU,ChannelLoad,0.09808,0
27.9048,5495,Vehicle,ChannelLoad,0.07256,0
27.9048,5495,Vehicle,ChannelLoad,0.07256,0
27.9048,5495,Vehicle,TX_Throughput,10560,0
27.9048,5495,Vehicle,TX_ObjectCount,2,0
27.9052,5417,RSU,TX_Throughput,33280,0
27.9052,5417,RSU,TX_ObjectCount,11,0
27.9059,712,Vehicle,ChannelLoad,0.09032,0
27.9059,712,Vehicle,ChannelLoad,0.09032,0
27.9059,712,Vehicle,TX_Throughput,7760,0
27.9059,712,Vehicle,TX_ObjectCount,1,0
27.9078,5568,Vehicle,ChannelLoad,0.06424,0
27.9078,5568,Vehicle,ChannelLoad,0.06424,0
27.9078,5568,Vehicle,TX_Throughput,21760,0
27.9078,5568,Vehicle,TX_ObjectCount,6,0
27.9089,6932,RSU,TX_Throughput,10880,0
27.9089,6932,RSU,TX_ObjectCount,3,0
27.909,4445,Vehicle,ChannelLoad,0.086,0
27.909,4445,Vehicle,ChannelLoad,0.086,0
27.909,4445,Vehicle,TX_Throughput,18960,0
27.909,4445,Vehicle,TX_ObjectCount,5,0
27.9103,5343,RSU,TX_Throughput,33280,0
27.9103,5343,RSU,TX_ObjectCount,11,0
27.9104,1538,Vehicle,ChannelLoad,0.02944,0
27.9104,1538,Vehicle,ChannelLoad,0.02944,0
27.9104,1538,Vehicle,TX_Throughput,10560,0
27.9104,1538,Vehicle,TX_ObjectCount,2,0
27.9121,5641,Vehicle,ChannelLoad,0.04288,0
27.9121,5641,Vehicle,ChannelLoad,0.04288,0
27.9121,5641,Vehicle,TX_Throughput,10560,0
27.9121,5641,Vehicle,TX_ObjectCount,2,0
27.9123,2285,RSU,TX_Throughput,24880,0
27.9123,2285,RSU,TX_ObjectCount,8,0
27.9131,5714,Vehicle,ChannelLoad,0.06008,0
27.9131,5714,Vehicle,ChannelLoad,0.06008,0
27.9131,5714,Vehicle,TX_Throughput,7760,0
27.9131,5714,Vehicle,TX_ObjectCount,1,0
27.9144,3404,Vehicle,ChannelLoad,0.10352,0
27.9144,3404,Vehicle,ChannelLoad,0.10352,0
27.9144,3404,Vehicle,TX_Throughput,10560,0
27.9144,3404,Vehicle,TX_ObjectCount,2,0
27.9151,6487,RSU,TX_Throughput,19280,0
27.9151,6487,RSU,TX_ObjectCount,6,0
27.9152,6561,Vehicle,ChannelLoad,0.05496,0
27.9152,6561,Vehicle,ChannelLoad,0.05496,0
27.9152,6561,Vehicle,TX_Throughput,10560,0
27.9152,6561,Vehicle,TX_ObjectCount,2,0
27.9163,6634,RSU,ChannelLoad,0.06952,0
27.9163,6634,RSU,ChannelLoad,0.06952,0
27.9166,1611,Vehicle,ChannelLoad,0.05112,0
27.9166,1611,Vehicle,ChannelLoad,0.05112,0
27.9166,1611,Vehicle,TX_Throughput,7760,0
27.9166,1611,Vehicle,TX_ObjectCount,1,0
27.9166,182,RSU,TX_Throughput,24880,0
27.9166,182,RSU,TX_ObjectCount,8,0
27.9167,8417,Vehicle,ChannelLoad,0.0672,0
27.9167,8417,Vehicle,ChannelLoad,0.0672,0
27.9167,8417,Vehicle,TX_Throughput,4560,0
27.9167,8417,Vehicle,TX_ObjectCount,0,0
27.9168,1684,Vehicle,ChannelLoad,0.05936,0
27.9168,1684,Vehicle,ChannelLoad,0.05936,0
27.9168,1684,Vehicle,TX_Throughput,7760,0
27.9168,1684,Vehicle,TX_ObjectCount,1,0
27.9172,2507,Vehicle,ChannelLoad,0.05592,0
27.9172,2507,Vehicle,ChannelLoad,0.05592,0
27.9172,2507,Vehicle,TX_Throughput,13360,0
27.9172,2507,Vehicle,TX_ObjectCount,3,0
27.918,8268,RSU,TX_Throughput,24880,0
27.918,8268,RSU,TX_ObjectCount,8,0
27.9182,8490,Vehicle,ChannelLoad,0.06712,0
27.9182,8490,Vehicle,ChannelLoad,0.06712,0
27.9182,8490,Vehicle,TX_Throughput,7760,0
27.9182,8490,Vehicle,TX_ObjectCount,1,0
27.9183,787,Vehicle,ChannelLoad,0.05768,0
27.9183,787,Vehicle,ChannelLoad,0.05768,0
27.9183,787,Vehicle,TX_Throughput,7760,0
27.9183,787,Vehicle,TX_ObjectCount,1,0
27.9186,2582,Vehicle,ChannelLoad,0.11528,0
27.9186,2582,Vehicle,ChannelLoad,0.11528,0
27.9186,2582,Vehicle,TX_Throughput,7760,0
27.9186,2582,Vehicle,TX_ObjectCount,1,0
27.9188,107,Vehicle,ChannelLoad,0.08128,0
27.9188,107,Vehicle,ChannelLoad,0.08128,0
27.9188,107,Vehicle,TX_Throughput,7760,0
27.9188,107,Vehicle,TX_ObjectCount,1,0
27.9201,182,RSU,ChannelLoad,0.07048,0
27.9201,182,RSU,ChannelLoad,0.07048,0
27.9206,6708,Vehicle,ChannelLoad,0.08896,0
27.9206,6708,Vehicle,ChannelLoad,0.08896,0
27.9206,6708,Vehicle,TX_Throughput,10560,0
27.9206,6708,Vehicle,TX_ObjectCount,2,0
27.921,7450,Vehicle,ChannelLoad,0.07312,0
27.921,7450,Vehicle,ChannelLoad,0.07312,0
27.921,7450,Vehicle,TX_Throughput,16160,0
27.921,7450,Vehicle,TX_ObjectCount,4,0
27.9218,4522,Vehicle,ChannelLoad,0.064,0
27.9218,4522,Vehicle,ChannelLoad,0.064,0
27.9218,4522,Vehicle,TX_Throughput,13360,0
27.9218,4522,Vehicle,TX_ObjectCount,3,0
27.9231,1759,RSU,ChannelLoad,0.08448,0
27.9231,1759,RSU,ChannelLoad,0.08448,0
27.9237,3479,Vehicle,ChannelLoad,0.0716,0
27.9237,3479,Vehicle,ChannelLoad,0.0716,0
27.9237,3479,Vehicle,TX_Throughput,16160,0
27.9237,3479,Vehicle,TX_ObjectCount,4,0
27.9256,8636,Vehicle,ChannelLoad,0.08112,0
27.9256,8636,Vehicle,ChannelLoad,0.08112,0
27.9256,8636,Vehicle,TX_Throughput,13360,0
27.9256,8636,Vehicle,TX_ObjectCount,3,0
27.9275,6263,RSU,TX_Throughput,22080,0
27.9275,6263,RSU,TX_ObjectCount,7,0
27.9289,4597,Vehicle,ChannelLoad,0.12208,0
27.9289,4597,Vehicle,ChannelLoad,0.12208,0
27.9289,4597,Vehicle,TX_Throughput,4560,0
27.9289,4597,Vehicle,TX_ObjectCount,0,0
27.9289,7523,RSU,ChannelLoad,0.11072,0
27.9289,7523,RSU,ChannelLoad,0.11072,0
27.9299,3254,RSU,TX_Throughput,30480,0
27.9299,3254,RSU,TX_ObjectCount,10,0
27.9318,866,Vehicle,ChannelLoad,0.07144,0
27.9318,866,Vehicle,ChannelLoad,0.07144,0
27.9318,866,Vehicle,TX_Throughput,7760,0
27.9318,866,Vehicle,TX_ObjectCount,1,0
27.9328,1984,RSU,TX_Throughput,24880,0
27.9328,1984,RSU,TX_ObjectCount,8,0
27.9332,3776,RSU,TX_Throughput,19280,0
27.9332,3776,RSU,TX_ObjectCount,6,0
27.9333,3552,RSU,ChannelLoad,0.09352,0
27.9333,3552,RSU,ChannelLoad,0.09352,0
27.9343,5797,Vehicle,ChannelLoad,0.066,0
27.9343,5797,Vehicle,ChannelLoad,0.066,0
27.9343,5797,Vehicle,TX_Throughput,7760,0
27.9343,5797,Vehicle,TX_ObjectCount,1,0
27.9344,29,RSU,TX_Throughput,27680,0
27.9344,29,RSU,TX_ObjectCount,9,0
27.9352,6781,RSU,ChannelLoad,0.09056,0
27.9352,6781,RSU,ChannelLoad,0.09056,0
27.937,3626,Vehicle,ChannelLoad,0.07008,0
27.937,3626,Vehicle,ChannelLoad,0.07008,0
27.937,3626,Vehicle,TX_Throughput,18960,0
27.937,3626,Vehicle,TX_ObjectCount,5,0
27.9374,2659,Vehicle,ChannelLoad,0.07056,0
27.9374,2659,Vehicle,ChannelLoad,0.07056,0
27.9374,2659,Vehicle,TX_Throughput,16160,0
27.9374,2659,Vehicle,TX_ObjectCount,4,0
27.9376,3699,Vehicle,ChannelLoad,0.04064,0
27.9376,3699,Vehicle,ChannelLoad,0.04064,0
27.9376,3699,Vehicle,TX_Throughput,4560,0
27.9376,3699,Vehicle,TX_ObjectCount,0,0
27.9379,7672,Vehicle,ChannelLoad,0.03608,0
27.9379,7672,Vehicle,ChannelLoad,0.03608,0
27.9379,7672,Vehicle,TX_Throughput,4560,0
27.9379,7672,Vehicle,TX_ObjectCount,0,0
27.938,2732,Vehicle,ChannelLoad,0.03408,0
27.938,2732,Vehicle,ChannelLoad,0.03408,0
27.938,2732,Vehicle,TX_Throughput,7760,0
27.938,2732,Vehicle,TX_ObjectCount,1,0
27.9389,5872,RSU,ChannelLoad,0.07392,0
27.9389,5872,RSU,ChannelLoad,0.07392,0
27.9396,2131,RSU,TX_Throughput,30480,0
27.9396,2131,RSU,TX_ObjectCount,10,0
27.9404,943,Vehicle,ChannelLoad,0.05696,0
27.9404,943,Vehicle,ChannelLoad,0.05696,0
27.9404,943,Vehicle,TX_Throughput,16160,0
27.9404,943,Vehicle,TX_ObjectCount,4,0
27.9414,7745,RSU,ChannelLoad,0.0744,0
27.9414,7745,RSU,ChannelLoad,0.0744,0
27.9423,7819,Vehicle,ChannelLoad,0.06336,0
27.9423,7819,Vehicle,ChannelLoad,0.06336,0
27.9423,7819,Vehicle,TX_Throughput,7760,0
27.9423,7819,Vehicle,TX_ObjectCount,1,0
27.9434,4900,RSU,TX_Throughput,30480,0
27.9434,4900,RSU,TX_ObjectCount,10,0
27.9437,8711,Vehicle,ChannelLoad,0.04952,0
27.9437,8711,Vehicle,ChannelLoad,0.04952,0
27.9437,8711,Vehicle,TX_Throughput,10560,0
27.9437,8711,Vehicle,TX_ObjectCount,2,0
27.9444,1833,Vehicle,ChannelLoad,0.06704,0
27.9444,1833,Vehicle,ChannelLoad,0.06704,0
27.9444,1833,Vehicle,TX_Throughput,21760,0
27.9444,1833,Vehicle,TX_ObjectCount,6,0
27.9449,4672,Vehicle,ChannelLoad,0.08232,0
27.9449,4672,Vehicle,ChannelLoad,0.08232,0
27.9449,4672,Vehicle,TX_Throughput,7760,0
27.9449,4672,Vehicle,TX_ObjectCount,1,0
27.9462,6781,RSU,TX_Throughput,36080,0
27.9462,6781,RSU,TX_ObjectCount,12,0
27.9464,1018,RSU,ChannelLoad,0.11608,0
27.9464,1018,RSU,ChannelLoad,0.11608,0
27.9471,3776,RSU,ChannelLoad,0.08576,0
27.9471,3776,RSU,ChannelLoad,0.08576,0
27.9488,1906,RSU,ChannelLoad,0.14856,0
27.9488,1906,RSU,ChannelLoad,0.14856,0
27.9488,4745,Vehicle,ChannelLoad,0.06296,0
27.9488,4745,Vehicle,ChannelLoad,0.06296,0
27.9488,4745,Vehicle,TX_Throughput,7760,0
27.9488,4745,Vehicle,TX_ObjectCount,1,0
27.9492,3850,RSU,ChannelLoad,0.06144,0
27.9492,3850,RSU,ChannelLoad,0.06144,0
27.9496,8786,Vehicle,ChannelLoad,0.09016,0
27.9496,8786,Vehicle,ChannelLoad,0.09016,0
27.9496,8786,Vehicle,TX_Throughput,4560,0
27.9496,8786,Vehicle,TX_ObjectCount,0,0
27.9507,6859,Vehicle,ChannelLoad,0.05264,0
27.9507,6859,Vehicle,ChannelLoad,0.05264,0
27.9507,6859,Vehicle,TX_Throughput,13360,0
27.9507,6859,Vehicle,TX_ObjectCount,3,0
27.9512,3926,Vehicle,ChannelLoad,0.02736,0
27.9512,3926,Vehicle,ChannelLoad,0.02736,0
27.9512,3926,Vehicle,TX_Throughput,10560,0
27.9512,3926,Vehicle,TX_ObjectCount,2,0
27.9527,8859,RSU,ChannelLoad,0.09576,0
27.9527,8859,RSU,ChannelLoad,0.09576,0
27.9528,4818,RSU,ChannelLoad,0.07656,0
27.9528,4818,RSU,ChannelLoad,0.07656,0
27.9531,5958,Vehicle,ChannelLoad,0.16208,0
27.9531,5958,Vehicle,ChannelLoad,0.16208,0
27.9531,5958,Vehicle,TX_Throughput,7760,0
27.9531,5958,Vehicle,TX_ObjectCount,1,0
27.9548,2211,RSU,TX_Throughput,22080,0
27.9548,2211,RSU,TX_ObjectCount,7,0
27.9561,4818,RSU,TX_Throughput,22080,0
27.9561,4818,RSU,TX_ObjectCount,7,0
27.9561,6932,RSU,ChannelLoad,0.08024,0
27.9561,6932,RSU,ChannelLoad,0.08024,0
27.9582,2805,Vehicle,ChannelLoad,0.06152,0
27.9582,2805,Vehicle,ChannelLoad,0.06152,0
27.9582,2805,Vehicle,TX_Throughput,13360,0
27.9582,2805,Vehicle,TX_ObjectCount,3,0
27.9586,7006,Vehicle,ChannelLoad,0.06752,0
27.9586,7006,Vehicle,ChannelLoad,0.06752,0
27.9586,7006,Vehicle,TX_Throughput,7760,0
27.9586,7006,Vehicle,TX_ObjectCount,1,0
27.959,1094,Vehicle,ChannelLoad,0.0344,0
27.959,1094,Vehicle,ChannelLoad,0.0344,0
27.959,1094,Vehicle,TX_Throughput,10560,0
27.959,1094,Vehicle,TX_ObjectCount,2,0
27.9594,2878,Vehicle,ChannelLoad,0.06896,0
27.9594,2878,Vehicle,ChannelLoad,0.06896,0
27.9594,2878,Vehicle,TX_Throughput,16160,0
27.9594,2878,Vehicle,TX_ObjectCount,4,0
27.9609,3328,RSU,TX_Throughput,22080,0
27.9609,3328,RSU,TX_ObjectCount,7,0
27.9613,1167,Vehicle,ChannelLoad,0.0808,0
27.9613,1167,Vehicle,ChannelLoad,0.0808,0
27.9613,1167,Vehicle,TX_Throughput,7760,0
27.9613,1167,Vehicle,TX_ObjectCount,1,0
27.9615,4001,Vehicle,ChannelLoad,0.09592,0
27.9615,4001,Vehicle,ChannelLoad,0.09592,0
27.9615,4001,Vehicle,TX_Throughput,13360,0
27.9615,4001,Vehicle,TX_ObjectCount,3,0
27.962,6634,RSU,TX_Throughput,19280,0
27.962,6634,RSU,TX_ObjectCount,6,0
27.9622,8937,RSU,ChannelLoad,0.11912,0
27.9622,8937,RSU,ChannelLoad,0.11912,0
27.9623,3850,RSU,TX_Throughput,8080,0
27.9623,3850,RSU,TX_ObjectCount,2,0
27.9637,9011,Vehicle,ChannelLoad,0.08656,0
27.9637,9011,Vehicle,ChannelLoad,0.08656,0
27.9637,9011,Vehicle,TX_Throughput,21760,0
27.9637,9011,Vehicle,TX_ObjectCount,6,0
27.9637,2953,Vehicle,ChannelLoad,0.09264,0
27.9637,2953,Vehicle,ChannelLoad,0.09264,0
27.9637,2953,Vehicle,TX_Throughput,21760,0
27.9637,2953,Vehicle,TX_ObjectCount,6,0
27.9643,8192,RSU,TX_Throughput,19280,0
27.9643,8192,RSU,TX_ObjectCount,6,0
27.9647,1984,RSU,ChannelLoad,0.06448,0
27.9647,1984,RSU,ChannelLoad,0.06448,0
27.9649,1240,RSU,ChannelLoad,0.06632,0
27.9649,1240,RSU,ChannelLoad,0.06632,0
27.9651,7969,Vehicle,ChannelLoad,0.05456,0
27.9651,7969,Vehicle,ChannelLoad,0.05456,0
27.9651,7969,Vehicle,TX_Throughput,4560,0
27.9651,7969,Vehicle,TX_ObjectCount,0,0
27.9654,2058,Vehicle,ChannelLoad,0.06448,0
27.9654,2058,Vehicle,ChannelLoad,0.06448,0
27.9654,2058,Vehicle,TX_Throughput,7760,0
27.9654,2058,Vehicle,TX_ObjectCount,1,0
27.9663,4074,Vehicle,ChannelLoad,0.07328,0
27.9663,4074,Vehicle,ChannelLoad,0.07328,0
27.9663,4074,Vehicle,TX_Throughput,10560,0
27.9663,4074,Vehicle,TX_ObjectCount,2,0
27.9674,6037,Vehicle,ChannelLoad,0.05272,0
27.9674,6037,Vehicle,ChannelLoad,0.05272,0
27.9674,6037,Vehicle,TX_Throughput,10560,0
27.9674,6037,Vehicle,TX_ObjectCount,2,0
27.9687,4147,Vehicle,ChannelLoad,0.09104,0
27.9687,4147,Vehicle,ChannelLoad,0.09104,0
27.9687,4147,Vehicle,TX_Throughput,7760,0
27.9687,4147,Vehicle,TX_ObjectCount,1,0
27.9696,4900,RSU,ChannelLoad,0.1044,0
27.9696,4900,RSU,ChannelLoad,0.1044,0
27.9698,3030,RSU,ChannelLoad,0.07464,0
27.9698,3030,RSU,ChannelLoad,0.07464,0
27.97,2131,RSU,ChannelLoad,0.15056,0
27.97,2131,RSU,ChannelLoad,0.15056,0
27.9701,8044,Vehicle,ChannelLoad,0.07568,0
27.9701,8044,Vehicle,ChannelLoad,0.07568,0
27.9701,8044,Vehicle,TX_Throughput,7760,0
27.9701,8044,Vehicle,TX_ObjectCount,1,0
27.9702,4974,Vehicle,ChannelLoad,0.06528,0
27.9702,4974,Vehicle,ChannelLoad,0.06528,0
27.9702,4974,Vehicle,TX_Throughput,27360,0
27.9702,4974,Vehicle,TX_ObjectCount,8,0
27.9706,6110,Vehicle,ChannelLoad,0.06984,0
27.9706,6110,Vehicle,ChannelLoad,0.06984,0
27.9706,6110,Vehicle,TX_Throughput,13360,0
27.9706,6110,Vehicle,TX_ObjectCount,3,0
27.9709,1314,Vehicle,ChannelLoad,0.0732,0
27.9709,1314,Vehicle,ChannelLoad,0.0732,0
27.9709,1314,Vehicle,TX_Throughput,13360,0
27.9709,1314,Vehicle,TX_ObjectCount,3,0
27.971,270,Vehicle,ChannelLoad,0.06232,0
27.971,270,Vehicle,ChannelLoad,0.06232,0
27.971,270,Vehicle,TX_Throughput,21760,0
27.971,270,Vehicle,TX_ObjectCount,6,0
27.9719,9086,Vehicle,ChannelLoad,0.07224,0
27.9719,9086,Vehicle,ChannelLoad,0.07224,0
27.9719,9086,Vehicle,TX_Throughput,10560,0
27.9719,9086,Vehicle,TX_ObjectCount,2,0
27.9723,5047,RSU,ChannelLoad,0.12192,0
27.9723,5047,RSU,ChannelLoad,0.12192,0
27.9731,1759,RSU,TX_Throughput,24880,0
27.9731,1759,RSU,TX_ObjectCount,8,0
27.9736,4222,Vehicle,ChannelLoad,0.06704,0
27.9736,4222,Vehicle,ChannelLoad,0.06704,0
27.9736,4222,Vehicle,TX_Throughput,10560,0
27.9736,4222,Vehicle,TX_ObjectCount,2,0
27.9744,3552,RSU,TX_Throughput,22080,0
27.9744,3552,RSU,TX_ObjectCount,7,0
27.9762,5123,RSU,ChannelLoad,0.09696,0
27.9762,5123,RSU,ChannelLoad,0.09696,0
27.9774,8937,RSU,TX_Throughput,19280,0
27.9774,8937,RSU,TX_ObjectCount,6,0
27.9777,4297,Vehicle,ChannelLoad,0.07104,0
27.9777,4297,Vehicle,ChannelLoad,0.07104,0
27.9777,4297,Vehicle,TX_Throughput,7760,0
27.9777,4297,Vehicle,TX_ObjectCount,1,0
27.9778,6187,RSU,ChannelLoad,0.13008,0
27.9778,6187,RSU,ChannelLoad,0.13008,0
27.9782,8117,Vehicle,ChannelLoad,0.09072,0
27.9782,8117,Vehicle,ChannelLoad,0.09072,0
27.9782,8117,Vehicle,TX_Throughput,13360,0
27.9782,8117,Vehicle,TX_ObjectCount,3,0
27.9783,7083,Vehicle,ChannelLoad,0.07104,0
27.9783,7083,Vehicle,ChannelLoad,0.07104,0
27.9783,7083,Vehicle,TX_Throughput,7760,0
27.9783,7083,Vehicle,TX_ObjectCount,1,0
27.9786,9163,Vehicle,ChannelLoad,0.08024,0
27.9786,9163,Vehicle,ChannelLoad,0.08024,0
27.9786,9163,Vehicle,TX_Throughput,18960,0
27.9786,9163,Vehicle,TX_ObjectCount,5,0
27.9791,3030,RSU,TX_Throughput,16480,0
27.9791,3030,RSU,TX_ObjectCount,5,0
27.9796,9236,Vehicle,ChannelLoad,0.05968,0
27.9796,9236,Vehicle,ChannelLoad,0.05968,0
27.9796,9236,Vehicle,TX_Throughput,13360,0
27.9796,9236,Vehicle,TX_ObjectCount,3,0
27.9799,1906,RSU,TX_Throughput,22080,0
27.9799,1906,RSU,TX_ObjectCount,7,0
27.98,4370,Vehicle,ChannelLoad,0.07328,0
27.98,4370,Vehicle,ChannelLoad,0.07328,0
27.98,4370,Vehicle,TX_Throughput,10560,0
27.98,4370,Vehicle,TX_ObjectCount,2,0
27.9801,6263,RSU,ChannelLoad,0.08144,0
27.9801,6263,RSU,ChannelLoad,0.08144,0
27.9805,7156,Vehicle,ChannelLoad,0.0676,0
27.9805,7156,Vehicle,ChannelLoad,0.0676,0
27.9805,7156,Vehicle,TX_Throughput,13360,0
27.9805,7156,Vehicle,TX_ObjectCount,3,0
27.9814,1387,RSU,TX_Throughput,24880,0
27.9814,1387,RSU,TX_ObjectCount,8,0
27.9816,1240,RSU,TX_Throughput,13680,0
27.9816,1240,RSU,TX_ObjectCount,4,0
27.9817,1018,RSU,TX_Throughput,38880,0
27.9817,1018,RSU,TX_ObjectCount,13,0
27.9819,5197,Vehicle,ChannelLoad,0.12072,0
27.9819,5197,Vehicle,ChannelLoad,0.12072,0
27.9819,5197,Vehicle,TX_Throughput,13360,0
27.9819,5197,Vehicle,TX_ObjectCount,3,0
27.982,5270,Vehicle,ChannelLoad,0.07304,0
27.982,5270,Vehicle,ChannelLoad,0.07304,0
27.982,5270,Vehicle,TX_Throughput,7760,0
27.982,5270,Vehicle,TX_ObjectCount,1,0
27.9831,343,Vehicle,ChannelLoad,0.0708,0
27.9831,343,Vehicle,ChannelLoad,0.0708,0
27.9831,343,Vehicle,TX_Throughput,16160,0
27.9831,343,Vehicle,TX_ObjectCount,4,0
27.9832,1387,RSU,ChannelLoad,0.10752,0
27.9832,1387,RSU,ChannelLoad,0.10752,0
27.9838,8859,RSU,TX_Throughput,22080,0
27.9838,8859,RSU,TX_ObjectCount,7,0
27.9855,6187,RSU,TX_Throughput,22080,0
27.9855,6187,RSU,TX_ObjectCount,7,0
27.9865,3108,Vehicle,ChannelLoad,0.0912,0
27.9865,3108,Vehicle,ChannelLoad,0.0912,0
27.9865,3108,Vehicle,TX_Throughput,4560,0
27.9865,3108,Vehicle,TX_ObjectCount,0,0
27.9865,5343,RSU,ChannelLoad,0.1096,0
27.9865,5343,RSU,ChannelLoad,0.1096,0
27.9871,416,Vehicle,ChannelLoad,0.07864,0
27.9871,416,Vehicle,ChannelLoad,0.07864,0
27.9871,416,Vehicle,TX_Throughput,13360,0
27.9871,416,Vehicle,TX_ObjectCount,3,0
27.9883,5123,RSU,TX_Throughput,16480,0
27.9883,5123,RSU,TX_ObjectCount,5,0
27.9884,9309,Vehicle,ChannelLoad,0.08472,0
27.9884,9309,Vehicle,ChannelLoad,0.08472,0
27.9884,9309,Vehicle,TX_Throughput,13360,0
27.9884,9309,Vehicle,TX_ObjectCount,3,0
27.9885,2211,RSU,ChannelLoad,0.11072,0
27.9885,2211,RSU,ChannelLoad,0.11072,0
27.9894,2285,RSU,ChannelLoad,0.0808,0
27.9894,2285,RSU,ChannelLoad,0.0808,0
27.9916,8192,RSU,ChannelLoad,0.09032,0
27.9916,8192,RSU,ChannelLoad,0.09032,0
27.9917,7229,Vehicle,ChannelLoad,0.05328,0
27.9917,7229,Vehicle,ChannelLoad,0.05328,0
27.9917,7229,Vehicle,TX_Throughput,13360,0
27.9917,7229,Vehicle,TX_ObjectCount,3,0
27.992,5417,RSU,ChannelLoad,0.10576,0
27.992,5417,RSU,ChannelLoad,0.10576,0
27.9925,6341,Vehicle,ChannelLoad,0.0632,0
27.9925,6341,Vehicle,ChannelLoad,0.0632,0
27.9925,6341,Vehicle,TX_Throughput,16160,0
27.9925,6341,Vehicle,TX_ObjectCount,4,0
27.9928,3181,Vehicle,ChannelLoad,0.0976,0
27.9928,3181,Vehicle,ChannelLoad,0.0976,0
27.9928,3181,Vehicle,TX_Throughput,10560,0
27.9928,3181,Vehicle,TX_ObjectCount,2,0
27.9928,5872,RSU,TX_Throughput,13680,0
27.9928,5872,RSU,TX_ObjectCount,4,0
27.9939,489,Vehicle,ChannelLoad,0.05688,0
27.9939,489,Vehicle,ChannelLoad,0.05688,0
27.9939,489,Vehicle,TX_Throughput,7760,0
27.9939,489,Vehicle,TX_ObjectCount,1,0
27.9955,5047,RSU,TX_Throughput,33280,0
27.9955,5047,RSU,TX_ObjectCount,11,0
27.996,8268,RSU,ChannelLoad,0.0912,0
27.996,8268,RSU,ChannelLoad,0.0912,0
27.9961,3254,RSU,ChannelLoad,0.10624,0
27.9961,3254,RSU,ChannelLoad,0.10624,0
27.9961,562,Vehicle,ChannelLoad,0.03208,0
27.9961,562,Vehicle,ChannelLoad,0.03208,0
27.9961,562,Vehicle,TX_Throughput,10560,0
27.9961,562,Vehicle,TX_ObjectCount,2,0
27.9961,2359,Vehicle,ChannelLoad,0.07432,0
27.9961,2359,Vehicle,ChannelLoad,0.07432,0
27.9961,2359,Vehicle,TX_Throughput,16160,0
27.9961,2359,Vehicle,TX_ObjectCount,4,0
27.9966,1463,Vehicle,ChannelLoad,0.05456,0
27.9966,1463,Vehicle,ChannelLoad,0.05456,0
27.9966,1463,Vehicle,TX_Throughput,13360,0
27.9966,1463,Vehicle,TX_ObjectCount,3,0
27.9975,2432,Vehicle,ChannelLoad,0.02584,0
27.9975,2432,Vehicle,ChannelLoad,0.02584,0
27.9975,2432,Vehicle,TX_Throughput,4560,0
27.9975,2432,Vehicle,TX_ObjectCount,0,0
27.9976,6414,Vehicle,ChannelLoad,0.07464,0
27.9976,6414,Vehicle,ChannelLoad,0.07464,0
27.9976,6414,Vehicle,TX_Throughput,7760,0
27.9976,6414,Vehicle,TX_ObjectCount,1,0
27.9978,3328,RSU,ChannelLoad,0.06912,0
27.9978,3328,RSU,ChannelLoad,0.06912,0
27.9992,7302,Vehicle,ChannelLoad,0.06936,0
27.9992,7302,Vehicle,ChannelLoad,0.06936,0
27.9992,7302,Vehicle,TX_Throughput,10560,0
27.9992,7302,Vehicle,TX_ObjectCount,2,0
