Timestamp,StationID,StationType,Metric,Value,ObjectID
25.1047,29,RSU,ChannelLoad,0,0
25.1047,29,RSU,ChannelLoad,0,0
25.1188,107,Vehicle,ChannelLoad,0,0
25.1188,107,Vehicle,ChannelLoad,0,0
25.1201,182,RSU,ChannelLoad,0,0
25.1201,182,RSU,ChannelLoad,0,0
25.1344,29,RSU,TX_Throughput,1603.16,0
25.1344,29,RSU,TX_ObjectCount,0,0
25.171,270,Vehicle,ChannelLoad,0,0
25.171,270,Vehicle,ChannelLoad,0,0
25.1831,343,Vehicle,ChannelLoad,0,0
25.1831,343,Vehicle,ChannelLoad,0,0
25.1863,107,Vehicle,TX_Throughput,2721.67,0
25.1863,107,Vehicle,TX_ObjectCount,0,0
25.1871,416,Vehicle,ChannelLoad,0,0
25.1871,416,Vehicle,ChannelLoad,0,0
25.1939,489,Vehicle,ChannelLoad,0,0
25.1939,489,Vehicle,ChannelLoad,0,0
25.1961,562,Vehicle,ChannelLoad,0,0
25.1961,562,Vehicle,ChannelLoad,0,0
25.202,639,Vehicle,ChannelLoad,0,0
25.202,639,Vehicle,ChannelLoad,0,0
25.2047,29,RSU,ChannelLoad,0.0048,0
25.2047,29,RSU,ChannelLoad,0.0048,0
25.2059,712,Vehicle,ChannelLoad,0,0
25.2059,712,Vehicle,ChannelLoad,0,0
25.2105,270,Vehicle,TX_Throughput,3269.12,0
25.2105,270,Vehicle,TX_ObjectCount,0,0
25.2151,712,Vehicle,TX_Throughput,7103.79,0
25.2151,712,Vehicle,TX_ObjectCount,1,0
25.2156,639,Vehicle,TX_Throughput,4015.94,0
25.2156,639,Vehicle,TX_ObjectCount,0,0
25.2166,182,RSU,TX_Throughput,4111.09,0
25.2166,182,RSU,TX_ObjectCount,2,0
25.2183,787,Vehicle,ChannelLoad,0.0048,0
25.2183,787,Vehicle,ChannelLoad,0.0048,0
25.2188,107,Vehicle,ChannelLoad,0.004,0
25.2188,107,Vehicle,ChannelLoad,0.004,0
25.2201,182,RSU,ChannelLoad,0,0
25.2201,182,RSU,ChannelLoad,0,0
25.2202,862,Vehicle,ChannelLoad,0.0048,0
25.2202,862,Vehicle,ChannelLoad,0.0048,0
25.2318,937,Vehicle,ChannelLoad,0,0
25.2318,937,Vehicle,ChannelLoad,0,0
25.2341,416,Vehicle,TX_Throughput,3101.76,0
25.2341,416,Vehicle,TX_ObjectCount,0,0
25.2344,29,RSU,TX_Throughput,5280,0
25.2344,29,RSU,TX_ObjectCount,1,0
25.2344,562,Vehicle,TX_Throughput,3296.08,0
25.2344,562,Vehicle,TX_ObjectCount,0,0
25.2404,1014,Vehicle,ChannelLoad,0,0
25.2404,1014,Vehicle,ChannelLoad,0,0
25.2438,343,Vehicle,TX_Throughput,4830.7,0
25.2438,343,Vehicle,TX_ObjectCount,1,0
25.2464,1089,RSU,ChannelLoad,0.00688,0
25.2464,1089,RSU,ChannelLoad,0.00688,0
25.2539,937,Vehicle,TX_Throughput,3733.84,0
25.2539,937,Vehicle,TX_ObjectCount,0,0
25.259,1165,Vehicle,ChannelLoad,0.01088,0
25.259,1165,Vehicle,ChannelLoad,0.01088,0
25.26,489,Vehicle,TX_Throughput,2746.7,0
25.26,489,Vehicle,TX_ObjectCount,0,0
25.2613,1238,Vehicle,ChannelLoad,0.0096,0
25.2613,1238,Vehicle,ChannelLoad,0.0096,0
25.2649,1311,RSU,ChannelLoad,0,0
25.2649,1311,RSU,ChannelLoad,0,0
25.2709,1385,Vehicle,ChannelLoad,0.00672,0
25.2709,1385,Vehicle,ChannelLoad,0.00672,0
25.271,270,Vehicle,ChannelLoad,0.0048,0
25.271,270,Vehicle,ChannelLoad,0.0048,0
25.2735,787,Vehicle,TX_Throughput,2938.49,0
25.2735,787,Vehicle,TX_ObjectCount,0,0
25.2816,1311,RSU,TX_Throughput,1782.58,0
25.2816,1311,RSU,TX_ObjectCount,0,0
25.2817,1089,RSU,TX_Throughput,3904.43,0
25.2817,1089,RSU,TX_ObjectCount,1,0
25.2831,343,Vehicle,ChannelLoad,0.00192,0
25.2831,343,Vehicle,ChannelLoad,0.00192,0
25.2832,1458,RSU,ChannelLoad,0.01144,0
25.2832,1458,RSU,ChannelLoad,0.01144,0
25.2863,1532,Vehicle,ChannelLoad,0.00672,0
25.2863,1532,Vehicle,ChannelLoad,0.00672,0
25.2863,107,Vehicle,TX_Throughput,4560,0
25.2863,107,Vehicle,TX_ObjectCount,0,0
25.2871,416,Vehicle,ChannelLoad,0.01168,0
25.2871,416,Vehicle,ChannelLoad,0.01168,0
25.2932,1532,Vehicle,TX_Throughput,4265,0
25.2932,1532,Vehicle,TX_ObjectCount,0,0
25.2939,489,Vehicle,ChannelLoad,0.00472,0
25.2939,489,Vehicle,ChannelLoad,0.00472,0
25.2941,1014,Vehicle,TX_Throughput,2966.78,0
25.2941,1014,Vehicle,TX_ObjectCount,0,0
25.2961,562,Vehicle,ChannelLoad,0,0
25.2961,562,Vehicle,ChannelLoad,0,0
25.2966,1605,Vehicle,ChannelLoad,0.01152,0
25.2966,1605,Vehicle,ChannelLoad,0.01152,0
25.2972,1458,RSU,TX_Throughput,1824.61,0
25.2972,1458,RSU,TX_ObjectCount,0,0
25.302,639,Vehicle,ChannelLoad,0.0048,0
25.302,639,Vehicle,ChannelLoad,0.0048,0
25.3047,29,RSU,ChannelLoad,0.004,0
25.3047,29,RSU,ChannelLoad,0.004,0
25.3059,712,Vehicle,ChannelLoad,0,0
25.3059,712,Vehicle,ChannelLoad,0,0
25.3089,1678,Vehicle,ChannelLoad,0.00208,0
25.3089,1678,Vehicle,ChannelLoad,0.00208,0
25.3105,270,Vehicle,TX_Throughput,4560,0
25.3105,270,Vehicle,TX_ObjectCount,0,0
25.3151,712,Vehicle,TX_Throughput,7760,0
25.3151,712,Vehicle,TX_ObjectCount,1,0
25.3156,639,Vehicle,TX_Throughput,4560,0
25.3156,639,Vehicle,TX_ObjectCount,0,0
25.3166,182,RSU,TX_Throughput,8080,0
25.3166,182,RSU,TX_ObjectCount,2,0
25.3168,1755,Vehicle,ChannelLoad,0.02376,0
25.3168,1755,Vehicle,ChannelLoad,0.02376,0
25.3171,862,Vehicle,TX_Throughput,2315.94,0
25.3171,862,Vehicle,TX_ObjectCount,0,0
25.3183,787,Vehicle,ChannelLoad,0.00896,0
25.3183,787,Vehicle,ChannelLoad,0.00896,0
25.3188,107,Vehicle,ChannelLoad,0.00424,0
25.3188,107,Vehicle,ChannelLoad,0.00424,0
25.3201,182,RSU,ChannelLoad,0.00816,0
25.3201,182,RSU,ChannelLoad,0.00816,0
25.3202,862,Vehicle,ChannelLoad,0.00896,0
25.3202,862,Vehicle,ChannelLoad,0.00896,0
25.3223,1828,Vehicle,ChannelLoad,0.00416,0
25.3223,1828,Vehicle,ChannelLoad,0.00416,0
25.3231,1901,RSU,ChannelLoad,0.0104,0
25.3231,1901,RSU,ChannelLoad,0.0104,0
25.3318,937,Vehicle,ChannelLoad,0.0048,0
25.3318,937,Vehicle,ChannelLoad,0.0048,0
25.3341,416,Vehicle,TX_Throughput,4560,0
25.3341,416,Vehicle,TX_ObjectCount,0,0
25.3344,29,RSU,TX_Throughput,5280,0
25.3344,29,RSU,TX_ObjectCount,1,0
25.3344,562,Vehicle,TX_Throughput,4560,0
25.3344,562,Vehicle,TX_ObjectCount,0,0
25.3348,1755,Vehicle,TX_Throughput,3866.08,0
25.3348,1755,Vehicle,TX_ObjectCount,0,0
25.3404,1014,Vehicle,ChannelLoad,0.0088,0
25.3404,1014,Vehicle,ChannelLoad,0.0088,0
25.3431,1165,Vehicle,TX_Throughput,2476.73,0
25.3431,1165,Vehicle,TX_ObjectCount,0,0
25.3438,343,Vehicle,TX_Throughput,7760,0
25.3438,343,Vehicle,TX_ObjectCount,1,0
25.3454,1678,Vehicle,TX_Throughput,3339.45,0
25.3454,1678,Vehicle,TX_ObjectCount,0,0
25.3464,1089,RSU,ChannelLoad,0.02512,0
25.3464,1089,RSU,ChannelLoad,0.02512,0
25.3481,1238,Vehicle,TX_Throughput,4153.9,0
25.3481,1238,Vehicle,TX_ObjectCount,1,0
25.3488,1977,RSU,ChannelLoad,0.01448,0
25.3488,1977,RSU,ChannelLoad,0.01448,0
25.3533,2051,Vehicle,ChannelLoad,0.0184,0
25.3533,2051,Vehicle,ChannelLoad,0.0184,0
25.3539,937,Vehicle,TX_Throughput,4560,0
25.3539,937,Vehicle,TX_ObjectCount,0,0
25.3557,1385,Vehicle,TX_Throughput,2467.52,0
25.3557,1385,Vehicle,TX_ObjectCount,0,0
25.359,1165,Vehicle,ChannelLoad,0.00432,0
25.359,1165,Vehicle,ChannelLoad,0.00432,0
25.36,489,Vehicle,TX_Throughput,4560,0
25.36,489,Vehicle,TX_ObjectCount,0,0
25.3613,1238,Vehicle,ChannelLoad,0.02432,0
25.3613,1238,Vehicle,ChannelLoad,0.02432,0
25.3647,2126,RSU,ChannelLoad,0.01288,0
25.3647,2126,RSU,ChannelLoad,0.01288,0
25.3649,1311,RSU,ChannelLoad,0.00688,0
25.3649,1311,RSU,ChannelLoad,0.00688,0
25.3654,2200,Vehicle,ChannelLoad,0.014,0
25.3654,2200,Vehicle,ChannelLoad,0.014,0
25.3688,1605,Vehicle,TX_Throughput,2648,0
25.3688,1605,Vehicle,TX_ObjectCount,0,0
25.37,2273,RSU,ChannelLoad,0.02096,0
25.37,2273,RSU,ChannelLoad,0.02096,0
25.3709,1385,Vehicle,ChannelLoad,0.01632,0
25.3709,1385,Vehicle,ChannelLoad,0.01632,0
25.371,270,Vehicle,ChannelLoad,0.00888,0
25.371,270,Vehicle,ChannelLoad,0.00888,0
25.3727,2347,Vehicle,ChannelLoad,0.00408,0
25.3727,2347,Vehicle,ChannelLoad,0.00408,0
25.3735,787,Vehicle,TX_Throughput,4560,0
25.3735,787,Vehicle,TX_ObjectCount,0,0
25.3777,2420,Vehicle,ChannelLoad,0.0108,0
25.3777,2420,Vehicle,ChannelLoad,0.0108,0
25.3816,1311,RSU,TX_Throughput,2080,0
25.3816,1311,RSU,TX_ObjectCount,0,0
25.3817,1089,RSU,TX_Throughput,5280,0
25.3817,1089,RSU,TX_ObjectCount,1,0
25.3831,343,Vehicle,ChannelLoad,0.01816,0
25.3831,343,Vehicle,ChannelLoad,0.01816,0
25.3832,1458,RSU,ChannelLoad,0.02096,0
25.3832,1458,RSU,ChannelLoad,0.02096,0
25.3857,2126,RSU,TX_Throughput,6678.55,0
25.3857,2126,RSU,TX_ObjectCount,2,0
25.3863,1532,Vehicle,ChannelLoad,0.01616,0
25.3863,1532,Vehicle,ChannelLoad,0.01616,0
25.3863,107,Vehicle,TX_Throughput,4560,0
25.3863,107,Vehicle,TX_ObjectCount,0,0
25.3871,416,Vehicle,ChannelLoad,0.01368,0
25.3871,416,Vehicle,ChannelLoad,0.01368,0
25.3873,2200,Vehicle,TX_Throughput,3741.54,0
25.3873,2200,Vehicle,TX_ObjectCount,0,0
25.3885,2495,RSU,ChannelLoad,0.02784,0
25.3885,2495,RSU,ChannelLoad,0.02784,0
25.3894,2569,RSU,ChannelLoad,0.02384,0
25.3894,2569,RSU,ChannelLoad,0.02384,0
25.3932,1532,Vehicle,TX_Throughput,4560,0
25.3932,1532,Vehicle,TX_ObjectCount,0,0
25.3939,489,Vehicle,ChannelLoad,0.00192,0
25.3939,489,Vehicle,ChannelLoad,0.00192,0
25.3941,1014,Vehicle,TX_Throughput,4560,0
25.3941,1014,Vehicle,TX_ObjectCount,0,0
25.3961,562,Vehicle,ChannelLoad,0.00968,0
25.3961,562,Vehicle,ChannelLoad,0.00968,0
25.3966,1605,Vehicle,ChannelLoad,0.00824,0
25.3966,1605,Vehicle,ChannelLoad,0.00824,0
25.3972,1458,RSU,TX_Throughput,2080,0
25.3972,1458,RSU,TX_ObjectCount,0,0
25.3981,2347,Vehicle,TX_Throughput,6186.44,0
25.3981,2347,Vehicle,TX_ObjectCount,1,0
25.4017,1828,Vehicle,TX_Throughput,5887.28,0
25.4017,1828,Vehicle,TX_ObjectCount,2,0
25.402,639,Vehicle,ChannelLoad,0.0076,0
25.402,639,Vehicle,ChannelLoad,0.0076,0
25.4047,29,RSU,ChannelLoad,0.02016,0
25.4047,29,RSU,ChannelLoad,0.02016,0
25.4059,712,Vehicle,ChannelLoad,0.0096,0
25.4059,712,Vehicle,ChannelLoad,0.0096,0
25.4089,1678,Vehicle,ChannelLoad,0.00112,0
25.4089,1678,Vehicle,ChannelLoad,0.00112,0
25.4105,270,Vehicle,TX_Throughput,4560,0
25.4105,270,Vehicle,TX_ObjectCount,0,0
25.4151,712,Vehicle,TX_Throughput,7760,0
25.4151,712,Vehicle,TX_ObjectCount,1,0
25.4156,639,Vehicle,TX_Throughput,4560,0
25.4156,639,Vehicle,TX_ObjectCount,0,0
25.4166,182,RSU,TX_Throughput,5280,0
25.4166,182,RSU,TX_ObjectCount,1,0
25.4168,1755,Vehicle,ChannelLoad,0.02424,0
25.4168,1755,Vehicle,ChannelLoad,0.02424,0
25.4171,862,Vehicle,TX_Throughput,7760,0
25.4171,862,Vehicle,TX_ObjectCount,1,0
25.4172,2649,Vehicle,ChannelLoad,0.01376,0
25.4172,2649,Vehicle,ChannelLoad,0.01376,0
25.4175,1901,RSU,TX_Throughput,5596.36,0
25.4175,1901,RSU,TX_ObjectCount,3,0
25.4183,787,Vehicle,ChannelLoad,0.02024,0
25.4183,787,Vehicle,ChannelLoad,0.02024,0
25.4186,2724,Vehicle,ChannelLoad,0.00896,0
25.4186,2724,Vehicle,ChannelLoad,0.00896,0
25.4188,107,Vehicle,ChannelLoad,0.01552,0
25.4188,107,Vehicle,ChannelLoad,0.01552,0
25.4191,2273,RSU,TX_Throughput,3542.53,0
25.4191,2273,RSU,TX_ObjectCount,1,0
25.4201,182,RSU,ChannelLoad,0.0116,0
25.4201,182,RSU,ChannelLoad,0.0116,0
25.4202,862,Vehicle,ChannelLoad,0.00888,0
25.4202,862,Vehicle,ChannelLoad,0.00888,0
25.4212,2051,Vehicle,TX_Throughput,2715.76,0
25.4212,2051,Vehicle,TX_ObjectCount,0,0
25.4223,1828,Vehicle,ChannelLoad,0.01008,0
25.4223,1828,Vehicle,ChannelLoad,0.01008,0
25.4231,1901,RSU,ChannelLoad,0.01288,0
25.4231,1901,RSU,ChannelLoad,0.01288,0
25.425,2799,Vehicle,ChannelLoad,0.01536,0
25.425,2799,Vehicle,ChannelLoad,0.01536,0
25.4318,937,Vehicle,ChannelLoad,0.01768,0
25.4318,937,Vehicle,ChannelLoad,0.01768,0
25.4341,416,Vehicle,TX_Throughput,4560,0
25.4341,416,Vehicle,TX_ObjectCount,0,0
25.4344,29,RSU,TX_Throughput,8080,0
25.4344,29,RSU,TX_ObjectCount,2,0
25.4344,562,Vehicle,TX_Throughput,4560,0
25.4344,562,Vehicle,TX_ObjectCount,0,0
25.4348,1755,Vehicle,TX_Throughput,4560,0
25.4348,1755,Vehicle,TX_ObjectCount,0,0
25.435,2569,RSU,TX_Throughput,1428.56,0
25.435,2569,RSU,TX_ObjectCount,0,0
25.438,2874,Vehicle,ChannelLoad,0.0088,0
25.438,2874,Vehicle,ChannelLoad,0.0088,0
25.4404,1014,Vehicle,ChannelLoad,0.01288,0
25.4404,1014,Vehicle,ChannelLoad,0.01288,0
25.4422,1977,RSU,TX_Throughput,1075.37,0
25.4422,1977,RSU,TX_ObjectCount,0,0
25.4431,1165,Vehicle,TX_Throughput,4560,0
25.4431,1165,Vehicle,TX_ObjectCount,0,0
25.4438,343,Vehicle,TX_Throughput,7760,0
25.4438,343,Vehicle,TX_ObjectCount,1,0
25.4454,1678,Vehicle,TX_Throughput,4560,0
25.4454,1678,Vehicle,TX_ObjectCount,0,0
25.4464,1089,RSU,ChannelLoad,0.0276,0
25.4464,1089,RSU,ChannelLoad,0.0276,0
25.4474,2420,Vehicle,TX_Throughput,4574.55,0
25.4474,2420,Vehicle,TX_ObjectCount,1,0
25.4481,1238,Vehicle,TX_Throughput,4560,0
25.4481,1238,Vehicle,TX_ObjectCount,0,0
25.4488,1977,RSU,ChannelLoad,0.01544,0
25.4488,1977,RSU,ChannelLoad,0.01544,0
25.4533,2051,Vehicle,ChannelLoad,0.02336,0
25.4533,2051,Vehicle,ChannelLoad,0.02336,0
25.4539,937,Vehicle,TX_Throughput,4560,0
25.4539,937,Vehicle,TX_ObjectCount,0,0
25.4557,1385,Vehicle,TX_Throughput,4560,0
25.4557,1385,Vehicle,TX_ObjectCount,0,0
25.4582,2947,Vehicle,ChannelLoad,0.00816,0
25.4582,2947,Vehicle,ChannelLoad,0.00816,0
25.459,1165,Vehicle,ChannelLoad,0.01712,0
25.459,1165,Vehicle,ChannelLoad,0.01712,0
25.4594,3020,Vehicle,ChannelLoad,0.01456,0
25.4594,3020,Vehicle,ChannelLoad,0.01456,0
25.46,489,Vehicle,TX_Throughput,4560,0
25.46,489,Vehicle,TX_ObjectCount,0,0
25.4613,1238,Vehicle,ChannelLoad,0.01616,0
25.4613,1238,Vehicle,ChannelLoad,0.01616,0
25.4637,3095,Vehicle,ChannelLoad,0.02872,0
25.4637,3095,Vehicle,ChannelLoad,0.02872,0
25.4647,2126,RSU,ChannelLoad,0.01776,0
25.4647,2126,RSU,ChannelLoad,0.01776,0
25.4649,1311,RSU,ChannelLoad,0.02088,0
25.4649,1311,RSU,ChannelLoad,0.02088,0
25.4654,2200,Vehicle,ChannelLoad,0.0164,0
25.4654,2200,Vehicle,ChannelLoad,0.0164,0
25.4682,3168,Vehicle,ChannelLoad,0.01648,0
25.4682,3168,Vehicle,ChannelLoad,0.01648,0
25.4688,1605,Vehicle,TX_Throughput,4560,0
25.4688,1605,Vehicle,TX_ObjectCount,0,0
25.4698,3243,RSU,ChannelLoad,0.01736,0
25.4698,3243,RSU,ChannelLoad,0.01736,0
25.47,2273,RSU,ChannelLoad,0.02376,0
25.47,2273,RSU,ChannelLoad,0.02376,0
25.4709,1385,Vehicle,ChannelLoad,0.01792,0
25.4709,1385,Vehicle,ChannelLoad,0.01792,0
25.471,270,Vehicle,ChannelLoad,0.01416,0
25.471,270,Vehicle,ChannelLoad,0.01416,0
25.4727,2347,Vehicle,ChannelLoad,0.0088,0
25.4727,2347,Vehicle,ChannelLoad,0.0088,0
25.4735,787,Vehicle,TX_Throughput,4560,0
25.4735,787,Vehicle,TX_ObjectCount,0,0
25.4777,2420,Vehicle,ChannelLoad,0.0108,0
25.4777,2420,Vehicle,ChannelLoad,0.0108,0
25.4781,2495,RSU,TX_Throughput,2783.82,0
25.4781,2495,RSU,TX_ObjectCount,1,0
25.4782,3095,Vehicle,TX_Throughput,3983.06,0
25.4782,3095,Vehicle,TX_ObjectCount,0,0
25.4816,1311,RSU,TX_Throughput,2080,0
25.4816,1311,RSU,TX_ObjectCount,0,0
25.4817,1089,RSU,TX_Throughput,5280,0
25.4817,1089,RSU,TX_ObjectCount,1,0
25.4831,343,Vehicle,ChannelLoad,0.03128,0
25.4831,343,Vehicle,ChannelLoad,0.03128,0
25.4832,1458,RSU,ChannelLoad,0.0256,0
25.4832,1458,RSU,ChannelLoad,0.0256,0
25.4844,3319,Vehicle,ChannelLoad,0.038,0
25.4844,3319,Vehicle,ChannelLoad,0.038,0
25.4857,2126,RSU,TX_Throughput,5280,0
25.4857,2126,RSU,TX_ObjectCount,1,0
25.4863,1532,Vehicle,ChannelLoad,0.02448,0
25.4863,1532,Vehicle,ChannelLoad,0.02448,0
25.4863,107,Vehicle,TX_Throughput,4560,0
25.4863,107,Vehicle,TX_ObjectCount,0,0
25.4865,3392,Vehicle,ChannelLoad,0.0208,0
25.4865,3392,Vehicle,ChannelLoad,0.0208,0
25.4871,416,Vehicle,ChannelLoad,0.0168,0
25.4871,416,Vehicle,ChannelLoad,0.0168,0
25.4873,2200,Vehicle,TX_Throughput,4560,0
25.4873,2200,Vehicle,TX_ObjectCount,0,0
25.4885,2495,RSU,ChannelLoad,0.02232,0
25.4885,2495,RSU,ChannelLoad,0.02232,0
25.4894,2569,RSU,ChannelLoad,0.01896,0
25.4894,2569,RSU,ChannelLoad,0.01896,0
25.4932,1532,Vehicle,TX_Throughput,4560,0
25.4932,1532,Vehicle,TX_ObjectCount,0,0
25.4939,489,Vehicle,ChannelLoad,0.00456,0
25.4939,489,Vehicle,ChannelLoad,0.00456,0
25.4941,1014,Vehicle,TX_Throughput,4560,0
25.4941,1014,Vehicle,TX_ObjectCount,0,0
25.4961,3467,RSU,ChannelLoad,0.02896,0
25.4961,3467,RSU,ChannelLoad,0.02896,0
25.4961,562,Vehicle,ChannelLoad,0.0116,0
25.4961,562,Vehicle,ChannelLoad,0.0116,0
25.4966,1605,Vehicle,ChannelLoad,0.01008,0
25.4966,1605,Vehicle,ChannelLoad,0.01008,0
25.497,2649,Vehicle,TX_Throughput,2536.09,0
25.497,2649,Vehicle,TX_ObjectCount,0,0
25.4972,1458,RSU,TX_Throughput,5280,0
25.4972,1458,RSU,TX_ObjectCount,1,0
25.4978,3541,RSU,ChannelLoad,0.0212,0
25.4978,3541,RSU,ChannelLoad,0.0212,0
25.4981,2347,Vehicle,TX_Throughput,4560,0
25.4981,2347,Vehicle,TX_ObjectCount,0,0
25.5017,1828,Vehicle,TX_Throughput,7760,0
25.5017,1828,Vehicle,TX_ObjectCount,1,0
25.502,639,Vehicle,ChannelLoad,0.01144,0
25.502,639,Vehicle,ChannelLoad,0.01144,0
25.5025,3467,RSU,TX_Throughput,7594.3,0
25.5025,3467,RSU,TX_ObjectCount,2,0
25.5038,3168,Vehicle,TX_Throughput,3363.79,0
25.5038,3168,Vehicle,TX_ObjectCount,0,0
25.5039,2799,Vehicle,TX_Throughput,2549.28,0
25.5039,2799,Vehicle,TX_ObjectCount,0,0
25.5047,29,RSU,ChannelLoad,0.02912,0
25.5047,29,RSU,ChannelLoad,0.02912,0
25.5053,3319,Vehicle,TX_Throughput,6417.69,0
25.5053,3319,Vehicle,TX_ObjectCount,1,0
25.5059,712,Vehicle,ChannelLoad,0.0192,0
25.5059,712,Vehicle,ChannelLoad,0.0192,0
25.5089,1678,Vehicle,ChannelLoad,0.00592,0
25.5089,1678,Vehicle,ChannelLoad,0.00592,0
25.5092,2874,Vehicle,TX_Throughput,2664.2,0
25.5092,2874,Vehicle,TX_ObjectCount,0,0
25.5105,270,Vehicle,TX_Throughput,4560,0
25.5105,270,Vehicle,TX_ObjectCount,0,0
25.5138,2724,Vehicle,TX_Throughput,3973.8,0
25.5138,2724,Vehicle,TX_ObjectCount,1,0
25.5147,3619,Vehicle,ChannelLoad,0.0064,0
25.5147,3619,Vehicle,ChannelLoad,0.0064,0
25.5151,712,Vehicle,TX_Throughput,10560,0
25.5151,712,Vehicle,TX_ObjectCount,2,0
25.5156,639,Vehicle,TX_Throughput,4560,0
25.5156,639,Vehicle,TX_ObjectCount,0,0
25.516,3020,Vehicle,TX_Throughput,2912.95,0
25.516,3020,Vehicle,TX_ObjectCount,0,0
25.5166,182,RSU,TX_Throughput,8080,0
25.5166,182,RSU,TX_ObjectCount,2,0
25.5168,1755,Vehicle,ChannelLoad,0.0144,0
25.5168,1755,Vehicle,ChannelLoad,0.0144,0
25.5171,862,Vehicle,TX_Throughput,4560,0
25.5171,862,Vehicle,TX_ObjectCount,0,0
25.5172,2649,Vehicle,ChannelLoad,0.00856,0
25.5172,2649,Vehicle,ChannelLoad,0.00856,0
25.5175,1901,RSU,TX_Throughput,2080,0
25.5175,1901,RSU,TX_ObjectCount,0,0
25.5183,787,Vehicle,ChannelLoad,0.01208,0
25.5183,787,Vehicle,ChannelLoad,0.01208,0
25.5186,2724,Vehicle,ChannelLoad,0.02144,0
25.5186,2724,Vehicle,ChannelLoad,0.02144,0
25.5188,107,Vehicle,ChannelLoad,0.01992,0
25.5188,107,Vehicle,ChannelLoad,0.01992,0
25.5191,2273,RSU,TX_Throughput,2080,0
25.5191,2273,RSU,TX_ObjectCount,0,0
25.5201,182,RSU,ChannelLoad,0.0216,0
25.5201,182,RSU,ChannelLoad,0.0216,0
25.5202,862,Vehicle,ChannelLoad,0.02472,0
25.5202,862,Vehicle,ChannelLoad,0.02472,0
25.5212,2051,Vehicle,TX_Throughput,7760,0
25.5212,2051,Vehicle,TX_ObjectCount,1,0
25.5223,1828,Vehicle,ChannelLoad,0.01192,0
25.5223,1828,Vehicle,ChannelLoad,0.01192,0
25.5231,1901,RSU,ChannelLoad,0.02272,0
25.5231,1901,RSU,ChannelLoad,0.02272,0
25.5237,3692,Vehicle,ChannelLoad,0.03296,0
25.5237,3692,Vehicle,ChannelLoad,0.03296,0
25.525,2799,Vehicle,ChannelLoad,0.0264,0
25.525,2799,Vehicle,ChannelLoad,0.0264,0
25.5286,2947,Vehicle,TX_Throughput,2675.31,0
25.5286,2947,Vehicle,TX_ObjectCount,0,0
25.5318,937,Vehicle,ChannelLoad,0.02096,0
25.5318,937,Vehicle,ChannelLoad,0.02096,0
25.5333,3765,RSU,ChannelLoad,0.02512,0
25.5333,3765,RSU,ChannelLoad,0.02512,0
25.5334,3692,Vehicle,TX_Throughput,4153.59,0
25.5334,3692,Vehicle,TX_ObjectCount,0,0
25.5341,416,Vehicle,TX_Throughput,7760,0
25.5341,416,Vehicle,TX_ObjectCount,1,0
25.5344,29,RSU,TX_Throughput,16480,0
25.5344,29,RSU,TX_ObjectCount,5,0
25.5344,562,Vehicle,TX_Throughput,4560,0
25.5344,562,Vehicle,TX_ObjectCount,0,0
25.5348,1755,Vehicle,TX_Throughput,4560,0
25.5348,1755,Vehicle,TX_ObjectCount,0,0
25.535,2569,RSU,TX_Throughput,5280,0
25.535,2569,RSU,TX_ObjectCount,1,0
25.537,3839,Vehicle,ChannelLoad,0.0372,0
25.537,3839,Vehicle,ChannelLoad,0.0372,0
25.5376,3912,Vehicle,ChannelLoad,0.01744,0
25.5376,3912,Vehicle,ChannelLoad,0.01744,0
25.538,2874,Vehicle,ChannelLoad,0.01424,0
25.538,2874,Vehicle,ChannelLoad,0.01424,0
25.5404,1014,Vehicle,ChannelLoad,0.01,0
25.5404,1014,Vehicle,ChannelLoad,0.01,0
25.5422,1977,RSU,TX_Throughput,2080,0
25.5422,1977,RSU,TX_ObjectCount,0,0
25.5429,3912,Vehicle,TX_Throughput,4328.73,0
25.5429,3912,Vehicle,TX_ObjectCount,0,0
25.5431,1165,Vehicle,TX_Throughput,4560,0
25.5431,1165,Vehicle,TX_ObjectCount,0,0
25.5438,343,Vehicle,TX_Throughput,10560,0
25.5438,343,Vehicle,TX_ObjectCount,2,0
25.5454,1678,Vehicle,TX_Throughput,4560,0
25.5454,1678,Vehicle,TX_ObjectCount,0,0
25.5464,1089,RSU,ChannelLoad,0.04168,0
25.5464,1089,RSU,ChannelLoad,0.04168,0
25.5471,3989,RSU,ChannelLoad,0.02496,0
25.5471,3989,RSU,ChannelLoad,0.02496,0
25.5474,2420,Vehicle,TX_Throughput,4560,0
25.5474,2420,Vehicle,TX_ObjectCount,0,0
25.5481,1238,Vehicle,TX_Throughput,4560,0
25.5481,1238,Vehicle,TX_ObjectCount,0,0
25.5488,1977,RSU,ChannelLoad,0.03096,0
25.5488,1977,RSU,ChannelLoad,0.03096,0
25.5492,4063,RSU,ChannelLoad,0.00408,0
25.5492,4063,RSU,ChannelLoad,0.00408,0
25.5499,4137,Vehicle,ChannelLoad,0.032,0
25.5499,4137,Vehicle,ChannelLoad,0.032,0
25.5533,2051,Vehicle,ChannelLoad,0.02648,0
25.5533,2051,Vehicle,ChannelLoad,0.02648,0
25.5539,937,Vehicle,TX_Throughput,4560,0
25.5539,937,Vehicle,TX_ObjectCount,0,0
25.5557,1385,Vehicle,TX_Throughput,4560,0
25.5557,1385,Vehicle,TX_ObjectCount,0,0
25.5562,4212,Vehicle,ChannelLoad,0.02792,0
25.5562,4212,Vehicle,ChannelLoad,0.02792,0
25.5582,2947,Vehicle,ChannelLoad,0.01728,0
25.5582,2947,Vehicle,ChannelLoad,0.01728,0
25.5589,4063,RSU,TX_Throughput,1896.86,0
25.5589,4063,RSU,TX_ObjectCount,0,0
25.559,1165,Vehicle,ChannelLoad,0.01432,0
25.559,1165,Vehicle,ChannelLoad,0.01432,0
25.5594,3020,Vehicle,ChannelLoad,0.02984,0
25.5594,3020,Vehicle,ChannelLoad,0.02984,0
25.56,489,Vehicle,TX_Throughput,4560,0
25.56,489,Vehicle,TX_ObjectCount,0,0
25.5602,3243,RSU,TX_Throughput,1092.6,0
25.5602,3243,RSU,TX_ObjectCount,0,0
25.5603,3839,Vehicle,TX_Throughput,8569.8,0
25.5603,3839,Vehicle,TX_ObjectCount,2,0
25.5613,1238,Vehicle,ChannelLoad,0.03504,0
25.5613,1238,Vehicle,ChannelLoad,0.03504,0
25.5631,4137,Vehicle,TX_Throughput,4030.11,0
25.5631,4137,Vehicle,TX_ObjectCount,0,0
25.5637,3095,Vehicle,ChannelLoad,0.03488,0
25.5637,3095,Vehicle,ChannelLoad,0.03488,0
25.5647,2126,RSU,ChannelLoad,0.02856,0
25.5647,2126,RSU,ChannelLoad,0.02856,0
25.5649,1311,RSU,ChannelLoad,0.0144,0
25.5649,1311,RSU,ChannelLoad,0.0144,0
25.5654,2200,Vehicle,ChannelLoad,0.03416,0
25.5654,2200,Vehicle,ChannelLoad,0.03416,0
25.5663,4287,Vehicle,ChannelLoad,0.05608,0
25.5663,4287,Vehicle,ChannelLoad,0.05608,0
25.5682,3168,Vehicle,ChannelLoad,0.02128,0
25.5682,3168,Vehicle,ChannelLoad,0.02128,0
25.5687,4360,Vehicle,ChannelLoad,0.03088,0
25.5687,4360,Vehicle,ChannelLoad,0.03088,0
25.5688,1605,Vehicle,TX_Throughput,4560,0
25.5688,1605,Vehicle,TX_ObjectCount,0,0
25.5698,3243,RSU,ChannelLoad,0.02376,0
25.5698,3243,RSU,ChannelLoad,0.02376,0
25.57,2273,RSU,ChannelLoad,0.03256,0
25.57,2273,RSU,ChannelLoad,0.03256,0
25.5709,1385,Vehicle,ChannelLoad,0.02,0
25.5709,1385,Vehicle,ChannelLoad,0.02,0
25.571,270,Vehicle,ChannelLoad,0.01848,0
25.571,270,Vehicle,ChannelLoad,0.01848,0
25.5727,2347,Vehicle,ChannelLoad,0.01912,0
25.5727,2347,Vehicle,ChannelLoad,0.01912,0
25.5735,787,Vehicle,TX_Throughput,4560,0
25.5735,787,Vehicle,TX_ObjectCount,0,0
25.5777,4439,Vehicle,ChannelLoad,0.03472,0
25.5777,4439,Vehicle,ChannelLoad,0.03472,0
25.5777,2420,Vehicle,ChannelLoad,0.01904,0
25.5777,2420,Vehicle,ChannelLoad,0.01904,0
25.5781,2495,RSU,TX_Throughput,8080,0
25.5781,2495,RSU,TX_ObjectCount,2,0
25.5782,3095,Vehicle,TX_Throughput,4560,0
25.5782,3095,Vehicle,TX_ObjectCount,0,0
25.5794,3392,Vehicle,TX_Throughput,4021.71,0
25.5794,3392,Vehicle,TX_ObjectCount,1,0
25.58,4512,Vehicle,ChannelLoad,0.03072,0
25.58,4512,Vehicle,ChannelLoad,0.03072,0
25.5816,1311,RSU,TX_Throughput,5280,0
25.5816,1311,RSU,TX_ObjectCount,1,0
25.5817,1089,RSU,TX_Throughput,13680,0
25.5817,1089,RSU,TX_ObjectCount,4,0
25.5824,4212,Vehicle,TX_Throughput,3612.97,0
25.5824,4212,Vehicle,TX_ObjectCount,0,0
25.5831,343,Vehicle,ChannelLoad,0.0288,0
25.5831,343,Vehicle,ChannelLoad,0.0288,0
25.5832,1458,RSU,ChannelLoad,0.0476,0
25.5832,1458,RSU,ChannelLoad,0.0476,0
25.5844,3319,Vehicle,ChannelLoad,0.0352,0
25.5844,3319,Vehicle,ChannelLoad,0.0352,0
25.5855,3541,RSU,TX_Throughput,1108.44,0
25.5855,3541,RSU,TX_ObjectCount,0,0
25.5857,2126,RSU,TX_Throughput,8080,0
25.5857,2126,RSU,TX_ObjectCount,2,0
25.5863,1532,Vehicle,ChannelLoad,0.03512,0
25.5863,1532,Vehicle,ChannelLoad,0.03512,0
25.5863,107,Vehicle,TX_Throughput,4560,0
25.5863,107,Vehicle,TX_ObjectCount,0,0
25.5865,3392,Vehicle,ChannelLoad,0.01312,0
25.5865,3392,Vehicle,ChannelLoad,0.01312,0
25.5871,416,Vehicle,ChannelLoad,0.01968,0
25.5871,416,Vehicle,ChannelLoad,0.01968,0
25.5873,2200,Vehicle,TX_Throughput,4560,0
25.5873,2200,Vehicle,TX_ObjectCount,0,0
25.5885,2495,RSU,ChannelLoad,0.04384,0
25.5885,2495,RSU,ChannelLoad,0.04384,0
25.5894,2569,RSU,ChannelLoad,0.0392,0
25.5894,2569,RSU,ChannelLoad,0.0392,0
25.592,3619,Vehicle,TX_Throughput,2571.44,0
25.592,3619,Vehicle,TX_ObjectCount,0,0
25.5932,1532,Vehicle,TX_Throughput,7760,0
25.5932,1532,Vehicle,TX_ObjectCount,1,0
25.5939,489,Vehicle,ChannelLoad,0.0132,0
25.5939,489,Vehicle,ChannelLoad,0.0132,0
25.5941,1014,Vehicle,TX_Throughput,4560,0
25.5941,1014,Vehicle,TX_ObjectCount,0,0
25.5961,3467,RSU,ChannelLoad,0.03512,0
25.5961,3467,RSU,ChannelLoad,0.03512,0
25.5961,562,Vehicle,ChannelLoad,0.03344,0
25.5961,562,Vehicle,ChannelLoad,0.03344,0
25.5966,1605,Vehicle,ChannelLoad,0.01856,0
25.5966,1605,Vehicle,ChannelLoad,0.01856,0
25.597,2649,Vehicle,TX_Throughput,4560,0
25.597,2649,Vehicle,TX_ObjectCount,0,0
25.5972,1458,RSU,TX_Throughput,2080,0
25.5972,1458,RSU,TX_ObjectCount,0,0
25.5978,3541,RSU,ChannelLoad,0.02728,0
25.5978,3541,RSU,ChannelLoad,0.02728,0
25.5981,2347,Vehicle,TX_Throughput,7760,0
25.5981,2347,Vehicle,TX_ObjectCount,1,0
25.6017,1828,Vehicle,TX_Throughput,7760,0
25.6017,1828,Vehicle,TX_ObjectCount,1,0
25.602,639,Vehicle,ChannelLoad,0.02888,0
25.602,639,Vehicle,ChannelLoad,0.02888,0
25.6025,3467,RSU,TX_Throughput,5280,0
25.6025,3467,RSU,TX_ObjectCount,1,0
25.6038,3168,Vehicle,TX_Throughput,4560,0
25.6038,3168,Vehicle,TX_ObjectCount,0,0
25.6039,2799,Vehicle,TX_Throughput,7760,0
25.6039,2799,Vehicle,TX_ObjectCount,1,0
25.6047,29,RSU,ChannelLoad,0.04776,0
25.6047,29,RSU,ChannelLoad,0.04776,0
25.6053,3319,Vehicle,TX_Throughput,7760,0
25.6053,3319,Vehicle,TX_ObjectCount,1,0
25.6059,712,Vehicle,ChannelLoad,0.0188,0
25.6059,712,Vehicle,ChannelLoad,0.0188,0
25.6089,1678,Vehicle,ChannelLoad,0.01688,0
25.6089,1678,Vehicle,ChannelLoad,0.01688,0
25.6092,2874,Vehicle,TX_Throughput,4560,0
25.6092,2874,Vehicle,TX_ObjectCount,0,0
25.6105,270,Vehicle,TX_Throughput,4560,0
25.6105,270,Vehicle,TX_ObjectCount,0,0
25.6138,2724,Vehicle,TX_Throughput,4560,0
25.6138,2724,Vehicle,TX_ObjectCount,0,0
25.6147,3619,Vehicle,ChannelLoad,0.0228,0
25.6147,3619,Vehicle,ChannelLoad,0.0228,0
25.6151,712,Vehicle,TX_Throughput,10560,0
25.6151,712,Vehicle,TX_ObjectCount,2,0
25.6156,639,Vehicle,TX_Throughput,4560,0
25.6156,639,Vehicle,TX_ObjectCount,0,0
25.616,3020,Vehicle,TX_Throughput,4560,0
25.616,3020,Vehicle,TX_ObjectCount,0,0
25.6166,182,RSU,TX_Throughput,10880,0
25.6166,182,RSU,TX_ObjectCount,3,0
25.6168,1755,Vehicle,ChannelLoad,0.02672,0
25.6168,1755,Vehicle,ChannelLoad,0.02672,0
25.6171,862,Vehicle,TX_Throughput,7760,0
25.6171,862,Vehicle,TX_ObjectCount,1,0
25.6172,2649,Vehicle,ChannelLoad,0.01128,0
25.6172,2649,Vehicle,ChannelLoad,0.01128,0
25.6175,1901,RSU,TX_Throughput,5280,0
25.6175,1901,RSU,TX_ObjectCount,1,0
25.6183,787,Vehicle,ChannelLoad,0.02432,0
25.6183,787,Vehicle,ChannelLoad,0.02432,0
25.6186,2724,Vehicle,ChannelLoad,0.01896,0
25.6186,2724,Vehicle,ChannelLoad,0.01896,0
25.6188,107,Vehicle,ChannelLoad,0.04024,0
25.6188,107,Vehicle,ChannelLoad,0.04024,0
25.6191,2273,RSU,TX_Throughput,2080,0
25.6191,2273,RSU,TX_ObjectCount,0,0
25.6201,182,RSU,ChannelLoad,0.0196,0
25.6201,182,RSU,ChannelLoad,0.0196,0
25.6202,862,Vehicle,ChannelLoad,0.02424,0
25.6202,862,Vehicle,ChannelLoad,0.02424,0
25.6212,2051,Vehicle,TX_Throughput,7760,0
25.6212,2051,Vehicle,TX_ObjectCount,1,0
25.6223,1828,Vehicle,ChannelLoad,0.02376,0
25.6223,1828,Vehicle,ChannelLoad,0.02376,0
25.6231,1901,RSU,ChannelLoad,0.03512,0
25.6231,1901,RSU,ChannelLoad,0.03512,0
25.6237,3692,Vehicle,ChannelLoad,0.05088,0
25.6237,3692,Vehicle,ChannelLoad,0.05088,0
25.625,2799,Vehicle,ChannelLoad,0.02248,0
25.625,2799,Vehicle,ChannelLoad,0.02248,0
25.6282,3989,RSU,TX_Throughput,1148.9,0
25.6282,3989,RSU,TX_ObjectCount,0,0
25.6286,2947,Vehicle,TX_Throughput,4560,0
25.6286,2947,Vehicle,TX_ObjectCount,0,0
25.6294,3765,RSU,TX_Throughput,2692.73,0
25.6294,3765,RSU,TX_ObjectCount,1,0
25.6318,937,Vehicle,ChannelLoad,0.02504,0
25.6318,937,Vehicle,ChannelLoad,0.02504,0
25.6319,4512,Vehicle,TX_Throughput,5109.18,0
25.6319,4512,Vehicle,TX_ObjectCount,1,0
25.6333,3765,RSU,ChannelLoad,0.02696,0
25.6333,3765,RSU,ChannelLoad,0.02696,0
25.6334,3692,Vehicle,TX_Throughput,4560,0
25.6334,3692,Vehicle,TX_ObjectCount,0,0
25.6341,416,Vehicle,TX_Throughput,4560,0
25.6341,416,Vehicle,TX_ObjectCount,0,0
25.6344,29,RSU,TX_Throughput,8080,0
25.6344,29,RSU,TX_ObjectCount,2,0
25.6344,562,Vehicle,TX_Throughput,4560,0
25.6344,562,Vehicle,TX_ObjectCount,0,0
25.6348,1755,Vehicle,TX_Throughput,4560,0
25.6348,1755,Vehicle,TX_ObjectCount,0,0
25.635,2569,RSU,TX_Throughput,8080,0
25.635,2569,RSU,TX_ObjectCount,2,0
25.637,3839,Vehicle,ChannelLoad,0.044,0
25.637,3839,Vehicle,ChannelLoad,0.044,0
25.6374,4599,Vehicle,ChannelLoad,0.02264,0
25.6374,4599,Vehicle,ChannelLoad,0.02264,0
25.6376,3912,Vehicle,ChannelLoad,0.02368,0
25.6376,3912,Vehicle,ChannelLoad,0.02368,0
25.638,2874,Vehicle,ChannelLoad,0.01096,0
25.638,2874,Vehicle,ChannelLoad,0.01096,0
25.6384,4360,Vehicle,TX_Throughput,4572.78,0
25.6384,4360,Vehicle,TX_ObjectCount,1,0
25.6404,1014,Vehicle,ChannelLoad,0.0188,0
25.6404,1014,Vehicle,ChannelLoad,0.0188,0
25.6422,1977,RSU,TX_Throughput,2080,0
25.6422,1977,RSU,TX_ObjectCount,0,0
25.6429,3912,Vehicle,TX_Throughput,4560,0
25.6429,3912,Vehicle,TX_ObjectCount,0,0
25.6431,1165,Vehicle,TX_Throughput,4560,0
25.6431,1165,Vehicle,TX_ObjectCount,0,0
25.6438,343,Vehicle,TX_Throughput,7760,0
25.6438,343,Vehicle,TX_ObjectCount,1,0
25.6449,4672,Vehicle,ChannelLoad,0.03376,0
25.6449,4672,Vehicle,ChannelLoad,0.03376,0
25.6452,4287,Vehicle,TX_Throughput,2549.56,0
25.6452,4287,Vehicle,TX_ObjectCount,0,0
25.6454,1678,Vehicle,TX_Throughput,4560,0
25.6454,1678,Vehicle,TX_ObjectCount,0,0
25.6464,1089,RSU,ChannelLoad,0.0568,0
25.6464,1089,RSU,ChannelLoad,0.0568,0
25.6471,3989,RSU,ChannelLoad,0.03488,0
25.6471,3989,RSU,ChannelLoad,0.03488,0
25.6474,2420,Vehicle,TX_Throughput,7760,0
25.6474,2420,Vehicle,TX_ObjectCount,1,0
25.6481,1238,Vehicle,TX_Throughput,7760,0
25.6481,1238,Vehicle,TX_ObjectCount,1,0
25.6488,1977,RSU,ChannelLoad,0.02528,0
25.6488,1977,RSU,ChannelLoad,0.02528,0
25.6488,4745,Vehicle,ChannelLoad,0.02304,0
25.6488,4745,Vehicle,ChannelLoad,0.02304,0
25.6492,4063,RSU,ChannelLoad,0.02432,0
25.6492,4063,RSU,ChannelLoad,0.02432,0
25.6499,4137,Vehicle,ChannelLoad,0.04488,0
25.6499,4137,Vehicle,ChannelLoad,0.04488,0
25.6528,4818,RSU,ChannelLoad,0.0408,0
25.6528,4818,RSU,ChannelLoad,0.0408,0
25.6533,2051,Vehicle,ChannelLoad,0.05432,0
25.6533,2051,Vehicle,ChannelLoad,0.05432,0
25.6539,937,Vehicle,TX_Throughput,4560,0
25.6539,937,Vehicle,TX_ObjectCount,0,0
25.6557,1385,Vehicle,TX_Throughput,4560,0
25.6557,1385,Vehicle,TX_ObjectCount,0,0
25.6562,4212,Vehicle,ChannelLoad,0.04096,0
25.6562,4212,Vehicle,ChannelLoad,0.04096,0
25.6582,2947,Vehicle,ChannelLoad,0.02912,0
25.6582,2947,Vehicle,ChannelLoad,0.02912,0
25.6589,4063,RSU,TX_Throughput,2080,0
25.6589,4063,RSU,TX_ObjectCount,0,0
25.659,1165,Vehicle,ChannelLoad,0.02824,0
25.659,1165,Vehicle,ChannelLoad,0.02824,0
25.6594,3020,Vehicle,ChannelLoad,0.04904,0
25.6594,3020,Vehicle,ChannelLoad,0.04904,0
25.66,489,Vehicle,TX_Throughput,4560,0
25.66,489,Vehicle,TX_ObjectCount,0,0
25.6602,3243,RSU,TX_Throughput,2080,0
25.6602,3243,RSU,TX_ObjectCount,0,0
25.6603,3839,Vehicle,TX_Throughput,10560,0
25.6603,3839,Vehicle,TX_ObjectCount,2,0
25.6613,1238,Vehicle,ChannelLoad,0.03824,0
25.6613,1238,Vehicle,ChannelLoad,0.03824,0
25.6627,4818,RSU,TX_Throughput,4806.65,0
25.6627,4818,RSU,TX_ObjectCount,1,0
25.6631,4137,Vehicle,TX_Throughput,4560,0
25.6631,4137,Vehicle,TX_ObjectCount,0,0
25.6632,4599,Vehicle,TX_Throughput,6165.17,0
25.6632,4599,Vehicle,TX_ObjectCount,1,0
25.6634,4672,Vehicle,TX_Throughput,3847.35,0
25.6634,4672,Vehicle,TX_ObjectCount,0,0
25.6637,3095,Vehicle,ChannelLoad,0.05088,0
25.6637,3095,Vehicle,ChannelLoad,0.05088,0
25.6647,2126,RSU,ChannelLoad,0.04504,0
25.6647,2126,RSU,ChannelLoad,0.04504,0
25.6649,1311,RSU,ChannelLoad,0.0368,0
25.6649,1311,RSU,ChannelLoad,0.0368,0
25.6652,4892,Vehicle,ChannelLoad,0.02776,0
25.6652,4892,Vehicle,ChannelLoad,0.02776,0
25.6654,2200,Vehicle,ChannelLoad,0.03864,0
25.6654,2200,Vehicle,ChannelLoad,0.03864,0
25.6663,4287,Vehicle,ChannelLoad,0.04576,0
25.6663,4287,Vehicle,ChannelLoad,0.04576,0
25.6669,4439,Vehicle,TX_Throughput,2410.08,0
25.6669,4439,Vehicle,TX_ObjectCount,0,0
25.668,4967,Vehicle,ChannelLoad,0.02528,0
25.668,4967,Vehicle,ChannelLoad,0.02528,0
25.6682,3168,Vehicle,ChannelLoad,0.0228,0
25.6682,3168,Vehicle,ChannelLoad,0.0228,0
25.6684,5040,Vehicle,ChannelLoad,0.0428,0
25.6684,5040,Vehicle,ChannelLoad,0.0428,0
25.6687,4360,Vehicle,ChannelLoad,0.03648,0
25.6687,4360,Vehicle,ChannelLoad,0.03648,0
25.6688,1605,Vehicle,TX_Throughput,4560,0
25.6688,1605,Vehicle,TX_ObjectCount,0,0
25.6696,5113,RSU,ChannelLoad,0.04664,0
25.6696,5113,RSU,ChannelLoad,0.04664,0
25.6698,3243,RSU,ChannelLoad,0.02312,0
25.6698,3243,RSU,ChannelLoad,0.02312,0
25.67,2273,RSU,ChannelLoad,0.04272,0
25.67,2273,RSU,ChannelLoad,0.04272,0
25.6702,5187,Vehicle,ChannelLoad,0.02632,0
25.6702,5187,Vehicle,ChannelLoad,0.02632,0
25.6709,1385,Vehicle,ChannelLoad,0.01856,0
25.6709,1385,Vehicle,ChannelLoad,0.01856,0
25.671,270,Vehicle,ChannelLoad,0.03848,0
25.671,270,Vehicle,ChannelLoad,0.03848,0
25.6723,5260,RSU,ChannelLoad,0.0404,0
25.6723,5260,RSU,ChannelLoad,0.0404,0
25.6727,2347,Vehicle,ChannelLoad,0.02336,0
25.6727,2347,Vehicle,ChannelLoad,0.02336,0
25.6735,787,Vehicle,TX_Throughput,4560,0
25.6735,787,Vehicle,TX_ObjectCount,0,0
25.6759,5334,Vehicle,ChannelLoad,0.04104,0
25.6759,5334,Vehicle,ChannelLoad,0.04104,0
25.6762,5407,RSU,ChannelLoad,0.04952,0
25.6762,5407,RSU,ChannelLoad,0.04952,0
25.6777,4439,Vehicle,ChannelLoad,0.03984,0
25.6777,4439,Vehicle,ChannelLoad,0.03984,0
25.6777,2420,Vehicle,ChannelLoad,0.01256,0
25.6777,2420,Vehicle,ChannelLoad,0.01256,0
25.6781,2495,RSU,TX_Throughput,2080,0
25.6781,2495,RSU,TX_ObjectCount,0,0
25.6782,3095,Vehicle,TX_Throughput,7760,0
25.6782,3095,Vehicle,TX_ObjectCount,1,0
25.6794,3392,Vehicle,TX_Throughput,4560,0
25.6794,3392,Vehicle,TX_ObjectCount,0,0
25.68,4512,Vehicle,ChannelLoad,0.04064,0
25.68,4512,Vehicle,ChannelLoad,0.04064,0
25.6816,1311,RSU,TX_Throughput,2080,0
25.6816,1311,RSU,TX_ObjectCount,0,0
25.6817,1089,RSU,TX_Throughput,5280,0
25.6817,1089,RSU,TX_ObjectCount,1,0
25.6819,5481,Vehicle,ChannelLoad,0.02696,0
25.6819,5481,Vehicle,ChannelLoad,0.02696,0
25.682,5554,Vehicle,ChannelLoad,0.04256,0
25.682,5554,Vehicle,ChannelLoad,0.04256,0
25.6824,4212,Vehicle,TX_Throughput,4560,0
25.6824,4212,Vehicle,TX_ObjectCount,0,0
25.6831,343,Vehicle,ChannelLoad,0.05056,0
25.6831,343,Vehicle,ChannelLoad,0.05056,0
25.6832,1458,RSU,ChannelLoad,0.0528,0
25.6832,1458,RSU,ChannelLoad,0.0528,0
25.6844,3319,Vehicle,ChannelLoad,0.05736,0
25.6844,3319,Vehicle,ChannelLoad,0.05736,0
25.6855,3541,RSU,TX_Throughput,2080,0
25.6855,3541,RSU,TX_ObjectCount,0,0
25.6857,2126,RSU,TX_Throughput,8080,0
25.6857,2126,RSU,TX_ObjectCount,2,0
25.6863,1532,Vehicle,ChannelLoad,0.05416,0
25.6863,1532,Vehicle,ChannelLoad,0.05416,0
25.6863,107,Vehicle,TX_Throughput,4560,0
25.6863,107,Vehicle,TX_ObjectCount,0,0
25.6865,3392,Vehicle,ChannelLoad,0.02072,0
25.6865,3392,Vehicle,ChannelLoad,0.02072,0
25.6865,5627,RSU,ChannelLoad,0.05616,0
25.6865,5627,RSU,ChannelLoad,0.05616,0
25.6871,416,Vehicle,ChannelLoad,0.03472,0
25.6871,416,Vehicle,ChannelLoad,0.03472,0
25.6873,2200,Vehicle,TX_Throughput,7760,0
25.6873,2200,Vehicle,TX_ObjectCount,1,0
25.6885,2495,RSU,ChannelLoad,0.05536,0
25.6885,2495,RSU,ChannelLoad,0.05536,0
25.6894,2569,RSU,ChannelLoad,0.03344,0
25.6894,2569,RSU,ChannelLoad,0.03344,0
25.692,3619,Vehicle,TX_Throughput,4560,0
25.692,3619,Vehicle,TX_ObjectCount,0,0
25.692,5701,RSU,ChannelLoad,0.04704,0
25.692,5701,RSU,ChannelLoad,0.04704,0
25.6928,5775,Vehicle,ChannelLoad,0.03768,0
25.6928,5775,Vehicle,ChannelLoad,0.03768,0
25.6932,1532,Vehicle,TX_Throughput,7760,0
25.6932,1532,Vehicle,TX_ObjectCount,1,0
25.6939,489,Vehicle,ChannelLoad,0.01064,0
25.6939,489,Vehicle,ChannelLoad,0.01064,0
25.6941,1014,Vehicle,TX_Throughput,4560,0
25.6941,1014,Vehicle,TX_ObjectCount,0,0
25.6961,3467,RSU,ChannelLoad,0.05952,0
25.6961,3467,RSU,ChannelLoad,0.05952,0
25.6961,562,Vehicle,ChannelLoad,0.02424,0
25.6961,562,Vehicle,ChannelLoad,0.02424,0
25.6962,4892,Vehicle,TX_Throughput,3480.74,0
25.6962,4892,Vehicle,TX_ObjectCount,0,0
25.6966,1605,Vehicle,ChannelLoad,0.01992,0
25.6966,1605,Vehicle,ChannelLoad,0.01992,0
25.697,2649,Vehicle,TX_Throughput,10560,0
25.697,2649,Vehicle,TX_ObjectCount,2,0
25.6972,1458,RSU,TX_Throughput,5280,0
25.6972,1458,RSU,TX_ObjectCount,1,0
25.6978,3541,RSU,ChannelLoad,0.0372,0
25.6978,3541,RSU,ChannelLoad,0.0372,0
25.6981,2347,Vehicle,TX_Throughput,7760,0
25.6981,2347,Vehicle,TX_ObjectCount,1,0
25.6997,5040,Vehicle,TX_Throughput,5911.24,0
25.6997,5040,Vehicle,TX_ObjectCount,1,0
25.7017,1828,Vehicle,TX_Throughput,7760,0
25.7017,1828,Vehicle,TX_ObjectCount,1,0
25.702,639,Vehicle,ChannelLoad,0.01496,0
25.702,639,Vehicle,ChannelLoad,0.01496,0
25.7025,3467,RSU,TX_Throughput,8080,0
25.7025,3467,RSU,TX_ObjectCount,2,0
25.7038,3168,Vehicle,TX_Throughput,4560,0
25.7038,3168,Vehicle,TX_ObjectCount,0,0
25.7039,2799,Vehicle,TX_Throughput,4560,0
25.7039,2799,Vehicle,TX_ObjectCount,0,0
25.7047,5481,Vehicle,TX_Throughput,13156.8,0
25.7047,5481,Vehicle,TX_ObjectCount,4,0
25.7047,29,RSU,ChannelLoad,0.04032,0
25.7047,29,RSU,ChannelLoad,0.04032,0
25.7053,3319,Vehicle,TX_Throughput,7760,0
25.7053,3319,Vehicle,TX_ObjectCount,1,0
25.7059,712,Vehicle,ChannelLoad,0.04024,0
25.7059,712,Vehicle,ChannelLoad,0.04024,0
25.7078,5852,Vehicle,ChannelLoad,0.03632,0
25.7078,5852,Vehicle,ChannelLoad,0.03632,0
25.7089,1678,Vehicle,ChannelLoad,0.01296,0
25.7089,1678,Vehicle,ChannelLoad,0.01296,0
25.7092,2874,Vehicle,TX_Throughput,7760,0
25.7092,2874,Vehicle,TX_ObjectCount,1,0
25.7105,270,Vehicle,TX_Throughput,4560,0
25.7105,270,Vehicle,TX_ObjectCount,0,0
25.7121,5925,Vehicle,ChannelLoad,0.02312,0
25.7121,5925,Vehicle,ChannelLoad,0.02312,0
25.7131,5998,Vehicle,ChannelLoad,0.026,0
25.7131,5998,Vehicle,ChannelLoad,0.026,0
25.7138,2724,Vehicle,TX_Throughput,4560,0
25.7138,2724,Vehicle,TX_ObjectCount,0,0
25.7147,5260,RSU,TX_Throughput,17470.8,0
25.7147,5260,RSU,TX_ObjectCount,8,0
25.7147,3619,Vehicle,ChannelLoad,0.02632,0
25.7147,3619,Vehicle,ChannelLoad,0.02632,0
25.7151,712,Vehicle,TX_Throughput,10560,0
25.7151,712,Vehicle,TX_ObjectCount,2,0
25.7156,639,Vehicle,TX_Throughput,4560,0
25.7156,639,Vehicle,TX_ObjectCount,0,0
25.716,3020,Vehicle,TX_Throughput,4560,0
25.716,3020,Vehicle,TX_ObjectCount,0,0
25.7166,182,RSU,TX_Throughput,5280,0
25.7166,182,RSU,TX_ObjectCount,1,0
25.7168,1755,Vehicle,ChannelLoad,0.06024,0
25.7168,1755,Vehicle,ChannelLoad,0.06024,0
25.7169,6071,Vehicle,ChannelLoad,0.016,0
25.7169,6071,Vehicle,ChannelLoad,0.016,0
25.7171,862,Vehicle,TX_Throughput,4560,0
25.7171,862,Vehicle,TX_ObjectCount,0,0
25.7172,2649,Vehicle,ChannelLoad,0.04456,0
25.7172,2649,Vehicle,ChannelLoad,0.04456,0
25.7175,1901,RSU,TX_Throughput,10880,0
25.7175,1901,RSU,TX_ObjectCount,3,0
25.7183,787,Vehicle,ChannelLoad,0.02856,0
25.7183,787,Vehicle,ChannelLoad,0.02856,0
25.7186,2724,Vehicle,ChannelLoad,0.03064,0
25.7186,2724,Vehicle,ChannelLoad,0.03064,0
25.7188,107,Vehicle,ChannelLoad,0.02536,0
25.7188,107,Vehicle,ChannelLoad,0.02536,0
25.7191,2273,RSU,TX_Throughput,8080,0
25.7191,2273,RSU,TX_ObjectCount,2,0
25.7201,182,RSU,ChannelLoad,0.03536,0
25.7201,182,RSU,ChannelLoad,0.03536,0
25.7202,862,Vehicle,ChannelLoad,0.03248,0
25.7202,862,Vehicle,ChannelLoad,0.03248,0
25.7212,2051,Vehicle,TX_Throughput,7760,0
25.7212,2051,Vehicle,TX_ObjectCount,1,0
25.7223,1828,Vehicle,ChannelLoad,0.02488,0
25.7223,1828,Vehicle,ChannelLoad,0.02488,0
25.7228,6146,Vehicle,ChannelLoad,0.02544,0
25.7228,6146,Vehicle,ChannelLoad,0.02544,0
25.7231,1901,RSU,ChannelLoad,0.03424,0
25.7231,1901,RSU,ChannelLoad,0.03424,0
25.7237,3692,Vehicle,ChannelLoad,0.0484,0
25.7237,3692,Vehicle,ChannelLoad,0.0484,0
25.7244,5627,RSU,TX_Throughput,7889.45,0
25.7244,5627,RSU,TX_ObjectCount,3,0
25.725,2799,Vehicle,ChannelLoad,0.032,0
25.725,2799,Vehicle,ChannelLoad,0.032,0
25.7282,3989,RSU,TX_Throughput,5280,0
25.7282,3989,RSU,TX_ObjectCount,1,0
25.7286,2947,Vehicle,TX_Throughput,4560,0
25.7286,2947,Vehicle,TX_ObjectCount,0,0
25.7294,3765,RSU,TX_Throughput,2080,0
25.7294,3765,RSU,TX_ObjectCount,0,0
25.7318,937,Vehicle,ChannelLoad,0.02184,0
25.7318,937,Vehicle,ChannelLoad,0.02184,0
25.7319,4512,Vehicle,TX_Throughput,4560,0
25.7319,4512,Vehicle,TX_ObjectCount,0,0
25.7333,3765,RSU,ChannelLoad,0.03072,0
25.7333,3765,RSU,ChannelLoad,0.03072,0
25.7334,3692,Vehicle,TX_Throughput,4560,0
25.7334,3692,Vehicle,TX_ObjectCount,0,0
25.7336,5187,Vehicle,TX_Throughput,4749.28,0
25.7336,5187,Vehicle,TX_ObjectCount,1,0
25.7341,416,Vehicle,TX_Throughput,7760,0
25.7341,416,Vehicle,TX_ObjectCount,1,0
25.7343,6223,Vehicle,ChannelLoad,0.02856,0
25.7343,6223,Vehicle,ChannelLoad,0.02856,0
25.7344,29,RSU,TX_Throughput,13680,0
25.7344,29,RSU,TX_ObjectCount,4,0
25.7344,562,Vehicle,TX_Throughput,4560,0
25.7344,562,Vehicle,TX_ObjectCount,0,0
25.7348,1755,Vehicle,TX_Throughput,4560,0
25.7348,1755,Vehicle,TX_ObjectCount,0,0
25.735,2569,RSU,TX_Throughput,2080,0
25.735,2569,RSU,TX_ObjectCount,0,0
25.7359,5113,RSU,TX_Throughput,3175.93,0
25.7359,5113,RSU,TX_ObjectCount,1,0
25.737,5701,RSU,TX_Throughput,7507.12,0
25.737,5701,RSU,TX_ObjectCount,3,0
25.737,3839,Vehicle,ChannelLoad,0.06168,0
25.737,3839,Vehicle,ChannelLoad,0.06168,0
25.7374,4599,Vehicle,ChannelLoad,0.05592,0
25.7374,4599,Vehicle,ChannelLoad,0.05592,0
25.7376,3912,Vehicle,ChannelLoad,0.02504,0
25.7376,3912,Vehicle,ChannelLoad,0.02504,0
25.738,2874,Vehicle,ChannelLoad,0.01712,0
25.738,2874,Vehicle,ChannelLoad,0.01712,0
25.7384,4360,Vehicle,TX_Throughput,4560,0
25.7384,4360,Vehicle,TX_ObjectCount,0,0
25.7385,6071,Vehicle,TX_Throughput,6384.05,0
25.7385,6071,Vehicle,TX_ObjectCount,1,0
25.7389,6298,RSU,ChannelLoad,0.05544,0
25.7389,6298,RSU,ChannelLoad,0.05544,0
25.7399,6372,Vehicle,ChannelLoad,0.03392,0
25.7399,6372,Vehicle,ChannelLoad,0.03392,0
25.7404,1014,Vehicle,ChannelLoad,0.0272,0
25.7404,1014,Vehicle,ChannelLoad,0.0272,0
25.7417,4745,Vehicle,TX_Throughput,4022.2,0
25.7417,4745,Vehicle,TX_ObjectCount,1,0
25.7422,1977,RSU,TX_Throughput,2080,0
25.7422,1977,RSU,TX_ObjectCount,0,0
25.7429,3912,Vehicle,TX_Throughput,4560,0
25.7429,3912,Vehicle,TX_ObjectCount,0,0
25.7431,1165,Vehicle,TX_Throughput,4560,0
25.7431,1165,Vehicle,TX_ObjectCount,0,0
25.7438,343,Vehicle,TX_Throughput,13360,0
25.7438,343,Vehicle,TX_ObjectCount,3,0
25.7449,4672,Vehicle,ChannelLoad,0.042,0
25.7449,4672,Vehicle,ChannelLoad,0.042,0
25.7452,4287,Vehicle,TX_Throughput,7760,0
25.7452,4287,Vehicle,TX_ObjectCount,1,0
25.7454,1678,Vehicle,TX_Throughput,4560,0
25.7454,1678,Vehicle,TX_ObjectCount,0,0
25.7459,6445,Vehicle,ChannelLoad,0.02184,0
25.7459,6445,Vehicle,ChannelLoad,0.02184,0
25.7464,1089,RSU,ChannelLoad,0.07272,0
25.7464,1089,RSU,ChannelLoad,0.07272,0
25.7466,5334,Vehicle,TX_Throughput,6187.83,0
25.7466,5334,Vehicle,TX_ObjectCount,2,0
25.7471,3989,RSU,ChannelLoad,0.04848,0
25.7471,3989,RSU,ChannelLoad,0.04848,0
25.7472,6518,Vehicle,ChannelLoad,0.01888,0
25.7472,6518,Vehicle,ChannelLoad,0.01888,0
25.7474,2420,Vehicle,TX_Throughput,4560,0
25.7474,2420,Vehicle,TX_ObjectCount,0,0
25.7477,6146,Vehicle,TX_Throughput,6215.89,0
25.7477,6146,Vehicle,TX_ObjectCount,1,0
25.7481,1238,Vehicle,TX_Throughput,7760,0
25.7481,1238,Vehicle,TX_ObjectCount,1,0
25.7482,6591,Vehicle,ChannelLoad,0.01624,0
25.7482,6591,Vehicle,ChannelLoad,0.01624,0
25.7483,6445,Vehicle,TX_Throughput,4451.76,0
25.7483,6445,Vehicle,TX_ObjectCount,0,0
25.7488,1977,RSU,ChannelLoad,0.05312,0
25.7488,1977,RSU,ChannelLoad,0.05312,0
25.7488,4745,Vehicle,ChannelLoad,0.03272,0
25.7488,4745,Vehicle,ChannelLoad,0.03272,0
25.7492,4063,RSU,ChannelLoad,0.02192,0
25.7492,4063,RSU,ChannelLoad,0.02192,0
25.7496,5852,Vehicle,TX_Throughput,7449.81,0
25.7496,5852,Vehicle,TX_ObjectCount,2,0
25.7499,4137,Vehicle,ChannelLoad,0.0444,0
25.7499,4137,Vehicle,ChannelLoad,0.0444,0
25.7528,6664,Vehicle,ChannelLoad,0.02368,0
25.7528,6664,Vehicle,ChannelLoad,0.02368,0
25.7528,4818,RSU,ChannelLoad,0.036,0
25.7528,4818,RSU,ChannelLoad,0.036,0
25.7533,2051,Vehicle,ChannelLoad,0.04376,0
25.7533,2051,Vehicle,ChannelLoad,0.04376,0
25.7539,937,Vehicle,TX_Throughput,4560,0
25.7539,937,Vehicle,TX_ObjectCount,0,0
25.7557,1385,Vehicle,TX_Throughput,7760,0
25.7557,1385,Vehicle,TX_ObjectCount,1,0
25.7562,4212,Vehicle,ChannelLoad,0.0372,0
25.7562,4212,Vehicle,ChannelLoad,0.0372,0
25.7582,2947,Vehicle,ChannelLoad,0.03784,0
25.7582,2947,Vehicle,ChannelLoad,0.03784,0
25.7589,4063,RSU,TX_Throughput,5280,0
25.7589,4063,RSU,TX_ObjectCount,1,0
25.759,1165,Vehicle,ChannelLoad,0.02248,0
25.759,1165,Vehicle,ChannelLoad,0.02248,0
25.759,5407,RSU,TX_Throughput,5949.72,0
25.759,5407,RSU,TX_ObjectCount,3,0
25.7594,3020,Vehicle,ChannelLoad,0.05424,0
25.7594,3020,Vehicle,ChannelLoad,0.05424,0
25.7597,6591,Vehicle,TX_Throughput,4087.11,0
25.7597,6591,Vehicle,TX_ObjectCount,0,0
25.76,489,Vehicle,TX_Throughput,4560,0
25.76,489,Vehicle,TX_ObjectCount,0,0
25.7602,3243,RSU,TX_Throughput,2080,0
25.7602,3243,RSU,TX_ObjectCount,0,0
25.7603,3839,Vehicle,TX_Throughput,10560,0
25.7603,3839,Vehicle,TX_ObjectCount,2,0
25.7613,1238,Vehicle,ChannelLoad,0.07016,0
25.7613,1238,Vehicle,ChannelLoad,0.07016,0
25.7627,4818,RSU,TX_Throughput,10880,0
25.7627,4818,RSU,TX_ObjectCount,3,0
25.7631,4137,Vehicle,TX_Throughput,7760,0
25.7631,4137,Vehicle,TX_ObjectCount,1,0
25.7632,4599,Vehicle,TX_Throughput,4560,0
25.7632,4599,Vehicle,TX_ObjectCount,0,0
25.7634,4672,Vehicle,TX_Throughput,4560,0
25.7634,4672,Vehicle,TX_ObjectCount,0,0
25.7637,3095,Vehicle,ChannelLoad,0.048,0
25.7637,3095,Vehicle,ChannelLoad,0.048,0
25.7647,2126,RSU,ChannelLoad,0.03312,0
25.7647,2126,RSU,ChannelLoad,0.03312,0
25.7649,1311,RSU,ChannelLoad,0.03712,0
25.7649,1311,RSU,ChannelLoad,0.03712,0
25.7652,4892,Vehicle,ChannelLoad,0.0716,0
25.7652,4892,Vehicle,ChannelLoad,0.0716,0
25.7654,2200,Vehicle,ChannelLoad,0.04048,0
25.7654,2200,Vehicle,ChannelLoad,0.04048,0
25.7663,4287,Vehicle,ChannelLoad,0.06952,0
25.7663,4287,Vehicle,ChannelLoad,0.06952,0
25.7669,4439,Vehicle,TX_Throughput,4560,0
25.7669,4439,Vehicle,TX_ObjectCount,0,0
25.767,4967,Vehicle,TX_Throughput,3900.65,0
25.767,4967,Vehicle,TX_ObjectCount,1,0
25.7672,6298,RSU,TX_Throughput,6299.21,0
25.7672,6298,RSU,TX_ObjectCount,2,0
25.7674,6747,Vehicle,ChannelLoad,0.02336,0
25.7674,6747,Vehicle,ChannelLoad,0.02336,0
25.768,4967,Vehicle,ChannelLoad,0.03,0
25.768,4967,Vehicle,ChannelLoad,0.03,0
25.7682,3168,Vehicle,ChannelLoad,0.02312,0
25.7682,3168,Vehicle,ChannelLoad,0.02312,0
25.7684,5040,Vehicle,ChannelLoad,0.03616,0
25.7684,5040,Vehicle,ChannelLoad,0.03616,0
25.7687,4360,Vehicle,ChannelLoad,0.06936,0
25.7687,4360,Vehicle,ChannelLoad,0.06936,0
25.7688,1605,Vehicle,TX_Throughput,7760,0
25.7688,1605,Vehicle,TX_ObjectCount,1,0
25.7696,5113,RSU,ChannelLoad,0.05224,0
25.7696,5113,RSU,ChannelLoad,0.05224,0
25.7698,3243,RSU,ChannelLoad,0.05512,0
25.7698,3243,RSU,ChannelLoad,0.05512,0
25.77,2273,RSU,ChannelLoad,0.07224,0
25.77,2273,RSU,ChannelLoad,0.07224,0
25.7702,5187,Vehicle,ChannelLoad,0.06928,0
25.7702,5187,Vehicle,ChannelLoad,0.06928,0
25.7709,1385,Vehicle,ChannelLoad,0.04352,0
25.7709,1385,Vehicle,ChannelLoad,0.04352,0
25.771,270,Vehicle,ChannelLoad,0.02552,0
25.771,270,Vehicle,ChannelLoad,0.02552,0
25.7723,5260,RSU,ChannelLoad,0.08248,0
25.7723,5260,RSU,ChannelLoad,0.08248,0
25.7725,5925,Vehicle,TX_Throughput,6583.06,0
25.7725,5925,Vehicle,TX_ObjectCount,2,0
25.7727,2347,Vehicle,ChannelLoad,0.02496,0
25.7727,2347,Vehicle,ChannelLoad,0.02496,0
25.7735,787,Vehicle,TX_Throughput,4560,0
25.7735,787,Vehicle,TX_ObjectCount,0,0
25.7759,5334,Vehicle,ChannelLoad,0.08168,0
25.7759,5334,Vehicle,ChannelLoad,0.08168,0
25.7762,5407,RSU,ChannelLoad,0.05272,0
25.7762,5407,RSU,ChannelLoad,0.05272,0
25.7771,5554,Vehicle,TX_Throughput,5412.74,0
25.7771,5554,Vehicle,TX_ObjectCount,2,0
25.7777,4439,Vehicle,ChannelLoad,0.04736,0
25.7777,4439,Vehicle,ChannelLoad,0.04736,0
25.7777,2420,Vehicle,ChannelLoad,0.03256,0
25.7777,2420,Vehicle,ChannelLoad,0.03256,0
25.7778,6826,RSU,ChannelLoad,0.07168,0
25.7778,6826,RSU,ChannelLoad,0.07168,0
25.7781,2495,RSU,TX_Throughput,5280,0
25.7781,2495,RSU,TX_ObjectCount,1,0
25.7782,3095,Vehicle,TX_Throughput,4560,0
25.7782,3095,Vehicle,TX_ObjectCount,0,0
25.7794,3392,Vehicle,TX_Throughput,7760,0
25.7794,3392,Vehicle,TX_ObjectCount,1,0
25.78,4512,Vehicle,ChannelLoad,0.08568,0
25.78,4512,Vehicle,ChannelLoad,0.08568,0
25.7801,6902,RSU,ChannelLoad,0.03904,0
25.7801,6902,RSU,ChannelLoad,0.03904,0
25.7814,5775,Vehicle,TX_Throughput,2417.86,0
25.7814,5775,Vehicle,TX_ObjectCount,0,0
25.7816,1311,RSU,TX_Throughput,5280,0
25.7816,1311,RSU,TX_ObjectCount,1,0
25.7817,1089,RSU,TX_Throughput,10880,0
25.7817,1089,RSU,TX_ObjectCount,3,0
25.7818,6976,Vehicle,ChannelLoad,0.048,0
25.7818,6976,Vehicle,ChannelLoad,0.048,0
25.7819,5481,Vehicle,ChannelLoad,0.06392,0
25.7819,5481,Vehicle,ChannelLoad,0.06392,0
25.782,5554,Vehicle,ChannelLoad,0.04264,0
25.782,5554,Vehicle,ChannelLoad,0.04264,0
25.7824,4212,Vehicle,TX_Throughput,4560,0
25.7824,4212,Vehicle,TX_ObjectCount,0,0
25.7831,343,Vehicle,ChannelLoad,0.03704,0
25.7831,343,Vehicle,ChannelLoad,0.03704,0
25.7832,1458,RSU,ChannelLoad,0.07456,0
25.7832,1458,RSU,ChannelLoad,0.07456,0
25.7844,6902,RSU,TX_Throughput,1994.29,0
25.7844,6902,RSU,TX_ObjectCount,0,0
25.7844,3319,Vehicle,ChannelLoad,0.05376,0
25.7844,3319,Vehicle,ChannelLoad,0.05376,0
25.7855,3541,RSU,TX_Throughput,10880,0
25.7855,3541,RSU,TX_ObjectCount,3,0
25.7857,2126,RSU,TX_Throughput,8080,0
25.7857,2126,RSU,TX_ObjectCount,2,0
25.7863,1532,Vehicle,ChannelLoad,0.06872,0
25.7863,1532,Vehicle,ChannelLoad,0.06872,0
25.7863,107,Vehicle,TX_Throughput,4560,0
25.7863,107,Vehicle,TX_ObjectCount,0,0
25.7865,3392,Vehicle,ChannelLoad,0.02584,0
25.7865,3392,Vehicle,ChannelLoad,0.02584,0
25.7865,5627,RSU,ChannelLoad,0.07592,0
25.7865,5627,RSU,ChannelLoad,0.07592,0
25.7871,416,Vehicle,ChannelLoad,0.06896,0
25.7871,416,Vehicle,ChannelLoad,0.06896,0
25.7873,2200,Vehicle,TX_Throughput,4560,0
25.7873,2200,Vehicle,TX_ObjectCount,0,0
25.7885,2495,RSU,ChannelLoad,0.06264,0
25.7885,2495,RSU,ChannelLoad,0.06264,0
25.7894,2569,RSU,ChannelLoad,0.06192,0
25.7894,2569,RSU,ChannelLoad,0.06192,0
25.792,3619,Vehicle,TX_Throughput,4560,0
25.792,3619,Vehicle,TX_ObjectCount,0,0
25.792,5701,RSU,ChannelLoad,0.09256,0
25.792,5701,RSU,ChannelLoad,0.09256,0
25.7928,5775,Vehicle,ChannelLoad,0.05984,0
25.7928,5775,Vehicle,ChannelLoad,0.05984,0
25.7932,1532,Vehicle,TX_Throughput,7760,0
25.7932,1532,Vehicle,TX_ObjectCount,1,0
25.7939,489,Vehicle,ChannelLoad,0.0264,0
25.7939,489,Vehicle,ChannelLoad,0.0264,0
25.7941,1014,Vehicle,TX_Throughput,4560,0
25.7941,1014,Vehicle,TX_ObjectCount,0,0
25.7961,3467,RSU,ChannelLoad,0.08864,0
25.7961,3467,RSU,ChannelLoad,0.08864,0
25.7961,562,Vehicle,ChannelLoad,0.03048,0
25.7961,562,Vehicle,ChannelLoad,0.03048,0
25.7962,4892,Vehicle,TX_Throughput,4560,0
25.7962,4892,Vehicle,TX_ObjectCount,0,0
25.7966,1605,Vehicle,ChannelLoad,0.02896,0
25.7966,1605,Vehicle,ChannelLoad,0.02896,0
25.797,2649,Vehicle,TX_Throughput,4560,0
25.797,2649,Vehicle,TX_ObjectCount,0,0
25.7972,1458,RSU,TX_Throughput,5280,0
25.7972,1458,RSU,TX_ObjectCount,1,0
25.7978,3541,RSU,ChannelLoad,0.03856,0
25.7978,3541,RSU,ChannelLoad,0.03856,0
25.7981,2347,Vehicle,TX_Throughput,4560,0
25.7981,2347,Vehicle,TX_ObjectCount,0,0
25.7997,5040,Vehicle,TX_Throughput,4560,0
25.7997,5040,Vehicle,TX_ObjectCount,0,0
25.8017,1828,Vehicle,TX_Throughput,7760,0
25.8017,1828,Vehicle,TX_ObjectCount,1,0
25.802,639,Vehicle,ChannelLoad,0.02616,0
25.802,639,Vehicle,ChannelLoad,0.02616,0
25.8025,3467,RSU,TX_Throughput,5280,0
25.8025,3467,RSU,TX_ObjectCount,1,0
25.8037,7055,RSU,ChannelLoad,0.0464,0
25.8037,7055,RSU,ChannelLoad,0.0464,0
25.8038,3168,Vehicle,TX_Throughput,4560,0
25.8038,3168,Vehicle,TX_ObjectCount,0,0
25.8039,2799,Vehicle,TX_Throughput,7760,0
25.8039,2799,Vehicle,TX_ObjectCount,1,0
25.8047,5481,Vehicle,TX_Throughput,7760,0
25.8047,5481,Vehicle,TX_ObjectCount,1,0
25.8047,29,RSU,ChannelLoad,0.06928,0
25.8047,29,RSU,ChannelLoad,0.06928,0
25.8053,3319,Vehicle,TX_Throughput,7760,0
25.8053,3319,Vehicle,TX_ObjectCount,1,0
25.8059,712,Vehicle,ChannelLoad,0.05408,0
25.8059,712,Vehicle,ChannelLoad,0.05408,0
25.8067,6664,Vehicle,TX_Throughput,5041.99,0
25.8067,6664,Vehicle,TX_ObjectCount,1,0
25.8078,5852,Vehicle,ChannelLoad,0.04808,0
25.8078,5852,Vehicle,ChannelLoad,0.04808,0
25.8083,6223,Vehicle,TX_Throughput,2620.54,0
25.8083,6223,Vehicle,TX_ObjectCount,0,0
25.8084,6747,Vehicle,TX_Throughput,3233.35,0
25.8084,6747,Vehicle,TX_ObjectCount,0,0
25.8089,1678,Vehicle,ChannelLoad,0.0164,0
25.8089,1678,Vehicle,ChannelLoad,0.0164,0
25.8091,5998,Vehicle,TX_Throughput,2326.23,0
25.8091,5998,Vehicle,TX_ObjectCount,0,0
25.8092,2874,Vehicle,TX_Throughput,4560,0
25.8092,2874,Vehicle,TX_ObjectCount,0,0
25.8094,6518,Vehicle,TX_Throughput,4783.54,0
25.8094,6518,Vehicle,TX_ObjectCount,1,0
25.8105,270,Vehicle,TX_Throughput,4560,0
25.8105,270,Vehicle,TX_ObjectCount,0,0
25.811,6372,Vehicle,TX_Throughput,2666.14,0
25.811,6372,Vehicle,TX_ObjectCount,0,0
25.8121,5925,Vehicle,ChannelLoad,0.02816,0
25.8121,5925,Vehicle,ChannelLoad,0.02816,0
25.8131,5998,Vehicle,ChannelLoad,0.04304,0
25.8131,5998,Vehicle,ChannelLoad,0.04304,0
25.8138,2724,Vehicle,TX_Throughput,4560,0
25.8138,2724,Vehicle,TX_ObjectCount,0,0
25.8147,5260,RSU,TX_Throughput,8080,0
25.8147,5260,RSU,TX_ObjectCount,2,0
25.8147,3619,Vehicle,ChannelLoad,0.04736,0
25.8147,3619,Vehicle,ChannelLoad,0.04736,0
25.8151,712,Vehicle,TX_Throughput,7760,0
25.8151,712,Vehicle,TX_ObjectCount,1,0
25.8152,7129,Vehicle,ChannelLoad,0.04496,0
25.8152,7129,Vehicle,ChannelLoad,0.04496,0
25.8156,639,Vehicle,TX_Throughput,4560,0
25.8156,639,Vehicle,TX_ObjectCount,0,0
25.816,3020,Vehicle,TX_Throughput,4560,0
25.816,3020,Vehicle,TX_ObjectCount,0,0
25.8163,7202,RSU,ChannelLoad,0.06712,0
25.8163,7202,RSU,ChannelLoad,0.06712,0
25.8166,182,RSU,TX_Throughput,5280,0
25.8166,182,RSU,TX_ObjectCount,1,0
25.8168,1755,Vehicle,ChannelLoad,0.05808,0
25.8168,1755,Vehicle,ChannelLoad,0.05808,0
25.8169,6071,Vehicle,ChannelLoad,0.03912,0
25.8169,6071,Vehicle,ChannelLoad,0.03912,0
25.8171,862,Vehicle,TX_Throughput,7760,0
25.8171,862,Vehicle,TX_ObjectCount,1,0
25.8172,2649,Vehicle,ChannelLoad,0.05976,0
25.8172,2649,Vehicle,ChannelLoad,0.05976,0
25.8175,1901,RSU,TX_Throughput,5280,0
25.8175,1901,RSU,TX_ObjectCount,1,0
25.8183,787,Vehicle,ChannelLoad,0.03856,0
25.8183,787,Vehicle,ChannelLoad,0.03856,0
25.8186,2724,Vehicle,ChannelLoad,0.0412,0
25.8186,2724,Vehicle,ChannelLoad,0.0412,0
25.8188,107,Vehicle,ChannelLoad,0.04792,0
25.8188,107,Vehicle,ChannelLoad,0.04792,0
25.8191,2273,RSU,TX_Throughput,8080,0
25.8191,2273,RSU,TX_ObjectCount,2,0
25.8201,182,RSU,ChannelLoad,0.06144,0
25.8201,182,RSU,ChannelLoad,0.06144,0
25.8202,862,Vehicle,ChannelLoad,0.0412,0
25.8202,862,Vehicle,ChannelLoad,0.0412,0
25.8207,6976,Vehicle,TX_Throughput,7601.85,0
25.8207,6976,Vehicle,TX_ObjectCount,2,0
25.8212,2051,Vehicle,TX_Throughput,7760,0
25.8212,2051,Vehicle,TX_ObjectCount,1,0
25.8223,1828,Vehicle,ChannelLoad,0.0332,0
25.8223,1828,Vehicle,ChannelLoad,0.0332,0
25.8228,6146,Vehicle,ChannelLoad,0.04248,0
25.8228,6146,Vehicle,ChannelLoad,0.04248,0
25.8231,1901,RSU,ChannelLoad,0.05296,0
25.8231,1901,RSU,ChannelLoad,0.05296,0
25.8237,3692,Vehicle,ChannelLoad,0.05768,0
25.8237,3692,Vehicle,ChannelLoad,0.05768,0
25.8244,5627,RSU,TX_Throughput,2080,0
25.8244,5627,RSU,TX_ObjectCount,0,0
25.825,2799,Vehicle,ChannelLoad,0.0472,0
25.825,2799,Vehicle,ChannelLoad,0.0472,0
25.8281,6826,RSU,TX_Throughput,5376.91,0
25.8281,6826,RSU,TX_ObjectCount,2,0
25.8282,3989,RSU,TX_Throughput,2080,0
25.8282,3989,RSU,TX_ObjectCount,0,0
25.8286,2947,Vehicle,TX_Throughput,4560,0
25.8286,2947,Vehicle,TX_ObjectCount,0,0
25.8294,3765,RSU,TX_Throughput,5280,0
25.8294,3765,RSU,TX_ObjectCount,1,0
25.8318,937,Vehicle,ChannelLoad,0.04056,0
25.8318,937,Vehicle,ChannelLoad,0.04056,0
25.8319,4512,Vehicle,TX_Throughput,4560,0
25.8319,4512,Vehicle,TX_ObjectCount,0,0
25.8333,3765,RSU,ChannelLoad,0.03776,0
25.8333,3765,RSU,ChannelLoad,0.03776,0
25.8334,3692,Vehicle,TX_Throughput,4560,0
25.8334,3692,Vehicle,TX_ObjectCount,0,0
25.8336,5187,Vehicle,TX_Throughput,4560,0
25.8336,5187,Vehicle,TX_ObjectCount,0,0
25.8341,416,Vehicle,TX_Throughput,4560,0
25.8341,416,Vehicle,TX_ObjectCount,0,0
25.8342,7055,RSU,TX_Throughput,10487.2,0
25.8342,7055,RSU,TX_ObjectCount,4,0
25.8343,6223,Vehicle,ChannelLoad,0.04816,0
25.8343,6223,Vehicle,ChannelLoad,0.04816,0
25.8344,29,RSU,TX_Throughput,13680,0
25.8344,29,RSU,TX_ObjectCount,4,0
25.8344,562,Vehicle,TX_Throughput,4560,0
25.8344,562,Vehicle,TX_ObjectCount,0,0
25.8348,1755,Vehicle,TX_Throughput,4560,0
25.8348,1755,Vehicle,TX_ObjectCount,0,0
25.835,2569,RSU,TX_Throughput,8080,0
25.835,2569,RSU,TX_ObjectCount,2,0
25.8352,7278,RSU,ChannelLoad,0.0692,0
25.8352,7278,RSU,ChannelLoad,0.0692,0
25.8359,5113,RSU,TX_Throughput,5280,0
25.8359,5113,RSU,TX_ObjectCount,1,0
25.8369,7352,Vehicle,ChannelLoad,0.02272,0
25.8369,7352,Vehicle,ChannelLoad,0.02272,0
25.837,5701,RSU,TX_Throughput,2080,0
25.837,5701,RSU,TX_ObjectCount,0,0
25.837,3839,Vehicle,ChannelLoad,0.05568,0
25.837,3839,Vehicle,ChannelLoad,0.05568,0
25.8374,4599,Vehicle,ChannelLoad,0.07536,0
25.8374,4599,Vehicle,ChannelLoad,0.07536,0
25.8376,3912,Vehicle,ChannelLoad,0.04336,0
25.8376,3912,Vehicle,ChannelLoad,0.04336,0
25.838,2874,Vehicle,ChannelLoad,0.02728,0
25.838,2874,Vehicle,ChannelLoad,0.02728,0
25.8384,4360,Vehicle,TX_Throughput,7760,0
25.8384,4360,Vehicle,TX_ObjectCount,1,0
25.8385,6071,Vehicle,TX_Throughput,4560,0
25.8385,6071,Vehicle,TX_ObjectCount,0,0
25.8389,6298,RSU,ChannelLoad,0.07744,0
25.8389,6298,RSU,ChannelLoad,0.07744,0
25.8393,7425,Vehicle,ChannelLoad,0.06072,0
25.8393,7425,Vehicle,ChannelLoad,0.06072,0
25.8399,6372,Vehicle,ChannelLoad,0.05384,0
25.8399,6372,Vehicle,ChannelLoad,0.05384,0
25.8404,1014,Vehicle,ChannelLoad,0.03008,0
25.8404,1014,Vehicle,ChannelLoad,0.03008,0
25.8417,4745,Vehicle,TX_Throughput,4560,0
25.8417,4745,Vehicle,TX_ObjectCount,0,0
25.8422,1977,RSU,TX_Throughput,2080,0
25.8422,1977,RSU,TX_ObjectCount,0,0
25.8429,3912,Vehicle,TX_Throughput,4560,0
25.8429,3912,Vehicle,TX_ObjectCount,0,0
25.8431,1165,Vehicle,TX_Throughput,7760,0
25.8431,1165,Vehicle,TX_ObjectCount,1,0
25.8438,343,Vehicle,TX_Throughput,7760,0
25.8438,343,Vehicle,TX_ObjectCount,1,0
25.8449,4672,Vehicle,ChannelLoad,0.05776,0
25.8449,4672,Vehicle,ChannelLoad,0.05776,0
25.8452,4287,Vehicle,TX_Throughput,4560,0
25.8452,4287,Vehicle,TX_ObjectCount,0,0
25.8454,1678,Vehicle,TX_Throughput,4560,0
25.8454,1678,Vehicle,TX_ObjectCount,0,0
25.8459,6445,Vehicle,ChannelLoad,0.04744,0
25.8459,6445,Vehicle,ChannelLoad,0.04744,0
25.8464,1089,RSU,ChannelLoad,0.07256,0
25.8464,1089,RSU,ChannelLoad,0.07256,0
25.8466,5334,Vehicle,TX_Throughput,4560,0
25.8466,5334,Vehicle,TX_ObjectCount,0,0
25.8471,3989,RSU,ChannelLoad,0.0532,0
25.8471,3989,RSU,ChannelLoad,0.0532,0
25.8472,6518,Vehicle,ChannelLoad,0.03488,0
25.8472,6518,Vehicle,ChannelLoad,0.03488,0
25.8474,2420,Vehicle,TX_Throughput,7760,0
25.8474,2420,Vehicle,TX_ObjectCount,1,0
25.8477,6146,Vehicle,TX_Throughput,4560,0
25.8477,6146,Vehicle,TX_ObjectCount,0,0
25.8481,1238,Vehicle,TX_Throughput,7760,0
25.8481,1238,Vehicle,TX_ObjectCount,1,0
25.8482,6591,Vehicle,ChannelLoad,0.03032,0
25.8482,6591,Vehicle,ChannelLoad,0.03032,0
25.8483,6445,Vehicle,TX_Throughput,4560,0
25.8483,6445,Vehicle,TX_ObjectCount,0,0
25.8488,1977,RSU,ChannelLoad,0.06144,0
25.8488,1977,RSU,ChannelLoad,0.06144,0
25.8488,4745,Vehicle,ChannelLoad,0.05088,0
25.8488,4745,Vehicle,ChannelLoad,0.05088,0
25.8492,4063,RSU,ChannelLoad,0.04456,0
25.8492,4063,RSU,ChannelLoad,0.04456,0
25.8496,5852,Vehicle,TX_Throughput,7760,0
25.8496,5852,Vehicle,TX_ObjectCount,1,0
25.8499,4137,Vehicle,ChannelLoad,0.06584,0
25.8499,4137,Vehicle,ChannelLoad,0.06584,0
25.8528,6664,Vehicle,ChannelLoad,0.03672,0
25.8528,6664,Vehicle,ChannelLoad,0.03672,0
25.8528,4818,RSU,ChannelLoad,0.04776,0
25.8528,4818,RSU,ChannelLoad,0.04776,0
25.8533,2051,Vehicle,ChannelLoad,0.06872,0
25.8533,2051,Vehicle,ChannelLoad,0.06872,0
25.8539,937,Vehicle,TX_Throughput,4560,0
25.8539,937,Vehicle,TX_ObjectCount,0,0
25.8557,1385,Vehicle,TX_Throughput,4560,0
25.8557,1385,Vehicle,TX_ObjectCount,0,0
25.8561,7500,RSU,ChannelLoad,0.04776,0
25.8561,7500,RSU,ChannelLoad,0.04776,0
25.8562,4212,Vehicle,ChannelLoad,0.06184,0
25.8562,4212,Vehicle,ChannelLoad,0.06184,0
25.8582,2947,Vehicle,ChannelLoad,0.03688,0
25.8582,2947,Vehicle,ChannelLoad,0.03688,0
25.8586,7574,Vehicle,ChannelLoad,0.042,0
25.8586,7574,Vehicle,ChannelLoad,0.042,0
25.8589,4063,RSU,TX_Throughput,2080,0
25.8589,4063,RSU,TX_ObjectCount,0,0
25.859,1165,Vehicle,ChannelLoad,0.03952,0
25.859,1165,Vehicle,ChannelLoad,0.03952,0
25.859,5407,RSU,TX_Throughput,5280,0
25.859,5407,RSU,TX_ObjectCount,1,0
25.8594,3020,Vehicle,ChannelLoad,0.05752,0
25.8594,3020,Vehicle,ChannelLoad,0.05752,0
25.8595,7574,Vehicle,TX_Throughput,7693.15,0
25.8595,7574,Vehicle,TX_ObjectCount,1,0
25.8597,6591,Vehicle,TX_Throughput,4560,0
25.8597,6591,Vehicle,TX_ObjectCount,0,0
25.86,489,Vehicle,TX_Throughput,4560,0
25.86,489,Vehicle,TX_ObjectCount,0,0
25.8602,3243,RSU,TX_Throughput,2080,0
25.8602,3243,RSU,TX_ObjectCount,0,0
25.8603,3839,Vehicle,TX_Throughput,10560,0
25.8603,3839,Vehicle,TX_ObjectCount,2,0
25.8613,1238,Vehicle,ChannelLoad,0.04744,0
25.8613,1238,Vehicle,ChannelLoad,0.04744,0
25.8627,4818,RSU,TX_Throughput,5280,0
25.8627,4818,RSU,TX_ObjectCount,1,0
25.8631,4137,Vehicle,TX_Throughput,4560,0
25.8631,4137,Vehicle,TX_ObjectCount,0,0
25.8632,4599,Vehicle,TX_Throughput,7760,0
25.8632,4599,Vehicle,TX_ObjectCount,1,0
25.8634,4672,Vehicle,TX_Throughput,4560,0
25.8634,4672,Vehicle,TX_ObjectCount,0,0
25.8637,3095,Vehicle,ChannelLoad,0.06976,0
25.8637,3095,Vehicle,ChannelLoad,0.06976,0
25.8647,2126,RSU,ChannelLoad,0.06656,0
25.8647,2126,RSU,ChannelLoad,0.06656,0
25.8649,1311,RSU,ChannelLoad,0.06424,0
25.8649,1311,RSU,ChannelLoad,0.06424,0
25.8652,4892,Vehicle,ChannelLoad,0.06984,0
25.8652,4892,Vehicle,ChannelLoad,0.06984,0
25.8654,2200,Vehicle,ChannelLoad,0.0656,0
25.8654,2200,Vehicle,ChannelLoad,0.0656,0
25.8663,4287,Vehicle,ChannelLoad,0.068,0
25.8663,4287,Vehicle,ChannelLoad,0.068,0
25.8669,4439,Vehicle,TX_Throughput,4560,0
25.8669,4439,Vehicle,TX_ObjectCount,0,0
25.867,4967,Vehicle,TX_Throughput,4560,0
25.867,4967,Vehicle,TX_ObjectCount,0,0
25.8672,6298,RSU,TX_Throughput,2080,0
25.8672,6298,RSU,TX_ObjectCount,0,0
25.8674,6747,Vehicle,ChannelLoad,0.04568,0
25.8674,6747,Vehicle,ChannelLoad,0.04568,0
25.868,4967,Vehicle,ChannelLoad,0.0452,0
25.868,4967,Vehicle,ChannelLoad,0.0452,0
25.8682,3168,Vehicle,ChannelLoad,0.03736,0
25.8682,3168,Vehicle,ChannelLoad,0.03736,0
25.8684,5040,Vehicle,ChannelLoad,0.03832,0
25.8684,5040,Vehicle,ChannelLoad,0.03832,0
25.8687,4360,Vehicle,ChannelLoad,0.06304,0
25.8687,4360,Vehicle,ChannelLoad,0.06304,0
25.8688,1605,Vehicle,TX_Throughput,7760,0
25.8688,1605,Vehicle,TX_ObjectCount,1,0
25.8696,5113,RSU,ChannelLoad,0.07008,0
25.8696,5113,RSU,ChannelLoad,0.07008,0
25.8698,3243,RSU,ChannelLoad,0.0552,0
25.8698,3243,RSU,ChannelLoad,0.0552,0
25.87,2273,RSU,ChannelLoad,0.07952,0
25.87,2273,RSU,ChannelLoad,0.07952,0
25.8702,5187,Vehicle,ChannelLoad,0.06288,0
25.8702,5187,Vehicle,ChannelLoad,0.06288,0
25.8709,1385,Vehicle,ChannelLoad,0.04992,0
25.8709,1385,Vehicle,ChannelLoad,0.04992,0
25.871,270,Vehicle,ChannelLoad,0.04696,0
25.871,270,Vehicle,ChannelLoad,0.04696,0
25.8723,5260,RSU,ChannelLoad,0.07568,0
25.8723,5260,RSU,ChannelLoad,0.07568,0
25.8725,5925,Vehicle,TX_Throughput,4560,0
25.8725,5925,Vehicle,TX_ObjectCount,0,0
25.8727,2347,Vehicle,ChannelLoad,0.04856,0
25.8727,2347,Vehicle,ChannelLoad,0.04856,0
25.8727,7202,RSU,TX_Throughput,3375.82,0
25.8727,7202,RSU,TX_ObjectCount,1,0
25.8735,787,Vehicle,TX_Throughput,4560,0
25.8735,787,Vehicle,TX_ObjectCount,0,0
25.8742,7647,Vehicle,ChannelLoad,0.04152,0
25.8742,7647,Vehicle,ChannelLoad,0.04152,0
25.8759,5334,Vehicle,ChannelLoad,0.07504,0
25.8759,5334,Vehicle,ChannelLoad,0.07504,0
25.8762,5407,RSU,ChannelLoad,0.09272,0
25.8762,5407,RSU,ChannelLoad,0.09272,0
25.8771,5554,Vehicle,TX_Throughput,4560,0
25.8771,5554,Vehicle,TX_ObjectCount,0,0
25.8777,4439,Vehicle,ChannelLoad,0.03184,0
25.8777,4439,Vehicle,ChannelLoad,0.03184,0
25.8777,2420,Vehicle,ChannelLoad,0.04392,0
25.8777,2420,Vehicle,ChannelLoad,0.04392,0
25.8778,6826,RSU,ChannelLoad,0.08232,0
25.8778,6826,RSU,ChannelLoad,0.08232,0
25.8781,2495,RSU,TX_Throughput,8080,0
25.8781,2495,RSU,TX_ObjectCount,2,0
25.8782,7720,Vehicle,ChannelLoad,0.06112,0
25.8782,7720,Vehicle,ChannelLoad,0.06112,0
25.8782,3095,Vehicle,TX_Throughput,4560,0
25.8782,3095,Vehicle,TX_ObjectCount,0,0
25.8784,7500,RSU,TX_Throughput,1700.93,0
25.8784,7500,RSU,TX_ObjectCount,0,0
25.8794,3392,Vehicle,TX_Throughput,7760,0
25.8794,3392,Vehicle,TX_ObjectCount,1,0
25.88,4512,Vehicle,ChannelLoad,0.07272,0
25.88,4512,Vehicle,ChannelLoad,0.07272,0
25.8801,6902,RSU,ChannelLoad,0.0432,0
25.8801,6902,RSU,ChannelLoad,0.0432,0
25.8805,7795,Vehicle,ChannelLoad,0.05072,0
25.8805,7795,Vehicle,ChannelLoad,0.05072,0
25.8814,5775,Vehicle,TX_Throughput,4560,0
25.8814,5775,Vehicle,TX_ObjectCount,0,0
25.8816,1311,RSU,TX_Throughput,5280,0
25.8816,1311,RSU,TX_ObjectCount,1,0
25.8817,1089,RSU,TX_Throughput,10880,0
25.8817,1089,RSU,TX_ObjectCount,3,0
25.8818,6976,Vehicle,ChannelLoad,0.068,0
25.8818,6976,Vehicle,ChannelLoad,0.068,0
25.8819,5481,Vehicle,ChannelLoad,0.06024,0
25.8819,5481,Vehicle,ChannelLoad,0.06024,0
25.882,5554,Vehicle,ChannelLoad,0.06656,0
25.882,5554,Vehicle,ChannelLoad,0.06656,0
25.8824,4212,Vehicle,TX_Throughput,7760,0
25.8824,4212,Vehicle,TX_ObjectCount,1,0
25.8825,7278,RSU,TX_Throughput,9285.97,0
25.8825,7278,RSU,TX_ObjectCount,4,0
25.8831,343,Vehicle,ChannelLoad,0.0596,0
25.8831,343,Vehicle,ChannelLoad,0.0596,0
25.8832,1458,RSU,ChannelLoad,0.07408,0
25.8832,1458,RSU,ChannelLoad,0.07408,0
25.8844,6902,RSU,TX_Throughput,2080,0
25.8844,6902,RSU,TX_ObjectCount,0,0
25.8844,3319,Vehicle,ChannelLoad,0.07328,0
25.8844,3319,Vehicle,ChannelLoad,0.07328,0
25.8853,7352,Vehicle,TX_Throughput,3073.38,0
25.8853,7352,Vehicle,TX_ObjectCount,0,0
25.8855,3541,RSU,TX_Throughput,2080,0
25.8855,3541,RSU,TX_ObjectCount,0,0
25.8857,2126,RSU,TX_Throughput,8080,0
25.8857,2126,RSU,TX_ObjectCount,2,0
25.8863,1532,Vehicle,ChannelLoad,0.07576,0
25.8863,1532,Vehicle,ChannelLoad,0.07576,0
25.8863,107,Vehicle,TX_Throughput,7760,0
25.8863,107,Vehicle,TX_ObjectCount,1,0
25.8865,3392,Vehicle,ChannelLoad,0.03488,0
25.8865,3392,Vehicle,ChannelLoad,0.03488,0
25.8865,5627,RSU,ChannelLoad,0.07856,0
25.8865,5627,RSU,ChannelLoad,0.07856,0
25.8871,416,Vehicle,ChannelLoad,0.05696,0
25.8871,416,Vehicle,ChannelLoad,0.05696,0
25.8873,2200,Vehicle,TX_Throughput,7760,0
25.8873,2200,Vehicle,TX_ObjectCount,1,0
25.8873,7129,Vehicle,TX_Throughput,2649,0
25.8873,7129,Vehicle,TX_ObjectCount,0,0
25.8885,2495,RSU,ChannelLoad,0.06256,0
25.8885,2495,RSU,ChannelLoad,0.06256,0
25.8894,2569,RSU,ChannelLoad,0.08744,0
25.8894,2569,RSU,ChannelLoad,0.08744,0
25.8902,7647,Vehicle,TX_Throughput,3931.56,0
25.8902,7647,Vehicle,TX_ObjectCount,0,0
25.8917,7868,Vehicle,ChannelLoad,0.04248,0
25.8917,7868,Vehicle,ChannelLoad,0.04248,0
25.892,3619,Vehicle,TX_Throughput,4560,0
25.892,3619,Vehicle,TX_ObjectCount,0,0
25.892,5701,RSU,ChannelLoad,0.08224,0
25.892,5701,RSU,ChannelLoad,0.08224,0
25.8928,5775,Vehicle,ChannelLoad,0.08232,0
25.8928,5775,Vehicle,ChannelLoad,0.08232,0
25.8932,1532,Vehicle,TX_Throughput,7760,0
25.8932,1532,Vehicle,TX_ObjectCount,1,0
25.8939,489,Vehicle,ChannelLoad,0.03608,0
25.8939,489,Vehicle,ChannelLoad,0.03608,0
25.8941,1014,Vehicle,TX_Throughput,7760,0
25.8941,1014,Vehicle,TX_ObjectCount,1,0
25.8961,3467,RSU,ChannelLoad,0.09216,0
25.8961,3467,RSU,ChannelLoad,0.09216,0
25.8961,562,Vehicle,ChannelLoad,0.03456,0
25.8961,562,Vehicle,ChannelLoad,0.03456,0
25.8962,4892,Vehicle,TX_Throughput,4560,0
25.8962,4892,Vehicle,TX_ObjectCount,0,0
25.8966,1605,Vehicle,ChannelLoad,0.05064,0
25.8966,1605,Vehicle,ChannelLoad,0.05064,0
25.897,2649,Vehicle,TX_Throughput,10560,0
25.897,2649,Vehicle,TX_ObjectCount,2,0
25.8972,1458,RSU,TX_Throughput,8080,0
25.8972,1458,RSU,TX_ObjectCount,2,0
25.8978,3541,RSU,ChannelLoad,0.07192,0
25.8978,3541,RSU,ChannelLoad,0.07192,0
25.8981,2347,Vehicle,TX_Throughput,10560,0
25.8981,2347,Vehicle,TX_ObjectCount,2,0
25.8997,5040,Vehicle,TX_Throughput,4560,0
25.8997,5040,Vehicle,TX_ObjectCount,0,0
25.9009,7943,Vehicle,ChannelLoad,0.03296,0
25.9009,7943,Vehicle,ChannelLoad,0.03296,0
25.9017,1828,Vehicle,TX_Throughput,10560,0
25.9017,1828,Vehicle,TX_ObjectCount,2,0
25.902,639,Vehicle,ChannelLoad,0.03664,0
25.902,639,Vehicle,ChannelLoad,0.03664,0
25.9025,3467,RSU,TX_Throughput,5280,0
25.9025,3467,RSU,TX_ObjectCount,1,0
25.9037,7055,RSU,ChannelLoad,0.05976,0
25.9037,7055,RSU,ChannelLoad,0.05976,0
25.9038,3168,Vehicle,TX_Throughput,4560,0
25.9038,3168,Vehicle,TX_ObjectCount,0,0
25.9039,2799,Vehicle,TX_Throughput,4560,0
25.9039,2799,Vehicle,TX_ObjectCount,0,0
25.9047,5481,Vehicle,TX_Throughput,13360,0
25.9047,5481,Vehicle,TX_ObjectCount,3,0
25.9047,29,RSU,ChannelLoad,0.0948,0
25.9047,29,RSU,ChannelLoad,0.0948,0
25.9053,3319,Vehicle,TX_Throughput,4560,0
25.9053,3319,Vehicle,TX_ObjectCount,0,0
25.9054,7425,Vehicle,TX_Throughput,11410.6,0
25.9054,7425,Vehicle,TX_ObjectCount,5,0
25.9059,712,Vehicle,ChannelLoad,0.06384,0
25.9059,712,Vehicle,ChannelLoad,0.06384,0
25.9067,6664,Vehicle,TX_Throughput,7760,0
25.9067,6664,Vehicle,TX_ObjectCount,1,0
25.9078,5852,Vehicle,ChannelLoad,0.05664,0
25.9078,5852,Vehicle,ChannelLoad,0.05664,0
25.9083,6223,Vehicle,TX_Throughput,4560,0
25.9083,6223,Vehicle,TX_ObjectCount,0,0
25.9084,6747,Vehicle,TX_Throughput,4560,0
25.9084,6747,Vehicle,TX_ObjectCount,0,0
25.9089,1678,Vehicle,ChannelLoad,0.01936,0
25.9089,1678,Vehicle,ChannelLoad,0.01936,0
25.9091,5998,Vehicle,TX_Throughput,4560,0
25.9091,5998,Vehicle,TX_ObjectCount,0,0
25.9092,2874,Vehicle,TX_Throughput,7760,0
25.9092,2874,Vehicle,TX_ObjectCount,1,0
25.9094,6518,Vehicle,TX_Throughput,4560,0
25.9094,6518,Vehicle,TX_ObjectCount,0,0
25.9105,270,Vehicle,TX_Throughput,7760,0
25.9105,270,Vehicle,TX_ObjectCount,1,0
25.911,6372,Vehicle,TX_Throughput,4560,0
25.911,6372,Vehicle,TX_ObjectCount,0,0
25.9121,5925,Vehicle,ChannelLoad,0.03792,0
25.9121,5925,Vehicle,ChannelLoad,0.03792,0
25.9131,5998,Vehicle,ChannelLoad,0.0516,0
25.9131,5998,Vehicle,ChannelLoad,0.0516,0
25.9138,2724,Vehicle,TX_Throughput,4560,0
25.9138,2724,Vehicle,TX_ObjectCount,0,0
25.9147,5260,RSU,TX_Throughput,13680,0
25.9147,5260,RSU,TX_ObjectCount,4,0
25.9147,3619,Vehicle,ChannelLoad,0.05032,0
25.9147,3619,Vehicle,ChannelLoad,0.05032,0
25.9151,712,Vehicle,TX_Throughput,7760,0
25.9151,712,Vehicle,TX_ObjectCount,1,0
25.9152,7129,Vehicle,ChannelLoad,0.04288,0
25.9152,7129,Vehicle,ChannelLoad,0.04288,0
25.9156,639,Vehicle,TX_Throughput,4560,0
25.9156,639,Vehicle,TX_ObjectCount,0,0
25.916,3020,Vehicle,TX_Throughput,4560,0
25.916,3020,Vehicle,TX_ObjectCount,0,0
25.9163,7202,RSU,ChannelLoad,0.07304,0
25.9163,7202,RSU,ChannelLoad,0.07304,0
25.9166,182,RSU,TX_Throughput,13680,0
25.9166,182,RSU,TX_ObjectCount,4,0
25.9168,1755,Vehicle,ChannelLoad,0.07112,0
25.9168,1755,Vehicle,ChannelLoad,0.07112,0
25.9169,6071,Vehicle,ChannelLoad,0.05248,0
25.9169,6071,Vehicle,ChannelLoad,0.05248,0
25.9171,862,Vehicle,TX_Throughput,4560,0
25.9171,862,Vehicle,TX_ObjectCount,0,0
25.9172,2649,Vehicle,ChannelLoad,0.04984,0
25.9172,2649,Vehicle,ChannelLoad,0.04984,0
25.9175,1901,RSU,TX_Throughput,5280,0
25.9175,1901,RSU,TX_ObjectCount,1,0
25.9183,787,Vehicle,ChannelLoad,0.03984,0
25.9183,787,Vehicle,ChannelLoad,0.03984,0
25.9186,2724,Vehicle,ChannelLoad,0.04792,0
25.9186,2724,Vehicle,ChannelLoad,0.04792,0
25.9188,107,Vehicle,ChannelLoad,0.06328,0
25.9188,107,Vehicle,ChannelLoad,0.06328,0
25.9191,2273,RSU,TX_Throughput,5280,0
25.9191,2273,RSU,TX_ObjectCount,1,0
25.9197,7720,Vehicle,TX_Throughput,3221.23,0
25.9197,7720,Vehicle,TX_ObjectCount,0,0
25.9201,182,RSU,ChannelLoad,0.06384,0
25.9201,182,RSU,ChannelLoad,0.06384,0
25.9202,862,Vehicle,ChannelLoad,0.04704,0
25.9202,862,Vehicle,ChannelLoad,0.04704,0
25.9207,6976,Vehicle,TX_Throughput,4560,0
25.9207,6976,Vehicle,TX_ObjectCount,0,0
25.921,8018,Vehicle,ChannelLoad,0.05264,0
25.921,8018,Vehicle,ChannelLoad,0.05264,0
25.9212,2051,Vehicle,TX_Throughput,10560,0
25.9212,2051,Vehicle,TX_ObjectCount,2,0
25.9223,1828,Vehicle,ChannelLoad,0.03672,0
25.9223,1828,Vehicle,ChannelLoad,0.03672,0
25.9228,6146,Vehicle,ChannelLoad,0.05216,0
25.9228,6146,Vehicle,ChannelLoad,0.05216,0
25.9231,1901,RSU,ChannelLoad,0.06352,0
25.9231,1901,RSU,ChannelLoad,0.06352,0
25.9231,7795,Vehicle,TX_Throughput,7405.61,0
25.9231,7795,Vehicle,TX_ObjectCount,2,0
25.9237,3692,Vehicle,ChannelLoad,0.06536,0
25.9237,3692,Vehicle,ChannelLoad,0.06536,0
25.9244,5627,RSU,TX_Throughput,5280,0
25.9244,5627,RSU,TX_ObjectCount,1,0
25.925,2799,Vehicle,ChannelLoad,0.05016,0
25.925,2799,Vehicle,ChannelLoad,0.05016,0
25.9281,6826,RSU,TX_Throughput,5280,0
25.9281,6826,RSU,TX_ObjectCount,1,0
25.9282,3989,RSU,TX_Throughput,5280,0
25.9282,3989,RSU,TX_ObjectCount,1,0
25.9286,2947,Vehicle,TX_Throughput,4560,0
25.9286,2947,Vehicle,TX_ObjectCount,0,0
25.9289,8091,RSU,ChannelLoad,0.0936,0
25.9289,8091,RSU,ChannelLoad,0.0936,0
25.9294,3765,RSU,TX_Throughput,2080,0
25.9294,3765,RSU,TX_ObjectCount,0,0
25.9315,8091,RSU,TX_Throughput,10606.8,0
25.9315,8091,RSU,TX_ObjectCount,3,0
25.9318,937,Vehicle,ChannelLoad,0.04856,0
25.9318,937,Vehicle,ChannelLoad,0.04856,0
25.9319,4512,Vehicle,TX_Throughput,4560,0
25.9319,4512,Vehicle,TX_ObjectCount,0,0
25.9326,8165,Vehicle,ChannelLoad,0.04584,0
25.9326,8165,Vehicle,ChannelLoad,0.04584,0
25.9333,3765,RSU,ChannelLoad,0.04336,0
25.9333,3765,RSU,ChannelLoad,0.04336,0
25.9334,3692,Vehicle,TX_Throughput,4560,0
25.9334,3692,Vehicle,TX_ObjectCount,0,0
25.9336,5187,Vehicle,TX_Throughput,7760,0
25.9336,5187,Vehicle,TX_ObjectCount,1,0
25.9341,416,Vehicle,TX_Throughput,7760,0
25.9341,416,Vehicle,TX_ObjectCount,1,0
25.9342,7055,RSU,TX_Throughput,5280,0
25.9342,7055,RSU,TX_ObjectCount,1,0
25.9343,6223,Vehicle,ChannelLoad,0.04752,0
25.9343,6223,Vehicle,ChannelLoad,0.04752,0
25.9344,29,RSU,TX_Throughput,10880,0
25.9344,29,RSU,TX_ObjectCount,3,0
25.9344,562,Vehicle,TX_Throughput,4560,0
25.9344,562,Vehicle,TX_ObjectCount,0,0
25.9348,1755,Vehicle,TX_Throughput,4560,0
25.9348,1755,Vehicle,TX_ObjectCount,0,0
25.935,2569,RSU,TX_Throughput,5280,0
25.935,2569,RSU,TX_ObjectCount,1,0
25.9352,7278,RSU,ChannelLoad,0.07784,0
25.9352,7278,RSU,ChannelLoad,0.07784,0
25.9359,5113,RSU,TX_Throughput,5280,0
25.9359,5113,RSU,TX_ObjectCount,1,0
25.9361,8238,Vehicle,ChannelLoad,0.04784,0
25.9361,8238,Vehicle,ChannelLoad,0.04784,0
25.9369,7352,Vehicle,ChannelLoad,0.03744,0
25.9369,7352,Vehicle,ChannelLoad,0.03744,0
25.937,5701,RSU,TX_Throughput,5280,0
25.937,5701,RSU,TX_ObjectCount,1,0
25.937,3839,Vehicle,ChannelLoad,0.06224,0
25.937,3839,Vehicle,ChannelLoad,0.06224,0
25.9374,4599,Vehicle,ChannelLoad,0.05368,0
25.9374,4599,Vehicle,ChannelLoad,0.05368,0
25.9376,3912,Vehicle,ChannelLoad,0.04408,0
25.9376,3912,Vehicle,ChannelLoad,0.04408,0
25.9379,8311,Vehicle,ChannelLoad,0.04104,0
25.9379,8311,Vehicle,ChannelLoad,0.04104,0
25.938,2874,Vehicle,ChannelLoad,0.02352,0
25.938,2874,Vehicle,ChannelLoad,0.02352,0
25.9384,4360,Vehicle,TX_Throughput,4560,0
25.9384,4360,Vehicle,TX_ObjectCount,0,0
25.9385,6071,Vehicle,TX_Throughput,4560,0
25.9385,6071,Vehicle,TX_ObjectCount,0,0
25.9389,6298,RSU,ChannelLoad,0.0652,0
25.9389,6298,RSU,ChannelLoad,0.0652,0
25.9393,7425,Vehicle,ChannelLoad,0.04368,0
25.9393,7425,Vehicle,ChannelLoad,0.04368,0
25.9399,6372,Vehicle,ChannelLoad,0.05896,0
25.9399,6372,Vehicle,ChannelLoad,0.05896,0
25.9404,1014,Vehicle,ChannelLoad,0.04528,0
25.9404,1014,Vehicle,ChannelLoad,0.04528,0
25.9414,8384,RSU,ChannelLoad,0.06416,0
25.9414,8384,RSU,ChannelLoad,0.06416,0
25.9417,4745,Vehicle,TX_Throughput,7760,0
25.9417,4745,Vehicle,TX_ObjectCount,1,0
25.9422,1977,RSU,TX_Throughput,2080,0
25.9422,1977,RSU,TX_ObjectCount,0,0
25.9429,3912,Vehicle,TX_Throughput,4560,0
25.9429,3912,Vehicle,TX_ObjectCount,0,0
25.9431,1165,Vehicle,TX_Throughput,4560,0
25.9431,1165,Vehicle,TX_ObjectCount,0,0
25.9436,7943,Vehicle,TX_Throughput,5438.35,0
25.9436,7943,Vehicle,TX_ObjectCount,1,0
25.9438,343,Vehicle,TX_Throughput,10560,0
25.9438,343,Vehicle,TX_ObjectCount,2,0
25.9449,4672,Vehicle,ChannelLoad,0.06088,0
25.9449,4672,Vehicle,ChannelLoad,0.06088,0
25.9452,4287,Vehicle,TX_Throughput,7760,0
25.9452,4287,Vehicle,TX_ObjectCount,1,0
25.9454,1678,Vehicle,TX_Throughput,4560,0
25.9454,1678,Vehicle,TX_ObjectCount,0,0
25.9459,6445,Vehicle,ChannelLoad,0.03192,0
25.9459,6445,Vehicle,ChannelLoad,0.03192,0
25.9464,1089,RSU,ChannelLoad,0.07112,0
25.9464,1089,RSU,ChannelLoad,0.07112,0
25.9466,5334,Vehicle,TX_Throughput,10560,0
25.9466,5334,Vehicle,TX_ObjectCount,2,0
25.9471,3989,RSU,ChannelLoad,0.05456,0
25.9471,3989,RSU,ChannelLoad,0.05456,0
25.9472,6518,Vehicle,ChannelLoad,0.0356,0
25.9472,6518,Vehicle,ChannelLoad,0.0356,0
25.9474,2420,Vehicle,TX_Throughput,7760,0
25.9474,2420,Vehicle,TX_ObjectCount,1,0
25.9477,6146,Vehicle,TX_Throughput,7760,0
25.9477,6146,Vehicle,TX_ObjectCount,1,0
25.9481,1238,Vehicle,TX_Throughput,7760,0
25.9481,1238,Vehicle,TX_ObjectCount,1,0
25.9482,6591,Vehicle,ChannelLoad,0.03096,0
25.9482,6591,Vehicle,ChannelLoad,0.03096,0
25.9483,6445,Vehicle,TX_Throughput,4560,0
25.9483,6445,Vehicle,TX_ObjectCount,0,0
25.9488,1977,RSU,ChannelLoad,0.06256,0
25.9488,1977,RSU,ChannelLoad,0.06256,0
25.9488,4745,Vehicle,ChannelLoad,0.05384,0
25.9488,4745,Vehicle,ChannelLoad,0.05384,0
25.9492,4063,RSU,ChannelLoad,0.05016,0
25.9492,4063,RSU,ChannelLoad,0.05016,0
25.9496,5852,Vehicle,TX_Throughput,7760,0
25.9496,5852,Vehicle,TX_ObjectCount,1,0
25.9499,4137,Vehicle,ChannelLoad,0.08208,0
25.9499,4137,Vehicle,ChannelLoad,0.08208,0
25.9528,6664,Vehicle,ChannelLoad,0.04048,0
25.9528,6664,Vehicle,ChannelLoad,0.04048,0
25.9528,4818,RSU,ChannelLoad,0.06168,0
25.9528,4818,RSU,ChannelLoad,0.06168,0
25.9533,2051,Vehicle,ChannelLoad,0.06336,0
25.9533,2051,Vehicle,ChannelLoad,0.06336,0
25.9539,937,Vehicle,TX_Throughput,4560,0
25.9539,937,Vehicle,TX_ObjectCount,0,0
25.9557,1385,Vehicle,TX_Throughput,7760,0
25.9557,1385,Vehicle,TX_ObjectCount,1,0
25.9561,7500,RSU,ChannelLoad,0.06264,0
25.9561,7500,RSU,ChannelLoad,0.06264,0
25.9562,4212,Vehicle,ChannelLoad,0.05888,0
25.9562,4212,Vehicle,ChannelLoad,0.05888,0
25.9582,2947,Vehicle,ChannelLoad,0.04536,0
25.9582,2947,Vehicle,ChannelLoad,0.04536,0
25.9586,7574,Vehicle,ChannelLoad,0.05008,0
25.9586,7574,Vehicle,ChannelLoad,0.05008,0
25.9589,4063,RSU,TX_Throughput,5280,0
25.9589,4063,RSU,TX_ObjectCount,1,0
25.959,1165,Vehicle,ChannelLoad,0.0352,0
25.959,1165,Vehicle,ChannelLoad,0.0352,0
25.959,5407,RSU,TX_Throughput,8080,0
25.959,5407,RSU,TX_ObjectCount,2,0
25.9594,3020,Vehicle,ChannelLoad,0.05592,0
25.9594,3020,Vehicle,ChannelLoad,0.05592,0
25.9595,7574,Vehicle,TX_Throughput,4560,0
25.9595,7574,Vehicle,TX_ObjectCount,0,0
25.9597,6591,Vehicle,TX_Throughput,4560,0
25.9597,6591,Vehicle,TX_ObjectCount,0,0
25.96,489,Vehicle,TX_Throughput,4560,0
25.96,489,Vehicle,TX_ObjectCount,0,0
25.9602,3243,RSU,TX_Throughput,2080,0
25.9602,3243,RSU,TX_ObjectCount,0,0
25.9603,3839,Vehicle,TX_Throughput,10560,0
25.9603,3839,Vehicle,TX_ObjectCount,2,0
25.9603,7868,Vehicle,TX_Throughput,2705.46,0
25.9603,7868,Vehicle,TX_ObjectCount,0,0
25.9613,8018,Vehicle,TX_Throughput,5530.9,0
25.9613,8018,Vehicle,TX_ObjectCount,1,0
25.9613,1238,Vehicle,ChannelLoad,0.05944,0
25.9613,1238,Vehicle,ChannelLoad,0.05944,0
25.9627,4818,RSU,TX_Throughput,8080,0
25.9627,4818,RSU,TX_ObjectCount,2,0
25.9631,4137,Vehicle,TX_Throughput,7760,0
25.9631,4137,Vehicle,TX_ObjectCount,1,0
25.9632,4599,Vehicle,TX_Throughput,4560,0
25.9632,4599,Vehicle,TX_ObjectCount,0,0
25.9634,4672,Vehicle,TX_Throughput,4560,0
25.9634,4672,Vehicle,TX_ObjectCount,0,0
25.9637,3095,Vehicle,ChannelLoad,0.0596,0
25.9637,3095,Vehicle,ChannelLoad,0.0596,0
25.9647,2126,RSU,ChannelLoad,0.06456,0
25.9647,2126,RSU,ChannelLoad,0.06456,0
25.9649,1311,RSU,ChannelLoad,0.06176,0
25.9649,1311,RSU,ChannelLoad,0.06176,0
25.9652,4892,Vehicle,ChannelLoad,0.08096,0
25.9652,4892,Vehicle,ChannelLoad,0.08096,0
25.9654,2200,Vehicle,ChannelLoad,0.06032,0
25.9654,2200,Vehicle,ChannelLoad,0.06032,0
25.9663,4287,Vehicle,ChannelLoad,0.07888,0
25.9663,4287,Vehicle,ChannelLoad,0.07888,0
25.9669,4439,Vehicle,TX_Throughput,4560,0
25.9669,4439,Vehicle,TX_ObjectCount,0,0
25.967,4967,Vehicle,TX_Throughput,4560,0
25.967,4967,Vehicle,TX_ObjectCount,0,0
25.9672,6298,RSU,TX_Throughput,5280,0
25.9672,6298,RSU,TX_ObjectCount,1,0
25.9674,6747,Vehicle,ChannelLoad,0.0396,0
25.9674,6747,Vehicle,ChannelLoad,0.0396,0
25.968,4967,Vehicle,ChannelLoad,0.05616,0
25.968,4967,Vehicle,ChannelLoad,0.05616,0
25.9682,3168,Vehicle,ChannelLoad,0.04408,0
25.9682,3168,Vehicle,ChannelLoad,0.04408,0
25.9684,5040,Vehicle,ChannelLoad,0.0464,0
25.9684,5040,Vehicle,ChannelLoad,0.0464,0
25.9687,4360,Vehicle,ChannelLoad,0.07072,0
25.9687,4360,Vehicle,ChannelLoad,0.07072,0
25.9688,1605,Vehicle,TX_Throughput,4560,0
25.9688,1605,Vehicle,TX_ObjectCount,0,0
25.9696,5113,RSU,ChannelLoad,0.06936,0
25.9696,5113,RSU,ChannelLoad,0.06936,0
25.9698,3243,RSU,ChannelLoad,0.07912,0
25.9698,3243,RSU,ChannelLoad,0.07912,0
25.97,2273,RSU,ChannelLoad,0.07792,0
25.97,2273,RSU,ChannelLoad,0.07792,0
25.9701,8470,Vehicle,ChannelLoad,0.05232,0
25.9701,8470,Vehicle,ChannelLoad,0.05232,0
25.9702,5187,Vehicle,ChannelLoad,0.07648,0
25.9702,5187,Vehicle,ChannelLoad,0.07648,0
25.9709,1385,Vehicle,ChannelLoad,0.05424,0
25.9709,1385,Vehicle,ChannelLoad,0.05424,0
25.971,270,Vehicle,ChannelLoad,0.04496,0
25.971,270,Vehicle,ChannelLoad,0.04496,0
25.9723,5260,RSU,ChannelLoad,0.08864,0
25.9723,5260,RSU,ChannelLoad,0.08864,0
25.9725,5925,Vehicle,TX_Throughput,10560,0
25.9725,5925,Vehicle,TX_ObjectCount,2,0
25.9727,2347,Vehicle,ChannelLoad,0.04008,0
25.9727,2347,Vehicle,ChannelLoad,0.04008,0
25.9727,7202,RSU,TX_Throughput,2080,0
25.9727,7202,RSU,TX_ObjectCount,0,0
25.9735,787,Vehicle,TX_Throughput,4560,0
25.9735,787,Vehicle,TX_ObjectCount,0,0
25.9742,7647,Vehicle,ChannelLoad,0.03456,0
25.9742,7647,Vehicle,ChannelLoad,0.03456,0
25.9759,5334,Vehicle,ChannelLoad,0.08664,0
25.9759,5334,Vehicle,ChannelLoad,0.08664,0
25.9762,5407,RSU,ChannelLoad,0.07312,0
25.9762,5407,RSU,ChannelLoad,0.07312,0
25.9771,5554,Vehicle,TX_Throughput,7760,0
25.9771,5554,Vehicle,TX_ObjectCount,1,0
25.9777,4439,Vehicle,ChannelLoad,0.05048,0
25.9777,4439,Vehicle,ChannelLoad,0.05048,0
25.9777,2420,Vehicle,ChannelLoad,0.04648,0
25.9777,2420,Vehicle,ChannelLoad,0.04648,0
25.9778,6826,RSU,ChannelLoad,0.086,0
25.9778,6826,RSU,ChannelLoad,0.086,0
25.9781,2495,RSU,TX_Throughput,2080,0
25.9781,2495,RSU,TX_ObjectCount,0,0
25.9782,7720,Vehicle,ChannelLoad,0.06904,0
25.9782,7720,Vehicle,ChannelLoad,0.06904,0
25.9782,8543,Vehicle,ChannelLoad,0.04776,0
25.9782,8543,Vehicle,ChannelLoad,0.04776,0
25.9782,3095,Vehicle,TX_Throughput,7760,0
25.9782,3095,Vehicle,TX_ObjectCount,1,0
25.9784,7500,RSU,TX_Throughput,5280,0
25.9784,7500,RSU,TX_ObjectCount,1,0
25.9794,3392,Vehicle,TX_Throughput,7760,0
25.9794,3392,Vehicle,TX_ObjectCount,1,0
25.98,4512,Vehicle,ChannelLoad,0.08904,0
25.98,4512,Vehicle,ChannelLoad,0.08904,0
25.9801,6902,RSU,ChannelLoad,0.04776,0
25.9801,6902,RSU,ChannelLoad,0.04776,0
25.9805,7795,Vehicle,ChannelLoad,0.05336,0
25.9805,7795,Vehicle,ChannelLoad,0.05336,0
25.9814,5775,Vehicle,TX_Throughput,4560,0
25.9814,5775,Vehicle,TX_ObjectCount,0,0
25.9816,1311,RSU,TX_Throughput,5280,0
25.9816,1311,RSU,TX_ObjectCount,1,0
25.9817,1089,RSU,TX_Throughput,10880,0
25.9817,1089,RSU,TX_ObjectCount,3,0
25.9818,6976,Vehicle,ChannelLoad,0.05968,0
25.9818,6976,Vehicle,ChannelLoad,0.05968,0
25.9819,5481,Vehicle,ChannelLoad,0.06392,0
25.9819,5481,Vehicle,ChannelLoad,0.06392,0
25.982,5554,Vehicle,ChannelLoad,0.06728,0
25.982,5554,Vehicle,ChannelLoad,0.06728,0
25.9824,4212,Vehicle,TX_Throughput,4560,0
25.9824,4212,Vehicle,TX_ObjectCount,0,0
25.9825,7278,RSU,TX_Throughput,2080,0
25.9825,7278,RSU,TX_ObjectCount,0,0
25.9831,343,Vehicle,ChannelLoad,0.05448,0
25.9831,343,Vehicle,ChannelLoad,0.05448,0
25.9832,1458,RSU,ChannelLoad,0.08856,0
25.9832,1458,RSU,ChannelLoad,0.08856,0
25.9843,8165,Vehicle,TX_Throughput,3005.66,0
25.9843,8165,Vehicle,TX_ObjectCount,0,0
25.9844,6902,RSU,TX_Throughput,8080,0
25.9844,6902,RSU,TX_ObjectCount,2,0
25.9844,3319,Vehicle,ChannelLoad,0.07248,0
25.9844,3319,Vehicle,ChannelLoad,0.07248,0
25.9853,7352,Vehicle,TX_Throughput,4560,0
25.9853,7352,Vehicle,TX_ObjectCount,0,0
25.9855,3541,RSU,TX_Throughput,8080,0
25.9855,3541,RSU,TX_ObjectCount,2,0
25.9857,2126,RSU,TX_Throughput,10880,0
25.9857,2126,RSU,TX_ObjectCount,3,0
25.9863,1532,Vehicle,ChannelLoad,0.07224,0
25.9863,1532,Vehicle,ChannelLoad,0.07224,0
25.9863,107,Vehicle,TX_Throughput,4560,0
25.9863,107,Vehicle,TX_ObjectCount,0,0
25.9865,3392,Vehicle,ChannelLoad,0.03896,0
25.9865,3392,Vehicle,ChannelLoad,0.03896,0
25.9865,5627,RSU,ChannelLoad,0.09824,0
25.9865,5627,RSU,ChannelLoad,0.09824,0
25.9871,416,Vehicle,ChannelLoad,0.05856,0
25.9871,416,Vehicle,ChannelLoad,0.05856,0
25.9873,2200,Vehicle,TX_Throughput,4560,0
25.9873,2200,Vehicle,TX_ObjectCount,0,0
25.9873,7129,Vehicle,TX_Throughput,4560,0
25.9873,7129,Vehicle,TX_ObjectCount,0,0
25.9885,2495,RSU,ChannelLoad,0.07192,0
25.9885,2495,RSU,ChannelLoad,0.07192,0
25.9891,8384,RSU,TX_Throughput,7366.55,0
25.9891,8384,RSU,TX_ObjectCount,3,0
25.9894,2569,RSU,ChannelLoad,0.07928,0
25.9894,2569,RSU,ChannelLoad,0.07928,0
25.9902,7647,Vehicle,TX_Throughput,7760,0
25.9902,7647,Vehicle,TX_ObjectCount,1,0
25.9916,8618,RSU,ChannelLoad,0.07624,0
25.9916,8618,RSU,ChannelLoad,0.07624,0
25.9917,7868,Vehicle,ChannelLoad,0.0516,0
25.9917,7868,Vehicle,ChannelLoad,0.0516,0
25.992,3619,Vehicle,TX_Throughput,4560,0
25.992,3619,Vehicle,TX_ObjectCount,0,0
25.992,5701,RSU,ChannelLoad,0.09208,0
25.992,5701,RSU,ChannelLoad,0.09208,0
25.9928,5775,Vehicle,ChannelLoad,0.07888,0
25.9928,5775,Vehicle,ChannelLoad,0.07888,0
25.9932,1532,Vehicle,TX_Throughput,7760,0
25.9932,1532,Vehicle,TX_ObjectCount,1,0
25.9939,489,Vehicle,ChannelLoad,0.0244,0
25.9939,489,Vehicle,ChannelLoad,0.0244,0
25.9941,1014,Vehicle,TX_Throughput,4560,0
25.9941,1014,Vehicle,TX_ObjectCount,0,0
25.996,8694,RSU,ChannelLoad,0.08848,0
25.996,8694,RSU,ChannelLoad,0.08848,0
25.9961,3467,RSU,ChannelLoad,0.0688,0
25.9961,3467,RSU,ChannelLoad,0.0688,0
25.9961,562,Vehicle,ChannelLoad,0.03848,0
25.9961,562,Vehicle,ChannelLoad,0.03848,0
25.9962,4892,Vehicle,TX_Throughput,4560,0
25.9962,4892,Vehicle,TX_ObjectCount,0,0
25.9966,1605,Vehicle,ChannelLoad,0.03312,0
25.9966,1605,Vehicle,ChannelLoad,0.03312,0
25.997,2649,Vehicle,TX_Throughput,10560,0
25.997,2649,Vehicle,TX_ObjectCount,2,0
25.9972,1458,RSU,TX_Throughput,5280,0
25.9972,1458,RSU,TX_ObjectCount,1,0
25.9978,3541,RSU,ChannelLoad,0.05456,0
25.9978,3541,RSU,ChannelLoad,0.05456,0
25.9981,2347,Vehicle,TX_Throughput,4560,0
25.9981,2347,Vehicle,TX_ObjectCount,0,0
25.9997,5040,Vehicle,TX_Throughput,4560,0
25.9997,5040,Vehicle,TX_ObjectCount,0,0
26.0009,7943,Vehicle,ChannelLoad,0.03216,0
26.0009,7943,Vehicle,ChannelLoad,0.03216,0
26.0017,1828,Vehicle,TX_Throughput,10560,0
26.0017,1828,Vehicle,TX_ObjectCount,2,0
26.002,639,Vehicle,ChannelLoad,0.03936,0
26.002,639,Vehicle,ChannelLoad,0.03936,0
26.0023,8768,Vehicle,ChannelLoad,0.06496,0
26.0023,8768,Vehicle,ChannelLoad,0.06496,0
26.0025,3467,RSU,TX_Throughput,5280,0
26.0025,3467,RSU,TX_ObjectCount,1,0
26.0026,8841,Vehicle,ChannelLoad,0.0472,0
26.0026,8841,Vehicle,ChannelLoad,0.0472,0
26.0035,8470,Vehicle,TX_Throughput,5815.03,0
26.0035,8470,Vehicle,TX_ObjectCount,1,0
26.0037,7055,RSU,ChannelLoad,0.06728,0
26.0037,7055,RSU,ChannelLoad,0.06728,0
26.0038,3168,Vehicle,TX_Throughput,4560,0
26.0038,3168,Vehicle,TX_ObjectCount,0,0
26.0039,2799,Vehicle,TX_Throughput,10560,0
26.0039,2799,Vehicle,TX_ObjectCount,2,0
26.0047,5481,Vehicle,TX_Throughput,10560,0
26.0047,5481,Vehicle,TX_ObjectCount,2,0
26.0047,29,RSU,ChannelLoad,0.09112,0
26.0047,29,RSU,ChannelLoad,0.09112,0
26.0053,3319,Vehicle,TX_Throughput,7760,0
26.0053,3319,Vehicle,TX_ObjectCount,1,0
26.0054,7425,Vehicle,TX_Throughput,10560,0
26.0054,7425,Vehicle,TX_ObjectCount,2,0
26.0059,712,Vehicle,ChannelLoad,0.05952,0
26.0059,712,Vehicle,ChannelLoad,0.05952,0
26.0064,8238,Vehicle,TX_Throughput,6201,0
26.0064,8238,Vehicle,TX_ObjectCount,2,0
26.0067,6664,Vehicle,TX_Throughput,4560,0
26.0067,6664,Vehicle,TX_ObjectCount,0,0
26.0078,5852,Vehicle,ChannelLoad,0.048,0
26.0078,5852,Vehicle,ChannelLoad,0.048,0
26.0083,6223,Vehicle,TX_Throughput,10560,0
26.0083,6223,Vehicle,TX_ObjectCount,2,0
26.0084,6747,Vehicle,TX_Throughput,4560,0
26.0084,6747,Vehicle,TX_ObjectCount,0,0
26.0089,1678,Vehicle,ChannelLoad,0.034,0
26.0089,1678,Vehicle,ChannelLoad,0.034,0
26.0091,5998,Vehicle,TX_Throughput,4560,0
26.0091,5998,Vehicle,TX_ObjectCount,0,0
26.0092,2874,Vehicle,TX_Throughput,4560,0
26.0092,2874,Vehicle,TX_ObjectCount,0,0
26.0094,6518,Vehicle,TX_Throughput,10560,0
26.0094,6518,Vehicle,TX_ObjectCount,2,0
26.0105,270,Vehicle,TX_Throughput,7760,0
26.0105,270,Vehicle,TX_ObjectCount,1,0
26.011,6372,Vehicle,TX_Throughput,4560,0
26.011,6372,Vehicle,TX_ObjectCount,0,0
26.0121,5925,Vehicle,ChannelLoad,0.0352,0
26.0121,5925,Vehicle,ChannelLoad,0.0352,0
26.0131,5998,Vehicle,ChannelLoad,0.04456,0
26.0131,5998,Vehicle,ChannelLoad,0.04456,0
26.0138,2724,Vehicle,TX_Throughput,4560,0
26.0138,2724,Vehicle,TX_ObjectCount,0,0
26.0147,5260,RSU,TX_Throughput,19280,0
26.0147,5260,RSU,TX_ObjectCount,6,0
26.0147,3619,Vehicle,ChannelLoad,0.07248,0
26.0147,3619,Vehicle,ChannelLoad,0.07248,0
26.0151,712,Vehicle,TX_Throughput,10560,0
26.0151,712,Vehicle,TX_ObjectCount,2,0
26.0152,7129,Vehicle,ChannelLoad,0.04496,0
26.0152,7129,Vehicle,ChannelLoad,0.04496,0
26.0156,639,Vehicle,TX_Throughput,4560,0
26.0156,639,Vehicle,TX_ObjectCount,0,0
26.016,3020,Vehicle,TX_Throughput,4560,0
26.016,3020,Vehicle,TX_ObjectCount,0,0
26.0163,7202,RSU,ChannelLoad,0.08024,0
26.0163,7202,RSU,ChannelLoad,0.08024,0
26.0166,182,RSU,TX_Throughput,8080,0
26.0166,182,RSU,TX_ObjectCount,2,0
26.0167,8914,Vehicle,ChannelLoad,0.06976,0
26.0167,8914,Vehicle,ChannelLoad,0.06976,0
26.0168,1755,Vehicle,ChannelLoad,0.05408,0
26.0168,1755,Vehicle,ChannelLoad,0.05408,0
26.0169,6071,Vehicle,ChannelLoad,0.05672,0
26.0169,6071,Vehicle,ChannelLoad,0.05672,0
26.0171,862,Vehicle,TX_Throughput,7760,0
26.0171,862,Vehicle,TX_ObjectCount,1,0
26.0172,2649,Vehicle,ChannelLoad,0.0576,0
26.0172,2649,Vehicle,ChannelLoad,0.0576,0
26.0175,1901,RSU,TX_Throughput,10880,0
26.0175,1901,RSU,TX_ObjectCount,3,0
26.0182,8987,Vehicle,ChannelLoad,0.04792,0
26.0182,8987,Vehicle,ChannelLoad,0.04792,0
26.0183,787,Vehicle,ChannelLoad,0.03128,0
26.0183,787,Vehicle,ChannelLoad,0.03128,0
26.0186,2724,Vehicle,ChannelLoad,0.03648,0
26.0186,2724,Vehicle,ChannelLoad,0.03648,0
26.0188,107,Vehicle,ChannelLoad,0.06328,0
26.0188,107,Vehicle,ChannelLoad,0.06328,0
26.0191,2273,RSU,TX_Throughput,8080,0
26.0191,2273,RSU,TX_ObjectCount,2,0
26.0197,7720,Vehicle,TX_Throughput,4560,0
26.0197,7720,Vehicle,TX_ObjectCount,0,0
26.0201,182,RSU,ChannelLoad,0.06752,0
26.0201,182,RSU,ChannelLoad,0.06752,0
26.0202,862,Vehicle,ChannelLoad,0.03648,0
26.0202,862,Vehicle,ChannelLoad,0.03648,0
26.0207,6976,Vehicle,TX_Throughput,7760,0
26.0207,6976,Vehicle,TX_ObjectCount,1,0
26.021,8018,Vehicle,ChannelLoad,0.05584,0
26.021,8018,Vehicle,ChannelLoad,0.05584,0
26.0212,9060,Vehicle,ChannelLoad,0.05664,0
26.0212,9060,Vehicle,ChannelLoad,0.05664,0
26.0212,2051,Vehicle,TX_Throughput,7760,0
26.0212,2051,Vehicle,TX_ObjectCount,1,0
26.0223,1828,Vehicle,ChannelLoad,0.04488,0
26.0223,1828,Vehicle,ChannelLoad,0.04488,0
26.0228,6146,Vehicle,ChannelLoad,0.05504,0
26.0228,6146,Vehicle,ChannelLoad,0.05504,0
26.0231,1901,RSU,ChannelLoad,0.07288,0
26.0231,1901,RSU,ChannelLoad,0.07288,0
26.0231,7795,Vehicle,TX_Throughput,4560,0
26.0231,7795,Vehicle,TX_ObjectCount,0,0
26.0237,3692,Vehicle,ChannelLoad,0.06552,0
26.0237,3692,Vehicle,ChannelLoad,0.06552,0
26.0244,5627,RSU,TX_Throughput,13680,0
26.0244,5627,RSU,TX_ObjectCount,4,0
26.025,2799,Vehicle,ChannelLoad,0.05752,0
26.025,2799,Vehicle,ChannelLoad,0.05752,0
26.0251,8694,RSU,TX_Throughput,17105.1,0
26.0251,8694,RSU,TX_ObjectCount,7,0
26.0256,9133,Vehicle,ChannelLoad,0.06152,0
26.0256,9133,Vehicle,ChannelLoad,0.06152,0
26.0281,6826,RSU,TX_Throughput,8080,0
26.0281,6826,RSU,TX_ObjectCount,2,0
26.0282,3989,RSU,TX_Throughput,5280,0
26.0282,3989,RSU,TX_ObjectCount,1,0
26.0286,2947,Vehicle,TX_Throughput,4560,0
26.0286,2947,Vehicle,TX_ObjectCount,0,0
26.0289,8091,RSU,ChannelLoad,0.09288,0
26.0289,8091,RSU,ChannelLoad,0.09288,0
26.0294,3765,RSU,TX_Throughput,5280,0
26.0294,3765,RSU,TX_ObjectCount,1,0
26.0315,8091,RSU,TX_Throughput,5280,0
26.0315,8091,RSU,TX_ObjectCount,1,0
26.0317,8311,Vehicle,TX_Throughput,2354.01,0
26.0317,8311,Vehicle,TX_ObjectCount,0,0
26.0318,937,Vehicle,ChannelLoad,0.05848,0
26.0318,937,Vehicle,ChannelLoad,0.05848,0
26.0319,4512,Vehicle,TX_Throughput,10560,0
26.0319,4512,Vehicle,TX_ObjectCount,2,0
26.0326,8165,Vehicle,ChannelLoad,0.05408,0
26.0326,8165,Vehicle,ChannelLoad,0.05408,0
26.0327,9060,Vehicle,TX_Throughput,4086.53,0
26.0327,9060,Vehicle,TX_ObjectCount,0,0
26.0333,3765,RSU,ChannelLoad,0.04736,0
26.0333,3765,RSU,ChannelLoad,0.04736,0
26.0334,3692,Vehicle,TX_Throughput,4560,0
26.0334,3692,Vehicle,TX_ObjectCount,0,0
26.0336,5187,Vehicle,TX_Throughput,4560,0
26.0336,5187,Vehicle,TX_ObjectCount,0,0
26.034,8768,Vehicle,TX_Throughput,5894.41,0
26.034,8768,Vehicle,TX_ObjectCount,1,0
26.0341,416,Vehicle,TX_Throughput,4560,0
26.0341,416,Vehicle,TX_ObjectCount,0,0
26.0342,7055,RSU,TX_Throughput,5280,0
26.0342,7055,RSU,TX_ObjectCount,1,0
26.0343,6223,Vehicle,ChannelLoad,0.06144,0
26.0343,6223,Vehicle,ChannelLoad,0.06144,0
26.0344,29,RSU,TX_Throughput,10880,0
26.0344,29,RSU,TX_ObjectCount,3,0
26.0344,562,Vehicle,TX_Throughput,7760,0
26.0344,562,Vehicle,TX_ObjectCount,1,0
26.0348,1755,Vehicle,TX_Throughput,4560,0
26.0348,1755,Vehicle,TX_ObjectCount,0,0
26.035,2569,RSU,TX_Throughput,8080,0
26.035,2569,RSU,TX_ObjectCount,2,0
26.0352,7278,RSU,ChannelLoad,0.08576,0
26.0352,7278,RSU,ChannelLoad,0.08576,0
26.0359,5113,RSU,TX_Throughput,10880,0
26.0359,5113,RSU,TX_ObjectCount,3,0
26.0361,8238,Vehicle,ChannelLoad,0.05088,0
26.0361,8238,Vehicle,ChannelLoad,0.05088,0
26.0369,7352,Vehicle,ChannelLoad,0.0308,0
26.0369,7352,Vehicle,ChannelLoad,0.0308,0
26.037,5701,RSU,TX_Throughput,10880,0
26.037,5701,RSU,TX_ObjectCount,3,0
26.037,3839,Vehicle,ChannelLoad,0.06376,0
26.037,3839,Vehicle,ChannelLoad,0.06376,0
26.0374,4599,Vehicle,ChannelLoad,0.07176,0
26.0374,4599,Vehicle,ChannelLoad,0.07176,0
26.0376,3912,Vehicle,ChannelLoad,0.04176,0
26.0376,3912,Vehicle,ChannelLoad,0.04176,0
26.0379,8311,Vehicle,ChannelLoad,0.06632,0
26.0379,8311,Vehicle,ChannelLoad,0.06632,0
26.038,2874,Vehicle,ChannelLoad,0.0392,0
26.038,2874,Vehicle,ChannelLoad,0.0392,0
26.0384,4360,Vehicle,TX_Throughput,7760,0
26.0384,4360,Vehicle,TX_ObjectCount,1,0
26.0385,6071,Vehicle,TX_Throughput,10560,0
26.0385,6071,Vehicle,TX_ObjectCount,2,0
26.0389,6298,RSU,ChannelLoad,0.09576,0
26.0389,6298,RSU,ChannelLoad,0.09576,0
26.0393,7425,Vehicle,ChannelLoad,0.0656,0
26.0393,7425,Vehicle,ChannelLoad,0.0656,0
26.0399,6372,Vehicle,ChannelLoad,0.05672,0
26.0399,6372,Vehicle,ChannelLoad,0.05672,0
26.0404,1014,Vehicle,ChannelLoad,0.05144,0
26.0404,1014,Vehicle,ChannelLoad,0.05144,0
26.0414,8384,RSU,ChannelLoad,0.0648,0
26.0414,8384,RSU,ChannelLoad,0.0648,0
26.0417,4745,Vehicle,TX_Throughput,4560,0
26.0417,4745,Vehicle,TX_ObjectCount,0,0
26.0422,1977,RSU,TX_Throughput,5280,0
26.0422,1977,RSU,TX_ObjectCount,1,0
26.0429,3912,Vehicle,TX_Throughput,4560,0
26.0429,3912,Vehicle,TX_ObjectCount,0,0
26.0431,1165,Vehicle,TX_Throughput,10560,0
26.0431,1165,Vehicle,TX_ObjectCount,2,0
26.0436,7943,Vehicle,TX_Throughput,4560,0
26.0436,7943,Vehicle,TX_ObjectCount,0,0
26.0437,9208,Vehicle,ChannelLoad,0.03464,0
26.0437,9208,Vehicle,ChannelLoad,0.03464,0
26.0438,343,Vehicle,TX_Throughput,13360,0
26.0438,343,Vehicle,TX_ObjectCount,3,0
26.0447,9281,Vehicle,ChannelLoad,0.038,0
26.0447,9281,Vehicle,ChannelLoad,0.038,0
26.0449,4672,Vehicle,ChannelLoad,0.05856,0
26.0449,4672,Vehicle,ChannelLoad,0.05856,0
26.0452,4287,Vehicle,TX_Throughput,4560,0
26.0452,4287,Vehicle,TX_ObjectCount,0,0
26.0454,1678,Vehicle,TX_Throughput,4560,0
26.0454,1678,Vehicle,TX_ObjectCount,0,0
26.0459,6445,Vehicle,ChannelLoad,0.04624,0
26.0459,6445,Vehicle,ChannelLoad,0.04624,0
26.0464,1089,RSU,ChannelLoad,0.08144,0
26.0464,1089,RSU,ChannelLoad,0.08144,0
26.0466,5334,Vehicle,TX_Throughput,7760,0
26.0466,5334,Vehicle,TX_ObjectCount,1,0
26.0471,3989,RSU,ChannelLoad,0.07696,0
26.0471,3989,RSU,ChannelLoad,0.07696,0
26.0472,6518,Vehicle,ChannelLoad,0.042,0
26.0472,6518,Vehicle,ChannelLoad,0.042,0
26.0474,2420,Vehicle,TX_Throughput,7760,0
26.0474,2420,Vehicle,TX_ObjectCount,1,0
26.0477,6146,Vehicle,TX_Throughput,4560,0
26.0477,6146,Vehicle,TX_ObjectCount,0,0
26.0481,1238,Vehicle,TX_Throughput,7760,0
26.0481,1238,Vehicle,TX_ObjectCount,1,0
26.0482,6591,Vehicle,ChannelLoad,0.03648,0
26.0482,6591,Vehicle,ChannelLoad,0.03648,0
26.0483,6445,Vehicle,TX_Throughput,4560,0
26.0483,6445,Vehicle,TX_ObjectCount,0,0
26.0488,1977,RSU,ChannelLoad,0.07464,0
26.0488,1977,RSU,ChannelLoad,0.07464,0
26.0488,4745,Vehicle,ChannelLoad,0.06768,0
26.0488,4745,Vehicle,ChannelLoad,0.06768,0
26.0492,4063,RSU,ChannelLoad,0.064,0
26.0492,4063,RSU,ChannelLoad,0.064,0
26.0496,9354,Vehicle,ChannelLoad,0.09032,0
26.0496,9354,Vehicle,ChannelLoad,0.09032,0
26.0496,5852,Vehicle,TX_Throughput,10560,0
26.0496,5852,Vehicle,TX_ObjectCount,2,0
26.0499,4137,Vehicle,ChannelLoad,0.07192,0
26.0499,4137,Vehicle,ChannelLoad,0.07192,0
26.0511,8543,Vehicle,TX_Throughput,7725.01,0
26.0511,8543,Vehicle,TX_ObjectCount,3,0
26.0527,9427,RSU,ChannelLoad,0.0784,0
26.0527,9427,RSU,ChannelLoad,0.0784,0
26.0528,6664,Vehicle,ChannelLoad,0.03872,0
26.0528,6664,Vehicle,ChannelLoad,0.03872,0
26.0528,4818,RSU,ChannelLoad,0.05912,0
26.0528,4818,RSU,ChannelLoad,0.05912,0
26.0533,2051,Vehicle,ChannelLoad,0.06048,0
26.0533,2051,Vehicle,ChannelLoad,0.06048,0
26.0539,937,Vehicle,TX_Throughput,7760,0
26.0539,937,Vehicle,TX_ObjectCount,1,0
26.0557,1385,Vehicle,TX_Throughput,4560,0
26.0557,1385,Vehicle,TX_ObjectCount,0,0
26.0561,7500,RSU,ChannelLoad,0.05808,0
26.0561,7500,RSU,ChannelLoad,0.05808,0
26.0562,4212,Vehicle,ChannelLoad,0.07536,0
26.0562,4212,Vehicle,ChannelLoad,0.07536,0
26.0572,9501,Vehicle,ChannelLoad,0.04016,0
26.0572,9501,Vehicle,ChannelLoad,0.04016,0
26.0582,2947,Vehicle,ChannelLoad,0.04136,0
26.0582,2947,Vehicle,ChannelLoad,0.04136,0
26.0586,7574,Vehicle,ChannelLoad,0.05712,0
26.0586,7574,Vehicle,ChannelLoad,0.05712,0
26.0589,4063,RSU,TX_Throughput,2080,0
26.0589,4063,RSU,TX_ObjectCount,0,0
26.0589,9574,Vehicle,ChannelLoad,0.02688,0
26.0589,9574,Vehicle,ChannelLoad,0.02688,0
26.059,1165,Vehicle,ChannelLoad,0.03888,0
26.059,1165,Vehicle,ChannelLoad,0.03888,0
26.059,5407,RSU,TX_Throughput,8080,0
26.059,5407,RSU,TX_ObjectCount,2,0
26.0594,3020,Vehicle,ChannelLoad,0.0468,0
26.0594,3020,Vehicle,ChannelLoad,0.0468,0
26.0595,7574,Vehicle,TX_Throughput,7760,0
26.0595,7574,Vehicle,TX_ObjectCount,1,0
26.0597,6591,Vehicle,TX_Throughput,4560,0
26.0597,6591,Vehicle,TX_ObjectCount,0,0
26.06,489,Vehicle,TX_Throughput,7760,0
26.06,489,Vehicle,TX_ObjectCount,1,0
26.0602,3243,RSU,TX_Throughput,2080,0
26.0602,3243,RSU,TX_ObjectCount,0,0
26.0603,3839,Vehicle,TX_Throughput,13360,0
26.0603,3839,Vehicle,TX_ObjectCount,3,0
26.0603,7868,Vehicle,TX_Throughput,4560,0
26.0603,7868,Vehicle,TX_ObjectCount,0,0
26.0613,8018,Vehicle,TX_Throughput,4560,0
26.0613,8018,Vehicle,TX_ObjectCount,0,0
26.0613,1238,Vehicle,ChannelLoad,0.05576,0
26.0613,1238,Vehicle,ChannelLoad,0.05576,0
26.0621,8618,RSU,TX_Throughput,9661.67,0
26.0621,8618,RSU,TX_ObjectCount,5,0
26.0622,9647,RSU,ChannelLoad,0.0692,0
26.0622,9647,RSU,ChannelLoad,0.0692,0
26.0627,4818,RSU,TX_Throughput,13680,0
26.0627,4818,RSU,TX_ObjectCount,4,0
26.0631,4137,Vehicle,TX_Throughput,4560,0
26.0631,4137,Vehicle,TX_ObjectCount,0,0
26.0632,4599,Vehicle,TX_Throughput,7760,0
26.0632,4599,Vehicle,TX_ObjectCount,1,0
26.0634,4672,Vehicle,TX_Throughput,10560,0
26.0634,4672,Vehicle,TX_ObjectCount,2,0
26.0637,9721,Vehicle,ChannelLoad,0.05608,0
26.0637,9721,Vehicle,ChannelLoad,0.05608,0
26.0637,3095,Vehicle,ChannelLoad,0.06112,0
26.0637,3095,Vehicle,ChannelLoad,0.06112,0
26.0638,9208,Vehicle,TX_Throughput,3797.98,0
26.0638,9208,Vehicle,TX_ObjectCount,0,0
26.0647,2126,RSU,ChannelLoad,0.06376,0
26.0647,2126,RSU,ChannelLoad,0.06376,0
26.0649,1311,RSU,ChannelLoad,0.06544,0
26.0649,1311,RSU,ChannelLoad,0.06544,0
26.0652,4892,Vehicle,ChannelLoad,0.06472,0
26.0652,4892,Vehicle,ChannelLoad,0.06472,0
26.0654,2200,Vehicle,ChannelLoad,0.06176,0
26.0654,2200,Vehicle,ChannelLoad,0.06176,0
26.0663,4287,Vehicle,ChannelLoad,0.05632,0
26.0663,4287,Vehicle,ChannelLoad,0.05632,0
26.0669,4439,Vehicle,TX_Throughput,4560,0
26.0669,4439,Vehicle,TX_ObjectCount,0,0
26.067,4967,Vehicle,TX_Throughput,10560,0
26.067,4967,Vehicle,TX_ObjectCount,2,0
26.0672,6298,RSU,TX_Throughput,5280,0
26.0672,6298,RSU,TX_ObjectCount,1,0
26.0674,8914,Vehicle,TX_Throughput,3026.15,0
26.0674,8914,Vehicle,TX_ObjectCount,0,0
26.0674,6747,Vehicle,ChannelLoad,0.05344,0
26.0674,6747,Vehicle,ChannelLoad,0.05344,0
26.068,4967,Vehicle,ChannelLoad,0.05864,0
26.068,4967,Vehicle,ChannelLoad,0.05864,0
26.0682,3168,Vehicle,ChannelLoad,0.0364,0
26.0682,3168,Vehicle,ChannelLoad,0.0364,0
26.0684,5040,Vehicle,ChannelLoad,0.04024,0
26.0684,5040,Vehicle,ChannelLoad,0.04024,0
26.0687,4360,Vehicle,ChannelLoad,0.05816,0
26.0687,4360,Vehicle,ChannelLoad,0.05816,0
26.0688,1605,Vehicle,TX_Throughput,4560,0
26.0688,1605,Vehicle,TX_ObjectCount,0,0
26.0696,5113,RSU,ChannelLoad,0.08992,0
26.0696,5113,RSU,ChannelLoad,0.08992,0
26.0697,8987,Vehicle,TX_Throughput,5122.38,0
26.0697,8987,Vehicle,TX_ObjectCount,1,0
26.0698,3243,RSU,ChannelLoad,0.0784,0
26.0698,3243,RSU,ChannelLoad,0.0784,0
26.0698,9794,Vehicle,ChannelLoad,0.0352,0
26.0698,9794,Vehicle,ChannelLoad,0.0352,0
26.07,2273,RSU,ChannelLoad,0.10024,0
26.07,2273,RSU,ChannelLoad,0.10024,0
26.0701,8470,Vehicle,ChannelLoad,0.064,0
26.0701,8470,Vehicle,ChannelLoad,0.064,0
26.0702,5187,Vehicle,ChannelLoad,0.05616,0
26.0702,5187,Vehicle,ChannelLoad,0.05616,0
26.0709,1385,Vehicle,ChannelLoad,0.05688,0
26.0709,1385,Vehicle,ChannelLoad,0.05688,0
26.071,270,Vehicle,ChannelLoad,0.06024,0
26.071,270,Vehicle,ChannelLoad,0.06024,0
26.0719,9867,Vehicle,ChannelLoad,0.0556,0
26.0719,9867,Vehicle,ChannelLoad,0.0556,0
26.0722,9647,RSU,TX_Throughput,9888.65,0
26.0722,9647,RSU,TX_ObjectCount,3,0
26.0723,5260,RSU,ChannelLoad,0.10112,0
26.0723,5260,RSU,ChannelLoad,0.10112,0
26.0725,5925,Vehicle,TX_Throughput,4560,0
26.0725,5925,Vehicle,TX_ObjectCount,0,0
26.0727,2347,Vehicle,ChannelLoad,0.04712,0
26.0727,2347,Vehicle,ChannelLoad,0.04712,0
26.0727,7202,RSU,TX_Throughput,8080,0
26.0727,7202,RSU,TX_ObjectCount,2,0
26.0735,787,Vehicle,TX_Throughput,4560,0
26.0735,787,Vehicle,TX_ObjectCount,0,0
26.0742,7647,Vehicle,ChannelLoad,0.05152,0
26.0742,7647,Vehicle,ChannelLoad,0.05152,0
26.0756,8841,Vehicle,TX_Throughput,4486,0
26.0756,8841,Vehicle,TX_ObjectCount,1,0
26.0759,5334,Vehicle,ChannelLoad,0.10072,0
26.0759,5334,Vehicle,ChannelLoad,0.10072,0
26.0762,5407,RSU,ChannelLoad,0.08032,0
26.0762,5407,RSU,ChannelLoad,0.08032,0
26.0765,9940,Vehicle,ChannelLoad,0.05816,0
26.0765,9940,Vehicle,ChannelLoad,0.05816,0
26.0771,5554,Vehicle,TX_Throughput,7760,0
26.0771,5554,Vehicle,TX_ObjectCount,1,0
26.0777,4439,Vehicle,ChannelLoad,0.0436,0
26.0777,4439,Vehicle,ChannelLoad,0.0436,0
26.0777,2420,Vehicle,ChannelLoad,0.05816,0
26.0777,2420,Vehicle,ChannelLoad,0.05816,0
26.0778,6826,RSU,ChannelLoad,0.07688,0
26.0778,6826,RSU,ChannelLoad,0.07688,0
26.0781,2495,RSU,TX_Throughput,5280,0
26.0781,2495,RSU,TX_ObjectCount,1,0
26.0782,7720,Vehicle,ChannelLoad,0.08608,0
26.0782,7720,Vehicle,ChannelLoad,0.08608,0
26.0782,8543,Vehicle,ChannelLoad,0.04688,0
26.0782,8543,Vehicle,ChannelLoad,0.04688,0
26.0782,3095,Vehicle,TX_Throughput,4560,0
26.0782,3095,Vehicle,TX_ObjectCount,0,0
26.0784,7500,RSU,TX_Throughput,2080,0
26.0784,7500,RSU,TX_ObjectCount,0,0
26.0786,10015,Vehicle,ChannelLoad,0.07384,0
26.0786,10015,Vehicle,ChannelLoad,0.07384,0
26.0794,3392,Vehicle,TX_Throughput,7760,0
26.0794,3392,Vehicle,TX_ObjectCount,1,0
26.08,4512,Vehicle,ChannelLoad,0.09088,0
26.08,4512,Vehicle,ChannelLoad,0.09088,0
26.0801,6902,RSU,ChannelLoad,0.06872,0
26.0801,6902,RSU,ChannelLoad,0.06872,0
26.0805,7795,Vehicle,ChannelLoad,0.05552,0
26.0805,7795,Vehicle,ChannelLoad,0.05552,0
26.0814,5775,Vehicle,TX_Throughput,4560,0
26.0814,5775,Vehicle,TX_ObjectCount,0,0
26.0816,1311,RSU,TX_Throughput,10880,0
26.0816,1311,RSU,TX_ObjectCount,3,0
26.0817,1089,RSU,TX_Throughput,10880,0
26.0817,1089,RSU,TX_ObjectCount,3,0
26.0818,6976,Vehicle,ChannelLoad,0.06776,0
26.0818,6976,Vehicle,ChannelLoad,0.06776,0
26.0819,5481,Vehicle,ChannelLoad,0.06968,0
26.0819,5481,Vehicle,ChannelLoad,0.06968,0
26.082,5554,Vehicle,ChannelLoad,0.09152,0
26.082,5554,Vehicle,ChannelLoad,0.09152,0
26.0824,4212,Vehicle,TX_Throughput,4560,0
26.0824,4212,Vehicle,TX_ObjectCount,0,0
26.0825,7278,RSU,TX_Throughput,2080,0
26.0825,7278,RSU,TX_ObjectCount,0,0
26.0831,343,Vehicle,ChannelLoad,0.08072,0
26.0831,343,Vehicle,ChannelLoad,0.08072,0
26.0832,1458,RSU,ChannelLoad,0.0992,0
26.0832,1458,RSU,ChannelLoad,0.0992,0
26.0843,8165,Vehicle,TX_Throughput,4560,0
26.0843,8165,Vehicle,TX_ObjectCount,0,0
26.0844,6902,RSU,TX_Throughput,2080,0
26.0844,6902,RSU,TX_ObjectCount,0,0
26.0844,3319,Vehicle,ChannelLoad,0.08488,0
26.0844,3319,Vehicle,ChannelLoad,0.08488,0
26.0853,7352,Vehicle,TX_Throughput,4560,0
26.0853,7352,Vehicle,TX_ObjectCount,0,0
26.0855,3541,RSU,TX_Throughput,2080,0
26.0855,3541,RSU,TX_ObjectCount,0,0
26.0857,2126,RSU,TX_Throughput,5280,0
26.0857,2126,RSU,TX_ObjectCount,1,0
26.0863,1532,Vehicle,ChannelLoad,0.09256,0
26.0863,1532,Vehicle,ChannelLoad,0.09256,0
26.0863,107,Vehicle,TX_Throughput,7760,0
26.0863,107,Vehicle,TX_ObjectCount,1,0
26.0865,3392,Vehicle,ChannelLoad,0.05536,0
26.0865,3392,Vehicle,ChannelLoad,0.05536,0
26.0865,5627,RSU,ChannelLoad,0.09624,0
26.0865,5627,RSU,ChannelLoad,0.09624,0
26.0871,416,Vehicle,ChannelLoad,0.05296,0
26.0871,416,Vehicle,ChannelLoad,0.05296,0
26.0873,2200,Vehicle,TX_Throughput,10560,0
26.0873,2200,Vehicle,TX_ObjectCount,2,0
26.0873,7129,Vehicle,TX_Throughput,7760,0
26.0873,7129,Vehicle,TX_ObjectCount,1,0
26.0885,2495,RSU,ChannelLoad,0.07656,0
26.0885,2495,RSU,ChannelLoad,0.07656,0
26.0891,8384,RSU,TX_Throughput,5280,0
26.0891,8384,RSU,TX_ObjectCount,1,0
26.0894,2569,RSU,ChannelLoad,0.09504,0
26.0894,2569,RSU,ChannelLoad,0.09504,0
26.0902,7647,Vehicle,TX_Throughput,4560,0
26.0902,7647,Vehicle,TX_ObjectCount,0,0
26.0916,8618,RSU,ChannelLoad,0.0796,0
26.0916,8618,RSU,ChannelLoad,0.0796,0
26.0917,7868,Vehicle,ChannelLoad,0.05584,0
26.0917,7868,Vehicle,ChannelLoad,0.05584,0
26.092,3619,Vehicle,TX_Throughput,4560,0
26.092,3619,Vehicle,TX_ObjectCount,0,0
26.092,5701,RSU,ChannelLoad,0.0872,0
26.092,5701,RSU,ChannelLoad,0.0872,0
26.0928,5775,Vehicle,ChannelLoad,0.09128,0
26.0928,5775,Vehicle,ChannelLoad,0.09128,0
26.0932,1532,Vehicle,TX_Throughput,7760,0
26.0932,1532,Vehicle,TX_ObjectCount,1,0
26.0939,489,Vehicle,ChannelLoad,0.05568,0
26.0939,489,Vehicle,ChannelLoad,0.05568,0
26.0941,1014,Vehicle,TX_Throughput,4560,0
26.0941,1014,Vehicle,TX_ObjectCount,0,0
26.0955,9133,Vehicle,TX_Throughput,4568.58,0
26.0955,9133,Vehicle,TX_ObjectCount,1,0
26.096,8694,RSU,ChannelLoad,0.08192,0
26.096,8694,RSU,ChannelLoad,0.08192,0
26.0961,3467,RSU,ChannelLoad,0.0888,0
26.0961,3467,RSU,ChannelLoad,0.0888,0
26.0961,562,Vehicle,ChannelLoad,0.05288,0
26.0961,562,Vehicle,ChannelLoad,0.05288,0
26.0962,4892,Vehicle,TX_Throughput,4560,0
26.0962,4892,Vehicle,TX_ObjectCount,0,0
26.0966,1605,Vehicle,ChannelLoad,0.05928,0
26.0966,1605,Vehicle,ChannelLoad,0.05928,0
26.097,2649,Vehicle,TX_Throughput,10560,0
26.097,2649,Vehicle,TX_ObjectCount,2,0
26.0972,1458,RSU,TX_Throughput,13680,0
26.0972,1458,RSU,TX_ObjectCount,4,0
26.0978,3541,RSU,ChannelLoad,0.06968,0
26.0978,3541,RSU,ChannelLoad,0.06968,0
26.0981,2347,Vehicle,TX_Throughput,7760,0
26.0981,2347,Vehicle,TX_ObjectCount,1,0
26.0987,10015,Vehicle,TX_Throughput,8791.97,0
26.0987,10015,Vehicle,TX_ObjectCount,2,0
26.0997,5040,Vehicle,TX_Throughput,4560,0
26.0997,5040,Vehicle,TX_ObjectCount,0,0
26.1009,7943,Vehicle,ChannelLoad,0.04264,0
26.1009,7943,Vehicle,ChannelLoad,0.04264,0
26.1017,1828,Vehicle,TX_Throughput,10560,0
26.1017,1828,Vehicle,TX_ObjectCount,2,0
26.102,639,Vehicle,ChannelLoad,0.0648,0
26.102,639,Vehicle,ChannelLoad,0.0648,0
26.1023,8768,Vehicle,ChannelLoad,0.07768,0
26.1023,8768,Vehicle,ChannelLoad,0.07768,0
26.1025,3467,RSU,TX_Throughput,2080,0
26.1025,3467,RSU,TX_ObjectCount,0,0
26.1026,8841,Vehicle,ChannelLoad,0.07688,0
26.1026,8841,Vehicle,ChannelLoad,0.07688,0
26.1035,8470,Vehicle,TX_Throughput,4560,0
26.1035,8470,Vehicle,TX_ObjectCount,0,0
26.1037,7055,RSU,ChannelLoad,0.08784,0
26.1037,7055,RSU,ChannelLoad,0.08784,0
26.1038,3168,Vehicle,TX_Throughput,4560,0
26.1038,3168,Vehicle,TX_ObjectCount,0,0
26.1039,2799,Vehicle,TX_Throughput,7760,0
26.1039,2799,Vehicle,TX_ObjectCount,1,0
26.1047,5481,Vehicle,TX_Throughput,10560,0
26.1047,5481,Vehicle,TX_ObjectCount,2,0
26.1047,29,RSU,ChannelLoad,0.108,0
26.1047,29,RSU,ChannelLoad,0.108,0
26.1053,3319,Vehicle,TX_Throughput,4560,0
26.1053,3319,Vehicle,TX_ObjectCount,0,0
26.1054,7425,Vehicle,TX_Throughput,13360,0
26.1054,7425,Vehicle,TX_ObjectCount,3,0
26.1059,712,Vehicle,ChannelLoad,0.08664,0
26.1059,712,Vehicle,ChannelLoad,0.08664,0
26.1064,8238,Vehicle,TX_Throughput,4560,0
26.1064,8238,Vehicle,TX_ObjectCount,0,0
26.1067,6664,Vehicle,TX_Throughput,7760,0
26.1067,6664,Vehicle,TX_ObjectCount,1,0
26.1072,9940,Vehicle,TX_Throughput,3488.44,0
26.1072,9940,Vehicle,TX_ObjectCount,0,0
26.1078,5852,Vehicle,ChannelLoad,0.06136,0
26.1078,5852,Vehicle,ChannelLoad,0.06136,0
26.1083,6223,Vehicle,TX_Throughput,4560,0
26.1083,6223,Vehicle,TX_ObjectCount,0,0
26.1084,6747,Vehicle,TX_Throughput,4560,0
26.1084,6747,Vehicle,TX_ObjectCount,0,0
26.1089,1678,Vehicle,ChannelLoad,0.0412,0
26.1089,1678,Vehicle,ChannelLoad,0.0412,0
26.1091,5998,Vehicle,TX_Throughput,4560,0
26.1091,5998,Vehicle,TX_ObjectCount,0,0
26.1092,2874,Vehicle,TX_Throughput,7760,0
26.1092,2874,Vehicle,TX_ObjectCount,1,0
26.1094,6518,Vehicle,TX_Throughput,4560,0
26.1094,6518,Vehicle,TX_ObjectCount,0,0
26.1105,270,Vehicle,TX_Throughput,7760,0
26.1105,270,Vehicle,TX_ObjectCount,1,0
26.111,6372,Vehicle,TX_Throughput,4560,0
26.111,6372,Vehicle,TX_ObjectCount,0,0
26.1121,5925,Vehicle,ChannelLoad,0.04224,0
26.1121,5925,Vehicle,ChannelLoad,0.04224,0
26.1131,5998,Vehicle,ChannelLoad,0.05472,0
26.1131,5998,Vehicle,ChannelLoad,0.05472,0
26.1136,9794,Vehicle,TX_Throughput,5395.42,0
26.1136,9794,Vehicle,TX_ObjectCount,1,0
26.1138,2724,Vehicle,TX_Throughput,4560,0
26.1138,2724,Vehicle,TX_ObjectCount,0,0
26.1147,5260,RSU,TX_Throughput,13680,0
26.1147,5260,RSU,TX_ObjectCount,4,0
26.1147,3619,Vehicle,ChannelLoad,0.05384,0
26.1147,3619,Vehicle,ChannelLoad,0.05384,0
26.1151,712,Vehicle,TX_Throughput,7760,0
26.1151,712,Vehicle,TX_ObjectCount,1,0
26.1152,7129,Vehicle,ChannelLoad,0.07464,0
26.1152,7129,Vehicle,ChannelLoad,0.07464,0
26.1156,639,Vehicle,TX_Throughput,4560,0
26.1156,639,Vehicle,TX_ObjectCount,0,0
26.116,3020,Vehicle,TX_Throughput,4560,0
26.116,3020,Vehicle,TX_ObjectCount,0,0
26.1163,7202,RSU,ChannelLoad,0.07552,0
26.1163,7202,RSU,ChannelLoad,0.07552,0
26.1166,182,RSU,TX_Throughput,8080,0
26.1166,182,RSU,TX_ObjectCount,2,0
26.1167,8914,Vehicle,ChannelLoad,0.06792,0
26.1167,8914,Vehicle,ChannelLoad,0.06792,0
26.1168,1755,Vehicle,ChannelLoad,0.05552,0
26.1168,1755,Vehicle,ChannelLoad,0.05552,0
26.1169,6071,Vehicle,ChannelLoad,0.05832,0
26.1169,6071,Vehicle,ChannelLoad,0.05832,0
26.1171,862,Vehicle,TX_Throughput,4560,0
26.1171,862,Vehicle,TX_ObjectCount,0,0
26.1172,2649,Vehicle,ChannelLoad,0.05448,0
26.1172,2649,Vehicle,ChannelLoad,0.05448,0
26.1175,1901,RSU,TX_Throughput,5280,0
26.1175,1901,RSU,TX_ObjectCount,1,0
26.1182,8987,Vehicle,ChannelLoad,0.06312,0
26.1182,8987,Vehicle,ChannelLoad,0.06312,0
26.1183,787,Vehicle,ChannelLoad,0.03232,0
26.1183,787,Vehicle,ChannelLoad,0.03232,0
26.1186,2724,Vehicle,ChannelLoad,0.05752,0
26.1186,2724,Vehicle,ChannelLoad,0.05752,0
26.1188,107,Vehicle,ChannelLoad,0.05216,0
26.1188,107,Vehicle,ChannelLoad,0.05216,0
26.1191,2273,RSU,TX_Throughput,8080,0
26.1191,2273,RSU,TX_ObjectCount,2,0
26.1197,7720,Vehicle,TX_Throughput,4560,0
26.1197,7720,Vehicle,TX_ObjectCount,0,0
26.1201,182,RSU,ChannelLoad,0.09928,0
26.1201,182,RSU,ChannelLoad,0.09928,0
26.1202,862,Vehicle,ChannelLoad,0.07152,0
26.1202,862,Vehicle,ChannelLoad,0.07152,0
26.1207,6976,Vehicle,TX_Throughput,4560,0
26.1207,6976,Vehicle,TX_ObjectCount,0,0
26.121,8018,Vehicle,ChannelLoad,0.07672,0
26.121,8018,Vehicle,ChannelLoad,0.07672,0
26.1212,9060,Vehicle,ChannelLoad,0.09432,0
26.1212,9060,Vehicle,ChannelLoad,0.09432,0
26.1212,2051,Vehicle,TX_Throughput,7760,0
26.1212,2051,Vehicle,TX_ObjectCount,1,0
26.1223,1828,Vehicle,ChannelLoad,0.05048,0
26.1223,1828,Vehicle,ChannelLoad,0.05048,0
26.1228,6146,Vehicle,ChannelLoad,0.058,0
26.1228,6146,Vehicle,ChannelLoad,0.058,0
26.1231,1901,RSU,ChannelLoad,0.08144,0
26.1231,1901,RSU,ChannelLoad,0.08144,0
26.1231,7795,Vehicle,TX_Throughput,7760,0
26.1231,7795,Vehicle,TX_ObjectCount,1,0
26.1237,3692,Vehicle,ChannelLoad,0.07544,0
26.1237,3692,Vehicle,ChannelLoad,0.07544,0
26.1238,9281,Vehicle,TX_Throughput,4332.22,0
26.1238,9281,Vehicle,TX_ObjectCount,1,0
26.1244,5627,RSU,TX_Throughput,5280,0
26.1244,5627,RSU,TX_ObjectCount,1,0
26.125,2799,Vehicle,ChannelLoad,0.0772,0
26.125,2799,Vehicle,ChannelLoad,0.0772,0
26.1251,8694,RSU,TX_Throughput,5280,0
26.1251,8694,RSU,TX_ObjectCount,1,0
26.1256,9133,Vehicle,ChannelLoad,0.06544,0
26.1256,9133,Vehicle,ChannelLoad,0.06544,0
26.1281,6826,RSU,TX_Throughput,2080,0
26.1281,6826,RSU,TX_ObjectCount,0,0
26.1282,3989,RSU,TX_Throughput,5280,0
26.1282,3989,RSU,TX_ObjectCount,1,0
26.1286,2947,Vehicle,TX_Throughput,4560,0
26.1286,2947,Vehicle,TX_ObjectCount,0,0
26.1289,8091,RSU,ChannelLoad,0.10272,0
26.1289,8091,RSU,ChannelLoad,0.10272,0
26.129,9574,Vehicle,TX_Throughput,4562.41,0
26.129,9574,Vehicle,TX_ObjectCount,1,0
26.1294,3765,RSU,TX_Throughput,5280,0
26.1294,3765,RSU,TX_ObjectCount,1,0
26.1315,8091,RSU,TX_Throughput,5280,0
26.1315,8091,RSU,TX_ObjectCount,1,0
26.1317,8311,Vehicle,TX_Throughput,4560,0
26.1317,8311,Vehicle,TX_ObjectCount,0,0
26.1318,937,Vehicle,ChannelLoad,0.06368,0
26.1318,937,Vehicle,ChannelLoad,0.06368,0
26.1319,4512,Vehicle,TX_Throughput,4560,0
26.1319,4512,Vehicle,TX_ObjectCount,0,0
26.1326,8165,Vehicle,ChannelLoad,0.04632,0
26.1326,8165,Vehicle,ChannelLoad,0.04632,0
26.1327,9060,Vehicle,TX_Throughput,4560,0
26.1327,9060,Vehicle,TX_ObjectCount,0,0
26.1333,3765,RSU,ChannelLoad,0.05504,0
26.1333,3765,RSU,ChannelLoad,0.05504,0
26.1334,3692,Vehicle,TX_Throughput,4560,0
26.1334,3692,Vehicle,TX_ObjectCount,0,0
26.1336,5187,Vehicle,TX_Throughput,7760,0
26.1336,5187,Vehicle,TX_ObjectCount,1,0
26.134,8768,Vehicle,TX_Throughput,4560,0
26.134,8768,Vehicle,TX_ObjectCount,0,0
26.1341,416,Vehicle,TX_Throughput,7760,0
26.1341,416,Vehicle,TX_ObjectCount,1,0
26.1342,7055,RSU,TX_Throughput,8080,0
26.1342,7055,RSU,TX_ObjectCount,2,0
26.1343,6223,Vehicle,ChannelLoad,0.0772,0
26.1343,6223,Vehicle,ChannelLoad,0.0772,0
26.1344,29,RSU,TX_Throughput,13680,0
26.1344,29,RSU,TX_ObjectCount,4,0
26.1344,562,Vehicle,TX_Throughput,4560,0
26.1344,562,Vehicle,TX_ObjectCount,0,0
26.1346,9501,Vehicle,TX_Throughput,2569.74,0
26.1346,9501,Vehicle,TX_ObjectCount,0,0
26.1348,1755,Vehicle,TX_Throughput,4560,0
26.1348,1755,Vehicle,TX_ObjectCount,0,0
26.135,2569,RSU,TX_Throughput,5280,0
26.135,2569,RSU,TX_ObjectCount,1,0
26.1352,7278,RSU,ChannelLoad,0.07952,0
26.1352,7278,RSU,ChannelLoad,0.07952,0
26.1359,5113,RSU,TX_Throughput,5280,0
26.1359,5113,RSU,TX_ObjectCount,1,0
26.1361,8238,Vehicle,ChannelLoad,0.05048,0
26.1361,8238,Vehicle,ChannelLoad,0.05048,0
26.1369,7352,Vehicle,ChannelLoad,0.05816,0
26.1369,7352,Vehicle,ChannelLoad,0.05816,0
26.137,5701,RSU,TX_Throughput,5280,0
26.137,5701,RSU,TX_ObjectCount,1,0
26.137,3839,Vehicle,ChannelLoad,0.07168,0
26.137,3839,Vehicle,ChannelLoad,0.07168,0
26.1374,4599,Vehicle,ChannelLoad,0.06152,0
26.1374,4599,Vehicle,ChannelLoad,0.06152,0
26.1376,3912,Vehicle,ChannelLoad,0.05584,0
26.1376,3912,Vehicle,ChannelLoad,0.05584,0
26.1379,8311,Vehicle,ChannelLoad,0.046,0
26.1379,8311,Vehicle,ChannelLoad,0.046,0
26.138,2874,Vehicle,ChannelLoad,0.03576,0
26.138,2874,Vehicle,ChannelLoad,0.03576,0
26.1384,4360,Vehicle,TX_Throughput,4560,0
26.1384,4360,Vehicle,TX_ObjectCount,0,0
26.1385,6071,Vehicle,TX_Throughput,4560,0
26.1385,6071,Vehicle,TX_ObjectCount,0,0
26.1389,6298,RSU,ChannelLoad,0.07832,0
26.1389,6298,RSU,ChannelLoad,0.07832,0
26.1393,7425,Vehicle,ChannelLoad,0.06136,0
26.1393,7425,Vehicle,ChannelLoad,0.06136,0
26.1399,6372,Vehicle,ChannelLoad,0.06992,0
26.1399,6372,Vehicle,ChannelLoad,0.06992,0
26.1404,1014,Vehicle,ChannelLoad,0.06008,0
26.1404,1014,Vehicle,ChannelLoad,0.06008,0
26.1414,8384,RSU,ChannelLoad,0.08208,0
26.1414,8384,RSU,ChannelLoad,0.08208,0
26.1417,4745,Vehicle,TX_Throughput,7760,0
26.1417,4745,Vehicle,TX_ObjectCount,1,0
26.1422,1977,RSU,TX_Throughput,2080,0
26.1422,1977,RSU,TX_ObjectCount,0,0
26.1429,3912,Vehicle,TX_Throughput,4560,0
26.1429,3912,Vehicle,TX_ObjectCount,0,0
26.1431,1165,Vehicle,TX_Throughput,4560,0
26.1431,1165,Vehicle,TX_ObjectCount,0,0
26.1436,7943,Vehicle,TX_Throughput,7760,0
26.1436,7943,Vehicle,TX_ObjectCount,1,0
26.1437,9208,Vehicle,ChannelLoad,0.0408,0
26.1437,9208,Vehicle,ChannelLoad,0.0408,0
26.1438,343,Vehicle,TX_Throughput,7760,0
26.1438,343,Vehicle,TX_ObjectCount,1,0
26.1447,9281,Vehicle,ChannelLoad,0.0632,0
26.1447,9281,Vehicle,ChannelLoad,0.0632,0
26.1449,4672,Vehicle,ChannelLoad,0.0796,0
26.1449,4672,Vehicle,ChannelLoad,0.0796,0
26.1452,4287,Vehicle,TX_Throughput,7760,0
26.1452,4287,Vehicle,TX_ObjectCount,1,0
26.1454,1678,Vehicle,TX_Throughput,4560,0
26.1454,1678,Vehicle,TX_ObjectCount,0,0
26.1459,6445,Vehicle,ChannelLoad,0.07128,0
26.1459,6445,Vehicle,ChannelLoad,0.07128,0
26.1461,9354,Vehicle,TX_Throughput,2320,0
26.1461,9354,Vehicle,TX_ObjectCount,0,0
26.1464,1089,RSU,ChannelLoad,0.09856,0
26.1464,1089,RSU,ChannelLoad,0.09856,0
26.1466,5334,Vehicle,TX_Throughput,7760,0
26.1466,5334,Vehicle,TX_ObjectCount,1,0
26.1469,9427,RSU,TX_Throughput,9929.61,0
26.1469,9427,RSU,TX_ObjectCount,6,0
26.1471,3989,RSU,ChannelLoad,0.0812,0
26.1471,3989,RSU,ChannelLoad,0.0812,0
26.1472,6518,Vehicle,ChannelLoad,0.07288,0
26.1472,6518,Vehicle,ChannelLoad,0.07288,0
26.1474,2420,Vehicle,TX_Throughput,10560,0
26.1474,2420,Vehicle,TX_ObjectCount,2,0
26.1477,6146,Vehicle,TX_Throughput,7760,0
26.1477,6146,Vehicle,TX_ObjectCount,1,0
26.1481,1238,Vehicle,TX_Throughput,7760,0
26.1481,1238,Vehicle,TX_ObjectCount,1,0
26.1482,6591,Vehicle,ChannelLoad,0.03344,0
26.1482,6591,Vehicle,ChannelLoad,0.03344,0
26.1483,6445,Vehicle,TX_Throughput,4560,0
26.1483,6445,Vehicle,TX_ObjectCount,0,0
26.1488,1977,RSU,ChannelLoad,0.0996,0
26.1488,1977,RSU,ChannelLoad,0.0996,0
26.1488,4745,Vehicle,ChannelLoad,0.07384,0
26.1488,4745,Vehicle,ChannelLoad,0.07384,0
26.1492,4063,RSU,ChannelLoad,0.0584,0
26.1492,4063,RSU,ChannelLoad,0.0584,0
26.1496,9354,Vehicle,ChannelLoad,0.12176,0
26.1496,9354,Vehicle,ChannelLoad,0.12176,0
26.1496,5852,Vehicle,TX_Throughput,4560,0
26.1496,5852,Vehicle,TX_ObjectCount,0,0
26.1499,4137,Vehicle,ChannelLoad,0.0784,0
26.1499,4137,Vehicle,ChannelLoad,0.0784,0
26.1511,8543,Vehicle,TX_Throughput,7760,0
26.1511,8543,Vehicle,TX_ObjectCount,1,0
26.1527,9427,RSU,ChannelLoad,0.09008,0
26.1527,9427,RSU,ChannelLoad,0.09008,0
26.1528,6664,Vehicle,ChannelLoad,0.05496,0
26.1528,6664,Vehicle,ChannelLoad,0.05496,0
26.1528,4818,RSU,ChannelLoad,0.09152,0
26.1528,4818,RSU,ChannelLoad,0.09152,0
26.1533,2051,Vehicle,ChannelLoad,0.07808,0
26.1533,2051,Vehicle,ChannelLoad,0.07808,0
26.1539,937,Vehicle,TX_Throughput,7760,0
26.1539,937,Vehicle,TX_ObjectCount,1,0
26.1557,1385,Vehicle,TX_Throughput,7760,0
26.1557,1385,Vehicle,TX_ObjectCount,1,0
26.1561,7500,RSU,ChannelLoad,0.07464,0
26.1561,7500,RSU,ChannelLoad,0.07464,0
26.1562,4212,Vehicle,ChannelLoad,0.08176,0
26.1562,4212,Vehicle,ChannelLoad,0.08176,0
26.1572,9501,Vehicle,ChannelLoad,0.06512,0
26.1572,9501,Vehicle,ChannelLoad,0.06512,0
26.1582,2947,Vehicle,ChannelLoad,0.04512,0
26.1582,2947,Vehicle,ChannelLoad,0.04512,0
26.1586,7574,Vehicle,ChannelLoad,0.07584,0
26.1586,7574,Vehicle,ChannelLoad,0.07584,0
26.1589,4063,RSU,TX_Throughput,5280,0
26.1589,4063,RSU,TX_ObjectCount,1,0
26.1589,9574,Vehicle,ChannelLoad,0.04864,0
26.1589,9574,Vehicle,ChannelLoad,0.04864,0
26.159,1165,Vehicle,ChannelLoad,0.04432,0
26.159,1165,Vehicle,ChannelLoad,0.04432,0
26.159,5407,RSU,TX_Throughput,5280,0
26.159,5407,RSU,TX_ObjectCount,1,0
26.1594,3020,Vehicle,ChannelLoad,0.06912,0
26.1594,3020,Vehicle,ChannelLoad,0.06912,0
26.1595,7574,Vehicle,TX_Throughput,4560,0
26.1595,7574,Vehicle,TX_ObjectCount,0,0
26.1597,6591,Vehicle,TX_Throughput,4560,0
26.1597,6591,Vehicle,TX_ObjectCount,0,0
26.16,489,Vehicle,TX_Throughput,4560,0
26.16,489,Vehicle,TX_ObjectCount,0,0
26.1602,3243,RSU,TX_Throughput,2080,0
26.1602,3243,RSU,TX_ObjectCount,0,0
26.1603,3839,Vehicle,TX_Throughput,7760,0
26.1603,3839,Vehicle,TX_ObjectCount,1,0
26.1603,7868,Vehicle,TX_Throughput,4560,0
26.1603,7868,Vehicle,TX_ObjectCount,0,0
26.1604,9721,Vehicle,TX_Throughput,3944.98,0
26.1604,9721,Vehicle,TX_ObjectCount,1,0
26.1613,8018,Vehicle,TX_Throughput,7760,0
26.1613,8018,Vehicle,TX_ObjectCount,1,0
26.1613,1238,Vehicle,ChannelLoad,0.06608,0
26.1613,1238,Vehicle,ChannelLoad,0.06608,0
26.1615,9867,Vehicle,TX_Throughput,5571.05,0
26.1615,9867,Vehicle,TX_ObjectCount,2,0
26.1621,8618,RSU,TX_Throughput,8080,0
26.1621,8618,RSU,TX_ObjectCount,2,0
26.1622,9647,RSU,ChannelLoad,0.09248,0
26.1622,9647,RSU,ChannelLoad,0.09248,0
26.1627,4818,RSU,TX_Throughput,8080,0
26.1627,4818,RSU,TX_ObjectCount,2,0
26.1631,4137,Vehicle,TX_Throughput,7760,0
26.1631,4137,Vehicle,TX_ObjectCount,1,0
26.1632,4599,Vehicle,TX_Throughput,4560,0
26.1632,4599,Vehicle,TX_ObjectCount,0,0
26.1634,4672,Vehicle,TX_Throughput,4560,0
26.1634,4672,Vehicle,TX_ObjectCount,0,0
26.1637,9721,Vehicle,ChannelLoad,0.0884,0
26.1637,9721,Vehicle,ChannelLoad,0.0884,0
26.1637,3095,Vehicle,ChannelLoad,0.07952,0
26.1637,3095,Vehicle,ChannelLoad,0.07952,0
26.1638,9208,Vehicle,TX_Throughput,4560,0
26.1638,9208,Vehicle,TX_ObjectCount,0,0
26.1647,2126,RSU,ChannelLoad,0.09264,0
26.1647,2126,RSU,ChannelLoad,0.09264,0
26.1649,1311,RSU,ChannelLoad,0.07216,0
26.1649,1311,RSU,ChannelLoad,0.07216,0
26.1652,4892,Vehicle,ChannelLoad,0.05968,0
26.1652,4892,Vehicle,ChannelLoad,0.05968,0
26.1654,2200,Vehicle,ChannelLoad,0.08384,0
26.1654,2200,Vehicle,ChannelLoad,0.08384,0
26.1663,4287,Vehicle,ChannelLoad,0.07696,0
26.1663,4287,Vehicle,ChannelLoad,0.07696,0
26.1669,4439,Vehicle,TX_Throughput,4560,0
26.1669,4439,Vehicle,TX_ObjectCount,0,0
26.167,4967,Vehicle,TX_Throughput,4560,0
26.167,4967,Vehicle,TX_ObjectCount,0,0
26.1672,6298,RSU,TX_Throughput,5280,0
26.1672,6298,RSU,TX_ObjectCount,1,0
26.1674,8914,Vehicle,TX_Throughput,4560,0
26.1674,8914,Vehicle,TX_ObjectCount,0,0
26.1674,6747,Vehicle,ChannelLoad,0.05744,0
26.1674,6747,Vehicle,ChannelLoad,0.05744,0
26.168,4967,Vehicle,ChannelLoad,0.0612,0
26.168,4967,Vehicle,ChannelLoad,0.0612,0
26.1682,3168,Vehicle,ChannelLoad,0.05656,0
26.1682,3168,Vehicle,ChannelLoad,0.05656,0
26.1684,5040,Vehicle,ChannelLoad,0.04504,0
26.1684,5040,Vehicle,ChannelLoad,0.04504,0
26.1687,4360,Vehicle,ChannelLoad,0.07504,0
26.1687,4360,Vehicle,ChannelLoad,0.07504,0
26.1688,1605,Vehicle,TX_Throughput,4560,0
26.1688,1605,Vehicle,TX_ObjectCount,0,0
26.1696,5113,RSU,ChannelLoad,0.08648,0
26.1696,5113,RSU,ChannelLoad,0.08648,0
26.1697,8987,Vehicle,TX_Throughput,4560,0
26.1697,8987,Vehicle,TX_ObjectCount,0,0
26.1698,3243,RSU,ChannelLoad,0.09792,0
26.1698,3243,RSU,ChannelLoad,0.09792,0
26.1698,9794,Vehicle,ChannelLoad,0.03264,0
26.1698,9794,Vehicle,ChannelLoad,0.03264,0
26.17,2273,RSU,ChannelLoad,0.11376,0
26.17,2273,RSU,ChannelLoad,0.11376,0
26.1701,8470,Vehicle,ChannelLoad,0.07416,0
26.1701,8470,Vehicle,ChannelLoad,0.07416,0
26.1702,5187,Vehicle,ChannelLoad,0.06056,0
26.1702,5187,Vehicle,ChannelLoad,0.06056,0
26.1709,1385,Vehicle,ChannelLoad,0.06304,0
26.1709,1385,Vehicle,ChannelLoad,0.06304,0
26.171,270,Vehicle,ChannelLoad,0.06016,0
26.171,270,Vehicle,ChannelLoad,0.06016,0
26.1719,9867,Vehicle,ChannelLoad,0.05584,0
26.1719,9867,Vehicle,ChannelLoad,0.05584,0
26.1722,9647,RSU,TX_Throughput,2080,0
26.1722,9647,RSU,TX_ObjectCount,0,0
26.1723,5260,RSU,ChannelLoad,0.09408,0
26.1723,5260,RSU,ChannelLoad,0.09408,0
26.1725,5925,Vehicle,TX_Throughput,10560,0
26.1725,5925,Vehicle,TX_ObjectCount,2,0
26.1727,2347,Vehicle,ChannelLoad,0.0556,0
26.1727,2347,Vehicle,ChannelLoad,0.0556,0
26.1727,7202,RSU,TX_Throughput,2080,0
26.1727,7202,RSU,TX_ObjectCount,0,0
26.1735,787,Vehicle,TX_Throughput,4560,0
26.1735,787,Vehicle,TX_ObjectCount,0,0
26.1742,7647,Vehicle,ChannelLoad,0.05744,0
26.1742,7647,Vehicle,ChannelLoad,0.05744,0
26.1756,8841,Vehicle,TX_Throughput,4560,0
26.1756,8841,Vehicle,TX_ObjectCount,0,0
26.1759,5334,Vehicle,ChannelLoad,0.09936,0
26.1759,5334,Vehicle,ChannelLoad,0.09936,0
26.1762,5407,RSU,ChannelLoad,0.07536,0
26.1762,5407,RSU,ChannelLoad,0.07536,0
26.1765,9940,Vehicle,ChannelLoad,0.07048,0
26.1765,9940,Vehicle,ChannelLoad,0.07048,0
26.1771,5554,Vehicle,TX_Throughput,7760,0
26.1771,5554,Vehicle,TX_ObjectCount,1,0
26.1777,4439,Vehicle,ChannelLoad,0.06088,0
26.1777,4439,Vehicle,ChannelLoad,0.06088,0
26.1777,2420,Vehicle,ChannelLoad,0.05456,0
26.1777,2420,Vehicle,ChannelLoad,0.05456,0
26.1778,6826,RSU,ChannelLoad,0.12512,0
26.1778,6826,RSU,ChannelLoad,0.12512,0
26.1781,2495,RSU,TX_Throughput,8080,0
26.1781,2495,RSU,TX_ObjectCount,2,0
26.1782,7720,Vehicle,ChannelLoad,0.08832,0
26.1782,7720,Vehicle,ChannelLoad,0.08832,0
26.1782,8543,Vehicle,ChannelLoad,0.04424,0
26.1782,8543,Vehicle,ChannelLoad,0.04424,0
26.1782,3095,Vehicle,TX_Throughput,4560,0
26.1782,3095,Vehicle,TX_ObjectCount,0,0
26.1784,7500,RSU,TX_Throughput,2080,0
26.1784,7500,RSU,TX_ObjectCount,0,0
26.1786,10015,Vehicle,ChannelLoad,0.07936,0
26.1786,10015,Vehicle,ChannelLoad,0.07936,0
26.1794,3392,Vehicle,TX_Throughput,7760,0
26.1794,3392,Vehicle,TX_ObjectCount,1,0
26.18,4512,Vehicle,ChannelLoad,0.08624,0
26.18,4512,Vehicle,ChannelLoad,0.08624,0
26.1801,6902,RSU,ChannelLoad,0.0684,0
26.1801,6902,RSU,ChannelLoad,0.0684,0
26.1805,7795,Vehicle,ChannelLoad,0.05712,0
26.1805,7795,Vehicle,ChannelLoad,0.05712,0
26.1814,5775,Vehicle,TX_Throughput,4560,0
26.1814,5775,Vehicle,TX_ObjectCount,0,0
26.1816,1311,RSU,TX_Throughput,5280,0
26.1816,1311,RSU,TX_ObjectCount,1,0
26.1817,1089,RSU,TX_Throughput,10880,0
26.1817,1089,RSU,TX_ObjectCount,3,0
26.1818,6976,Vehicle,ChannelLoad,0.0784,0
26.1818,6976,Vehicle,ChannelLoad,0.0784,0
26.1819,5481,Vehicle,ChannelLoad,0.05848,0
26.1819,5481,Vehicle,ChannelLoad,0.05848,0
26.182,5554,Vehicle,ChannelLoad,0.08344,0
26.182,5554,Vehicle,ChannelLoad,0.08344,0
26.1824,4212,Vehicle,TX_Throughput,7760,0
26.1824,4212,Vehicle,TX_ObjectCount,1,0
26.1825,7278,RSU,TX_Throughput,13680,0
26.1825,7278,RSU,TX_ObjectCount,4,0
26.1831,343,Vehicle,ChannelLoad,0.07384,0
26.1831,343,Vehicle,ChannelLoad,0.07384,0
26.1832,1458,RSU,ChannelLoad,0.12288,0
26.1832,1458,RSU,ChannelLoad,0.12288,0
26.1843,8165,Vehicle,TX_Throughput,4560,0
26.1843,8165,Vehicle,TX_ObjectCount,0,0
26.1844,6902,RSU,TX_Throughput,5280,0
26.1844,6902,RSU,TX_ObjectCount,1,0
26.1844,3319,Vehicle,ChannelLoad,0.07912,0
26.1844,3319,Vehicle,ChannelLoad,0.07912,0
26.1853,7352,Vehicle,TX_Throughput,4560,0
26.1853,7352,Vehicle,TX_ObjectCount,0,0
26.1855,3541,RSU,TX_Throughput,8080,0
26.1855,3541,RSU,TX_ObjectCount,2,0
26.1857,2126,RSU,TX_Throughput,8080,0
26.1857,2126,RSU,TX_ObjectCount,2,0
26.1863,1532,Vehicle,ChannelLoad,0.09272,0
26.1863,1532,Vehicle,ChannelLoad,0.09272,0
26.1863,107,Vehicle,TX_Throughput,4560,0
26.1863,107,Vehicle,TX_ObjectCount,0,0
26.1865,3392,Vehicle,ChannelLoad,0.05432,0
26.1865,3392,Vehicle,ChannelLoad,0.05432,0
26.1865,5627,RSU,ChannelLoad,0.13072,0
26.1865,5627,RSU,ChannelLoad,0.13072,0
26.1871,416,Vehicle,ChannelLoad,0.05888,0
26.1871,416,Vehicle,ChannelLoad,0.05888,0
26.1873,2200,Vehicle,TX_Throughput,4560,0
26.1873,2200,Vehicle,TX_ObjectCount,0,0
26.1873,7129,Vehicle,TX_Throughput,4560,0
26.1873,7129,Vehicle,TX_ObjectCount,0,0
26.1885,2495,RSU,ChannelLoad,0.10224,0
26.1885,2495,RSU,ChannelLoad,0.10224,0
26.1891,8384,RSU,TX_Throughput,5280,0
26.1891,8384,RSU,TX_ObjectCount,1,0
26.1894,2569,RSU,ChannelLoad,0.10672,0
26.1894,2569,RSU,ChannelLoad,0.10672,0
26.1902,7647,Vehicle,TX_Throughput,7760,0
26.1902,7647,Vehicle,TX_ObjectCount,1,0
26.1916,8618,RSU,ChannelLoad,0.08728,0
26.1916,8618,RSU,ChannelLoad,0.08728,0
26.1917,7868,Vehicle,ChannelLoad,0.066,0
26.1917,7868,Vehicle,ChannelLoad,0.066,0
26.192,3619,Vehicle,TX_Throughput,4560,0
26.192,3619,Vehicle,TX_ObjectCount,0,0
26.192,5701,RSU,ChannelLoad,0.10504,0
26.192,5701,RSU,ChannelLoad,0.10504,0
26.1928,5775,Vehicle,ChannelLoad,0.11328,0
26.1928,5775,Vehicle,ChannelLoad,0.11328,0
26.1932,1532,Vehicle,TX_Throughput,4560,0
26.1932,1532,Vehicle,TX_ObjectCount,0,0
26.1939,489,Vehicle,ChannelLoad,0.04544,0
26.1939,489,Vehicle,ChannelLoad,0.04544,0
26.1941,1014,Vehicle,TX_Throughput,7760,0
26.1941,1014,Vehicle,TX_ObjectCount,1,0
26.1955,9133,Vehicle,TX_Throughput,4560,0
26.1955,9133,Vehicle,TX_ObjectCount,0,0
26.196,8694,RSU,ChannelLoad,0.10288,0
26.196,8694,RSU,ChannelLoad,0.10288,0
26.1961,3467,RSU,ChannelLoad,0.1004,0
26.1961,3467,RSU,ChannelLoad,0.1004,0
26.1961,562,Vehicle,ChannelLoad,0.10848,0
26.1961,562,Vehicle,ChannelLoad,0.10848,0
26.1962,4892,Vehicle,TX_Throughput,4560,0
26.1962,4892,Vehicle,TX_ObjectCount,0,0
26.1966,1605,Vehicle,ChannelLoad,0.05888,0
26.1966,1605,Vehicle,ChannelLoad,0.05888,0
26.197,2649,Vehicle,TX_Throughput,16160,0
26.197,2649,Vehicle,TX_ObjectCount,4,0
26.1972,1458,RSU,TX_Throughput,8080,0
26.1972,1458,RSU,TX_ObjectCount,2,0
26.1978,3541,RSU,ChannelLoad,0.07576,0
26.1978,3541,RSU,ChannelLoad,0.07576,0
26.1981,2347,Vehicle,TX_Throughput,7760,0
26.1981,2347,Vehicle,TX_ObjectCount,1,0
26.1987,10015,Vehicle,TX_Throughput,4560,0
26.1987,10015,Vehicle,TX_ObjectCount,0,0
26.1997,5040,Vehicle,TX_Throughput,4560,0
26.1997,5040,Vehicle,TX_ObjectCount,0,0
26.2009,7943,Vehicle,ChannelLoad,0.04616,0
26.2009,7943,Vehicle,ChannelLoad,0.04616,0
26.2017,1828,Vehicle,TX_Throughput,13360,0
26.2017,1828,Vehicle,TX_ObjectCount,3,0
26.202,639,Vehicle,ChannelLoad,0.06288,0
26.202,639,Vehicle,ChannelLoad,0.06288,0
26.2023,8768,Vehicle,ChannelLoad,0.0628,0
26.2023,8768,Vehicle,ChannelLoad,0.0628,0
26.2025,3467,RSU,TX_Throughput,5280,0
26.2025,3467,RSU,TX_ObjectCount,1,0
26.2026,8841,Vehicle,ChannelLoad,0.06792,0
26.2026,8841,Vehicle,ChannelLoad,0.06792,0
26.2035,8470,Vehicle,TX_Throughput,7760,0
26.2035,8470,Vehicle,TX_ObjectCount,1,0
26.2037,7055,RSU,ChannelLoad,0.08632,0
26.2037,7055,RSU,ChannelLoad,0.08632,0
26.2038,3168,Vehicle,TX_Throughput,4560,0
26.2038,3168,Vehicle,TX_ObjectCount,0,0
26.2039,2799,Vehicle,TX_Throughput,7760,0
26.2039,2799,Vehicle,TX_ObjectCount,1,0
26.2047,5481,Vehicle,TX_Throughput,10560,0
26.2047,5481,Vehicle,TX_ObjectCount,2,0
26.2047,29,RSU,ChannelLoad,0.10576,0
26.2047,29,RSU,ChannelLoad,0.10576,0
26.2053,3319,Vehicle,TX_Throughput,7760,0
26.2053,3319,Vehicle,TX_ObjectCount,1,0
26.2054,7425,Vehicle,TX_Throughput,13360,0
26.2054,7425,Vehicle,TX_ObjectCount,3,0
26.2059,712,Vehicle,ChannelLoad,0.06552,0
26.2059,712,Vehicle,ChannelLoad,0.06552,0
26.2064,8238,Vehicle,TX_Throughput,7760,0
26.2064,8238,Vehicle,TX_ObjectCount,1,0
26.2067,6664,Vehicle,TX_Throughput,4560,0
26.2067,6664,Vehicle,TX_ObjectCount,0,0
26.2072,9940,Vehicle,TX_Throughput,4560,0
26.2072,9940,Vehicle,TX_ObjectCount,0,0
26.2078,5852,Vehicle,ChannelLoad,0.06296,0
26.2078,5852,Vehicle,ChannelLoad,0.06296,0
26.2083,6223,Vehicle,TX_Throughput,10560,0
26.2083,6223,Vehicle,TX_ObjectCount,2,0
26.2084,6747,Vehicle,TX_Throughput,4560,0
26.2084,6747,Vehicle,TX_ObjectCount,0,0
26.2089,1678,Vehicle,ChannelLoad,0.06568,0
26.2089,1678,Vehicle,ChannelLoad,0.06568,0
26.2091,5998,Vehicle,TX_Throughput,4560,0
26.2091,5998,Vehicle,TX_ObjectCount,0,0
26.2092,2874,Vehicle,TX_Throughput,4560,0
26.2092,2874,Vehicle,TX_ObjectCount,0,0
26.2094,6518,Vehicle,TX_Throughput,7760,0
26.2094,6518,Vehicle,TX_ObjectCount,1,0
26.2105,270,Vehicle,TX_Throughput,4560,0
26.2105,270,Vehicle,TX_ObjectCount,0,0
26.211,6372,Vehicle,TX_Throughput,4560,0
26.211,6372,Vehicle,TX_ObjectCount,0,0
26.2121,5925,Vehicle,ChannelLoad,0.05184,0
26.2121,5925,Vehicle,ChannelLoad,0.05184,0
26.2131,5998,Vehicle,ChannelLoad,0.04872,0
26.2131,5998,Vehicle,ChannelLoad,0.04872,0
26.2136,9794,Vehicle,TX_Throughput,4560,0
26.2136,9794,Vehicle,TX_ObjectCount,0,0
26.2138,2724,Vehicle,TX_Throughput,4560,0
26.2138,2724,Vehicle,TX_ObjectCount,0,0
26.2147,5260,RSU,TX_Throughput,8080,0
26.2147,5260,RSU,TX_ObjectCount,2,0
26.2147,3619,Vehicle,ChannelLoad,0.0796,0
26.2147,3619,Vehicle,ChannelLoad,0.0796,0
26.2151,712,Vehicle,TX_Throughput,10560,0
26.2151,712,Vehicle,TX_ObjectCount,2,0
26.2152,7129,Vehicle,ChannelLoad,0.07032,0
26.2152,7129,Vehicle,ChannelLoad,0.07032,0
26.2156,639,Vehicle,TX_Throughput,4560,0
26.2156,639,Vehicle,TX_ObjectCount,0,0
26.216,3020,Vehicle,TX_Throughput,4560,0
26.216,3020,Vehicle,TX_ObjectCount,0,0
26.2163,7202,RSU,ChannelLoad,0.08824,0
26.2163,7202,RSU,ChannelLoad,0.08824,0
26.2166,182,RSU,TX_Throughput,13680,0
26.2166,182,RSU,TX_ObjectCount,4,0
26.2167,8914,Vehicle,ChannelLoad,0.07416,0
26.2167,8914,Vehicle,ChannelLoad,0.07416,0
26.2168,1755,Vehicle,ChannelLoad,0.07024,0
26.2168,1755,Vehicle,ChannelLoad,0.07024,0
26.2169,6071,Vehicle,ChannelLoad,0.0644,0
26.2169,6071,Vehicle,ChannelLoad,0.0644,0
26.2171,862,Vehicle,TX_Throughput,7760,0
26.2171,862,Vehicle,TX_ObjectCount,1,0
26.2172,2649,Vehicle,ChannelLoad,0.0588,0
26.2172,2649,Vehicle,ChannelLoad,0.0588,0
26.2175,1901,RSU,TX_Throughput,5280,0
26.2175,1901,RSU,TX_ObjectCount,1,0
26.2182,8987,Vehicle,ChannelLoad,0.06704,0
26.2182,8987,Vehicle,ChannelLoad,0.06704,0
26.2183,787,Vehicle,ChannelLoad,0.03984,0
26.2183,787,Vehicle,ChannelLoad,0.03984,0
26.2186,2724,Vehicle,ChannelLoad,0.06824,0
26.2186,2724,Vehicle,ChannelLoad,0.06824,0
26.2188,107,Vehicle,ChannelLoad,0.06496,0
26.2188,107,Vehicle,ChannelLoad,0.06496,0
26.2191,2273,RSU,TX_Throughput,13680,0
26.2191,2273,RSU,TX_ObjectCount,4,0
26.2197,7720,Vehicle,TX_Throughput,4560,0
26.2197,7720,Vehicle,TX_ObjectCount,0,0
26.2201,182,RSU,ChannelLoad,0.08288,0
26.2201,182,RSU,ChannelLoad,0.08288,0
26.2202,862,Vehicle,ChannelLoad,0.07136,0
26.2202,862,Vehicle,ChannelLoad,0.07136,0
26.2207,6976,Vehicle,TX_Throughput,7760,0
26.2207,6976,Vehicle,TX_ObjectCount,1,0
26.221,8018,Vehicle,ChannelLoad,0.0612,0
26.221,8018,Vehicle,ChannelLoad,0.0612,0
26.2212,9060,Vehicle,ChannelLoad,0.10184,0
26.2212,9060,Vehicle,ChannelLoad,0.10184,0
26.2212,2051,Vehicle,TX_Throughput,10560,0
26.2212,2051,Vehicle,TX_ObjectCount,2,0
26.2223,1828,Vehicle,ChannelLoad,0.05976,0
26.2223,1828,Vehicle,ChannelLoad,0.05976,0
26.2228,6146,Vehicle,ChannelLoad,0.06512,0
26.2228,6146,Vehicle,ChannelLoad,0.06512,0
26.2231,1901,RSU,ChannelLoad,0.0824,0
26.2231,1901,RSU,ChannelLoad,0.0824,0
26.2231,7795,Vehicle,TX_Throughput,7760,0
26.2231,7795,Vehicle,TX_ObjectCount,1,0
26.2237,3692,Vehicle,ChannelLoad,0.096,0
26.2237,3692,Vehicle,ChannelLoad,0.096,0
26.2238,9281,Vehicle,TX_Throughput,4560,0
26.2238,9281,Vehicle,TX_ObjectCount,0,0
26.2244,5627,RSU,TX_Throughput,5280,0
26.2244,5627,RSU,TX_ObjectCount,1,0
26.225,2799,Vehicle,ChannelLoad,0.07168,0
26.225,2799,Vehicle,ChannelLoad,0.07168,0
26.2251,8694,RSU,TX_Throughput,10880,0
26.2251,8694,RSU,TX_ObjectCount,3,0
26.2256,9133,Vehicle,ChannelLoad,0.08232,0
26.2256,9133,Vehicle,ChannelLoad,0.08232,0
26.2281,6826,RSU,TX_Throughput,8080,0
26.2281,6826,RSU,TX_ObjectCount,2,0
26.2282,3989,RSU,TX_Throughput,5280,0
26.2282,3989,RSU,TX_ObjectCount,1,0
26.2286,2947,Vehicle,TX_Throughput,4560,0
26.2286,2947,Vehicle,TX_ObjectCount,0,0
26.2289,8091,RSU,ChannelLoad,0.10696,0
26.2289,8091,RSU,ChannelLoad,0.10696,0
26.229,9574,Vehicle,TX_Throughput,7760,0
26.229,9574,Vehicle,TX_ObjectCount,1,0
26.2294,3765,RSU,TX_Throughput,2080,0
26.2294,3765,RSU,TX_ObjectCount,0,0
26.2315,8091,RSU,TX_Throughput,8080,0
26.2315,8091,RSU,TX_ObjectCount,2,0
26.2317,8311,Vehicle,TX_Throughput,4560,0
26.2317,8311,Vehicle,TX_ObjectCount,0,0
26.2318,937,Vehicle,ChannelLoad,0.06376,0
26.2318,937,Vehicle,ChannelLoad,0.06376,0
26.2319,4512,Vehicle,TX_Throughput,7760,0
26.2319,4512,Vehicle,TX_ObjectCount,1,0
26.2326,8165,Vehicle,ChannelLoad,0.05648,0
26.2326,8165,Vehicle,ChannelLoad,0.05648,0
26.2327,9060,Vehicle,TX_Throughput,4560,0
26.2327,9060,Vehicle,TX_ObjectCount,0,0
26.2333,3765,RSU,ChannelLoad,0.04952,0
26.2333,3765,RSU,ChannelLoad,0.04952,0
26.2334,3692,Vehicle,TX_Throughput,7760,0
26.2334,3692,Vehicle,TX_ObjectCount,1,0
26.2336,5187,Vehicle,TX_Throughput,4560,0
26.2336,5187,Vehicle,TX_ObjectCount,0,0
26.234,8768,Vehicle,TX_Throughput,4560,0
26.234,8768,Vehicle,TX_ObjectCount,0,0
26.2341,416,Vehicle,TX_Throughput,4560,0
26.2341,416,Vehicle,TX_ObjectCount,0,0
26.2342,7055,RSU,TX_Throughput,10880,0
26.2342,7055,RSU,TX_ObjectCount,3,0
26.2343,6223,Vehicle,ChannelLoad,0.0856,0
26.2343,6223,Vehicle,ChannelLoad,0.0856,0
26.2344,29,RSU,TX_Throughput,13680,0
26.2344,29,RSU,TX_ObjectCount,4,0
26.2344,562,Vehicle,TX_Throughput,4560,0
26.2344,562,Vehicle,TX_ObjectCount,0,0
26.2346,9501,Vehicle,TX_Throughput,4560,0
26.2346,9501,Vehicle,TX_ObjectCount,0,0
26.2348,1755,Vehicle,TX_Throughput,4560,0
26.2348,1755,Vehicle,TX_ObjectCount,0,0
26.235,2569,RSU,TX_Throughput,5280,0
26.235,2569,RSU,TX_ObjectCount,1,0
26.2352,7278,RSU,ChannelLoad,0.09128,0
26.2352,7278,RSU,ChannelLoad,0.09128,0
26.2359,5113,RSU,TX_Throughput,13680,0
26.2359,5113,RSU,TX_ObjectCount,4,0
26.2361,8238,Vehicle,ChannelLoad,0.06176,0
26.2361,8238,Vehicle,ChannelLoad,0.06176,0
26.2369,7352,Vehicle,ChannelLoad,0.05888,0
26.2369,7352,Vehicle,ChannelLoad,0.05888,0
26.237,5701,RSU,TX_Throughput,5280,0
26.237,5701,RSU,TX_ObjectCount,1,0
26.237,3839,Vehicle,ChannelLoad,0.07896,0
26.237,3839,Vehicle,ChannelLoad,0.07896,0
26.2374,4599,Vehicle,ChannelLoad,0.06152,0
26.2374,4599,Vehicle,ChannelLoad,0.06152,0
26.2376,3912,Vehicle,ChannelLoad,0.05472,0
26.2376,3912,Vehicle,ChannelLoad,0.05472,0
26.2379,8311,Vehicle,ChannelLoad,0.06304,0
26.2379,8311,Vehicle,ChannelLoad,0.06304,0
26.238,2874,Vehicle,ChannelLoad,0.03584,0
26.238,2874,Vehicle,ChannelLoad,0.03584,0
26.2384,4360,Vehicle,TX_Throughput,4560,0
26.2384,4360,Vehicle,TX_ObjectCount,0,0
26.2385,6071,Vehicle,TX_Throughput,7760,0
26.2385,6071,Vehicle,TX_ObjectCount,1,0
26.2389,6298,RSU,ChannelLoad,0.0916,0
26.2389,6298,RSU,ChannelLoad,0.0916,0
26.2393,7425,Vehicle,ChannelLoad,0.05816,0
26.2393,7425,Vehicle,ChannelLoad,0.05816,0
26.2399,6372,Vehicle,ChannelLoad,0.08368,0
26.2399,6372,Vehicle,ChannelLoad,0.08368,0
26.2404,1014,Vehicle,ChannelLoad,0.0608,0
26.2404,1014,Vehicle,ChannelLoad,0.0608,0
26.2414,8384,RSU,ChannelLoad,0.0872,0
26.2414,8384,RSU,ChannelLoad,0.0872,0
26.2417,4745,Vehicle,TX_Throughput,4560,0
26.2417,4745,Vehicle,TX_ObjectCount,0,0
26.2422,1977,RSU,TX_Throughput,2080,0
26.2422,1977,RSU,TX_ObjectCount,0,0
26.2429,3912,Vehicle,TX_Throughput,4560,0
26.2429,3912,Vehicle,TX_ObjectCount,0,0
26.2431,1165,Vehicle,TX_Throughput,7760,0
26.2431,1165,Vehicle,TX_ObjectCount,1,0
26.2436,7943,Vehicle,TX_Throughput,4560,0
26.2436,7943,Vehicle,TX_ObjectCount,0,0
26.2437,9208,Vehicle,ChannelLoad,0.04688,0
26.2437,9208,Vehicle,ChannelLoad,0.04688,0
26.2438,343,Vehicle,TX_Throughput,7760,0
26.2438,343,Vehicle,TX_ObjectCount,1,0
26.2447,9281,Vehicle,ChannelLoad,0.05808,0
26.2447,9281,Vehicle,ChannelLoad,0.05808,0
26.2449,4672,Vehicle,ChannelLoad,0.08352,0
26.2449,4672,Vehicle,ChannelLoad,0.08352,0
26.2452,4287,Vehicle,TX_Throughput,4560,0
26.2452,4287,Vehicle,TX_ObjectCount,0,0
26.2454,1678,Vehicle,TX_Throughput,4560,0
26.2454,1678,Vehicle,TX_ObjectCount,0,0
26.2459,6445,Vehicle,ChannelLoad,0.06312,0
26.2459,6445,Vehicle,ChannelLoad,0.06312,0
26.2461,9354,Vehicle,TX_Throughput,4560,0
26.2461,9354,Vehicle,TX_ObjectCount,0,0
26.2464,1089,RSU,ChannelLoad,0.10624,0
26.2464,1089,RSU,ChannelLoad,0.10624,0
26.2466,5334,Vehicle,TX_Throughput,4560,0
26.2466,5334,Vehicle,TX_ObjectCount,0,0
26.2469,9427,RSU,TX_Throughput,8080,0
26.2469,9427,RSU,TX_ObjectCount,2,0
26.2471,3989,RSU,ChannelLoad,0.07112,0
26.2471,3989,RSU,ChannelLoad,0.07112,0
26.2472,6518,Vehicle,ChannelLoad,0.05016,0
26.2472,6518,Vehicle,ChannelLoad,0.05016,0
26.2474,2420,Vehicle,TX_Throughput,7760,0
26.2474,2420,Vehicle,TX_ObjectCount,1,0
26.2477,6146,Vehicle,TX_Throughput,4560,0
26.2477,6146,Vehicle,TX_ObjectCount,0,0
26.2481,1238,Vehicle,TX_Throughput,4560,0
26.2481,1238,Vehicle,TX_ObjectCount,0,0
26.2482,6591,Vehicle,ChannelLoad,0.04656,0
26.2482,6591,Vehicle,ChannelLoad,0.04656,0
26.2483,6445,Vehicle,TX_Throughput,4560,0
26.2483,6445,Vehicle,TX_ObjectCount,0,0
26.2488,1977,RSU,ChannelLoad,0.0792,0
26.2488,1977,RSU,ChannelLoad,0.0792,0
26.2488,4745,Vehicle,ChannelLoad,0.07184,0
26.2488,4745,Vehicle,ChannelLoad,0.07184,0
26.2492,4063,RSU,ChannelLoad,0.06496,0
26.2492,4063,RSU,ChannelLoad,0.06496,0
26.2496,9354,Vehicle,ChannelLoad,0.09152,0
26.2496,9354,Vehicle,ChannelLoad,0.09152,0
26.2496,5852,Vehicle,TX_Throughput,7760,0
26.2496,5852,Vehicle,TX_ObjectCount,1,0
26.2499,4137,Vehicle,ChannelLoad,0.07736,0
26.2499,4137,Vehicle,ChannelLoad,0.07736,0
26.2511,8543,Vehicle,TX_Throughput,7760,0
26.2511,8543,Vehicle,TX_ObjectCount,1,0
26.2527,9427,RSU,ChannelLoad,0.08992,0
26.2527,9427,RSU,ChannelLoad,0.08992,0
26.2528,6664,Vehicle,ChannelLoad,0.05312,0
26.2528,6664,Vehicle,ChannelLoad,0.05312,0
26.2528,4818,RSU,ChannelLoad,0.07912,0
26.2528,4818,RSU,ChannelLoad,0.07912,0
26.2533,2051,Vehicle,ChannelLoad,0.10784,0
26.2533,2051,Vehicle,ChannelLoad,0.10784,0
26.2539,937,Vehicle,TX_Throughput,7760,0
26.2539,937,Vehicle,TX_ObjectCount,1,0
26.2557,1385,Vehicle,TX_Throughput,4560,0
26.2557,1385,Vehicle,TX_ObjectCount,0,0
26.2561,7500,RSU,ChannelLoad,0.07496,0
26.2561,7500,RSU,ChannelLoad,0.07496,0
26.2562,4212,Vehicle,ChannelLoad,0.06752,0
26.2562,4212,Vehicle,ChannelLoad,0.06752,0
26.2572,9501,Vehicle,ChannelLoad,0.06208,0
26.2572,9501,Vehicle,ChannelLoad,0.06208,0
26.2582,2947,Vehicle,ChannelLoad,0.0488,0
26.2582,2947,Vehicle,ChannelLoad,0.0488,0
26.2586,7574,Vehicle,ChannelLoad,0.08304,0
26.2586,7574,Vehicle,ChannelLoad,0.08304,0
26.2589,4063,RSU,TX_Throughput,2080,0
26.2589,4063,RSU,TX_ObjectCount,0,0
26.2589,9574,Vehicle,ChannelLoad,0.03536,0
26.2589,9574,Vehicle,ChannelLoad,0.03536,0
26.259,1165,Vehicle,ChannelLoad,0.0432,0
26.259,1165,Vehicle,ChannelLoad,0.0432,0
26.259,5407,RSU,TX_Throughput,5280,0
26.259,5407,RSU,TX_ObjectCount,1,0
26.2594,3020,Vehicle,ChannelLoad,0.0604,0
26.2594,3020,Vehicle,ChannelLoad,0.0604,0
26.2595,7574,Vehicle,TX_Throughput,10560,0
26.2595,7574,Vehicle,TX_ObjectCount,2,0
26.2597,6591,Vehicle,TX_Throughput,4560,0
26.2597,6591,Vehicle,TX_ObjectCount,0,0
26.26,489,Vehicle,TX_Throughput,7760,0
26.26,489,Vehicle,TX_ObjectCount,1,0
26.2602,3243,RSU,TX_Throughput,2080,0
26.2602,3243,RSU,TX_ObjectCount,0,0
26.2603,3839,Vehicle,TX_Throughput,13360,0
26.2603,3839,Vehicle,TX_ObjectCount,3,0
26.2603,7868,Vehicle,TX_Throughput,4560,0
26.2603,7868,Vehicle,TX_ObjectCount,0,0
26.2604,9721,Vehicle,TX_Throughput,4560,0
26.2604,9721,Vehicle,TX_ObjectCount,0,0
26.2613,8018,Vehicle,TX_Throughput,4560,0
26.2613,8018,Vehicle,TX_ObjectCount,0,0
26.2613,1238,Vehicle,ChannelLoad,0.07192,0
26.2613,1238,Vehicle,ChannelLoad,0.07192,0
26.2615,9867,Vehicle,TX_Throughput,4560,0
26.2615,9867,Vehicle,TX_ObjectCount,0,0
26.2621,8618,RSU,TX_Throughput,8080,0
26.2621,8618,RSU,TX_ObjectCount,2,0
26.2622,9647,RSU,ChannelLoad,0.08944,0
26.2622,9647,RSU,ChannelLoad,0.08944,0
26.2627,4818,RSU,TX_Throughput,5280,0
26.2627,4818,RSU,TX_ObjectCount,1,0
26.2631,4137,Vehicle,TX_Throughput,4560,0
26.2631,4137,Vehicle,TX_ObjectCount,0,0
26.2632,4599,Vehicle,TX_Throughput,7760,0
26.2632,4599,Vehicle,TX_ObjectCount,1,0
26.2634,4672,Vehicle,TX_Throughput,7760,0
26.2634,4672,Vehicle,TX_ObjectCount,1,0
26.2637,9721,Vehicle,ChannelLoad,0.06704,0
26.2637,9721,Vehicle,ChannelLoad,0.06704,0
26.2637,3095,Vehicle,ChannelLoad,0.06824,0
26.2637,3095,Vehicle,ChannelLoad,0.06824,0
26.2638,9208,Vehicle,TX_Throughput,4560,0
26.2638,9208,Vehicle,TX_ObjectCount,0,0
26.2647,2126,RSU,ChannelLoad,0.08744,0
26.2647,2126,RSU,ChannelLoad,0.08744,0
26.2649,1311,RSU,ChannelLoad,0.0808,0
26.2649,1311,RSU,ChannelLoad,0.0808,0
26.2652,4892,Vehicle,ChannelLoad,0.05544,0
26.2652,4892,Vehicle,ChannelLoad,0.05544,0
26.2654,2200,Vehicle,ChannelLoad,0.07336,0
26.2654,2200,Vehicle,ChannelLoad,0.07336,0
26.2663,4287,Vehicle,ChannelLoad,0.0652,0
26.2663,4287,Vehicle,ChannelLoad,0.0652,0
26.2669,4439,Vehicle,TX_Throughput,4560,0
26.2669,4439,Vehicle,TX_ObjectCount,0,0
26.267,4967,Vehicle,TX_Throughput,7760,0
26.267,4967,Vehicle,TX_ObjectCount,1,0
26.2672,6298,RSU,TX_Throughput,2080,0
26.2672,6298,RSU,TX_ObjectCount,0,0
26.2674,8914,Vehicle,TX_Throughput,4560,0
26.2674,8914,Vehicle,TX_ObjectCount,0,0
26.2674,6747,Vehicle,ChannelLoad,0.0648,0
26.2674,6747,Vehicle,ChannelLoad,0.0648,0
26.268,4967,Vehicle,ChannelLoad,0.05048,0
26.268,4967,Vehicle,ChannelLoad,0.05048,0
26.2682,3168,Vehicle,ChannelLoad,0.04656,0
26.2682,3168,Vehicle,ChannelLoad,0.04656,0
26.2684,5040,Vehicle,ChannelLoad,0.05872,0
26.2684,5040,Vehicle,ChannelLoad,0.05872,0
26.2687,4360,Vehicle,ChannelLoad,0.09416,0
26.2687,4360,Vehicle,ChannelLoad,0.09416,0
26.2688,1605,Vehicle,TX_Throughput,4560,0
26.2688,1605,Vehicle,TX_ObjectCount,0,0
26.2696,5113,RSU,ChannelLoad,0.09728,0
26.2696,5113,RSU,ChannelLoad,0.09728,0
26.2697,8987,Vehicle,TX_Throughput,4560,0
26.2697,8987,Vehicle,TX_ObjectCount,0,0
26.2698,3243,RSU,ChannelLoad,0.08304,0
26.2698,3243,RSU,ChannelLoad,0.08304,0
26.2698,9794,Vehicle,ChannelLoad,0.0372,0
26.2698,9794,Vehicle,ChannelLoad,0.0372,0
26.27,2273,RSU,ChannelLoad,0.1088,0
26.27,2273,RSU,ChannelLoad,0.1088,0
26.2701,8470,Vehicle,ChannelLoad,0.07048,0
26.2701,8470,Vehicle,ChannelLoad,0.07048,0
26.2702,5187,Vehicle,ChannelLoad,0.06936,0
26.2702,5187,Vehicle,ChannelLoad,0.06936,0
26.2709,1385,Vehicle,ChannelLoad,0.05592,0
26.2709,1385,Vehicle,ChannelLoad,0.05592,0
26.271,270,Vehicle,ChannelLoad,0.0696,0
26.271,270,Vehicle,ChannelLoad,0.0696,0
26.2719,9867,Vehicle,ChannelLoad,0.05832,0
26.2719,9867,Vehicle,ChannelLoad,0.05832,0
26.2722,9647,RSU,TX_Throughput,5280,0
26.2722,9647,RSU,TX_ObjectCount,1,0
26.2723,5260,RSU,ChannelLoad,0.1048,0
26.2723,5260,RSU,ChannelLoad,0.1048,0
26.2725,5925,Vehicle,TX_Throughput,4560,0
26.2725,5925,Vehicle,TX_ObjectCount,0,0
26.2727,2347,Vehicle,ChannelLoad,0.05424,0
26.2727,2347,Vehicle,ChannelLoad,0.05424,0
26.2727,7202,RSU,TX_Throughput,8080,0
26.2727,7202,RSU,TX_ObjectCount,2,0
26.2735,787,Vehicle,TX_Throughput,4560,0
26.2735,787,Vehicle,TX_ObjectCount,0,0
26.2742,7647,Vehicle,ChannelLoad,0.05472,0
26.2742,7647,Vehicle,ChannelLoad,0.05472,0
26.2756,8841,Vehicle,TX_Throughput,7760,0
26.2756,8841,Vehicle,TX_ObjectCount,1,0
26.2759,5334,Vehicle,ChannelLoad,0.0984,0
26.2759,5334,Vehicle,ChannelLoad,0.0984,0
26.2762,5407,RSU,ChannelLoad,0.08656,0
26.2762,5407,RSU,ChannelLoad,0.08656,0
26.2765,9940,Vehicle,ChannelLoad,0.0712,0
26.2765,9940,Vehicle,ChannelLoad,0.0712,0
26.2771,5554,Vehicle,TX_Throughput,4560,0
26.2771,5554,Vehicle,TX_ObjectCount,0,0
26.2777,4439,Vehicle,ChannelLoad,0.06232,0
26.2777,4439,Vehicle,ChannelLoad,0.06232,0
26.2777,2420,Vehicle,ChannelLoad,0.044,0
26.2777,2420,Vehicle,ChannelLoad,0.044,0
26.2778,6826,RSU,ChannelLoad,0.11824,0
26.2778,6826,RSU,ChannelLoad,0.11824,0
26.2781,2495,RSU,TX_Throughput,2080,0
26.2781,2495,RSU,TX_ObjectCount,0,0
26.2782,7720,Vehicle,ChannelLoad,0.07944,0
26.2782,7720,Vehicle,ChannelLoad,0.07944,0
26.2782,8543,Vehicle,ChannelLoad,0.06048,0
26.2782,8543,Vehicle,ChannelLoad,0.06048,0
26.2782,3095,Vehicle,TX_Throughput,7760,0
26.2782,3095,Vehicle,TX_ObjectCount,1,0
26.2784,7500,RSU,TX_Throughput,2080,0
26.2784,7500,RSU,TX_ObjectCount,0,0
26.2786,10015,Vehicle,ChannelLoad,0.0856,0
26.2786,10015,Vehicle,ChannelLoad,0.0856,0
26.2794,3392,Vehicle,TX_Throughput,7760,0
26.2794,3392,Vehicle,TX_ObjectCount,1,0
26.28,4512,Vehicle,ChannelLoad,0.08688,0
26.28,4512,Vehicle,ChannelLoad,0.08688,0
26.2801,6902,RSU,ChannelLoad,0.06464,0
26.2801,6902,RSU,ChannelLoad,0.06464,0
26.2805,7795,Vehicle,ChannelLoad,0.05392,0
26.2805,7795,Vehicle,ChannelLoad,0.05392,0
26.2814,5775,Vehicle,TX_Throughput,4560,0
26.2814,5775,Vehicle,TX_ObjectCount,0,0
26.2816,1311,RSU,TX_Throughput,5280,0
26.2816,1311,RSU,TX_ObjectCount,1,0
26.2817,1089,RSU,TX_Throughput,16480,0
26.2817,1089,RSU,TX_ObjectCount,5,0
26.2818,6976,Vehicle,ChannelLoad,0.0724,0
26.2818,6976,Vehicle,ChannelLoad,0.0724,0
26.2819,5481,Vehicle,ChannelLoad,0.06864,0
26.2819,5481,Vehicle,ChannelLoad,0.06864,0
26.282,5554,Vehicle,ChannelLoad,0.08776,0
26.282,5554,Vehicle,ChannelLoad,0.08776,0
26.2824,4212,Vehicle,TX_Throughput,4560,0
26.2824,4212,Vehicle,TX_ObjectCount,0,0
26.2825,7278,RSU,TX_Throughput,2080,0
26.2825,7278,RSU,TX_ObjectCount,0,0
26.2831,343,Vehicle,ChannelLoad,0.08376,0
26.2831,343,Vehicle,ChannelLoad,0.08376,0
26.2832,1458,RSU,ChannelLoad,0.11464,0
26.2832,1458,RSU,ChannelLoad,0.11464,0
26.2843,8165,Vehicle,TX_Throughput,4560,0
26.2843,8165,Vehicle,TX_ObjectCount,0,0
26.2844,6902,RSU,TX_Throughput,5280,0
26.2844,6902,RSU,TX_ObjectCount,1,0
26.2844,3319,Vehicle,ChannelLoad,0.08872,0
26.2844,3319,Vehicle,ChannelLoad,0.08872,0
26.2853,7352,Vehicle,TX_Throughput,4560,0
26.2853,7352,Vehicle,TX_ObjectCount,0,0
26.2855,3541,RSU,TX_Throughput,2080,0
26.2855,3541,RSU,TX_ObjectCount,0,0
26.2857,2126,RSU,TX_Throughput,5280,0
26.2857,2126,RSU,TX_ObjectCount,1,0
26.2863,1532,Vehicle,ChannelLoad,0.1072,0
26.2863,1532,Vehicle,ChannelLoad,0.1072,0
26.2863,107,Vehicle,TX_Throughput,4560,0
26.2863,107,Vehicle,TX_ObjectCount,0,0
26.2865,3392,Vehicle,ChannelLoad,0.05176,0
26.2865,3392,Vehicle,ChannelLoad,0.05176,0
26.2865,5627,RSU,ChannelLoad,0.11464,0
26.2865,5627,RSU,ChannelLoad,0.11464,0
26.2871,416,Vehicle,ChannelLoad,0.0628,0
26.2871,416,Vehicle,ChannelLoad,0.0628,0
26.2873,2200,Vehicle,TX_Throughput,7760,0
26.2873,2200,Vehicle,TX_ObjectCount,1,0
26.2873,7129,Vehicle,TX_Throughput,7760,0
26.2873,7129,Vehicle,TX_ObjectCount,1,0
26.2885,2495,RSU,ChannelLoad,0.0904,0
26.2885,2495,RSU,ChannelLoad,0.0904,0
26.2891,8384,RSU,TX_Throughput,5280,0
26.2891,8384,RSU,TX_ObjectCount,1,0
26.2894,2569,RSU,ChannelLoad,0.09272,0
26.2894,2569,RSU,ChannelLoad,0.09272,0
26.2902,7647,Vehicle,TX_Throughput,4560,0
26.2902,7647,Vehicle,TX_ObjectCount,0,0
26.2916,8618,RSU,ChannelLoad,0.08168,0
26.2916,8618,RSU,ChannelLoad,0.08168,0
26.2917,7868,Vehicle,ChannelLoad,0.05288,0
26.2917,7868,Vehicle,ChannelLoad,0.05288,0
26.292,3619,Vehicle,TX_Throughput,4560,0
26.292,3619,Vehicle,TX_ObjectCount,0,0
26.292,5701,RSU,ChannelLoad,0.10064,0
26.292,5701,RSU,ChannelLoad,0.10064,0
26.2928,5775,Vehicle,ChannelLoad,0.0884,0
26.2928,5775,Vehicle,ChannelLoad,0.0884,0
26.2932,1532,Vehicle,TX_Throughput,7760,0
26.2932,1532,Vehicle,TX_ObjectCount,1,0
26.2939,489,Vehicle,ChannelLoad,0.05096,0
26.2939,489,Vehicle,ChannelLoad,0.05096,0
26.2941,1014,Vehicle,TX_Throughput,4560,0
26.2941,1014,Vehicle,TX_ObjectCount,0,0
26.2955,9133,Vehicle,TX_Throughput,4560,0
26.2955,9133,Vehicle,TX_ObjectCount,0,0
26.296,8694,RSU,ChannelLoad,0.08368,0
26.296,8694,RSU,ChannelLoad,0.08368,0
26.2961,3467,RSU,ChannelLoad,0.09888,0
26.2961,3467,RSU,ChannelLoad,0.09888,0
26.2961,562,Vehicle,ChannelLoad,0.07984,0
26.2961,562,Vehicle,ChannelLoad,0.07984,0
26.2962,4892,Vehicle,TX_Throughput,4560,0
26.2962,4892,Vehicle,TX_ObjectCount,0,0
26.2966,1605,Vehicle,ChannelLoad,0.04856,0
26.2966,1605,Vehicle,ChannelLoad,0.04856,0
26.297,2649,Vehicle,TX_Throughput,10560,0
26.297,2649,Vehicle,TX_ObjectCount,2,0
26.2972,1458,RSU,TX_Throughput,8080,0
26.2972,1458,RSU,TX_ObjectCount,2,0
26.2978,3541,RSU,ChannelLoad,0.08984,0
26.2978,3541,RSU,ChannelLoad,0.08984,0
26.2981,2347,Vehicle,TX_Throughput,7760,0
26.2981,2347,Vehicle,TX_ObjectCount,1,0
26.2987,10015,Vehicle,TX_Throughput,4560,0
26.2987,10015,Vehicle,TX_ObjectCount,0,0
26.2997,5040,Vehicle,TX_Throughput,4560,0
26.2997,5040,Vehicle,TX_ObjectCount,0,0
26.3009,7943,Vehicle,ChannelLoad,0.04384,0
26.3009,7943,Vehicle,ChannelLoad,0.04384,0
26.3017,1828,Vehicle,TX_Throughput,7760,0
26.3017,1828,Vehicle,TX_ObjectCount,1,0
26.302,639,Vehicle,ChannelLoad,0.0632,0
26.302,639,Vehicle,ChannelLoad,0.0632,0
26.3023,8768,Vehicle,ChannelLoad,0.06792,0
26.3023,8768,Vehicle,ChannelLoad,0.06792,0
26.3025,3467,RSU,TX_Throughput,8080,0
26.3025,3467,RSU,TX_ObjectCount,2,0
26.3026,8841,Vehicle,ChannelLoad,0.06976,0
26.3026,8841,Vehicle,ChannelLoad,0.06976,0
26.3035,8470,Vehicle,TX_Throughput,4560,0
26.3035,8470,Vehicle,TX_ObjectCount,0,0
26.3037,7055,RSU,ChannelLoad,0.08416,0
26.3037,7055,RSU,ChannelLoad,0.08416,0
26.3038,3168,Vehicle,TX_Throughput,4560,0
26.3038,3168,Vehicle,TX_ObjectCount,0,0
26.3039,2799,Vehicle,TX_Throughput,7760,0
26.3039,2799,Vehicle,TX_ObjectCount,1,0
26.3047,5481,Vehicle,TX_Throughput,10560,0
26.3047,5481,Vehicle,TX_ObjectCount,2,0
26.3047,29,RSU,ChannelLoad,0.10064,0
26.3047,29,RSU,ChannelLoad,0.10064,0
26.3053,3319,Vehicle,TX_Throughput,4560,0
26.3053,3319,Vehicle,TX_ObjectCount,0,0
26.3054,7425,Vehicle,TX_Throughput,13360,0
26.3054,7425,Vehicle,TX_ObjectCount,3,0
26.3059,712,Vehicle,ChannelLoad,0.07328,0
26.3059,712,Vehicle,ChannelLoad,0.07328,0
26.3064,8238,Vehicle,TX_Throughput,7760,0
26.3064,8238,Vehicle,TX_ObjectCount,1,0
26.3067,6664,Vehicle,TX_Throughput,7760,0
26.3067,6664,Vehicle,TX_ObjectCount,1,0
26.3072,9940,Vehicle,TX_Throughput,4560,0
26.3072,9940,Vehicle,TX_ObjectCount,0,0
26.3078,5852,Vehicle,ChannelLoad,0.05896,0
26.3078,5852,Vehicle,ChannelLoad,0.05896,0
26.3083,6223,Vehicle,TX_Throughput,4560,0
26.3083,6223,Vehicle,TX_ObjectCount,0,0
26.3084,6747,Vehicle,TX_Throughput,4560,0
26.3084,6747,Vehicle,TX_ObjectCount,0,0
26.3089,1678,Vehicle,ChannelLoad,0.05736,0
26.3089,1678,Vehicle,ChannelLoad,0.05736,0
26.3091,5998,Vehicle,TX_Throughput,4560,0
26.3091,5998,Vehicle,TX_ObjectCount,0,0
26.3092,2874,Vehicle,TX_Throughput,7760,0
26.3092,2874,Vehicle,TX_ObjectCount,1,0
26.3094,6518,Vehicle,TX_Throughput,10560,0
26.3094,6518,Vehicle,TX_ObjectCount,2,0
26.3105,270,Vehicle,TX_Throughput,7760,0
26.3105,270,Vehicle,TX_ObjectCount,1,0
26.311,6372,Vehicle,TX_Throughput,4560,0
26.311,6372,Vehicle,TX_ObjectCount,0,0
26.3121,5925,Vehicle,ChannelLoad,0.0364,0
26.3121,5925,Vehicle,ChannelLoad,0.0364,0
26.3131,5998,Vehicle,ChannelLoad,0.05544,0
26.3131,5998,Vehicle,ChannelLoad,0.05544,0
26.3136,9794,Vehicle,TX_Throughput,7760,0
26.3136,9794,Vehicle,TX_ObjectCount,1,0
26.3138,2724,Vehicle,TX_Throughput,4560,0
26.3138,2724,Vehicle,TX_ObjectCount,0,0
26.3147,5260,RSU,TX_Throughput,22080,0
26.3147,5260,RSU,TX_ObjectCount,7,0
26.3147,3619,Vehicle,ChannelLoad,0.0644,0
26.3147,3619,Vehicle,ChannelLoad,0.0644,0
26.3151,712,Vehicle,TX_Throughput,7760,0
26.3151,712,Vehicle,TX_ObjectCount,1,0
26.3152,7129,Vehicle,ChannelLoad,0.06312,0
26.3152,7129,Vehicle,ChannelLoad,0.06312,0
26.3156,639,Vehicle,TX_Throughput,4560,0
26.3156,639,Vehicle,TX_ObjectCount,0,0
26.316,3020,Vehicle,TX_Throughput,4560,0
26.316,3020,Vehicle,TX_ObjectCount,0,0
26.3163,7202,RSU,ChannelLoad,0.07688,0
26.3163,7202,RSU,ChannelLoad,0.07688,0
26.3166,182,RSU,TX_Throughput,8080,0
26.3166,182,RSU,TX_ObjectCount,2,0
26.3167,8914,Vehicle,ChannelLoad,0.0312,0
26.3167,8914,Vehicle,ChannelLoad,0.0312,0
26.3168,1755,Vehicle,ChannelLoad,0.07664,0
26.3168,1755,Vehicle,ChannelLoad,0.07664,0
26.3169,6071,Vehicle,ChannelLoad,0.06384,0
26.3169,6071,Vehicle,ChannelLoad,0.06384,0
26.3171,862,Vehicle,TX_Throughput,4560,0
26.3171,862,Vehicle,TX_ObjectCount,0,0
26.3172,2649,Vehicle,ChannelLoad,0.06872,0
26.3172,2649,Vehicle,ChannelLoad,0.06872,0
26.3175,1901,RSU,TX_Throughput,10880,0
26.3175,1901,RSU,TX_ObjectCount,3,0
26.3182,8987,Vehicle,ChannelLoad,0.05512,0
26.3182,8987,Vehicle,ChannelLoad,0.05512,0
26.3183,787,Vehicle,ChannelLoad,0.0284,0
26.3183,787,Vehicle,ChannelLoad,0.0284,0
26.3186,2724,Vehicle,ChannelLoad,0.06152,0
26.3186,2724,Vehicle,ChannelLoad,0.06152,0
26.3188,107,Vehicle,ChannelLoad,0.04816,0
26.3188,107,Vehicle,ChannelLoad,0.04816,0
26.3191,2273,RSU,TX_Throughput,8080,0
26.3191,2273,RSU,TX_ObjectCount,2,0
26.3197,7720,Vehicle,TX_Throughput,4560,0
26.3197,7720,Vehicle,TX_ObjectCount,0,0
26.3201,182,RSU,ChannelLoad,0.08056,0
26.3201,182,RSU,ChannelLoad,0.08056,0
26.3202,862,Vehicle,ChannelLoad,0.06232,0
26.3202,862,Vehicle,ChannelLoad,0.06232,0
26.3207,6976,Vehicle,TX_Throughput,7760,0
26.3207,6976,Vehicle,TX_ObjectCount,1,0
26.321,8018,Vehicle,ChannelLoad,0.0544,0
26.321,8018,Vehicle,ChannelLoad,0.0544,0
26.3212,9060,Vehicle,ChannelLoad,0.09424,0
26.3212,9060,Vehicle,ChannelLoad,0.09424,0
26.3212,2051,Vehicle,TX_Throughput,7760,0
26.3212,2051,Vehicle,TX_ObjectCount,1,0
26.3223,1828,Vehicle,ChannelLoad,0.0524,0
26.3223,1828,Vehicle,ChannelLoad,0.0524,0
26.3228,6146,Vehicle,ChannelLoad,0.05248,0
26.3228,6146,Vehicle,ChannelLoad,0.05248,0
26.3231,1901,RSU,ChannelLoad,0.07184,0
26.3231,1901,RSU,ChannelLoad,0.07184,0
26.3231,7795,Vehicle,TX_Throughput,4560,0
26.3231,7795,Vehicle,TX_ObjectCount,0,0
26.3237,3692,Vehicle,ChannelLoad,0.06368,0
26.3237,3692,Vehicle,ChannelLoad,0.06368,0
26.3238,9281,Vehicle,TX_Throughput,4560,0
26.3238,9281,Vehicle,TX_ObjectCount,0,0
26.3244,5627,RSU,TX_Throughput,10880,0
26.3244,5627,RSU,TX_ObjectCount,3,0
26.325,2799,Vehicle,ChannelLoad,0.05296,0
26.325,2799,Vehicle,ChannelLoad,0.05296,0
26.3251,8694,RSU,TX_Throughput,16480,0
26.3251,8694,RSU,TX_ObjectCount,5,0
26.3256,9133,Vehicle,ChannelLoad,0.06744,0
26.3256,9133,Vehicle,ChannelLoad,0.06744,0
26.3281,6826,RSU,TX_Throughput,5280,0
26.3281,6826,RSU,TX_ObjectCount,1,0
26.3282,3989,RSU,TX_Throughput,8080,0
26.3282,3989,RSU,TX_ObjectCount,2,0
26.3286,2947,Vehicle,TX_Throughput,4560,0
26.3286,2947,Vehicle,TX_ObjectCount,0,0
26.3289,8091,RSU,ChannelLoad,0.08904,0
26.3289,8091,RSU,ChannelLoad,0.08904,0
26.329,9574,Vehicle,TX_Throughput,7760,0
26.329,9574,Vehicle,TX_ObjectCount,1,0
26.3294,3765,RSU,TX_Throughput,5280,0
26.3294,3765,RSU,TX_ObjectCount,1,0
26.3315,8091,RSU,TX_Throughput,10880,0
26.3315,8091,RSU,TX_ObjectCount,3,0
26.3317,8311,Vehicle,TX_Throughput,4560,0
26.3317,8311,Vehicle,TX_ObjectCount,0,0
26.3318,937,Vehicle,ChannelLoad,0.06688,0
26.3318,937,Vehicle,ChannelLoad,0.06688,0
26.3319,4512,Vehicle,TX_Throughput,4560,0
26.3319,4512,Vehicle,TX_ObjectCount,0,0
26.3326,8165,Vehicle,ChannelLoad,0.0552,0
26.3326,8165,Vehicle,ChannelLoad,0.0552,0
26.3327,9060,Vehicle,TX_Throughput,4560,0
26.3327,9060,Vehicle,TX_ObjectCount,0,0
26.3333,3765,RSU,ChannelLoad,0.05712,0
26.3333,3765,RSU,ChannelLoad,0.05712,0
26.3334,3692,Vehicle,TX_Throughput,4560,0
26.3334,3692,Vehicle,TX_ObjectCount,0,0
26.3336,5187,Vehicle,TX_Throughput,10560,0
26.3336,5187,Vehicle,TX_ObjectCount,2,0
26.334,8768,Vehicle,TX_Throughput,4560,0
26.334,8768,Vehicle,TX_ObjectCount,0,0
26.3341,416,Vehicle,TX_Throughput,4560,0
26.3341,416,Vehicle,TX_ObjectCount,0,0
26.3342,7055,RSU,TX_Throughput,5280,0
26.3342,7055,RSU,TX_ObjectCount,1,0
26.3343,6223,Vehicle,ChannelLoad,0.0644,0
26.3343,6223,Vehicle,ChannelLoad,0.0644,0
26.3344,29,RSU,TX_Throughput,10880,0
26.3344,29,RSU,TX_ObjectCount,3,0
26.3344,562,Vehicle,TX_Throughput,7760,0
26.3344,562,Vehicle,TX_ObjectCount,1,0
26.3346,9501,Vehicle,TX_Throughput,4560,0
26.3346,9501,Vehicle,TX_ObjectCount,0,0
26.3348,1755,Vehicle,TX_Throughput,4560,0
26.3348,1755,Vehicle,TX_ObjectCount,0,0
26.335,2569,RSU,TX_Throughput,5280,0
26.335,2569,RSU,TX_ObjectCount,1,0
26.3352,7278,RSU,ChannelLoad,0.0748,0
26.3352,7278,RSU,ChannelLoad,0.0748,0
26.3359,5113,RSU,TX_Throughput,13680,0
26.3359,5113,RSU,TX_ObjectCount,4,0
26.3361,8238,Vehicle,ChannelLoad,0.05104,0
26.3361,8238,Vehicle,ChannelLoad,0.05104,0
26.3369,7352,Vehicle,ChannelLoad,0.06216,0
26.3369,7352,Vehicle,ChannelLoad,0.06216,0
26.337,5701,RSU,TX_Throughput,10880,0
26.337,5701,RSU,TX_ObjectCount,3,0
26.337,3839,Vehicle,ChannelLoad,0.07192,0
26.337,3839,Vehicle,ChannelLoad,0.07192,0
26.3374,4599,Vehicle,ChannelLoad,0.0736,0
26.3374,4599,Vehicle,ChannelLoad,0.0736,0
26.3376,3912,Vehicle,ChannelLoad,0.0496,0
26.3376,3912,Vehicle,ChannelLoad,0.0496,0
26.3379,8311,Vehicle,ChannelLoad,0.05392,0
26.3379,8311,Vehicle,ChannelLoad,0.05392,0
26.338,2874,Vehicle,ChannelLoad,0.03424,0
26.338,2874,Vehicle,ChannelLoad,0.03424,0
26.3384,4360,Vehicle,TX_Throughput,4560,0
26.3384,4360,Vehicle,TX_ObjectCount,0,0
26.3385,6071,Vehicle,TX_Throughput,7760,0
26.3385,6071,Vehicle,TX_ObjectCount,1,0
26.3389,6298,RSU,ChannelLoad,0.09832,0
26.3389,6298,RSU,ChannelLoad,0.09832,0
26.3393,7425,Vehicle,ChannelLoad,0.05976,0
26.3393,7425,Vehicle,ChannelLoad,0.05976,0
26.3399,6372,Vehicle,ChannelLoad,0.07088,0
26.3399,6372,Vehicle,ChannelLoad,0.07088,0
26.3404,1014,Vehicle,ChannelLoad,0.0608,0
26.3404,1014,Vehicle,ChannelLoad,0.0608,0
26.3414,8384,RSU,ChannelLoad,0.08024,0
26.3414,8384,RSU,ChannelLoad,0.08024,0
26.3417,4745,Vehicle,TX_Throughput,7760,0
26.3417,4745,Vehicle,TX_ObjectCount,1,0
26.3422,1977,RSU,TX_Throughput,5280,0
26.3422,1977,RSU,TX_ObjectCount,1,0
26.3429,3912,Vehicle,TX_Throughput,4560,0
26.3429,3912,Vehicle,TX_ObjectCount,0,0
26.3431,1165,Vehicle,TX_Throughput,4560,0
26.3431,1165,Vehicle,TX_ObjectCount,0,0
26.3436,7943,Vehicle,TX_Throughput,7760,0
26.3436,7943,Vehicle,TX_ObjectCount,1,0
26.3437,9208,Vehicle,ChannelLoad,0.04784,0
26.3437,9208,Vehicle,ChannelLoad,0.04784,0
26.3438,343,Vehicle,TX_Throughput,7760,0
26.3438,343,Vehicle,TX_ObjectCount,1,0
26.3447,9281,Vehicle,ChannelLoad,0.05208,0
26.3447,9281,Vehicle,ChannelLoad,0.05208,0
26.3449,4672,Vehicle,ChannelLoad,0.07112,0
26.3449,4672,Vehicle,ChannelLoad,0.07112,0
26.3452,4287,Vehicle,TX_Throughput,7760,0
26.3452,4287,Vehicle,TX_ObjectCount,1,0
26.3454,1678,Vehicle,TX_Throughput,4560,0
26.3454,1678,Vehicle,TX_ObjectCount,0,0
26.3459,6445,Vehicle,ChannelLoad,0.0612,0
26.3459,6445,Vehicle,ChannelLoad,0.0612,0
26.3461,9354,Vehicle,TX_Throughput,4560,0
26.3461,9354,Vehicle,TX_ObjectCount,0,0
26.3464,1089,RSU,ChannelLoad,0.10528,0
26.3464,1089,RSU,ChannelLoad,0.10528,0
26.3466,5334,Vehicle,TX_Throughput,7760,0
26.3466,5334,Vehicle,TX_ObjectCount,1,0
26.3469,9427,RSU,TX_Throughput,8080,0
26.3469,9427,RSU,TX_ObjectCount,2,0
26.3471,3989,RSU,ChannelLoad,0.0708,0
26.3471,3989,RSU,ChannelLoad,0.0708,0
26.3472,6518,Vehicle,ChannelLoad,0.06048,0
26.3472,6518,Vehicle,ChannelLoad,0.06048,0
26.3474,2420,Vehicle,TX_Throughput,4560,0
26.3474,2420,Vehicle,TX_ObjectCount,0,0
26.3477,6146,Vehicle,TX_Throughput,7760,0
26.3477,6146,Vehicle,TX_ObjectCount,1,0
26.3481,1238,Vehicle,TX_Throughput,4560,0
26.3481,1238,Vehicle,TX_ObjectCount,0,0
26.3482,6591,Vehicle,ChannelLoad,0.0328,0
26.3482,6591,Vehicle,ChannelLoad,0.0328,0
26.3483,6445,Vehicle,TX_Throughput,4560,0
26.3483,6445,Vehicle,TX_ObjectCount,0,0
26.3488,1977,RSU,ChannelLoad,0.0876,0
26.3488,1977,RSU,ChannelLoad,0.0876,0
26.3488,4745,Vehicle,ChannelLoad,0.06712,0
26.3488,4745,Vehicle,ChannelLoad,0.06712,0
26.3492,4063,RSU,ChannelLoad,0.0652,0
26.3492,4063,RSU,ChannelLoad,0.0652,0
26.3496,9354,Vehicle,ChannelLoad,0.09408,0
26.3496,9354,Vehicle,ChannelLoad,0.09408,0
26.3496,5852,Vehicle,TX_Throughput,7760,0
26.3496,5852,Vehicle,TX_ObjectCount,1,0
26.3499,4137,Vehicle,ChannelLoad,0.06888,0
26.3499,4137,Vehicle,ChannelLoad,0.06888,0
26.3511,8543,Vehicle,TX_Throughput,10560,0
26.3511,8543,Vehicle,TX_ObjectCount,2,0
26.3527,9427,RSU,ChannelLoad,0.0736,0
26.3527,9427,RSU,ChannelLoad,0.0736,0
26.3528,6664,Vehicle,ChannelLoad,0.05136,0
26.3528,6664,Vehicle,ChannelLoad,0.05136,0
26.3528,4818,RSU,ChannelLoad,0.07696,0
26.3528,4818,RSU,ChannelLoad,0.07696,0
26.3533,2051,Vehicle,ChannelLoad,0.10272,0
26.3533,2051,Vehicle,ChannelLoad,0.10272,0
26.3539,937,Vehicle,TX_Throughput,7760,0
26.3539,937,Vehicle,TX_ObjectCount,1,0
26.3557,1385,Vehicle,TX_Throughput,7760,0
26.3557,1385,Vehicle,TX_ObjectCount,1,0
26.3561,7500,RSU,ChannelLoad,0.07312,0
26.3561,7500,RSU,ChannelLoad,0.07312,0
26.3562,4212,Vehicle,ChannelLoad,0.05184,0
26.3562,4212,Vehicle,ChannelLoad,0.05184,0
26.3572,9501,Vehicle,ChannelLoad,0.06112,0
26.3572,9501,Vehicle,ChannelLoad,0.06112,0
26.3582,2947,Vehicle,ChannelLoad,0.04432,0
26.3582,2947,Vehicle,ChannelLoad,0.04432,0
26.3586,7574,Vehicle,ChannelLoad,0.08832,0
26.3586,7574,Vehicle,ChannelLoad,0.08832,0
26.3589,4063,RSU,TX_Throughput,5280,0
26.3589,4063,RSU,TX_ObjectCount,1,0
26.3589,9574,Vehicle,ChannelLoad,0.04272,0
26.3589,9574,Vehicle,ChannelLoad,0.04272,0
26.359,1165,Vehicle,ChannelLoad,0.04408,0
26.359,1165,Vehicle,ChannelLoad,0.04408,0
26.359,5407,RSU,TX_Throughput,8080,0
26.359,5407,RSU,TX_ObjectCount,2,0
26.3594,3020,Vehicle,ChannelLoad,0.06608,0
26.3594,3020,Vehicle,ChannelLoad,0.06608,0
26.3595,7574,Vehicle,TX_Throughput,4560,0
26.3595,7574,Vehicle,TX_ObjectCount,0,0
26.3597,6591,Vehicle,TX_Throughput,4560,0
26.3597,6591,Vehicle,TX_ObjectCount,0,0
26.36,489,Vehicle,TX_Throughput,4560,0
26.36,489,Vehicle,TX_ObjectCount,0,0
26.3602,3243,RSU,TX_Throughput,2080,0
26.3602,3243,RSU,TX_ObjectCount,0,0
26.3603,3839,Vehicle,TX_Throughput,10560,0
26.3603,3839,Vehicle,TX_ObjectCount,2,0
26.3603,7868,Vehicle,TX_Throughput,4560,0
26.3603,7868,Vehicle,TX_ObjectCount,0,0
26.3604,9721,Vehicle,TX_Throughput,4560,0
26.3604,9721,Vehicle,TX_ObjectCount,0,0
26.3613,8018,Vehicle,TX_Throughput,4560,0
26.3613,8018,Vehicle,TX_ObjectCount,0,0
26.3613,1238,Vehicle,ChannelLoad,0.07752,0
26.3613,1238,Vehicle,ChannelLoad,0.07752,0
26.3615,9867,Vehicle,TX_Throughput,10560,0
26.3615,9867,Vehicle,TX_ObjectCount,2,0
26.3621,8618,RSU,TX_Throughput,13680,0
26.3621,8618,RSU,TX_ObjectCount,4,0
26.3622,9647,RSU,ChannelLoad,0.07968,0
26.3622,9647,RSU,ChannelLoad,0.07968,0
26.3627,4818,RSU,TX_Throughput,10880,0
26.3627,4818,RSU,TX_ObjectCount,3,0
26.3631,4137,Vehicle,TX_Throughput,10560,0
26.3631,4137,Vehicle,TX_ObjectCount,2,0
26.3632,4599,Vehicle,TX_Throughput,4560,0
26.3632,4599,Vehicle,TX_ObjectCount,0,0
26.3634,4672,Vehicle,TX_Throughput,7760,0
26.3634,4672,Vehicle,TX_ObjectCount,1,0
26.3637,9721,Vehicle,ChannelLoad,0.0816,0
26.3637,9721,Vehicle,ChannelLoad,0.0816,0
26.3637,3095,Vehicle,ChannelLoad,0.08456,0
26.3637,3095,Vehicle,ChannelLoad,0.08456,0
26.3638,9208,Vehicle,TX_Throughput,4560,0
26.3638,9208,Vehicle,TX_ObjectCount,0,0
26.3647,2126,RSU,ChannelLoad,0.0752,0
26.3647,2126,RSU,ChannelLoad,0.0752,0
26.3649,1311,RSU,ChannelLoad,0.06968,0
26.3649,1311,RSU,ChannelLoad,0.06968,0
26.3652,4892,Vehicle,ChannelLoad,0.0652,0
26.3652,4892,Vehicle,ChannelLoad,0.0652,0
26.3654,2200,Vehicle,ChannelLoad,0.07496,0
26.3654,2200,Vehicle,ChannelLoad,0.07496,0
26.3663,4287,Vehicle,ChannelLoad,0.0744,0
26.3663,4287,Vehicle,ChannelLoad,0.0744,0
26.3669,4439,Vehicle,TX_Throughput,4560,0
26.3669,4439,Vehicle,TX_ObjectCount,0,0
26.367,4967,Vehicle,TX_Throughput,7760,0
26.367,4967,Vehicle,TX_ObjectCount,1,0
26.3672,6298,RSU,TX_Throughput,5280,0
26.3672,6298,RSU,TX_ObjectCount,1,0
26.3674,8914,Vehicle,TX_Throughput,4560,0
26.3674,8914,Vehicle,TX_ObjectCount,0,0
26.3674,6747,Vehicle,ChannelLoad,0.06608,0
26.3674,6747,Vehicle,ChannelLoad,0.06608,0
26.368,4967,Vehicle,ChannelLoad,0.0608,0
26.368,4967,Vehicle,ChannelLoad,0.0608,0
26.3682,3168,Vehicle,ChannelLoad,0.0448,0
26.3682,3168,Vehicle,ChannelLoad,0.0448,0
26.3684,5040,Vehicle,ChannelLoad,0.04352,0
26.3684,5040,Vehicle,ChannelLoad,0.04352,0
26.3687,4360,Vehicle,ChannelLoad,0.07184,0
26.3687,4360,Vehicle,ChannelLoad,0.07184,0
26.3688,1605,Vehicle,TX_Throughput,7760,0
26.3688,1605,Vehicle,TX_ObjectCount,1,0
26.3696,5113,RSU,ChannelLoad,0.08376,0
26.3696,5113,RSU,ChannelLoad,0.08376,0
26.3697,8987,Vehicle,TX_Throughput,7760,0
26.3697,8987,Vehicle,TX_ObjectCount,1,0
26.3698,3243,RSU,ChannelLoad,0.10056,0
26.3698,3243,RSU,ChannelLoad,0.10056,0
26.3698,9794,Vehicle,ChannelLoad,0.03696,0
26.3698,9794,Vehicle,ChannelLoad,0.03696,0
26.37,2273,RSU,ChannelLoad,0.0948,0
26.37,2273,RSU,ChannelLoad,0.0948,0
26.3701,8470,Vehicle,ChannelLoad,0.0688,0
26.3701,8470,Vehicle,ChannelLoad,0.0688,0
26.3702,5187,Vehicle,ChannelLoad,0.062,0
26.3702,5187,Vehicle,ChannelLoad,0.062,0
26.3709,1385,Vehicle,ChannelLoad,0.05928,0
26.3709,1385,Vehicle,ChannelLoad,0.05928,0
26.371,270,Vehicle,ChannelLoad,0.05648,0
26.371,270,Vehicle,ChannelLoad,0.05648,0
26.3719,9867,Vehicle,ChannelLoad,0.05888,0
26.3719,9867,Vehicle,ChannelLoad,0.05888,0
26.3722,9647,RSU,TX_Throughput,5280,0
26.3722,9647,RSU,TX_ObjectCount,1,0
26.3723,5260,RSU,ChannelLoad,0.1076,0
26.3723,5260,RSU,ChannelLoad,0.1076,0
26.3725,5925,Vehicle,TX_Throughput,10560,0
26.3725,5925,Vehicle,TX_ObjectCount,2,0
26.3727,2347,Vehicle,ChannelLoad,0.05048,0
26.3727,2347,Vehicle,ChannelLoad,0.05048,0
26.3727,7202,RSU,TX_Throughput,2080,0
26.3727,7202,RSU,TX_ObjectCount,0,0
26.3735,787,Vehicle,TX_Throughput,4560,0
26.3735,787,Vehicle,TX_ObjectCount,0,0
26.3742,7647,Vehicle,ChannelLoad,0.04984,0
26.3742,7647,Vehicle,ChannelLoad,0.04984,0
26.3756,8841,Vehicle,TX_Throughput,4560,0
26.3756,8841,Vehicle,TX_ObjectCount,0,0
26.3759,5334,Vehicle,ChannelLoad,0.1108,0
26.3759,5334,Vehicle,ChannelLoad,0.1108,0
26.3762,5407,RSU,ChannelLoad,0.07232,0
26.3762,5407,RSU,ChannelLoad,0.07232,0
26.3765,9940,Vehicle,ChannelLoad,0.06152,0
26.3765,9940,Vehicle,ChannelLoad,0.06152,0
26.3771,5554,Vehicle,TX_Throughput,10560,0
26.3771,5554,Vehicle,TX_ObjectCount,2,0
26.3777,4439,Vehicle,ChannelLoad,0.06896,0
26.3777,4439,Vehicle,ChannelLoad,0.06896,0
26.3777,2420,Vehicle,ChannelLoad,0.05448,0
26.3777,2420,Vehicle,ChannelLoad,0.05448,0
26.3778,6826,RSU,ChannelLoad,0.10248,0
26.3778,6826,RSU,ChannelLoad,0.10248,0
26.3781,2495,RSU,TX_Throughput,5280,0
26.3781,2495,RSU,TX_ObjectCount,1,0
26.3782,7720,Vehicle,ChannelLoad,0.09208,0
26.3782,7720,Vehicle,ChannelLoad,0.09208,0
26.3782,8543,Vehicle,ChannelLoad,0.044,0
26.3782,8543,Vehicle,ChannelLoad,0.044,0
26.3782,3095,Vehicle,TX_Throughput,4560,0
26.3782,3095,Vehicle,TX_ObjectCount,0,0
26.3784,7500,RSU,TX_Throughput,2080,0
26.3784,7500,RSU,TX_ObjectCount,0,0
26.3786,10015,Vehicle,ChannelLoad,0.0776,0
26.3786,10015,Vehicle,ChannelLoad,0.0776,0
26.3794,3392,Vehicle,TX_Throughput,4560,0
26.3794,3392,Vehicle,TX_ObjectCount,0,0
26.38,4512,Vehicle,ChannelLoad,0.0776,0
26.38,4512,Vehicle,ChannelLoad,0.0776,0
26.3801,6902,RSU,ChannelLoad,0.0632,0
26.3801,6902,RSU,ChannelLoad,0.0632,0
26.3805,7795,Vehicle,ChannelLoad,0.0556,0
26.3805,7795,Vehicle,ChannelLoad,0.0556,0
26.3814,5775,Vehicle,TX_Throughput,4560,0
26.3814,5775,Vehicle,TX_ObjectCount,0,0
26.3816,1311,RSU,TX_Throughput,8080,0
26.3816,1311,RSU,TX_ObjectCount,2,0
26.3817,1089,RSU,TX_Throughput,10880,0
26.3817,1089,RSU,TX_ObjectCount,3,0
26.3818,6976,Vehicle,ChannelLoad,0.07008,0
26.3818,6976,Vehicle,ChannelLoad,0.07008,0
26.3819,5481,Vehicle,ChannelLoad,0.07248,0
26.3819,5481,Vehicle,ChannelLoad,0.07248,0
26.382,5554,Vehicle,ChannelLoad,0.08192,0
26.382,5554,Vehicle,ChannelLoad,0.08192,0
26.3824,4212,Vehicle,TX_Throughput,4560,0
26.3824,4212,Vehicle,TX_ObjectCount,0,0
26.3825,7278,RSU,TX_Throughput,2080,0
26.3825,7278,RSU,TX_ObjectCount,0,0
26.3831,343,Vehicle,ChannelLoad,0.06536,0
26.3831,343,Vehicle,ChannelLoad,0.06536,0
26.3832,1458,RSU,ChannelLoad,0.12056,0
26.3832,1458,RSU,ChannelLoad,0.12056,0
26.3843,8165,Vehicle,TX_Throughput,4560,0
26.3843,8165,Vehicle,TX_ObjectCount,0,0
26.3844,6902,RSU,TX_Throughput,8080,0
26.3844,6902,RSU,TX_ObjectCount,2,0
26.3844,3319,Vehicle,ChannelLoad,0.07896,0
26.3844,3319,Vehicle,ChannelLoad,0.07896,0
26.3853,7352,Vehicle,TX_Throughput,4560,0
26.3853,7352,Vehicle,TX_ObjectCount,0,0
26.3855,3541,RSU,TX_Throughput,5280,0
26.3855,3541,RSU,TX_ObjectCount,1,0
26.3857,2126,RSU,TX_Throughput,10880,0
26.3857,2126,RSU,TX_ObjectCount,3,0
26.3863,1532,Vehicle,ChannelLoad,0.08592,0
26.3863,1532,Vehicle,ChannelLoad,0.08592,0
26.3863,107,Vehicle,TX_Throughput,4560,0
26.3863,107,Vehicle,TX_ObjectCount,0,0
26.3865,3392,Vehicle,ChannelLoad,0.05744,0
26.3865,3392,Vehicle,ChannelLoad,0.05744,0
26.3865,5627,RSU,ChannelLoad,0.11384,0
26.3865,5627,RSU,ChannelLoad,0.11384,0
26.3871,416,Vehicle,ChannelLoad,0.07936,0
26.3871,416,Vehicle,ChannelLoad,0.07936,0
26.3873,2200,Vehicle,TX_Throughput,7760,0
26.3873,2200,Vehicle,TX_ObjectCount,1,0
26.3873,7129,Vehicle,TX_Throughput,4560,0
26.3873,7129,Vehicle,TX_ObjectCount,0,0
26.3885,2495,RSU,ChannelLoad,0.09616,0
26.3885,2495,RSU,ChannelLoad,0.09616,0
26.3891,8384,RSU,TX_Throughput,8080,0
26.3891,8384,RSU,TX_ObjectCount,2,0
26.3894,2569,RSU,ChannelLoad,0.10088,0
26.3894,2569,RSU,ChannelLoad,0.10088,0
26.3902,7647,Vehicle,TX_Throughput,7760,0
26.3902,7647,Vehicle,TX_ObjectCount,1,0
26.3916,8618,RSU,ChannelLoad,0.0844,0
26.3916,8618,RSU,ChannelLoad,0.0844,0
26.3917,7868,Vehicle,ChannelLoad,0.06032,0
26.3917,7868,Vehicle,ChannelLoad,0.06032,0
26.392,3619,Vehicle,TX_Throughput,4560,0
26.392,3619,Vehicle,TX_ObjectCount,0,0
26.392,5701,RSU,ChannelLoad,0.1188,0
26.392,5701,RSU,ChannelLoad,0.1188,0
26.3928,5775,Vehicle,ChannelLoad,0.09184,0
26.3928,5775,Vehicle,ChannelLoad,0.09184,0
26.3932,1532,Vehicle,TX_Throughput,4560,0
26.3932,1532,Vehicle,TX_ObjectCount,0,0
26.3939,489,Vehicle,ChannelLoad,0.04512,0
26.3939,489,Vehicle,ChannelLoad,0.04512,0
26.3941,1014,Vehicle,TX_Throughput,4560,0
26.3941,1014,Vehicle,TX_ObjectCount,0,0
26.3955,9133,Vehicle,TX_Throughput,4560,0
26.3955,9133,Vehicle,TX_ObjectCount,0,0
26.396,8694,RSU,ChannelLoad,0.11128,0
26.396,8694,RSU,ChannelLoad,0.11128,0
26.3961,3467,RSU,ChannelLoad,0.1296,0
26.3961,3467,RSU,ChannelLoad,0.1296,0
26.3961,562,Vehicle,ChannelLoad,0.0768,0
26.3961,562,Vehicle,ChannelLoad,0.0768,0
26.3962,4892,Vehicle,TX_Throughput,4560,0
26.3962,4892,Vehicle,TX_ObjectCount,0,0
26.3966,1605,Vehicle,ChannelLoad,0.05592,0
26.3966,1605,Vehicle,ChannelLoad,0.05592,0
26.397,2649,Vehicle,TX_Throughput,10560,0
26.397,2649,Vehicle,TX_ObjectCount,2,0
26.3972,1458,RSU,TX_Throughput,8080,0
26.3972,1458,RSU,TX_ObjectCount,2,0
26.3978,3541,RSU,ChannelLoad,0.06,0
26.3978,3541,RSU,ChannelLoad,0.06,0
26.3981,2347,Vehicle,TX_Throughput,7760,0
26.3981,2347,Vehicle,TX_ObjectCount,1,0
26.3987,10015,Vehicle,TX_Throughput,10560,0
26.3987,10015,Vehicle,TX_ObjectCount,2,0
26.3997,5040,Vehicle,TX_Throughput,4560,0
26.3997,5040,Vehicle,TX_ObjectCount,0,0
26.4009,7943,Vehicle,ChannelLoad,0.04368,0
26.4009,7943,Vehicle,ChannelLoad,0.04368,0
26.4017,1828,Vehicle,TX_Throughput,13360,0
26.4017,1828,Vehicle,TX_ObjectCount,3,0
26.402,639,Vehicle,ChannelLoad,0.06048,0
26.402,639,Vehicle,ChannelLoad,0.06048,0
26.4023,8768,Vehicle,ChannelLoad,0.0648,0
26.4023,8768,Vehicle,ChannelLoad,0.0648,0
26.4025,3467,RSU,TX_Throughput,5280,0
26.4025,3467,RSU,TX_ObjectCount,1,0
26.4026,8841,Vehicle,ChannelLoad,0.0708,0
26.4026,8841,Vehicle,ChannelLoad,0.0708,0
26.4035,8470,Vehicle,TX_Throughput,7760,0
26.4035,8470,Vehicle,TX_ObjectCount,1,0
26.4037,7055,RSU,ChannelLoad,0.0948,0
26.4037,7055,RSU,ChannelLoad,0.0948,0
26.4038,3168,Vehicle,TX_Throughput,4560,0
26.4038,3168,Vehicle,TX_ObjectCount,0,0
26.4039,2799,Vehicle,TX_Throughput,7760,0
26.4039,2799,Vehicle,TX_ObjectCount,1,0
26.4047,5481,Vehicle,TX_Throughput,7760,0
26.4047,5481,Vehicle,TX_ObjectCount,1,0
26.4047,29,RSU,ChannelLoad,0.09552,0
26.4047,29,RSU,ChannelLoad,0.09552,0
26.4053,3319,Vehicle,TX_Throughput,7760,0
26.4053,3319,Vehicle,TX_ObjectCount,1,0
26.4054,7425,Vehicle,TX_Throughput,4560,0
26.4054,7425,Vehicle,TX_ObjectCount,0,0
26.4059,712,Vehicle,ChannelLoad,0.09432,0
26.4059,712,Vehicle,ChannelLoad,0.09432,0
26.4064,8238,Vehicle,TX_Throughput,7760,0
26.4064,8238,Vehicle,TX_ObjectCount,1,0
26.4067,6664,Vehicle,TX_Throughput,4560,0
26.4067,6664,Vehicle,TX_ObjectCount,0,0
26.4072,9940,Vehicle,TX_Throughput,4560,0
26.4072,9940,Vehicle,TX_ObjectCount,0,0
26.4078,5852,Vehicle,ChannelLoad,0.07376,0
26.4078,5852,Vehicle,ChannelLoad,0.07376,0
26.4083,6223,Vehicle,TX_Throughput,10560,0
26.4083,6223,Vehicle,TX_ObjectCount,2,0
26.4084,6747,Vehicle,TX_Throughput,4560,0
26.4084,6747,Vehicle,TX_ObjectCount,0,0
26.4089,1678,Vehicle,ChannelLoad,0.04928,0
26.4089,1678,Vehicle,ChannelLoad,0.04928,0
26.4091,5998,Vehicle,TX_Throughput,4560,0
26.4091,5998,Vehicle,TX_ObjectCount,0,0
26.4092,2874,Vehicle,TX_Throughput,4560,0
26.4092,2874,Vehicle,TX_ObjectCount,0,0
26.4094,6518,Vehicle,TX_Throughput,7760,0
26.4094,6518,Vehicle,TX_ObjectCount,1,0
26.4105,270,Vehicle,TX_Throughput,7760,0
26.4105,270,Vehicle,TX_ObjectCount,1,0
26.411,6372,Vehicle,TX_Throughput,4560,0
26.411,6372,Vehicle,TX_ObjectCount,0,0
26.4121,5925,Vehicle,ChannelLoad,0.04232,0
26.4121,5925,Vehicle,ChannelLoad,0.04232,0
26.4131,5998,Vehicle,ChannelLoad,0.06752,0
26.4131,5998,Vehicle,ChannelLoad,0.06752,0
26.4136,9794,Vehicle,TX_Throughput,4560,0
26.4136,9794,Vehicle,TX_ObjectCount,0,0
26.4138,2724,Vehicle,TX_Throughput,7760,0
26.4138,2724,Vehicle,TX_ObjectCount,1,0
26.4147,5260,RSU,TX_Throughput,5280,0
26.4147,5260,RSU,TX_ObjectCount,1,0
26.4147,3619,Vehicle,ChannelLoad,0.07696,0
26.4147,3619,Vehicle,ChannelLoad,0.07696,0
26.4151,712,Vehicle,TX_Throughput,7760,0
26.4151,712,Vehicle,TX_ObjectCount,1,0
26.4152,7129,Vehicle,ChannelLoad,0.06704,0
26.4152,7129,Vehicle,ChannelLoad,0.06704,0
26.4156,639,Vehicle,TX_Throughput,4560,0
26.4156,639,Vehicle,TX_ObjectCount,0,0
26.416,3020,Vehicle,TX_Throughput,4560,0
26.416,3020,Vehicle,TX_ObjectCount,0,0
26.4163,7202,RSU,ChannelLoad,0.09224,0
26.4163,7202,RSU,ChannelLoad,0.09224,0
26.4166,182,RSU,TX_Throughput,8080,0
26.4166,182,RSU,TX_ObjectCount,2,0
26.4167,8914,Vehicle,ChannelLoad,0.02056,0
26.4167,8914,Vehicle,ChannelLoad,0.02056,0
26.4168,1755,Vehicle,ChannelLoad,0.0812,0
26.4168,1755,Vehicle,ChannelLoad,0.0812,0
26.4169,6071,Vehicle,ChannelLoad,0.05344,0
26.4169,6071,Vehicle,ChannelLoad,0.05344,0
26.4171,862,Vehicle,TX_Throughput,7760,0
26.4171,862,Vehicle,TX_ObjectCount,1,0
26.4172,2649,Vehicle,ChannelLoad,0.05808,0
26.4172,2649,Vehicle,ChannelLoad,0.05808,0
26.4175,1901,RSU,TX_Throughput,5280,0
26.4175,1901,RSU,TX_ObjectCount,1,0
26.4182,8987,Vehicle,ChannelLoad,0.06136,0
26.4182,8987,Vehicle,ChannelLoad,0.06136,0
26.4183,787,Vehicle,ChannelLoad,0.04672,0
26.4183,787,Vehicle,ChannelLoad,0.04672,0
26.4186,2724,Vehicle,ChannelLoad,0.0588,0
26.4186,2724,Vehicle,ChannelLoad,0.0588,0
26.4188,107,Vehicle,ChannelLoad,0.05936,0
26.4188,107,Vehicle,ChannelLoad,0.05936,0
26.4191,2273,RSU,TX_Throughput,8080,0
26.4191,2273,RSU,TX_ObjectCount,2,0
26.4197,7720,Vehicle,TX_Throughput,4560,0
26.4197,7720,Vehicle,TX_ObjectCount,0,0
26.4201,182,RSU,ChannelLoad,0.09784,0
26.4201,182,RSU,ChannelLoad,0.09784,0
26.4202,862,Vehicle,ChannelLoad,0.06448,0
26.4202,862,Vehicle,ChannelLoad,0.06448,0
26.4207,6976,Vehicle,TX_Throughput,7760,0
26.4207,6976,Vehicle,TX_ObjectCount,1,0
26.421,8018,Vehicle,ChannelLoad,0.06584,0
26.421,8018,Vehicle,ChannelLoad,0.06584,0
26.4212,9060,Vehicle,ChannelLoad,0.11288,0
26.4212,9060,Vehicle,ChannelLoad,0.11288,0
26.4212,2051,Vehicle,TX_Throughput,7760,0
26.4212,2051,Vehicle,TX_ObjectCount,1,0
26.4223,1828,Vehicle,ChannelLoad,0.05728,0
26.4223,1828,Vehicle,ChannelLoad,0.05728,0
26.4228,6146,Vehicle,ChannelLoad,0.07048,0
26.4228,6146,Vehicle,ChannelLoad,0.07048,0
26.4231,1901,RSU,ChannelLoad,0.09384,0
26.4231,1901,RSU,ChannelLoad,0.09384,0
26.4231,7795,Vehicle,TX_Throughput,7760,0
26.4231,7795,Vehicle,TX_ObjectCount,1,0
26.4237,3692,Vehicle,ChannelLoad,0.08488,0
26.4237,3692,Vehicle,ChannelLoad,0.08488,0
26.4238,9281,Vehicle,TX_Throughput,4560,0
26.4238,9281,Vehicle,TX_ObjectCount,0,0
26.4244,5627,RSU,TX_Throughput,2080,0
26.4244,5627,RSU,TX_ObjectCount,0,0
26.425,2799,Vehicle,ChannelLoad,0.07064,0
26.425,2799,Vehicle,ChannelLoad,0.07064,0
26.4251,8694,RSU,TX_Throughput,5280,0
26.4251,8694,RSU,TX_ObjectCount,1,0
26.4256,9133,Vehicle,ChannelLoad,0.08336,0
26.4256,9133,Vehicle,ChannelLoad,0.08336,0
26.4281,6826,RSU,TX_Throughput,5280,0
26.4281,6826,RSU,TX_ObjectCount,1,0
26.4282,3989,RSU,TX_Throughput,5280,0
26.4282,3989,RSU,TX_ObjectCount,1,0
26.4286,2947,Vehicle,TX_Throughput,4560,0
26.4286,2947,Vehicle,TX_ObjectCount,0,0
26.4289,8091,RSU,ChannelLoad,0.09952,0
26.4289,8091,RSU,ChannelLoad,0.09952,0
26.429,9574,Vehicle,TX_Throughput,7760,0
26.429,9574,Vehicle,TX_ObjectCount,1,0
26.4294,3765,RSU,TX_Throughput,5280,0
26.4294,3765,RSU,TX_ObjectCount,1,0
26.4315,8091,RSU,TX_Throughput,2080,0
26.4315,8091,RSU,TX_ObjectCount,0,0
26.4317,8311,Vehicle,TX_Throughput,4560,0
26.4317,8311,Vehicle,TX_ObjectCount,0,0
26.4318,937,Vehicle,ChannelLoad,0.09784,0
26.4318,937,Vehicle,ChannelLoad,0.09784,0
26.4319,4512,Vehicle,TX_Throughput,7760,0
26.4319,4512,Vehicle,TX_ObjectCount,1,0
26.4326,8165,Vehicle,ChannelLoad,0.05608,0
26.4326,8165,Vehicle,ChannelLoad,0.05608,0
26.4327,9060,Vehicle,TX_Throughput,4560,0
26.4327,9060,Vehicle,TX_ObjectCount,0,0
26.4333,3765,RSU,ChannelLoad,0.0548,0
26.4333,3765,RSU,ChannelLoad,0.0548,0
26.4334,3692,Vehicle,TX_Throughput,4560,0
26.4334,3692,Vehicle,TX_ObjectCount,0,0
26.4336,5187,Vehicle,TX_Throughput,4560,0
26.4336,5187,Vehicle,TX_ObjectCount,0,0
26.434,8768,Vehicle,TX_Throughput,4560,0
26.434,8768,Vehicle,TX_ObjectCount,0,0
26.4341,416,Vehicle,TX_Throughput,4560,0
26.4341,416,Vehicle,TX_ObjectCount,0,0
26.4342,7055,RSU,TX_Throughput,8080,0
26.4342,7055,RSU,TX_ObjectCount,2,0
26.4343,6223,Vehicle,ChannelLoad,0.08504,0
26.4343,6223,Vehicle,ChannelLoad,0.08504,0
26.4344,29,RSU,TX_Throughput,19280,0
26.4344,29,RSU,TX_ObjectCount,6,0
26.4344,562,Vehicle,TX_Throughput,7760,0
26.4344,562,Vehicle,TX_ObjectCount,1,0
26.4346,9501,Vehicle,TX_Throughput,4560,0
26.4346,9501,Vehicle,TX_ObjectCount,0,0
26.4348,1755,Vehicle,TX_Throughput,4560,0
26.4348,1755,Vehicle,TX_ObjectCount,0,0
26.435,2569,RSU,TX_Throughput,19280,0
26.435,2569,RSU,TX_ObjectCount,6,0
26.4352,7278,RSU,ChannelLoad,0.0904,0
26.4352,7278,RSU,ChannelLoad,0.0904,0
26.4359,5113,RSU,TX_Throughput,5280,0
26.4359,5113,RSU,TX_ObjectCount,1,0
26.4361,8238,Vehicle,ChannelLoad,0.05376,0
26.4361,8238,Vehicle,ChannelLoad,0.05376,0
26.4369,7352,Vehicle,ChannelLoad,0.05776,0
26.4369,7352,Vehicle,ChannelLoad,0.05776,0
26.437,5701,RSU,TX_Throughput,5280,0
26.437,5701,RSU,TX_ObjectCount,1,0
26.437,3839,Vehicle,ChannelLoad,0.07992,0
26.437,3839,Vehicle,ChannelLoad,0.07992,0
26.4374,4599,Vehicle,ChannelLoad,0.07576,0
26.4374,4599,Vehicle,ChannelLoad,0.07576,0
26.4376,3912,Vehicle,ChannelLoad,0.06152,0
26.4376,3912,Vehicle,ChannelLoad,0.06152,0
26.4379,8311,Vehicle,ChannelLoad,0.0652,0
26.4379,8311,Vehicle,ChannelLoad,0.0652,0
26.438,2874,Vehicle,ChannelLoad,0.03864,0
26.438,2874,Vehicle,ChannelLoad,0.03864,0
26.4384,4360,Vehicle,TX_Throughput,4560,0
26.4384,4360,Vehicle,TX_ObjectCount,0,0
26.4385,6071,Vehicle,TX_Throughput,7760,0
26.4385,6071,Vehicle,TX_ObjectCount,1,0
26.4389,6298,RSU,ChannelLoad,0.0992,0
26.4389,6298,RSU,ChannelLoad,0.0992,0
26.4393,7425,Vehicle,ChannelLoad,0.06424,0
26.4393,7425,Vehicle,ChannelLoad,0.06424,0
26.4399,6372,Vehicle,ChannelLoad,0.07528,0
26.4399,6372,Vehicle,ChannelLoad,0.07528,0
26.4404,1014,Vehicle,ChannelLoad,0.05888,0
26.4404,1014,Vehicle,ChannelLoad,0.05888,0
26.4414,8384,RSU,ChannelLoad,0.10496,0
26.4414,8384,RSU,ChannelLoad,0.10496,0
26.4417,4745,Vehicle,TX_Throughput,4560,0
26.4417,4745,Vehicle,TX_ObjectCount,0,0
26.4422,1977,RSU,TX_Throughput,2080,0
26.4422,1977,RSU,TX_ObjectCount,0,0
26.4429,3912,Vehicle,TX_Throughput,4560,0
26.4429,3912,Vehicle,TX_ObjectCount,0,0
26.4431,1165,Vehicle,TX_Throughput,7760,0
26.4431,1165,Vehicle,TX_ObjectCount,1,0
26.4436,7943,Vehicle,TX_Throughput,4560,0
26.4436,7943,Vehicle,TX_ObjectCount,0,0
26.4437,9208,Vehicle,ChannelLoad,0.03656,0
26.4437,9208,Vehicle,ChannelLoad,0.03656,0
26.4438,343,Vehicle,TX_Throughput,7760,0
26.4438,343,Vehicle,TX_ObjectCount,1,0
26.4447,9281,Vehicle,ChannelLoad,0.06288,0
26.4447,9281,Vehicle,ChannelLoad,0.06288,0
26.4449,4672,Vehicle,ChannelLoad,0.08456,0
26.4449,4672,Vehicle,ChannelLoad,0.08456,0
26.4452,4287,Vehicle,TX_Throughput,4560,0
26.4452,4287,Vehicle,TX_ObjectCount,0,0
26.4454,1678,Vehicle,TX_Throughput,4560,0
26.4454,1678,Vehicle,TX_ObjectCount,0,0
26.4459,6445,Vehicle,ChannelLoad,0.0648,0
26.4459,6445,Vehicle,ChannelLoad,0.0648,0
26.4461,9354,Vehicle,TX_Throughput,4560,0
26.4461,9354,Vehicle,TX_ObjectCount,0,0
26.4464,1089,RSU,ChannelLoad,0.10072,0
26.4464,1089,RSU,ChannelLoad,0.10072,0
26.4466,5334,Vehicle,TX_Throughput,4560,0
26.4466,5334,Vehicle,TX_ObjectCount,0,0
26.4469,9427,RSU,TX_Throughput,16480,0
26.4469,9427,RSU,TX_ObjectCount,5,0
26.4471,3989,RSU,ChannelLoad,0.08672,0
26.4471,3989,RSU,ChannelLoad,0.08672,0
26.4472,6518,Vehicle,ChannelLoad,0.06344,0
26.4472,6518,Vehicle,ChannelLoad,0.06344,0
26.4474,2420,Vehicle,TX_Throughput,7760,0
26.4474,2420,Vehicle,TX_ObjectCount,1,0
26.4477,6146,Vehicle,TX_Throughput,4560,0
26.4477,6146,Vehicle,TX_ObjectCount,0,0
26.4481,1238,Vehicle,TX_Throughput,7760,0
26.4481,1238,Vehicle,TX_ObjectCount,1,0
26.4482,6591,Vehicle,ChannelLoad,0.03648,0
26.4482,6591,Vehicle,ChannelLoad,0.03648,0
26.4483,6445,Vehicle,TX_Throughput,4560,0
26.4483,6445,Vehicle,TX_ObjectCount,0,0
26.4488,1977,RSU,ChannelLoad,0.09888,0
26.4488,1977,RSU,ChannelLoad,0.09888,0
26.4488,4745,Vehicle,ChannelLoad,0.07728,0
26.4488,4745,Vehicle,ChannelLoad,0.07728,0
26.4492,4063,RSU,ChannelLoad,0.06464,0
26.4492,4063,RSU,ChannelLoad,0.06464,0
26.4496,9354,Vehicle,ChannelLoad,0.10696,0
26.4496,9354,Vehicle,ChannelLoad,0.10696,0
26.4496,5852,Vehicle,TX_Throughput,7760,0
26.4496,5852,Vehicle,TX_ObjectCount,1,0
26.4499,4137,Vehicle,ChannelLoad,0.08296,0
26.4499,4137,Vehicle,ChannelLoad,0.08296,0
26.4511,8543,Vehicle,TX_Throughput,7760,0
26.4511,8543,Vehicle,TX_ObjectCount,1,0
26.4527,9427,RSU,ChannelLoad,0.0892,0
26.4527,9427,RSU,ChannelLoad,0.0892,0
26.4528,6664,Vehicle,ChannelLoad,0.05656,0
26.4528,6664,Vehicle,ChannelLoad,0.05656,0
26.4528,4818,RSU,ChannelLoad,0.08712,0
26.4528,4818,RSU,ChannelLoad,0.08712,0
26.4533,2051,Vehicle,ChannelLoad,0.1008,0
26.4533,2051,Vehicle,ChannelLoad,0.1008,0
26.4539,937,Vehicle,TX_Throughput,7760,0
26.4539,937,Vehicle,TX_ObjectCount,1,0
26.4557,1385,Vehicle,TX_Throughput,4560,0
26.4557,1385,Vehicle,TX_ObjectCount,0,0
26.4561,7500,RSU,ChannelLoad,0.0652,0
26.4561,7500,RSU,ChannelLoad,0.0652,0
26.4562,4212,Vehicle,ChannelLoad,0.06376,0
26.4562,4212,Vehicle,ChannelLoad,0.06376,0
26.4572,9501,Vehicle,ChannelLoad,0.06808,0
26.4572,9501,Vehicle,ChannelLoad,0.06808,0
26.4582,2947,Vehicle,ChannelLoad,0.04624,0
26.4582,2947,Vehicle,ChannelLoad,0.04624,0
26.4586,7574,Vehicle,ChannelLoad,0.07648,0
26.4586,7574,Vehicle,ChannelLoad,0.07648,0
26.4589,4063,RSU,TX_Throughput,2080,0
26.4589,4063,RSU,TX_ObjectCount,0,0
26.4589,9574,Vehicle,ChannelLoad,0.03736,0
26.4589,9574,Vehicle,ChannelLoad,0.03736,0
26.459,1165,Vehicle,ChannelLoad,0.04912,0
26.459,1165,Vehicle,ChannelLoad,0.04912,0
26.459,5407,RSU,TX_Throughput,5280,0
26.459,5407,RSU,TX_ObjectCount,1,0
26.4594,3020,Vehicle,ChannelLoad,0.06464,0
26.4594,3020,Vehicle,ChannelLoad,0.06464,0
26.4595,7574,Vehicle,TX_Throughput,7760,0
26.4595,7574,Vehicle,TX_ObjectCount,1,0
26.4597,6591,Vehicle,TX_Throughput,4560,0
26.4597,6591,Vehicle,TX_ObjectCount,0,0
26.46,489,Vehicle,TX_Throughput,4560,0
26.46,489,Vehicle,TX_ObjectCount,0,0
26.4602,3243,RSU,TX_Throughput,2080,0
26.4602,3243,RSU,TX_ObjectCount,0,0
26.4603,3839,Vehicle,TX_Throughput,16160,0
26.4603,3839,Vehicle,TX_ObjectCount,4,0
26.4603,7868,Vehicle,TX_Throughput,4560,0
26.4603,7868,Vehicle,TX_ObjectCount,0,0
26.4604,9721,Vehicle,TX_Throughput,7760,0
26.4604,9721,Vehicle,TX_ObjectCount,1,0
26.4613,8018,Vehicle,TX_Throughput,4560,0
26.4613,8018,Vehicle,TX_ObjectCount,0,0
26.4613,1238,Vehicle,ChannelLoad,0.0756,0
26.4613,1238,Vehicle,ChannelLoad,0.0756,0
26.4615,9867,Vehicle,TX_Throughput,4560,0
26.4615,9867,Vehicle,TX_ObjectCount,0,0
26.4621,8618,RSU,TX_Throughput,8080,0
26.4621,8618,RSU,TX_ObjectCount,2,0
26.4622,9647,RSU,ChannelLoad,0.08384,0
26.4622,9647,RSU,ChannelLoad,0.08384,0
26.4627,4818,RSU,TX_Throughput,5280,0
26.4627,4818,RSU,TX_ObjectCount,1,0
26.4631,4137,Vehicle,TX_Throughput,4560,0
26.4631,4137,Vehicle,TX_ObjectCount,0,0
26.4632,4599,Vehicle,TX_Throughput,7760,0
26.4632,4599,Vehicle,TX_ObjectCount,1,0
26.4634,4672,Vehicle,TX_Throughput,7760,0
26.4634,4672,Vehicle,TX_ObjectCount,1,0
26.4637,9721,Vehicle,ChannelLoad,0.06992,0
26.4637,9721,Vehicle,ChannelLoad,0.06992,0
26.4637,3095,Vehicle,ChannelLoad,0.07656,0
26.4637,3095,Vehicle,ChannelLoad,0.07656,0
26.4638,9208,Vehicle,TX_Throughput,4560,0
26.4638,9208,Vehicle,TX_ObjectCount,0,0
26.4647,2126,RSU,ChannelLoad,0.084,0
26.4647,2126,RSU,ChannelLoad,0.084,0
26.4649,1311,RSU,ChannelLoad,0.084,0
26.4649,1311,RSU,ChannelLoad,0.084,0
26.4652,4892,Vehicle,ChannelLoad,0.05488,0
26.4652,4892,Vehicle,ChannelLoad,0.05488,0
26.4654,2200,Vehicle,ChannelLoad,0.07368,0
26.4654,2200,Vehicle,ChannelLoad,0.07368,0
26.4663,4287,Vehicle,ChannelLoad,0.06104,0
26.4663,4287,Vehicle,ChannelLoad,0.06104,0
26.4669,4439,Vehicle,TX_Throughput,4560,0
26.4669,4439,Vehicle,TX_ObjectCount,0,0
26.467,4967,Vehicle,TX_Throughput,7760,0
26.467,4967,Vehicle,TX_ObjectCount,1,0
26.4672,6298,RSU,TX_Throughput,2080,0
26.4672,6298,RSU,TX_ObjectCount,0,0
26.4674,8914,Vehicle,TX_Throughput,4560,0
26.4674,8914,Vehicle,TX_ObjectCount,0,0
26.4674,6747,Vehicle,ChannelLoad,0.08448,0
26.4674,6747,Vehicle,ChannelLoad,0.08448,0
26.468,4967,Vehicle,ChannelLoad,0.0524,0
26.468,4967,Vehicle,ChannelLoad,0.0524,0
26.4682,3168,Vehicle,ChannelLoad,0.05248,0
26.4682,3168,Vehicle,ChannelLoad,0.05248,0
26.4684,5040,Vehicle,ChannelLoad,0.04888,0
26.4684,5040,Vehicle,ChannelLoad,0.04888,0
26.4687,4360,Vehicle,ChannelLoad,0.10264,0
26.4687,4360,Vehicle,ChannelLoad,0.10264,0
26.4688,1605,Vehicle,TX_Throughput,4560,0
26.4688,1605,Vehicle,TX_ObjectCount,0,0
26.4696,5113,RSU,ChannelLoad,0.10552,0
26.4696,5113,RSU,ChannelLoad,0.10552,0
26.4697,8987,Vehicle,TX_Throughput,4560,0
26.4697,8987,Vehicle,TX_ObjectCount,0,0
26.4698,3243,RSU,ChannelLoad,0.07864,0
26.4698,3243,RSU,ChannelLoad,0.07864,0
26.4698,9794,Vehicle,ChannelLoad,0.04088,0
26.4698,9794,Vehicle,ChannelLoad,0.04088,0
26.47,2273,RSU,ChannelLoad,0.12136,0
26.47,2273,RSU,ChannelLoad,0.12136,0
26.4701,8470,Vehicle,ChannelLoad,0.07656,0
26.4701,8470,Vehicle,ChannelLoad,0.07656,0
26.4702,5187,Vehicle,ChannelLoad,0.07352,0
26.4702,5187,Vehicle,ChannelLoad,0.07352,0
26.4709,1385,Vehicle,ChannelLoad,0.06424,0
26.4709,1385,Vehicle,ChannelLoad,0.06424,0
26.471,270,Vehicle,ChannelLoad,0.06216,0
26.471,270,Vehicle,ChannelLoad,0.06216,0
26.4719,9867,Vehicle,ChannelLoad,0.05704,0
26.4719,9867,Vehicle,ChannelLoad,0.05704,0
26.4722,9647,RSU,TX_Throughput,8080,0
26.4722,9647,RSU,TX_ObjectCount,2,0
26.4723,5260,RSU,ChannelLoad,0.10504,0
26.4723,5260,RSU,ChannelLoad,0.10504,0
26.4725,5925,Vehicle,TX_Throughput,4560,0
26.4725,5925,Vehicle,TX_ObjectCount,0,0
26.4727,2347,Vehicle,ChannelLoad,0.06008,0
26.4727,2347,Vehicle,ChannelLoad,0.06008,0
26.4727,7202,RSU,TX_Throughput,8080,0
26.4727,7202,RSU,TX_ObjectCount,2,0
26.4735,787,Vehicle,TX_Throughput,4560,0
26.4735,787,Vehicle,TX_ObjectCount,0,0
26.4742,7647,Vehicle,ChannelLoad,0.05552,0
26.4742,7647,Vehicle,ChannelLoad,0.05552,0
26.4756,8841,Vehicle,TX_Throughput,7760,0
26.4756,8841,Vehicle,TX_ObjectCount,1,0
26.4759,5334,Vehicle,ChannelLoad,0.086,0
26.4759,5334,Vehicle,ChannelLoad,0.086,0
26.4762,5407,RSU,ChannelLoad,0.09824,0
26.4762,5407,RSU,ChannelLoad,0.09824,0
26.4765,9940,Vehicle,ChannelLoad,0.0672,0
26.4765,9940,Vehicle,ChannelLoad,0.0672,0
26.4771,5554,Vehicle,TX_Throughput,4560,0
26.4771,5554,Vehicle,TX_ObjectCount,0,0
26.4777,4439,Vehicle,ChannelLoad,0.05192,0
26.4777,4439,Vehicle,ChannelLoad,0.05192,0
26.4777,2420,Vehicle,ChannelLoad,0.06376,0
26.4777,2420,Vehicle,ChannelLoad,0.06376,0
26.4778,6826,RSU,ChannelLoad,0.1172,0
26.4778,6826,RSU,ChannelLoad,0.1172,0
26.4781,2495,RSU,TX_Throughput,8080,0
26.4781,2495,RSU,TX_ObjectCount,2,0
26.4782,7720,Vehicle,ChannelLoad,0.08448,0
26.4782,7720,Vehicle,ChannelLoad,0.08448,0
26.4782,8543,Vehicle,ChannelLoad,0.05776,0
26.4782,8543,Vehicle,ChannelLoad,0.05776,0
26.4782,3095,Vehicle,TX_Throughput,4560,0
26.4782,3095,Vehicle,TX_ObjectCount,0,0
26.4784,7500,RSU,TX_Throughput,2080,0
26.4784,7500,RSU,TX_ObjectCount,0,0
26.4786,10015,Vehicle,ChannelLoad,0.0736,0
26.4786,10015,Vehicle,ChannelLoad,0.0736,0
26.4794,3392,Vehicle,TX_Throughput,4560,0
26.4794,3392,Vehicle,TX_ObjectCount,0,0
26.48,4512,Vehicle,ChannelLoad,0.06536,0
26.48,4512,Vehicle,ChannelLoad,0.06536,0
26.4801,6902,RSU,ChannelLoad,0.06768,0
26.4801,6902,RSU,ChannelLoad,0.06768,0
26.4805,7795,Vehicle,ChannelLoad,0.07432,0
26.4805,7795,Vehicle,ChannelLoad,0.07432,0
26.4814,5775,Vehicle,TX_Throughput,4560,0
26.4814,5775,Vehicle,TX_ObjectCount,0,0
26.4816,1311,RSU,TX_Throughput,5280,0
26.4816,1311,RSU,TX_ObjectCount,1,0
26.4817,1089,RSU,TX_Throughput,19280,0
26.4817,1089,RSU,TX_ObjectCount,6,0
26.4818,6976,Vehicle,ChannelLoad,0.07968,0
26.4818,6976,Vehicle,ChannelLoad,0.07968,0
26.4819,5481,Vehicle,ChannelLoad,0.06032,0
26.4819,5481,Vehicle,ChannelLoad,0.06032,0
26.482,5554,Vehicle,ChannelLoad,0.08224,0
26.482,5554,Vehicle,ChannelLoad,0.08224,0
26.4824,4212,Vehicle,TX_Throughput,7760,0
26.4824,4212,Vehicle,TX_ObjectCount,1,0
26.4825,7278,RSU,TX_Throughput,13680,0
26.4825,7278,RSU,TX_ObjectCount,4,0
26.4831,343,Vehicle,ChannelLoad,0.07264,0
26.4831,343,Vehicle,ChannelLoad,0.07264,0
26.4832,1458,RSU,ChannelLoad,0.11256,0
26.4832,1458,RSU,ChannelLoad,0.11256,0
26.4843,8165,Vehicle,TX_Throughput,4560,0
26.4843,8165,Vehicle,TX_ObjectCount,0,0
26.4844,6902,RSU,TX_Throughput,2080,0
26.4844,6902,RSU,TX_ObjectCount,0,0
26.4844,3319,Vehicle,ChannelLoad,0.08056,0
26.4844,3319,Vehicle,ChannelLoad,0.08056,0
26.4853,7352,Vehicle,TX_Throughput,4560,0
26.4853,7352,Vehicle,TX_ObjectCount,0,0
26.4855,3541,RSU,TX_Throughput,2080,0
26.4855,3541,RSU,TX_ObjectCount,0,0
26.4857,2126,RSU,TX_Throughput,13680,0
26.4857,2126,RSU,TX_ObjectCount,4,0
26.4863,1532,Vehicle,ChannelLoad,0.09048,0
26.4863,1532,Vehicle,ChannelLoad,0.09048,0
26.4863,107,Vehicle,TX_Throughput,4560,0
26.4863,107,Vehicle,TX_ObjectCount,0,0
26.4865,3392,Vehicle,ChannelLoad,0.05504,0
26.4865,3392,Vehicle,ChannelLoad,0.05504,0
26.4865,5627,RSU,ChannelLoad,0.1132,0
26.4865,5627,RSU,ChannelLoad,0.1132,0
26.4871,416,Vehicle,ChannelLoad,0.05688,0
26.4871,416,Vehicle,ChannelLoad,0.05688,0
26.4873,2200,Vehicle,TX_Throughput,7760,0
26.4873,2200,Vehicle,TX_ObjectCount,1,0
26.4873,7129,Vehicle,TX_Throughput,7760,0
26.4873,7129,Vehicle,TX_ObjectCount,1,0
26.4885,2495,RSU,ChannelLoad,0.08704,0
26.4885,2495,RSU,ChannelLoad,0.08704,0
26.4891,8384,RSU,TX_Throughput,5280,0
26.4891,8384,RSU,TX_ObjectCount,1,0
26.4894,2569,RSU,ChannelLoad,0.10288,0
26.4894,2569,RSU,ChannelLoad,0.10288,0
26.4902,7647,Vehicle,TX_Throughput,4560,0
26.4902,7647,Vehicle,TX_ObjectCount,0,0
26.4916,8618,RSU,ChannelLoad,0.0788,0
26.4916,8618,RSU,ChannelLoad,0.0788,0
26.4917,7868,Vehicle,ChannelLoad,0.05344,0
26.4917,7868,Vehicle,ChannelLoad,0.05344,0
26.492,3619,Vehicle,TX_Throughput,7760,0
26.492,3619,Vehicle,TX_ObjectCount,1,0
26.492,5701,RSU,ChannelLoad,0.10944,0
26.492,5701,RSU,ChannelLoad,0.10944,0
26.4928,5775,Vehicle,ChannelLoad,0.09384,0
26.4928,5775,Vehicle,ChannelLoad,0.09384,0
26.4932,1532,Vehicle,TX_Throughput,7760,0
26.4932,1532,Vehicle,TX_ObjectCount,1,0
26.4939,489,Vehicle,ChannelLoad,0.05928,0
26.4939,489,Vehicle,ChannelLoad,0.05928,0
26.4941,1014,Vehicle,TX_Throughput,7760,0
26.4941,1014,Vehicle,TX_ObjectCount,1,0
26.4955,9133,Vehicle,TX_Throughput,7760,0
26.4955,9133,Vehicle,TX_ObjectCount,1,0
26.496,8694,RSU,ChannelLoad,0.098,0
26.496,8694,RSU,ChannelLoad,0.098,0
26.4961,3467,RSU,ChannelLoad,0.09904,0
26.4961,3467,RSU,ChannelLoad,0.09904,0
26.4961,562,Vehicle,ChannelLoad,0.08792,0
26.4961,562,Vehicle,ChannelLoad,0.08792,0
26.4962,4892,Vehicle,TX_Throughput,4560,0
26.4962,4892,Vehicle,TX_ObjectCount,0,0
26.4966,1605,Vehicle,ChannelLoad,0.06048,0
26.4966,1605,Vehicle,ChannelLoad,0.06048,0
26.497,2649,Vehicle,TX_Throughput,13360,0
26.497,2649,Vehicle,TX_ObjectCount,3,0
26.4972,1458,RSU,TX_Throughput,8080,0
26.4972,1458,RSU,TX_ObjectCount,2,0
26.4978,3541,RSU,ChannelLoad,0.09488,0
26.4978,3541,RSU,ChannelLoad,0.09488,0
26.4981,2347,Vehicle,TX_Throughput,10560,0
26.4981,2347,Vehicle,TX_ObjectCount,2,0
26.4987,10015,Vehicle,TX_Throughput,4560,0
26.4987,10015,Vehicle,TX_ObjectCount,0,0
26.4997,5040,Vehicle,TX_Throughput,4560,0
26.4997,5040,Vehicle,TX_ObjectCount,0,0
26.5009,7943,Vehicle,ChannelLoad,0.05064,0
26.5009,7943,Vehicle,ChannelLoad,0.05064,0
26.5017,1828,Vehicle,TX_Throughput,7760,0
26.5017,1828,Vehicle,TX_ObjectCount,1,0
26.502,639,Vehicle,ChannelLoad,0.07184,0
26.502,639,Vehicle,ChannelLoad,0.07184,0
26.5023,8768,Vehicle,ChannelLoad,0.06512,0
26.5023,8768,Vehicle,ChannelLoad,0.06512,0
26.5025,3467,RSU,TX_Throughput,8080,0
26.5025,3467,RSU,TX_ObjectCount,2,0
26.5026,8841,Vehicle,ChannelLoad,0.08104,0
26.5026,8841,Vehicle,ChannelLoad,0.08104,0
26.5035,8470,Vehicle,TX_Throughput,4560,0
26.5035,8470,Vehicle,TX_ObjectCount,0,0
26.5037,7055,RSU,ChannelLoad,0.08336,0
26.5037,7055,RSU,ChannelLoad,0.08336,0
26.5038,3168,Vehicle,TX_Throughput,4560,0
26.5038,3168,Vehicle,TX_ObjectCount,0,0
26.5039,2799,Vehicle,TX_Throughput,7760,0
26.5039,2799,Vehicle,TX_ObjectCount,1,0
26.5047,5481,Vehicle,TX_Throughput,10560,0
26.5047,5481,Vehicle,TX_ObjectCount,2,0
26.5047,29,RSU,ChannelLoad,0.11448,0
26.5047,29,RSU,ChannelLoad,0.11448,0
26.5053,3319,Vehicle,TX_Throughput,7760,0
26.5053,3319,Vehicle,TX_ObjectCount,1,0
26.5054,7425,Vehicle,TX_Throughput,18960,0
26.5054,7425,Vehicle,TX_ObjectCount,5,0
26.5059,712,Vehicle,ChannelLoad,0.08984,0
26.5059,712,Vehicle,ChannelLoad,0.08984,0
26.5064,8238,Vehicle,TX_Throughput,4560,0
26.5064,8238,Vehicle,TX_ObjectCount,0,0
26.5067,6664,Vehicle,TX_Throughput,7760,0
26.5067,6664,Vehicle,TX_ObjectCount,1,0
26.5072,9940,Vehicle,TX_Throughput,4560,0
26.5072,9940,Vehicle,TX_ObjectCount,0,0
26.5078,5852,Vehicle,ChannelLoad,0.06216,0
26.5078,5852,Vehicle,ChannelLoad,0.06216,0
26.5083,6223,Vehicle,TX_Throughput,4560,0
26.5083,6223,Vehicle,TX_ObjectCount,0,0
26.5084,6747,Vehicle,TX_Throughput,4560,0
26.5084,6747,Vehicle,TX_ObjectCount,0,0
26.5089,1678,Vehicle,ChannelLoad,0.05984,0
26.5089,1678,Vehicle,ChannelLoad,0.05984,0
26.5091,5998,Vehicle,TX_Throughput,4560,0
26.5091,5998,Vehicle,TX_ObjectCount,0,0
26.5092,2874,Vehicle,TX_Throughput,7760,0
26.5092,2874,Vehicle,TX_ObjectCount,1,0
26.5094,6518,Vehicle,TX_Throughput,7760,0
26.5094,6518,Vehicle,TX_ObjectCount,1,0
26.5105,270,Vehicle,TX_Throughput,7760,0
26.5105,270,Vehicle,TX_ObjectCount,1,0
26.511,6372,Vehicle,TX_Throughput,4560,0
26.511,6372,Vehicle,TX_ObjectCount,0,0
26.5121,5925,Vehicle,ChannelLoad,0.05344,0
26.5121,5925,Vehicle,ChannelLoad,0.05344,0
26.5131,5998,Vehicle,ChannelLoad,0.0748,0
26.5131,5998,Vehicle,ChannelLoad,0.0748,0
26.5136,9794,Vehicle,TX_Throughput,7760,0
26.5136,9794,Vehicle,TX_ObjectCount,1,0
26.5138,2724,Vehicle,TX_Throughput,4560,0
26.5138,2724,Vehicle,TX_ObjectCount,0,0
26.5147,5260,RSU,TX_Throughput,16480,0
26.5147,5260,RSU,TX_ObjectCount,5,0
26.5147,3619,Vehicle,ChannelLoad,0.06536,0
26.5147,3619,Vehicle,ChannelLoad,0.06536,0
26.5151,712,Vehicle,TX_Throughput,4560,0
26.5151,712,Vehicle,TX_ObjectCount,0,0
26.5152,7129,Vehicle,ChannelLoad,0.0672,0
26.5152,7129,Vehicle,ChannelLoad,0.0672,0
26.5156,639,Vehicle,TX_Throughput,4560,0
26.5156,639,Vehicle,TX_ObjectCount,0,0
26.516,3020,Vehicle,TX_Throughput,4560,0
26.516,3020,Vehicle,TX_ObjectCount,0,0
26.5163,7202,RSU,ChannelLoad,0.08264,0
26.5163,7202,RSU,ChannelLoad,0.08264,0
26.5166,182,RSU,TX_Throughput,13680,0
26.5166,182,RSU,TX_ObjectCount,4,0
26.5167,8914,Vehicle,ChannelLoad,0.03048,0
26.5167,8914,Vehicle,ChannelLoad,0.03048,0
26.5168,1755,Vehicle,ChannelLoad,0.078,0
26.5168,1755,Vehicle,ChannelLoad,0.078,0
26.5169,6071,Vehicle,ChannelLoad,0.0676,0
26.5169,6071,Vehicle,ChannelLoad,0.0676,0
26.5171,862,Vehicle,TX_Throughput,4560,0
26.5171,862,Vehicle,TX_ObjectCount,0,0
26.5172,2649,Vehicle,ChannelLoad,0.05064,0
26.5172,2649,Vehicle,ChannelLoad,0.05064,0
26.5175,1901,RSU,TX_Throughput,8080,0
26.5175,1901,RSU,TX_ObjectCount,2,0
26.5182,8987,Vehicle,ChannelLoad,0.0696,0
26.5182,8987,Vehicle,ChannelLoad,0.0696,0
26.5183,787,Vehicle,ChannelLoad,0.02904,0
26.5183,787,Vehicle,ChannelLoad,0.02904,0
26.5186,2724,Vehicle,ChannelLoad,0.06216,0
26.5186,2724,Vehicle,ChannelLoad,0.06216,0
26.5188,107,Vehicle,ChannelLoad,0.05624,0
26.5188,107,Vehicle,ChannelLoad,0.05624,0
26.5191,2273,RSU,TX_Throughput,10880,0
26.5191,2273,RSU,TX_ObjectCount,3,0
26.5197,7720,Vehicle,TX_Throughput,4560,0
26.5197,7720,Vehicle,TX_ObjectCount,0,0
26.5201,182,RSU,ChannelLoad,0.09176,0
26.5201,182,RSU,ChannelLoad,0.09176,0
26.5202,862,Vehicle,ChannelLoad,0.05824,0
26.5202,862,Vehicle,ChannelLoad,0.05824,0
26.5207,6976,Vehicle,TX_Throughput,4560,0
26.5207,6976,Vehicle,TX_ObjectCount,0,0
26.521,8018,Vehicle,ChannelLoad,0.0732,0
26.521,8018,Vehicle,ChannelLoad,0.0732,0
26.5212,9060,Vehicle,ChannelLoad,0.09992,0
26.5212,9060,Vehicle,ChannelLoad,0.09992,0
26.5212,2051,Vehicle,TX_Throughput,7760,0
26.5212,2051,Vehicle,TX_ObjectCount,1,0
26.5223,1828,Vehicle,ChannelLoad,0.05368,0
26.5223,1828,Vehicle,ChannelLoad,0.05368,0
26.5228,6146,Vehicle,ChannelLoad,0.06448,0
26.5228,6146,Vehicle,ChannelLoad,0.06448,0
26.5231,1901,RSU,ChannelLoad,0.07104,0
26.5231,1901,RSU,ChannelLoad,0.07104,0
26.5231,7795,Vehicle,TX_Throughput,7760,0
26.5231,7795,Vehicle,TX_ObjectCount,1,0
26.5237,3692,Vehicle,ChannelLoad,0.08264,0
26.5237,3692,Vehicle,ChannelLoad,0.08264,0
26.5238,9281,Vehicle,TX_Throughput,7760,0
26.5238,9281,Vehicle,TX_ObjectCount,1,0
26.5244,5627,RSU,TX_Throughput,10880,0
26.5244,5627,RSU,TX_ObjectCount,3,0
26.525,2799,Vehicle,ChannelLoad,0.06424,0
26.525,2799,Vehicle,ChannelLoad,0.06424,0
26.5251,8694,RSU,TX_Throughput,8080,0
26.5251,8694,RSU,TX_ObjectCount,2,0
26.5256,9133,Vehicle,ChannelLoad,0.07704,0
26.5256,9133,Vehicle,ChannelLoad,0.07704,0
26.5281,6826,RSU,TX_Throughput,5280,0
26.5281,6826,RSU,TX_ObjectCount,1,0
26.5282,3989,RSU,TX_Throughput,5280,0
26.5282,3989,RSU,TX_ObjectCount,1,0
26.5286,2947,Vehicle,TX_Throughput,4560,0
26.5286,2947,Vehicle,TX_ObjectCount,0,0
26.5289,8091,RSU,ChannelLoad,0.0964,0
26.5289,8091,RSU,ChannelLoad,0.0964,0
26.529,9574,Vehicle,TX_Throughput,7760,0
26.529,9574,Vehicle,TX_ObjectCount,1,0
26.5294,3765,RSU,TX_Throughput,5280,0
26.5294,3765,RSU,TX_ObjectCount,1,0
26.5315,8091,RSU,TX_Throughput,8080,0
26.5315,8091,RSU,TX_ObjectCount,2,0
26.5317,8311,Vehicle,TX_Throughput,4560,0
26.5317,8311,Vehicle,TX_ObjectCount,0,0
26.5318,937,Vehicle,ChannelLoad,0.11224,0
26.5318,937,Vehicle,ChannelLoad,0.11224,0
26.5319,4512,Vehicle,TX_Throughput,7760,0
26.5319,4512,Vehicle,TX_ObjectCount,1,0
26.5326,8165,Vehicle,ChannelLoad,0.04872,0
26.5326,8165,Vehicle,ChannelLoad,0.04872,0
26.5327,9060,Vehicle,TX_Throughput,4560,0
26.5327,9060,Vehicle,TX_ObjectCount,0,0
26.5333,3765,RSU,ChannelLoad,0.05632,0
26.5333,3765,RSU,ChannelLoad,0.05632,0
26.5334,3692,Vehicle,TX_Throughput,7760,0
26.5334,3692,Vehicle,TX_ObjectCount,1,0
26.5336,5187,Vehicle,TX_Throughput,10560,0
26.5336,5187,Vehicle,TX_ObjectCount,2,0
26.534,8768,Vehicle,TX_Throughput,4560,0
26.534,8768,Vehicle,TX_ObjectCount,0,0
26.5341,416,Vehicle,TX_Throughput,4560,0
26.5341,416,Vehicle,TX_ObjectCount,0,0
26.5342,7055,RSU,TX_Throughput,8080,0
26.5342,7055,RSU,TX_ObjectCount,2,0
26.5343,6223,Vehicle,ChannelLoad,0.06624,0
26.5343,6223,Vehicle,ChannelLoad,0.06624,0
26.5344,29,RSU,TX_Throughput,5280,0
26.5344,29,RSU,TX_ObjectCount,1,0
26.5344,562,Vehicle,TX_Throughput,4560,0
26.5344,562,Vehicle,TX_ObjectCount,0,0
26.5346,9501,Vehicle,TX_Throughput,4560,0
26.5346,9501,Vehicle,TX_ObjectCount,0,0
26.5348,1755,Vehicle,TX_Throughput,4560,0
26.5348,1755,Vehicle,TX_ObjectCount,0,0
26.535,2569,RSU,TX_Throughput,2080,0
26.535,2569,RSU,TX_ObjectCount,0,0
26.5352,7278,RSU,ChannelLoad,0.08792,0
26.5352,7278,RSU,ChannelLoad,0.08792,0
26.5359,5113,RSU,TX_Throughput,10880,0
26.5359,5113,RSU,TX_ObjectCount,3,0
26.5361,8238,Vehicle,ChannelLoad,0.05696,0
26.5361,8238,Vehicle,ChannelLoad,0.05696,0
26.5369,7352,Vehicle,ChannelLoad,0.06112,0
26.5369,7352,Vehicle,ChannelLoad,0.06112,0
26.537,5701,RSU,TX_Throughput,5280,0
26.537,5701,RSU,TX_ObjectCount,1,0
26.537,3839,Vehicle,ChannelLoad,0.06168,0
26.537,3839,Vehicle,ChannelLoad,0.06168,0
26.5374,4599,Vehicle,ChannelLoad,0.05416,0
26.5374,4599,Vehicle,ChannelLoad,0.05416,0
26.5376,3912,Vehicle,ChannelLoad,0.05896,0
26.5376,3912,Vehicle,ChannelLoad,0.05896,0
26.5379,8311,Vehicle,ChannelLoad,0.05016,0
26.5379,8311,Vehicle,ChannelLoad,0.05016,0
26.538,2874,Vehicle,ChannelLoad,0.03192,0
26.538,2874,Vehicle,ChannelLoad,0.03192,0
26.5384,4360,Vehicle,TX_Throughput,4560,0
26.5384,4360,Vehicle,TX_ObjectCount,0,0
26.5385,6071,Vehicle,TX_Throughput,4560,0
26.5385,6071,Vehicle,TX_ObjectCount,0,0
26.5389,6298,RSU,ChannelLoad,0.08208,0
26.5389,6298,RSU,ChannelLoad,0.08208,0
26.5393,7425,Vehicle,ChannelLoad,0.03736,0
26.5393,7425,Vehicle,ChannelLoad,0.03736,0
26.5399,6372,Vehicle,ChannelLoad,0.08256,0
26.5399,6372,Vehicle,ChannelLoad,0.08256,0
26.5404,1014,Vehicle,ChannelLoad,0.06248,0
26.5404,1014,Vehicle,ChannelLoad,0.06248,0
26.5414,8384,RSU,ChannelLoad,0.08352,0
26.5414,8384,RSU,ChannelLoad,0.08352,0
26.5417,4745,Vehicle,TX_Throughput,7760,0
26.5417,4745,Vehicle,TX_ObjectCount,1,0
26.5422,1977,RSU,TX_Throughput,2080,0
26.5422,1977,RSU,TX_ObjectCount,0,0
26.5429,3912,Vehicle,TX_Throughput,4560,0
26.5429,3912,Vehicle,TX_ObjectCount,0,0
26.5431,1165,Vehicle,TX_Throughput,4560,0
26.5431,1165,Vehicle,TX_ObjectCount,0,0
26.5436,7943,Vehicle,TX_Throughput,7760,0
26.5436,7943,Vehicle,TX_ObjectCount,1,0
26.5437,9208,Vehicle,ChannelLoad,0.04608,0
26.5437,9208,Vehicle,ChannelLoad,0.04608,0
26.5438,343,Vehicle,TX_Throughput,4560,0
26.5438,343,Vehicle,TX_ObjectCount,0,0
26.5447,9281,Vehicle,ChannelLoad,0.05184,0
26.5447,9281,Vehicle,ChannelLoad,0.05184,0
26.5449,4672,Vehicle,ChannelLoad,0.07352,0
26.5449,4672,Vehicle,ChannelLoad,0.07352,0
26.5452,4287,Vehicle,TX_Throughput,7760,0
26.5452,4287,Vehicle,TX_ObjectCount,1,0
26.5454,1678,Vehicle,TX_Throughput,4560,0
26.5454,1678,Vehicle,TX_ObjectCount,0,0
26.5459,6445,Vehicle,ChannelLoad,0.06112,0
26.5459,6445,Vehicle,ChannelLoad,0.06112,0
26.5461,9354,Vehicle,TX_Throughput,4560,0
26.5461,9354,Vehicle,TX_ObjectCount,0,0
26.5464,1089,RSU,ChannelLoad,0.0936,0
26.5464,1089,RSU,ChannelLoad,0.0936,0
26.5466,5334,Vehicle,TX_Throughput,4560,0
26.5466,5334,Vehicle,TX_ObjectCount,0,0
26.5469,9427,RSU,TX_Throughput,8080,0
26.5469,9427,RSU,TX_ObjectCount,2,0
26.5471,3989,RSU,ChannelLoad,0.07288,0
26.5471,3989,RSU,ChannelLoad,0.07288,0
26.5472,6518,Vehicle,ChannelLoad,0.05,0
26.5472,6518,Vehicle,ChannelLoad,0.05,0
26.5474,2420,Vehicle,TX_Throughput,4560,0
26.5474,2420,Vehicle,TX_ObjectCount,0,0
26.5477,6146,Vehicle,TX_Throughput,7760,0
26.5477,6146,Vehicle,TX_ObjectCount,1,0
26.5481,1238,Vehicle,TX_Throughput,4560,0
26.5481,1238,Vehicle,TX_ObjectCount,0,0
26.5482,6591,Vehicle,ChannelLoad,0.02528,0
26.5482,6591,Vehicle,ChannelLoad,0.02528,0
26.5483,6445,Vehicle,TX_Throughput,4560,0
26.5483,6445,Vehicle,TX_ObjectCount,0,0
26.5488,1977,RSU,ChannelLoad,0.08152,0
26.5488,1977,RSU,ChannelLoad,0.08152,0
26.5488,4745,Vehicle,ChannelLoad,0.074,0
26.5488,4745,Vehicle,ChannelLoad,0.074,0
26.5492,4063,RSU,ChannelLoad,0.0636,0
26.5492,4063,RSU,ChannelLoad,0.0636,0
26.5496,9354,Vehicle,ChannelLoad,0.09536,0
26.5496,9354,Vehicle,ChannelLoad,0.09536,0
26.5496,5852,Vehicle,TX_Throughput,10560,0
26.5496,5852,Vehicle,TX_ObjectCount,2,0
26.5499,4137,Vehicle,ChannelLoad,0.07536,0
26.5499,4137,Vehicle,ChannelLoad,0.07536,0
26.5511,8543,Vehicle,TX_Throughput,10560,0
26.5511,8543,Vehicle,TX_ObjectCount,2,0
26.5527,9427,RSU,ChannelLoad,0.09176,0
26.5527,9427,RSU,ChannelLoad,0.09176,0
26.5528,6664,Vehicle,ChannelLoad,0.04968,0
26.5528,6664,Vehicle,ChannelLoad,0.04968,0
26.5528,4818,RSU,ChannelLoad,0.08824,0
26.5528,4818,RSU,ChannelLoad,0.08824,0
26.5533,2051,Vehicle,ChannelLoad,0.08624,0
26.5533,2051,Vehicle,ChannelLoad,0.08624,0
26.5539,937,Vehicle,TX_Throughput,7760,0
26.5539,937,Vehicle,TX_ObjectCount,1,0
26.5557,1385,Vehicle,TX_Throughput,7760,0
26.5557,1385,Vehicle,TX_ObjectCount,1,0
26.5561,7500,RSU,ChannelLoad,0.08472,0
26.5561,7500,RSU,ChannelLoad,0.08472,0
26.5562,4212,Vehicle,ChannelLoad,0.06648,0
26.5562,4212,Vehicle,ChannelLoad,0.06648,0
26.5572,9501,Vehicle,ChannelLoad,0.07672,0
26.5572,9501,Vehicle,ChannelLoad,0.07672,0
26.5582,2947,Vehicle,ChannelLoad,0.04928,0
26.5582,2947,Vehicle,ChannelLoad,0.04928,0
26.5586,7574,Vehicle,ChannelLoad,0.08496,0
26.5586,7574,Vehicle,ChannelLoad,0.08496,0
26.5589,4063,RSU,TX_Throughput,5280,0
26.5589,4063,RSU,TX_ObjectCount,1,0
26.5589,9574,Vehicle,ChannelLoad,0.03424,0
26.5589,9574,Vehicle,ChannelLoad,0.03424,0
26.559,1165,Vehicle,ChannelLoad,0.04816,0
26.559,1165,Vehicle,ChannelLoad,0.04816,0
26.559,5407,RSU,TX_Throughput,2080,0
26.559,5407,RSU,TX_ObjectCount,0,0
26.5594,3020,Vehicle,ChannelLoad,0.05488,0
26.5594,3020,Vehicle,ChannelLoad,0.05488,0
26.5595,7574,Vehicle,TX_Throughput,7760,0
26.5595,7574,Vehicle,TX_ObjectCount,1,0
26.5597,6591,Vehicle,TX_Throughput,4560,0
26.5597,6591,Vehicle,TX_ObjectCount,0,0
26.56,489,Vehicle,TX_Throughput,4560,0
26.56,489,Vehicle,TX_ObjectCount,0,0
26.5602,3243,RSU,TX_Throughput,2080,0
26.5602,3243,RSU,TX_ObjectCount,0,0
26.5603,3839,Vehicle,TX_Throughput,10560,0
26.5603,3839,Vehicle,TX_ObjectCount,2,0
26.5603,7868,Vehicle,TX_Throughput,4560,0
26.5603,7868,Vehicle,TX_ObjectCount,0,0
26.5604,9721,Vehicle,TX_Throughput,4560,0
26.5604,9721,Vehicle,TX_ObjectCount,0,0
26.5613,8018,Vehicle,TX_Throughput,4560,0
26.5613,8018,Vehicle,TX_ObjectCount,0,0
26.5613,1238,Vehicle,ChannelLoad,0.06792,0
26.5613,1238,Vehicle,ChannelLoad,0.06792,0
26.5615,9867,Vehicle,TX_Throughput,13360,0
26.5615,9867,Vehicle,TX_ObjectCount,3,0
26.5621,8618,RSU,TX_Throughput,8080,0
26.5621,8618,RSU,TX_ObjectCount,2,0
26.5622,9647,RSU,ChannelLoad,0.08728,0
26.5622,9647,RSU,ChannelLoad,0.08728,0
26.5627,4818,RSU,TX_Throughput,5280,0
26.5627,4818,RSU,TX_ObjectCount,1,0
26.5631,4137,Vehicle,TX_Throughput,10560,0
26.5631,4137,Vehicle,TX_ObjectCount,2,0
26.5632,4599,Vehicle,TX_Throughput,4560,0
26.5632,4599,Vehicle,TX_ObjectCount,0,0
26.5634,4672,Vehicle,TX_Throughput,7760,0
26.5634,4672,Vehicle,TX_ObjectCount,1,0
26.5637,9721,Vehicle,ChannelLoad,0.08,0
26.5637,9721,Vehicle,ChannelLoad,0.08,0
26.5637,3095,Vehicle,ChannelLoad,0.08432,0
26.5637,3095,Vehicle,ChannelLoad,0.08432,0
26.5638,9208,Vehicle,TX_Throughput,4560,0
26.5638,9208,Vehicle,TX_ObjectCount,0,0
26.5647,2126,RSU,ChannelLoad,0.0876,0
26.5647,2126,RSU,ChannelLoad,0.0876,0
26.5649,1311,RSU,ChannelLoad,0.07448,0
26.5649,1311,RSU,ChannelLoad,0.07448,0
26.5652,4892,Vehicle,ChannelLoad,0.06432,0
26.5652,4892,Vehicle,ChannelLoad,0.06432,0
26.5654,2200,Vehicle,ChannelLoad,0.07952,0
26.5654,2200,Vehicle,ChannelLoad,0.07952,0
26.5663,4287,Vehicle,ChannelLoad,0.07048,0
26.5663,4287,Vehicle,ChannelLoad,0.07048,0
26.5669,4439,Vehicle,TX_Throughput,4560,0
26.5669,4439,Vehicle,TX_ObjectCount,0,0
26.567,4967,Vehicle,TX_Throughput,4560,0
26.567,4967,Vehicle,TX_ObjectCount,0,0
26.5672,6298,RSU,TX_Throughput,5280,0
26.5672,6298,RSU,TX_ObjectCount,1,0
26.5674,8914,Vehicle,TX_Throughput,4560,0
26.5674,8914,Vehicle,TX_ObjectCount,0,0
26.5674,6747,Vehicle,ChannelLoad,0.08576,0
26.5674,6747,Vehicle,ChannelLoad,0.08576,0
26.568,4967,Vehicle,ChannelLoad,0.06592,0
26.568,4967,Vehicle,ChannelLoad,0.06592,0
26.5682,3168,Vehicle,ChannelLoad,0.05792,0
26.5682,3168,Vehicle,ChannelLoad,0.05792,0
26.5684,5040,Vehicle,ChannelLoad,0.052,0
26.5684,5040,Vehicle,ChannelLoad,0.052,0
26.5687,4360,Vehicle,ChannelLoad,0.09512,0
26.5687,4360,Vehicle,ChannelLoad,0.09512,0
26.5688,1605,Vehicle,TX_Throughput,7760,0
26.5688,1605,Vehicle,TX_ObjectCount,1,0
26.5696,5113,RSU,ChannelLoad,0.0888,0
26.5696,5113,RSU,ChannelLoad,0.0888,0
26.5697,8987,Vehicle,TX_Throughput,4560,0
26.5697,8987,Vehicle,TX_ObjectCount,0,0
26.5698,3243,RSU,ChannelLoad,0.10024,0
26.5698,3243,RSU,ChannelLoad,0.10024,0
26.5698,9794,Vehicle,ChannelLoad,0.042,0
26.5698,9794,Vehicle,ChannelLoad,0.042,0
26.57,2273,RSU,ChannelLoad,0.0956,0
26.57,2273,RSU,ChannelLoad,0.0956,0
26.5701,8470,Vehicle,ChannelLoad,0.07472,0
26.5701,8470,Vehicle,ChannelLoad,0.07472,0
26.5702,5187,Vehicle,ChannelLoad,0.05656,0
26.5702,5187,Vehicle,ChannelLoad,0.05656,0
26.5709,1385,Vehicle,ChannelLoad,0.06096,0
26.5709,1385,Vehicle,ChannelLoad,0.06096,0
26.571,270,Vehicle,ChannelLoad,0.07064,0
26.571,270,Vehicle,ChannelLoad,0.07064,0
26.5719,9867,Vehicle,ChannelLoad,0.07112,0
26.5719,9867,Vehicle,ChannelLoad,0.07112,0
26.5722,9647,RSU,TX_Throughput,5280,0
26.5722,9647,RSU,TX_ObjectCount,1,0
26.5723,5260,RSU,ChannelLoad,0.0968,0
26.5723,5260,RSU,ChannelLoad,0.0968,0
26.5725,5925,Vehicle,TX_Throughput,10560,0
26.5725,5925,Vehicle,TX_ObjectCount,2,0
26.5727,2347,Vehicle,ChannelLoad,0.04968,0
26.5727,2347,Vehicle,ChannelLoad,0.04968,0
26.5727,7202,RSU,TX_Throughput,2080,0
26.5727,7202,RSU,TX_ObjectCount,0,0
26.5735,787,Vehicle,TX_Throughput,4560,0
26.5735,787,Vehicle,TX_ObjectCount,0,0
26.5742,7647,Vehicle,ChannelLoad,0.05432,0
26.5742,7647,Vehicle,ChannelLoad,0.05432,0
26.5756,8841,Vehicle,TX_Throughput,4560,0
26.5756,8841,Vehicle,TX_ObjectCount,0,0
26.5759,5334,Vehicle,ChannelLoad,0.08864,0
26.5759,5334,Vehicle,ChannelLoad,0.08864,0
26.5762,5407,RSU,ChannelLoad,0.07952,0
26.5762,5407,RSU,ChannelLoad,0.07952,0
26.5765,9940,Vehicle,ChannelLoad,0.06824,0
26.5765,9940,Vehicle,ChannelLoad,0.06824,0
26.5771,5554,Vehicle,TX_Throughput,7760,0
26.5771,5554,Vehicle,TX_ObjectCount,1,0
26.5777,4439,Vehicle,ChannelLoad,0.07176,0
26.5777,4439,Vehicle,ChannelLoad,0.07176,0
26.5777,2420,Vehicle,ChannelLoad,0.05016,0
26.5777,2420,Vehicle,ChannelLoad,0.05016,0
26.5778,6826,RSU,ChannelLoad,0.12136,0
26.5778,6826,RSU,ChannelLoad,0.12136,0
26.5781,2495,RSU,TX_Throughput,2080,0
26.5781,2495,RSU,TX_ObjectCount,0,0
26.5782,7720,Vehicle,ChannelLoad,0.08504,0
26.5782,7720,Vehicle,ChannelLoad,0.08504,0
26.5782,8543,Vehicle,ChannelLoad,0.06896,0
26.5782,8543,Vehicle,ChannelLoad,0.06896,0
26.5782,3095,Vehicle,TX_Throughput,7760,0
26.5782,3095,Vehicle,TX_ObjectCount,1,0
26.5784,7500,RSU,TX_Throughput,2080,0
26.5784,7500,RSU,TX_ObjectCount,0,0
26.5786,10015,Vehicle,ChannelLoad,0.0884,0
26.5786,10015,Vehicle,ChannelLoad,0.0884,0
26.5794,3392,Vehicle,TX_Throughput,4560,0
26.5794,3392,Vehicle,TX_ObjectCount,0,0
26.58,4512,Vehicle,ChannelLoad,0.06688,0
26.58,4512,Vehicle,ChannelLoad,0.06688,0
26.5801,6902,RSU,ChannelLoad,0.06944,0
26.5801,6902,RSU,ChannelLoad,0.06944,0
26.5805,7795,Vehicle,ChannelLoad,0.05376,0
26.5805,7795,Vehicle,ChannelLoad,0.05376,0
26.5814,5775,Vehicle,TX_Throughput,4560,0
26.5814,5775,Vehicle,TX_ObjectCount,0,0
26.5816,1311,RSU,TX_Throughput,5280,0
26.5816,1311,RSU,TX_ObjectCount,1,0
26.5817,1089,RSU,TX_Throughput,10880,0
26.5817,1089,RSU,TX_ObjectCount,3,0
26.5818,6976,Vehicle,ChannelLoad,0.07968,0
26.5818,6976,Vehicle,ChannelLoad,0.07968,0
26.5819,5481,Vehicle,ChannelLoad,0.06496,0
26.5819,5481,Vehicle,ChannelLoad,0.06496,0
26.582,5554,Vehicle,ChannelLoad,0.08728,0
26.582,5554,Vehicle,ChannelLoad,0.08728,0
26.5824,4212,Vehicle,TX_Throughput,4560,0
26.5824,4212,Vehicle,TX_ObjectCount,0,0
26.5825,7278,RSU,TX_Throughput,2080,0
26.5825,7278,RSU,TX_ObjectCount,0,0
26.5831,343,Vehicle,ChannelLoad,0.07312,0
26.5831,343,Vehicle,ChannelLoad,0.07312,0
26.5832,1458,RSU,ChannelLoad,0.11064,0
26.5832,1458,RSU,ChannelLoad,0.11064,0
26.5843,8165,Vehicle,TX_Throughput,4560,0
26.5843,8165,Vehicle,TX_ObjectCount,0,0
26.5844,6902,RSU,TX_Throughput,8080,0
26.5844,6902,RSU,TX_ObjectCount,2,0
26.5844,3319,Vehicle,ChannelLoad,0.0844,0
26.5844,3319,Vehicle,ChannelLoad,0.0844,0
26.5853,7352,Vehicle,TX_Throughput,4560,0
26.5853,7352,Vehicle,TX_ObjectCount,0,0
26.5855,3541,RSU,TX_Throughput,8080,0
26.5855,3541,RSU,TX_ObjectCount,2,0
26.5857,2126,RSU,TX_Throughput,13680,0
26.5857,2126,RSU,TX_ObjectCount,4,0
26.5863,1532,Vehicle,ChannelLoad,0.0924,0
26.5863,1532,Vehicle,ChannelLoad,0.0924,0
26.5863,107,Vehicle,TX_Throughput,4560,0
26.5863,107,Vehicle,TX_ObjectCount,0,0
26.5865,3392,Vehicle,ChannelLoad,0.06544,0
26.5865,3392,Vehicle,ChannelLoad,0.06544,0
26.5865,5627,RSU,ChannelLoad,0.11992,0
26.5865,5627,RSU,ChannelLoad,0.11992,0
26.5871,416,Vehicle,ChannelLoad,0.07104,0
26.5871,416,Vehicle,ChannelLoad,0.07104,0
26.5873,2200,Vehicle,TX_Throughput,4560,0
26.5873,2200,Vehicle,TX_ObjectCount,0,0
26.5873,7129,Vehicle,TX_Throughput,4560,0
26.5873,7129,Vehicle,TX_ObjectCount,0,0
26.5885,2495,RSU,ChannelLoad,0.09368,0
26.5885,2495,RSU,ChannelLoad,0.09368,0
26.5891,8384,RSU,TX_Throughput,8080,0
26.5891,8384,RSU,TX_ObjectCount,2,0
26.5894,2569,RSU,ChannelLoad,0.10056,0
26.5894,2569,RSU,ChannelLoad,0.10056,0
26.5902,7647,Vehicle,TX_Throughput,7760,0
26.5902,7647,Vehicle,TX_ObjectCount,1,0
26.5916,8618,RSU,ChannelLoad,0.08248,0
26.5916,8618,RSU,ChannelLoad,0.08248,0
26.5917,7868,Vehicle,ChannelLoad,0.062,0
26.5917,7868,Vehicle,ChannelLoad,0.062,0
26.592,3619,Vehicle,TX_Throughput,4560,0
26.592,3619,Vehicle,TX_ObjectCount,0,0
26.592,5701,RSU,ChannelLoad,0.11304,0
26.592,5701,RSU,ChannelLoad,0.11304,0
26.5928,5775,Vehicle,ChannelLoad,0.08248,0
26.5928,5775,Vehicle,ChannelLoad,0.08248,0
26.5932,1532,Vehicle,TX_Throughput,4560,0
26.5932,1532,Vehicle,TX_ObjectCount,0,0
26.5939,489,Vehicle,ChannelLoad,0.04016,0
26.5939,489,Vehicle,ChannelLoad,0.04016,0
26.5941,1014,Vehicle,TX_Throughput,4560,0
26.5941,1014,Vehicle,TX_ObjectCount,0,0
26.5955,9133,Vehicle,TX_Throughput,7760,0
26.5955,9133,Vehicle,TX_ObjectCount,1,0
26.596,8694,RSU,ChannelLoad,0.0904,0
26.596,8694,RSU,ChannelLoad,0.0904,0
26.5961,3467,RSU,ChannelLoad,0.0944,0
26.5961,3467,RSU,ChannelLoad,0.0944,0
26.5961,562,Vehicle,ChannelLoad,0.07184,0
26.5961,562,Vehicle,ChannelLoad,0.07184,0
26.5962,4892,Vehicle,TX_Throughput,4560,0
26.5962,4892,Vehicle,TX_ObjectCount,0,0
26.5966,1605,Vehicle,ChannelLoad,0.04264,0
26.5966,1605,Vehicle,ChannelLoad,0.04264,0
26.597,2649,Vehicle,TX_Throughput,10560,0
26.597,2649,Vehicle,TX_ObjectCount,2,0
26.5972,1458,RSU,TX_Throughput,8080,0
26.5972,1458,RSU,TX_ObjectCount,2,0
26.5978,3541,RSU,ChannelLoad,0.07168,0
26.5978,3541,RSU,ChannelLoad,0.07168,0
26.5981,2347,Vehicle,TX_Throughput,10560,0
26.5981,2347,Vehicle,TX_ObjectCount,2,0
26.5987,10015,Vehicle,TX_Throughput,7760,0
26.5987,10015,Vehicle,TX_ObjectCount,1,0
26.5997,5040,Vehicle,TX_Throughput,4560,0
26.5997,5040,Vehicle,TX_ObjectCount,0,0
26.6009,7943,Vehicle,ChannelLoad,0.04336,0
26.6009,7943,Vehicle,ChannelLoad,0.04336,0
26.6017,1828,Vehicle,TX_Throughput,10560,0
26.6017,1828,Vehicle,TX_ObjectCount,2,0
26.602,639,Vehicle,ChannelLoad,0.05432,0
26.602,639,Vehicle,ChannelLoad,0.05432,0
26.6023,8768,Vehicle,ChannelLoad,0.05568,0
26.6023,8768,Vehicle,ChannelLoad,0.05568,0
26.6025,3467,RSU,TX_Throughput,8080,0
26.6025,3467,RSU,TX_ObjectCount,2,0
26.6026,8841,Vehicle,ChannelLoad,0.07696,0
26.6026,8841,Vehicle,ChannelLoad,0.07696,0
26.6035,8470,Vehicle,TX_Throughput,4560,0
26.6035,8470,Vehicle,TX_ObjectCount,0,0
26.6037,7055,RSU,ChannelLoad,0.09024,0
26.6037,7055,RSU,ChannelLoad,0.09024,0
26.6038,3168,Vehicle,TX_Throughput,4560,0
26.6038,3168,Vehicle,TX_ObjectCount,0,0
26.6039,2799,Vehicle,TX_Throughput,7760,0
26.6039,2799,Vehicle,TX_ObjectCount,1,0
26.6047,5481,Vehicle,TX_Throughput,7760,0
26.6047,5481,Vehicle,TX_ObjectCount,1,0
26.6047,29,RSU,ChannelLoad,0.10456,0
26.6047,29,RSU,ChannelLoad,0.10456,0
26.6053,3319,Vehicle,TX_Throughput,7760,0
26.6053,3319,Vehicle,TX_ObjectCount,1,0
26.6054,7425,Vehicle,TX_Throughput,7760,0
26.6054,7425,Vehicle,TX_ObjectCount,1,0
26.6059,712,Vehicle,ChannelLoad,0.08168,0
26.6059,712,Vehicle,ChannelLoad,0.08168,0
26.6064,8238,Vehicle,TX_Throughput,7760,0
26.6064,8238,Vehicle,TX_ObjectCount,1,0
26.6067,6664,Vehicle,TX_Throughput,4560,0
26.6067,6664,Vehicle,TX_ObjectCount,0,0
26.6072,9940,Vehicle,TX_Throughput,4560,0
26.6072,9940,Vehicle,TX_ObjectCount,0,0
26.6078,5852,Vehicle,ChannelLoad,0.05064,0
26.6078,5852,Vehicle,ChannelLoad,0.05064,0
26.6083,6223,Vehicle,TX_Throughput,10560,0
26.6083,6223,Vehicle,TX_ObjectCount,2,0
26.6084,6747,Vehicle,TX_Throughput,4560,0
26.6084,6747,Vehicle,TX_ObjectCount,0,0
26.6089,1678,Vehicle,ChannelLoad,0.0564,0
26.6089,1678,Vehicle,ChannelLoad,0.0564,0
26.6091,5998,Vehicle,TX_Throughput,4560,0
26.6091,5998,Vehicle,TX_ObjectCount,0,0
26.6092,2874,Vehicle,TX_Throughput,4560,0
26.6092,2874,Vehicle,TX_ObjectCount,0,0
26.6094,6518,Vehicle,TX_Throughput,7760,0
26.6094,6518,Vehicle,TX_ObjectCount,1,0
26.6105,270,Vehicle,TX_Throughput,10560,0
26.6105,270,Vehicle,TX_ObjectCount,2,0
26.611,6372,Vehicle,TX_Throughput,4560,0
26.611,6372,Vehicle,TX_ObjectCount,0,0
26.6121,5925,Vehicle,ChannelLoad,0.03856,0
26.6121,5925,Vehicle,ChannelLoad,0.03856,0
26.6131,5998,Vehicle,ChannelLoad,0.0728,0
26.6131,5998,Vehicle,ChannelLoad,0.0728,0
26.6136,9794,Vehicle,TX_Throughput,4560,0
26.6136,9794,Vehicle,TX_ObjectCount,0,0
26.6138,2724,Vehicle,TX_Throughput,4560,0
26.6138,2724,Vehicle,TX_ObjectCount,0,0
26.6147,5260,RSU,TX_Throughput,13680,0
26.6147,5260,RSU,TX_ObjectCount,4,0
26.6147,3619,Vehicle,ChannelLoad,0.07104,0
26.6147,3619,Vehicle,ChannelLoad,0.07104,0
26.6151,712,Vehicle,TX_Throughput,7760,0
26.6151,712,Vehicle,TX_ObjectCount,1,0
26.6152,7129,Vehicle,ChannelLoad,0.04904,0
26.6152,7129,Vehicle,ChannelLoad,0.04904,0
26.6156,639,Vehicle,TX_Throughput,4560,0
26.6156,639,Vehicle,TX_ObjectCount,0,0
26.616,3020,Vehicle,TX_Throughput,4560,0
26.616,3020,Vehicle,TX_ObjectCount,0,0
26.6163,7202,RSU,ChannelLoad,0.09248,0
26.6163,7202,RSU,ChannelLoad,0.09248,0
26.6166,182,RSU,TX_Throughput,5280,0
26.6166,182,RSU,TX_ObjectCount,1,0
26.6167,8914,Vehicle,ChannelLoad,0.028,0
26.6167,8914,Vehicle,ChannelLoad,0.028,0
26.6168,1755,Vehicle,ChannelLoad,0.0812,0
26.6168,1755,Vehicle,ChannelLoad,0.0812,0
26.6169,6071,Vehicle,ChannelLoad,0.06872,0
26.6169,6071,Vehicle,ChannelLoad,0.06872,0
26.6171,862,Vehicle,TX_Throughput,7760,0
26.6171,862,Vehicle,TX_ObjectCount,1,0
26.6172,2649,Vehicle,ChannelLoad,0.04864,0
26.6172,2649,Vehicle,ChannelLoad,0.04864,0
26.6175,1901,RSU,TX_Throughput,8080,0
26.6175,1901,RSU,TX_ObjectCount,2,0
26.6182,8987,Vehicle,ChannelLoad,0.0632,0
26.6182,8987,Vehicle,ChannelLoad,0.0632,0
26.6183,787,Vehicle,ChannelLoad,0.03392,0
26.6183,787,Vehicle,ChannelLoad,0.03392,0
26.6186,2724,Vehicle,ChannelLoad,0.05264,0
26.6186,2724,Vehicle,ChannelLoad,0.05264,0
26.6188,107,Vehicle,ChannelLoad,0.06976,0
26.6188,107,Vehicle,ChannelLoad,0.06976,0
26.6191,2273,RSU,TX_Throughput,8080,0
26.6191,2273,RSU,TX_ObjectCount,2,0
26.6197,7720,Vehicle,TX_Throughput,4560,0
26.6197,7720,Vehicle,TX_ObjectCount,0,0
26.6201,182,RSU,ChannelLoad,0.07824,0
26.6201,182,RSU,ChannelLoad,0.07824,0
26.6202,862,Vehicle,ChannelLoad,0.06232,0
26.6202,862,Vehicle,ChannelLoad,0.06232,0
26.6207,6976,Vehicle,TX_Throughput,13360,0
26.6207,6976,Vehicle,TX_ObjectCount,3,0
26.621,8018,Vehicle,ChannelLoad,0.05536,0
26.621,8018,Vehicle,ChannelLoad,0.05536,0
26.6212,9060,Vehicle,ChannelLoad,0.06752,0
26.6212,9060,Vehicle,ChannelLoad,0.06752,0
26.6212,2051,Vehicle,TX_Throughput,7760,0
26.6212,2051,Vehicle,TX_ObjectCount,1,0
26.6223,1828,Vehicle,ChannelLoad,0.05792,0
26.6223,1828,Vehicle,ChannelLoad,0.05792,0
26.6228,6146,Vehicle,ChannelLoad,0.06936,0
26.6228,6146,Vehicle,ChannelLoad,0.06936,0
26.6231,1901,RSU,ChannelLoad,0.08392,0
26.6231,1901,RSU,ChannelLoad,0.08392,0
26.6231,7795,Vehicle,TX_Throughput,7760,0
26.6231,7795,Vehicle,TX_ObjectCount,1,0
26.6237,3692,Vehicle,ChannelLoad,0.08656,0
26.6237,3692,Vehicle,ChannelLoad,0.08656,0
26.6238,9281,Vehicle,TX_Throughput,4560,0
26.6238,9281,Vehicle,TX_ObjectCount,0,0
26.6244,5627,RSU,TX_Throughput,8080,0
26.6244,5627,RSU,TX_ObjectCount,2,0
26.625,2799,Vehicle,ChannelLoad,0.058,0
26.625,2799,Vehicle,ChannelLoad,0.058,0
26.6251,8694,RSU,TX_Throughput,16480,0
26.6251,8694,RSU,TX_ObjectCount,5,0
26.6256,9133,Vehicle,ChannelLoad,0.09024,0
26.6256,9133,Vehicle,ChannelLoad,0.09024,0
26.6281,6826,RSU,TX_Throughput,8080,0
26.6281,6826,RSU,TX_ObjectCount,2,0
26.6282,3989,RSU,TX_Throughput,8080,0
26.6282,3989,RSU,TX_ObjectCount,2,0
26.6286,2947,Vehicle,TX_Throughput,4560,0
26.6286,2947,Vehicle,TX_ObjectCount,0,0
26.6289,8091,RSU,ChannelLoad,0.08888,0
26.6289,8091,RSU,ChannelLoad,0.08888,0
26.629,9574,Vehicle,TX_Throughput,7760,0
26.629,9574,Vehicle,TX_ObjectCount,1,0
26.6294,3765,RSU,TX_Throughput,8080,0
26.6294,3765,RSU,TX_ObjectCount,2,0
26.6315,8091,RSU,TX_Throughput,8080,0
26.6315,8091,RSU,TX_ObjectCount,2,0
26.6317,8311,Vehicle,TX_Throughput,4560,0
26.6317,8311,Vehicle,TX_ObjectCount,0,0
26.6318,937,Vehicle,ChannelLoad,0.08536,0
26.6318,937,Vehicle,ChannelLoad,0.08536,0
26.6319,4512,Vehicle,TX_Throughput,7760,0
26.6319,4512,Vehicle,TX_ObjectCount,1,0
26.6326,8165,Vehicle,ChannelLoad,0.04976,0
26.6326,8165,Vehicle,ChannelLoad,0.04976,0
26.6327,9060,Vehicle,TX_Throughput,4560,0
26.6327,9060,Vehicle,TX_ObjectCount,0,0
26.6333,3765,RSU,ChannelLoad,0.05704,0
26.6333,3765,RSU,ChannelLoad,0.05704,0
26.6334,3692,Vehicle,TX_Throughput,7760,0
26.6334,3692,Vehicle,TX_ObjectCount,1,0
26.6336,5187,Vehicle,TX_Throughput,7760,0
26.6336,5187,Vehicle,TX_ObjectCount,1,0
26.634,8768,Vehicle,TX_Throughput,4560,0
26.634,8768,Vehicle,TX_ObjectCount,0,0
26.6341,416,Vehicle,TX_Throughput,4560,0
26.6341,416,Vehicle,TX_ObjectCount,0,0
26.6342,7055,RSU,TX_Throughput,8080,0
26.6342,7055,RSU,TX_ObjectCount,2,0
26.6343,6223,Vehicle,ChannelLoad,0.0708,0
26.6343,6223,Vehicle,ChannelLoad,0.0708,0
26.6344,29,RSU,TX_Throughput,13680,0
26.6344,29,RSU,TX_ObjectCount,4,0
26.6344,562,Vehicle,TX_Throughput,4560,0
26.6344,562,Vehicle,TX_ObjectCount,0,0
26.6346,9501,Vehicle,TX_Throughput,4560,0
26.6346,9501,Vehicle,TX_ObjectCount,0,0
26.6348,1755,Vehicle,TX_Throughput,4560,0
26.6348,1755,Vehicle,TX_ObjectCount,0,0
26.635,2569,RSU,TX_Throughput,10880,0
26.635,2569,RSU,TX_ObjectCount,3,0
26.6352,7278,RSU,ChannelLoad,0.08888,0
26.6352,7278,RSU,ChannelLoad,0.08888,0
26.6359,5113,RSU,TX_Throughput,10880,0
26.6359,5113,RSU,TX_ObjectCount,3,0
26.6361,8238,Vehicle,ChannelLoad,0.06216,0
26.6361,8238,Vehicle,ChannelLoad,0.06216,0
26.6369,7352,Vehicle,ChannelLoad,0.0512,0
26.6369,7352,Vehicle,ChannelLoad,0.0512,0
26.637,5701,RSU,TX_Throughput,13680,0
26.637,5701,RSU,TX_ObjectCount,4,0
26.637,3839,Vehicle,ChannelLoad,0.07952,0
26.637,3839,Vehicle,ChannelLoad,0.07952,0
26.6374,4599,Vehicle,ChannelLoad,0.06536,0
26.6374,4599,Vehicle,ChannelLoad,0.06536,0
26.6376,3912,Vehicle,ChannelLoad,0.04784,0
26.6376,3912,Vehicle,ChannelLoad,0.04784,0
26.6379,8311,Vehicle,ChannelLoad,0.0672,0
26.6379,8311,Vehicle,ChannelLoad,0.0672,0
26.638,2874,Vehicle,ChannelLoad,0.0392,0
26.638,2874,Vehicle,ChannelLoad,0.0392,0
26.6384,4360,Vehicle,TX_Throughput,4560,0
26.6384,4360,Vehicle,TX_ObjectCount,0,0
26.6385,6071,Vehicle,TX_Throughput,10560,0
26.6385,6071,Vehicle,TX_ObjectCount,2,0
26.6389,6298,RSU,ChannelLoad,0.10808,0
26.6389,6298,RSU,ChannelLoad,0.10808,0
26.6393,7425,Vehicle,ChannelLoad,0.058,0
26.6393,7425,Vehicle,ChannelLoad,0.058,0
26.6399,6372,Vehicle,ChannelLoad,0.06536,0
26.6399,6372,Vehicle,ChannelLoad,0.06536,0
26.6404,1014,Vehicle,ChannelLoad,0.07224,0
26.6404,1014,Vehicle,ChannelLoad,0.07224,0
26.6414,8384,RSU,ChannelLoad,0.0908,0
26.6414,8384,RSU,ChannelLoad,0.0908,0
26.6417,4745,Vehicle,TX_Throughput,4560,0
26.6417,4745,Vehicle,TX_ObjectCount,0,0
26.6422,1977,RSU,TX_Throughput,5280,0
26.6422,1977,RSU,TX_ObjectCount,1,0
26.6429,3912,Vehicle,TX_Throughput,4560,0
26.6429,3912,Vehicle,TX_ObjectCount,0,0
26.6431,1165,Vehicle,TX_Throughput,7760,0
26.6431,1165,Vehicle,TX_ObjectCount,1,0
26.6436,7943,Vehicle,TX_Throughput,4560,0
26.6436,7943,Vehicle,TX_ObjectCount,0,0
26.6437,9208,Vehicle,ChannelLoad,0.05064,0
26.6437,9208,Vehicle,ChannelLoad,0.05064,0
26.6438,343,Vehicle,TX_Throughput,10560,0
26.6438,343,Vehicle,TX_ObjectCount,2,0
26.6447,9281,Vehicle,ChannelLoad,0.04752,0
26.6447,9281,Vehicle,ChannelLoad,0.04752,0
26.6449,4672,Vehicle,ChannelLoad,0.08656,0
26.6449,4672,Vehicle,ChannelLoad,0.08656,0
26.6452,4287,Vehicle,TX_Throughput,4560,0
26.6452,4287,Vehicle,TX_ObjectCount,0,0
26.6454,1678,Vehicle,TX_Throughput,4560,0
26.6454,1678,Vehicle,TX_ObjectCount,0,0
26.6459,6445,Vehicle,ChannelLoad,0.06984,0
26.6459,6445,Vehicle,ChannelLoad,0.06984,0
26.6461,9354,Vehicle,TX_Throughput,4560,0
26.6461,9354,Vehicle,TX_ObjectCount,0,0
26.6464,1089,RSU,ChannelLoad,0.10328,0
26.6464,1089,RSU,ChannelLoad,0.10328,0
26.6466,5334,Vehicle,TX_Throughput,4560,0
26.6466,5334,Vehicle,TX_ObjectCount,0,0
26.6469,9427,RSU,TX_Throughput,8080,0
26.6469,9427,RSU,TX_ObjectCount,2,0
26.6471,3989,RSU,ChannelLoad,0.0808,0
26.6471,3989,RSU,ChannelLoad,0.0808,0
26.6472,6518,Vehicle,ChannelLoad,0.0508,0
26.6472,6518,Vehicle,ChannelLoad,0.0508,0
26.6474,2420,Vehicle,TX_Throughput,7760,0
26.6474,2420,Vehicle,TX_ObjectCount,1,0
26.6477,6146,Vehicle,TX_Throughput,4560,0
26.6477,6146,Vehicle,TX_ObjectCount,0,0
26.6481,1238,Vehicle,TX_Throughput,7760,0
26.6481,1238,Vehicle,TX_ObjectCount,1,0
26.6482,6591,Vehicle,ChannelLoad,0.03312,0
26.6482,6591,Vehicle,ChannelLoad,0.03312,0
26.6483,6445,Vehicle,TX_Throughput,4560,0
26.6483,6445,Vehicle,TX_ObjectCount,0,0
26.6488,1977,RSU,ChannelLoad,0.09496,0
26.6488,1977,RSU,ChannelLoad,0.09496,0
26.6488,4745,Vehicle,ChannelLoad,0.07144,0
26.6488,4745,Vehicle,ChannelLoad,0.07144,0
26.6492,4063,RSU,ChannelLoad,0.07024,0
26.6492,4063,RSU,ChannelLoad,0.07024,0
26.6496,9354,Vehicle,ChannelLoad,0.0944,0
26.6496,9354,Vehicle,ChannelLoad,0.0944,0
26.6496,5852,Vehicle,TX_Throughput,18960,0
26.6496,5852,Vehicle,TX_ObjectCount,5,0
26.6499,4137,Vehicle,ChannelLoad,0.07568,0
26.6499,4137,Vehicle,ChannelLoad,0.07568,0
26.6511,8543,Vehicle,TX_Throughput,4560,0
26.6511,8543,Vehicle,TX_ObjectCount,0,0
26.6527,9427,RSU,ChannelLoad,0.08664,0
26.6527,9427,RSU,ChannelLoad,0.08664,0
26.6528,6664,Vehicle,ChannelLoad,0.04848,0
26.6528,6664,Vehicle,ChannelLoad,0.04848,0
26.6528,4818,RSU,ChannelLoad,0.07784,0
26.6528,4818,RSU,ChannelLoad,0.07784,0
26.6533,2051,Vehicle,ChannelLoad,0.09312,0
26.6533,2051,Vehicle,ChannelLoad,0.09312,0
26.6539,937,Vehicle,TX_Throughput,4560,0
26.6539,937,Vehicle,TX_ObjectCount,0,0
26.6557,1385,Vehicle,TX_Throughput,4560,0
26.6557,1385,Vehicle,TX_ObjectCount,0,0
26.6561,7500,RSU,ChannelLoad,0.07672,0
26.6561,7500,RSU,ChannelLoad,0.07672,0
26.6562,4212,Vehicle,ChannelLoad,0.05848,0
26.6562,4212,Vehicle,ChannelLoad,0.05848,0
26.6572,9501,Vehicle,ChannelLoad,0.0612,0
26.6572,9501,Vehicle,ChannelLoad,0.0612,0
26.6582,2947,Vehicle,ChannelLoad,0.04392,0
26.6582,2947,Vehicle,ChannelLoad,0.04392,0
26.6586,7574,Vehicle,ChannelLoad,0.0868,0
26.6586,7574,Vehicle,ChannelLoad,0.0868,0
26.6589,4063,RSU,TX_Throughput,2080,0
26.6589,4063,RSU,TX_ObjectCount,0,0
26.6589,9574,Vehicle,ChannelLoad,0.0296,0
26.6589,9574,Vehicle,ChannelLoad,0.0296,0
26.659,1165,Vehicle,ChannelLoad,0.04816,0
26.659,1165,Vehicle,ChannelLoad,0.04816,0
26.659,5407,RSU,TX_Throughput,8080,0
26.659,5407,RSU,TX_ObjectCount,2,0
26.6594,3020,Vehicle,ChannelLoad,0.05896,0
26.6594,3020,Vehicle,ChannelLoad,0.05896,0
26.6595,7574,Vehicle,TX_Throughput,7760,0
26.6595,7574,Vehicle,TX_ObjectCount,1,0
26.6597,6591,Vehicle,TX_Throughput,4560,0
26.6597,6591,Vehicle,TX_ObjectCount,0,0
26.66,489,Vehicle,TX_Throughput,4560,0
26.66,489,Vehicle,TX_ObjectCount,0,0
26.6602,3243,RSU,TX_Throughput,2080,0
26.6602,3243,RSU,TX_ObjectCount,0,0
26.6603,3839,Vehicle,TX_Throughput,13360,0
26.6603,3839,Vehicle,TX_ObjectCount,3,0
26.6603,7868,Vehicle,TX_Throughput,4560,0
26.6603,7868,Vehicle,TX_ObjectCount,0,0
26.6604,9721,Vehicle,TX_Throughput,7760,0
26.6604,9721,Vehicle,TX_ObjectCount,1,0
26.6613,8018,Vehicle,TX_Throughput,4560,0
26.6613,8018,Vehicle,TX_ObjectCount,0,0
26.6613,1238,Vehicle,ChannelLoad,0.06696,0
26.6613,1238,Vehicle,ChannelLoad,0.06696,0
26.6615,9867,Vehicle,TX_Throughput,4560,0
26.6615,9867,Vehicle,TX_ObjectCount,0,0
26.6621,8618,RSU,TX_Throughput,10880,0
26.6621,8618,RSU,TX_ObjectCount,3,0
26.6622,9647,RSU,ChannelLoad,0.09008,0
26.6622,9647,RSU,ChannelLoad,0.09008,0
26.6627,4818,RSU,TX_Throughput,10880,0
26.6627,4818,RSU,TX_ObjectCount,3,0
26.6631,4137,Vehicle,TX_Throughput,4560,0
26.6631,4137,Vehicle,TX_ObjectCount,0,0
26.6632,4599,Vehicle,TX_Throughput,7760,0
26.6632,4599,Vehicle,TX_ObjectCount,1,0
26.6634,4672,Vehicle,TX_Throughput,7760,0
26.6634,4672,Vehicle,TX_ObjectCount,1,0
26.6637,9721,Vehicle,ChannelLoad,0.07848,0
26.6637,9721,Vehicle,ChannelLoad,0.07848,0
26.6637,3095,Vehicle,ChannelLoad,0.07328,0
26.6637,3095,Vehicle,ChannelLoad,0.07328,0
26.6638,9208,Vehicle,TX_Throughput,4560,0
26.6638,9208,Vehicle,TX_ObjectCount,0,0
26.6647,2126,RSU,ChannelLoad,0.0776,0
26.6647,2126,RSU,ChannelLoad,0.0776,0
26.6649,1311,RSU,ChannelLoad,0.07904,0
26.6649,1311,RSU,ChannelLoad,0.07904,0
26.6652,4892,Vehicle,ChannelLoad,0.05568,0
26.6652,4892,Vehicle,ChannelLoad,0.05568,0
26.6654,2200,Vehicle,ChannelLoad,0.0736,0
26.6654,2200,Vehicle,ChannelLoad,0.0736,0
26.6663,4287,Vehicle,ChannelLoad,0.06448,0
26.6663,4287,Vehicle,ChannelLoad,0.06448,0
26.6669,4439,Vehicle,TX_Throughput,4560,0
26.6669,4439,Vehicle,TX_ObjectCount,0,0
26.667,4967,Vehicle,TX_Throughput,10560,0
26.667,4967,Vehicle,TX_ObjectCount,2,0
26.6672,6298,RSU,TX_Throughput,2080,0
26.6672,6298,RSU,TX_ObjectCount,0,0
26.6674,8914,Vehicle,TX_Throughput,4560,0
26.6674,8914,Vehicle,TX_ObjectCount,0,0
26.6674,6747,Vehicle,ChannelLoad,0.07976,0
26.6674,6747,Vehicle,ChannelLoad,0.07976,0
26.668,4967,Vehicle,ChannelLoad,0.05472,0
26.668,4967,Vehicle,ChannelLoad,0.05472,0
26.6682,3168,Vehicle,ChannelLoad,0.05448,0
26.6682,3168,Vehicle,ChannelLoad,0.05448,0
26.6684,5040,Vehicle,ChannelLoad,0.044,0
26.6684,5040,Vehicle,ChannelLoad,0.044,0
26.6687,4360,Vehicle,ChannelLoad,0.08816,0
26.6687,4360,Vehicle,ChannelLoad,0.08816,0
26.6688,1605,Vehicle,TX_Throughput,4560,0
26.6688,1605,Vehicle,TX_ObjectCount,0,0
26.6696,5113,RSU,ChannelLoad,0.09776,0
26.6696,5113,RSU,ChannelLoad,0.09776,0
26.6697,8987,Vehicle,TX_Throughput,7760,0
26.6697,8987,Vehicle,TX_ObjectCount,1,0
26.6698,3243,RSU,ChannelLoad,0.08536,0
26.6698,3243,RSU,ChannelLoad,0.08536,0
26.6698,9794,Vehicle,ChannelLoad,0.04296,0
26.6698,9794,Vehicle,ChannelLoad,0.04296,0
26.67,2273,RSU,ChannelLoad,0.118,0
26.67,2273,RSU,ChannelLoad,0.118,0
26.6701,8470,Vehicle,ChannelLoad,0.0784,0
26.6701,8470,Vehicle,ChannelLoad,0.0784,0
26.6702,5187,Vehicle,ChannelLoad,0.05224,0
26.6702,5187,Vehicle,ChannelLoad,0.05224,0
26.6709,1385,Vehicle,ChannelLoad,0.04824,0
26.6709,1385,Vehicle,ChannelLoad,0.04824,0
26.671,270,Vehicle,ChannelLoad,0.06496,0
26.671,270,Vehicle,ChannelLoad,0.06496,0
26.6719,9867,Vehicle,ChannelLoad,0.06008,0
26.6719,9867,Vehicle,ChannelLoad,0.06008,0
26.6722,9647,RSU,TX_Throughput,10880,0
26.6722,9647,RSU,TX_ObjectCount,3,0
26.6723,5260,RSU,ChannelLoad,0.09744,0
26.6723,5260,RSU,ChannelLoad,0.09744,0
26.6725,5925,Vehicle,TX_Throughput,4560,0
26.6725,5925,Vehicle,TX_ObjectCount,0,0
26.6727,2347,Vehicle,ChannelLoad,0.07032,0
26.6727,2347,Vehicle,ChannelLoad,0.07032,0
26.6727,7202,RSU,TX_Throughput,10880,0
26.6727,7202,RSU,TX_ObjectCount,3,0
26.6735,787,Vehicle,TX_Throughput,4560,0
26.6735,787,Vehicle,TX_ObjectCount,0,0
26.6742,7647,Vehicle,ChannelLoad,0.05216,0
26.6742,7647,Vehicle,ChannelLoad,0.05216,0
26.6756,8841,Vehicle,TX_Throughput,4560,0
26.6756,8841,Vehicle,TX_ObjectCount,0,0
26.6759,5334,Vehicle,ChannelLoad,0.08552,0
26.6759,5334,Vehicle,ChannelLoad,0.08552,0
26.6762,5407,RSU,ChannelLoad,0.0848,0
26.6762,5407,RSU,ChannelLoad,0.0848,0
26.6765,9940,Vehicle,ChannelLoad,0.05912,0
26.6765,9940,Vehicle,ChannelLoad,0.05912,0
26.6771,5554,Vehicle,TX_Throughput,7760,0
26.6771,5554,Vehicle,TX_ObjectCount,1,0
26.6777,4439,Vehicle,ChannelLoad,0.08584,0
26.6777,4439,Vehicle,ChannelLoad,0.08584,0
26.6777,2420,Vehicle,ChannelLoad,0.04784,0
26.6777,2420,Vehicle,ChannelLoad,0.04784,0
26.6778,6826,RSU,ChannelLoad,0.11856,0
26.6778,6826,RSU,ChannelLoad,0.11856,0
26.6781,2495,RSU,TX_Throughput,5280,0
26.6781,2495,RSU,TX_ObjectCount,1,0
26.6782,7720,Vehicle,ChannelLoad,0.0664,0
26.6782,7720,Vehicle,ChannelLoad,0.0664,0
26.6782,8543,Vehicle,ChannelLoad,0.05552,0
26.6782,8543,Vehicle,ChannelLoad,0.05552,0
26.6782,3095,Vehicle,TX_Throughput,7760,0
26.6782,3095,Vehicle,TX_ObjectCount,1,0
26.6784,7500,RSU,TX_Throughput,2080,0
26.6784,7500,RSU,TX_ObjectCount,0,0
26.6786,10015,Vehicle,ChannelLoad,0.08144,0
26.6786,10015,Vehicle,ChannelLoad,0.08144,0
26.6794,3392,Vehicle,TX_Throughput,4560,0
26.6794,3392,Vehicle,TX_ObjectCount,0,0
26.68,4512,Vehicle,ChannelLoad,0.0612,0
26.68,4512,Vehicle,ChannelLoad,0.0612,0
26.6801,6902,RSU,ChannelLoad,0.0672,0
26.6801,6902,RSU,ChannelLoad,0.0672,0
26.6805,7795,Vehicle,ChannelLoad,0.04728,0
26.6805,7795,Vehicle,ChannelLoad,0.04728,0
26.6814,5775,Vehicle,TX_Throughput,4560,0
26.6814,5775,Vehicle,TX_ObjectCount,0,0
26.6816,1311,RSU,TX_Throughput,8080,0
26.6816,1311,RSU,TX_ObjectCount,2,0
26.6817,1089,RSU,TX_Throughput,19280,0
26.6817,1089,RSU,TX_ObjectCount,6,0
26.6818,6976,Vehicle,ChannelLoad,0.07512,0
26.6818,6976,Vehicle,ChannelLoad,0.07512,0
26.6819,5481,Vehicle,ChannelLoad,0.05248,0
26.6819,5481,Vehicle,ChannelLoad,0.05248,0
26.682,5554,Vehicle,ChannelLoad,0.0796,0
26.682,5554,Vehicle,ChannelLoad,0.0796,0
26.6824,4212,Vehicle,TX_Throughput,4560,0
26.6824,4212,Vehicle,TX_ObjectCount,0,0
26.6825,7278,RSU,TX_Throughput,2080,0
26.6825,7278,RSU,TX_ObjectCount,0,0
26.6831,343,Vehicle,ChannelLoad,0.06792,0
26.6831,343,Vehicle,ChannelLoad,0.06792,0
26.6832,1458,RSU,ChannelLoad,0.09672,0
26.6832,1458,RSU,ChannelLoad,0.09672,0
26.6843,8165,Vehicle,TX_Throughput,4560,0
26.6843,8165,Vehicle,TX_ObjectCount,0,0
26.6844,6902,RSU,TX_Throughput,5280,0
26.6844,6902,RSU,TX_ObjectCount,1,0
26.6844,3319,Vehicle,ChannelLoad,0.07536,0
26.6844,3319,Vehicle,ChannelLoad,0.07536,0
26.6853,7352,Vehicle,TX_Throughput,4560,0
26.6853,7352,Vehicle,TX_ObjectCount,0,0
26.6855,3541,RSU,TX_Throughput,2080,0
26.6855,3541,RSU,TX_ObjectCount,0,0
26.6857,2126,RSU,TX_Throughput,8080,0
26.6857,2126,RSU,TX_ObjectCount,2,0
26.6863,1532,Vehicle,ChannelLoad,0.08816,0
26.6863,1532,Vehicle,ChannelLoad,0.08816,0
26.6863,107,Vehicle,TX_Throughput,4560,0
26.6863,107,Vehicle,TX_ObjectCount,0,0
26.6865,3392,Vehicle,ChannelLoad,0.06496,0
26.6865,3392,Vehicle,ChannelLoad,0.06496,0
26.6865,5627,RSU,ChannelLoad,0.1112,0
26.6865,5627,RSU,ChannelLoad,0.1112,0
26.6871,416,Vehicle,ChannelLoad,0.05856,0
26.6871,416,Vehicle,ChannelLoad,0.05856,0
26.6873,2200,Vehicle,TX_Throughput,10560,0
26.6873,2200,Vehicle,TX_ObjectCount,2,0
26.6873,7129,Vehicle,TX_Throughput,7760,0
26.6873,7129,Vehicle,TX_ObjectCount,1,0
26.6885,2495,RSU,ChannelLoad,0.09344,0
26.6885,2495,RSU,ChannelLoad,0.09344,0
26.6891,8384,RSU,TX_Throughput,8080,0
26.6891,8384,RSU,TX_ObjectCount,2,0
26.6894,2569,RSU,ChannelLoad,0.09336,0
26.6894,2569,RSU,ChannelLoad,0.09336,0
26.6902,7647,Vehicle,TX_Throughput,4560,0
26.6902,7647,Vehicle,TX_ObjectCount,0,0
26.6916,8618,RSU,ChannelLoad,0.08384,0
26.6916,8618,RSU,ChannelLoad,0.08384,0
26.6917,7868,Vehicle,ChannelLoad,0.05664,0
26.6917,7868,Vehicle,ChannelLoad,0.05664,0
26.692,3619,Vehicle,TX_Throughput,4560,0
26.692,3619,Vehicle,TX_ObjectCount,0,0
26.692,5701,RSU,ChannelLoad,0.11712,0
26.692,5701,RSU,ChannelLoad,0.11712,0
26.6928,5775,Vehicle,ChannelLoad,0.07112,0
26.6928,5775,Vehicle,ChannelLoad,0.07112,0
26.6932,1532,Vehicle,TX_Throughput,4560,0
26.6932,1532,Vehicle,TX_ObjectCount,0,0
26.6939,489,Vehicle,ChannelLoad,0.05464,0
26.6939,489,Vehicle,ChannelLoad,0.05464,0
26.6941,1014,Vehicle,TX_Throughput,4560,0
26.6941,1014,Vehicle,TX_ObjectCount,0,0
26.6955,9133,Vehicle,TX_Throughput,7760,0
26.6955,9133,Vehicle,TX_ObjectCount,1,0
26.696,8694,RSU,ChannelLoad,0.09152,0
26.696,8694,RSU,ChannelLoad,0.09152,0
26.6961,3467,RSU,ChannelLoad,0.11472,0
26.6961,3467,RSU,ChannelLoad,0.11472,0
26.6961,562,Vehicle,ChannelLoad,0.07592,0
26.6961,562,Vehicle,ChannelLoad,0.07592,0
26.6962,4892,Vehicle,TX_Throughput,4560,0
26.6962,4892,Vehicle,TX_ObjectCount,0,0
26.6966,1605,Vehicle,ChannelLoad,0.06016,0
26.6966,1605,Vehicle,ChannelLoad,0.06016,0
26.697,2649,Vehicle,TX_Throughput,10560,0
26.697,2649,Vehicle,TX_ObjectCount,2,0
26.6972,1458,RSU,TX_Throughput,8080,0
26.6972,1458,RSU,TX_ObjectCount,2,0
26.6978,3541,RSU,ChannelLoad,0.07056,0
26.6978,3541,RSU,ChannelLoad,0.07056,0
26.6981,2347,Vehicle,TX_Throughput,7760,0
26.6981,2347,Vehicle,TX_ObjectCount,1,0
26.6987,10015,Vehicle,TX_Throughput,7760,0
26.6987,10015,Vehicle,TX_ObjectCount,1,0
26.6997,5040,Vehicle,TX_Throughput,7760,0
26.6997,5040,Vehicle,TX_ObjectCount,1,0
26.7009,7943,Vehicle,ChannelLoad,0.05232,0
26.7009,7943,Vehicle,ChannelLoad,0.05232,0
26.7017,1828,Vehicle,TX_Throughput,7760,0
26.7017,1828,Vehicle,TX_ObjectCount,1,0
26.702,639,Vehicle,ChannelLoad,0.0632,0
26.702,639,Vehicle,ChannelLoad,0.0632,0
26.7023,8768,Vehicle,ChannelLoad,0.06176,0
26.7023,8768,Vehicle,ChannelLoad,0.06176,0
26.7025,3467,RSU,TX_Throughput,13680,0
26.7025,3467,RSU,TX_ObjectCount,4,0
26.7026,8841,Vehicle,ChannelLoad,0.08552,0
26.7026,8841,Vehicle,ChannelLoad,0.08552,0
26.7035,8470,Vehicle,TX_Throughput,4560,0
26.7035,8470,Vehicle,TX_ObjectCount,0,0
26.7037,7055,RSU,ChannelLoad,0.10368,0
26.7037,7055,RSU,ChannelLoad,0.10368,0
26.7038,3168,Vehicle,TX_Throughput,4560,0
26.7038,3168,Vehicle,TX_ObjectCount,0,0
26.7039,2799,Vehicle,TX_Throughput,4560,0
26.7039,2799,Vehicle,TX_ObjectCount,0,0
26.7047,5481,Vehicle,TX_Throughput,7760,0
26.7047,5481,Vehicle,TX_ObjectCount,1,0
26.7047,29,RSU,ChannelLoad,0.1016,0
26.7047,29,RSU,ChannelLoad,0.1016,0
26.7053,3319,Vehicle,TX_Throughput,4560,0
26.7053,3319,Vehicle,TX_ObjectCount,0,0
26.7054,7425,Vehicle,TX_Throughput,13360,0
26.7054,7425,Vehicle,TX_ObjectCount,3,0
26.7059,712,Vehicle,ChannelLoad,0.10064,0
26.7059,712,Vehicle,ChannelLoad,0.10064,0
26.7067,6664,Vehicle,TX_Throughput,7760,0
26.7067,6664,Vehicle,TX_ObjectCount,1,0
26.7072,9940,Vehicle,TX_Throughput,4560,0
26.7072,9940,Vehicle,TX_ObjectCount,0,0
26.7078,5852,Vehicle,ChannelLoad,0.0672,0
26.7078,5852,Vehicle,ChannelLoad,0.0672,0
26.7083,6223,Vehicle,TX_Throughput,4560,0
26.7083,6223,Vehicle,TX_ObjectCount,0,0
26.7084,6747,Vehicle,TX_Throughput,4560,0
26.7084,6747,Vehicle,TX_ObjectCount,0,0
26.7089,1678,Vehicle,ChannelLoad,0.0572,0
26.7089,1678,Vehicle,ChannelLoad,0.0572,0
26.7091,5998,Vehicle,TX_Throughput,4560,0
26.7091,5998,Vehicle,TX_ObjectCount,0,0
26.7092,2874,Vehicle,TX_Throughput,4560,0
26.7092,2874,Vehicle,TX_ObjectCount,0,0
26.7094,6518,Vehicle,TX_Throughput,7760,0
26.7094,6518,Vehicle,TX_ObjectCount,1,0
26.7105,270,Vehicle,TX_Throughput,7760,0
26.7105,270,Vehicle,TX_ObjectCount,1,0
26.711,6372,Vehicle,TX_Throughput,4560,0
26.711,6372,Vehicle,TX_ObjectCount,0,0
26.7121,5925,Vehicle,ChannelLoad,0.04232,0
26.7121,5925,Vehicle,ChannelLoad,0.04232,0
26.7131,5998,Vehicle,ChannelLoad,0.07888,0
26.7131,5998,Vehicle,ChannelLoad,0.07888,0
26.7136,9794,Vehicle,TX_Throughput,7760,0
26.7136,9794,Vehicle,TX_ObjectCount,1,0
26.7138,2724,Vehicle,TX_Throughput,4560,0
26.7138,2724,Vehicle,TX_ObjectCount,0,0
26.7147,5260,RSU,TX_Throughput,13680,0
26.7147,5260,RSU,TX_ObjectCount,4,0
26.7147,3619,Vehicle,ChannelLoad,0.04896,0
26.7147,3619,Vehicle,ChannelLoad,0.04896,0
26.7151,712,Vehicle,TX_Throughput,4560,0
26.7151,712,Vehicle,TX_ObjectCount,0,0
26.7152,7129,Vehicle,ChannelLoad,0.06504,0
26.7152,7129,Vehicle,ChannelLoad,0.06504,0
26.7156,639,Vehicle,TX_Throughput,4560,0
26.7156,639,Vehicle,TX_ObjectCount,0,0
26.716,3020,Vehicle,TX_Throughput,4560,0
26.716,3020,Vehicle,TX_ObjectCount,0,0
26.7163,7202,RSU,ChannelLoad,0.07464,0
26.7163,7202,RSU,ChannelLoad,0.07464,0
26.7166,182,RSU,TX_Throughput,10880,0
26.7166,182,RSU,TX_ObjectCount,3,0
26.7167,8914,Vehicle,ChannelLoad,0.02704,0
26.7167,8914,Vehicle,ChannelLoad,0.02704,0
26.7168,1755,Vehicle,ChannelLoad,0.08736,0
26.7168,1755,Vehicle,ChannelLoad,0.08736,0
26.7169,6071,Vehicle,ChannelLoad,0.06544,0
26.7169,6071,Vehicle,ChannelLoad,0.06544,0
26.7171,862,Vehicle,TX_Throughput,4560,0
26.7171,862,Vehicle,TX_ObjectCount,0,0
26.7172,2649,Vehicle,ChannelLoad,0.05592,0
26.7172,2649,Vehicle,ChannelLoad,0.05592,0
26.7175,1901,RSU,TX_Throughput,8080,0
26.7175,1901,RSU,TX_ObjectCount,2,0
26.7182,8987,Vehicle,ChannelLoad,0.06728,0
26.7182,8987,Vehicle,ChannelLoad,0.06728,0
26.7183,787,Vehicle,ChannelLoad,0.03328,0
26.7183,787,Vehicle,ChannelLoad,0.03328,0
26.7186,2724,Vehicle,ChannelLoad,0.06856,0
26.7186,2724,Vehicle,ChannelLoad,0.06856,0
26.7188,107,Vehicle,ChannelLoad,0.062,0
26.7188,107,Vehicle,ChannelLoad,0.062,0
26.7191,2273,RSU,TX_Throughput,5280,0
26.7191,2273,RSU,TX_ObjectCount,1,0
26.7197,7720,Vehicle,TX_Throughput,4560,0
26.7197,7720,Vehicle,TX_ObjectCount,0,0
26.7201,182,RSU,ChannelLoad,0.08944,0
26.7201,182,RSU,ChannelLoad,0.08944,0
26.7202,862,Vehicle,ChannelLoad,0.08472,0
26.7202,862,Vehicle,ChannelLoad,0.08472,0
26.7207,6976,Vehicle,TX_Throughput,4560,0
26.7207,6976,Vehicle,TX_ObjectCount,0,0
26.721,8018,Vehicle,ChannelLoad,0.07176,0
26.721,8018,Vehicle,ChannelLoad,0.07176,0
26.7212,9060,Vehicle,ChannelLoad,0.07928,0
26.7212,9060,Vehicle,ChannelLoad,0.07928,0
26.7212,2051,Vehicle,TX_Throughput,7760,0
26.7212,2051,Vehicle,TX_ObjectCount,1,0
26.7223,1828,Vehicle,ChannelLoad,0.05776,0
26.7223,1828,Vehicle,ChannelLoad,0.05776,0
26.7228,6146,Vehicle,ChannelLoad,0.05776,0
26.7228,6146,Vehicle,ChannelLoad,0.05776,0
26.7231,1901,RSU,ChannelLoad,0.06496,0
26.7231,1901,RSU,ChannelLoad,0.06496,0
26.7231,7795,Vehicle,TX_Throughput,4560,0
26.7231,7795,Vehicle,TX_ObjectCount,0,0
26.7237,3692,Vehicle,ChannelLoad,0.08104,0
26.7237,3692,Vehicle,ChannelLoad,0.08104,0
26.7238,9281,Vehicle,TX_Throughput,4560,0
26.7238,9281,Vehicle,TX_ObjectCount,0,0
26.7244,5627,RSU,TX_Throughput,2080,0
26.7244,5627,RSU,TX_ObjectCount,0,0
26.725,2799,Vehicle,ChannelLoad,0.06144,0
26.725,2799,Vehicle,ChannelLoad,0.06144,0
26.7251,8694,RSU,TX_Throughput,2080,0
26.7251,8694,RSU,TX_ObjectCount,0,0
26.7256,9133,Vehicle,ChannelLoad,0.07096,0
26.7256,9133,Vehicle,ChannelLoad,0.07096,0
26.7281,6826,RSU,TX_Throughput,5280,0
26.7281,6826,RSU,TX_ObjectCount,1,0
26.7282,3989,RSU,TX_Throughput,5280,0
26.7282,3989,RSU,TX_ObjectCount,1,0
26.7286,2947,Vehicle,TX_Throughput,10560,0
26.7286,2947,Vehicle,TX_ObjectCount,2,0
26.7289,8091,RSU,ChannelLoad,0.09056,0
26.7289,8091,RSU,ChannelLoad,0.09056,0
26.729,9574,Vehicle,TX_Throughput,7760,0
26.729,9574,Vehicle,TX_ObjectCount,1,0
26.7294,3765,RSU,TX_Throughput,5280,0
26.7294,3765,RSU,TX_ObjectCount,1,0
26.7315,8091,RSU,TX_Throughput,5280,0
26.7315,8091,RSU,TX_ObjectCount,1,0
26.7317,8311,Vehicle,TX_Throughput,4560,0
26.7317,8311,Vehicle,TX_ObjectCount,0,0
26.7318,937,Vehicle,ChannelLoad,0.10896,0
26.7318,937,Vehicle,ChannelLoad,0.10896,0
26.7319,4512,Vehicle,TX_Throughput,4560,0
26.7319,4512,Vehicle,TX_ObjectCount,0,0
26.7326,8165,Vehicle,ChannelLoad,0.05328,0
26.7326,8165,Vehicle,ChannelLoad,0.05328,0
26.7327,9060,Vehicle,TX_Throughput,4560,0
26.7327,9060,Vehicle,TX_ObjectCount,0,0
26.7333,3765,RSU,ChannelLoad,0.0604,0
26.7333,3765,RSU,ChannelLoad,0.0604,0
26.7334,3692,Vehicle,TX_Throughput,7760,0
26.7334,3692,Vehicle,TX_ObjectCount,1,0
26.7336,5187,Vehicle,TX_Throughput,10560,0
26.7336,5187,Vehicle,TX_ObjectCount,2,0
26.734,8768,Vehicle,TX_Throughput,4560,0
26.734,8768,Vehicle,TX_ObjectCount,0,0
26.7341,416,Vehicle,TX_Throughput,4560,0
26.7341,416,Vehicle,TX_ObjectCount,0,0
26.7342,7055,RSU,TX_Throughput,5280,0
26.7342,7055,RSU,TX_ObjectCount,1,0
26.7343,6223,Vehicle,ChannelLoad,0.06432,0
26.7343,6223,Vehicle,ChannelLoad,0.06432,0
26.7344,29,RSU,TX_Throughput,16480,0
26.7344,29,RSU,TX_ObjectCount,5,0
26.7344,562,Vehicle,TX_Throughput,7760,0
26.7344,562,Vehicle,TX_ObjectCount,1,0
26.7346,9501,Vehicle,TX_Throughput,4560,0
26.7346,9501,Vehicle,TX_ObjectCount,0,0
26.7348,1755,Vehicle,TX_Throughput,4560,0
26.7348,1755,Vehicle,TX_ObjectCount,0,0
26.735,2569,RSU,TX_Throughput,13680,0
26.735,2569,RSU,TX_ObjectCount,4,0
26.7352,7278,RSU,ChannelLoad,0.08816,0
26.7352,7278,RSU,ChannelLoad,0.08816,0
26.7359,5113,RSU,TX_Throughput,10880,0
26.7359,5113,RSU,TX_ObjectCount,3,0
26.7369,7352,Vehicle,ChannelLoad,0.05296,0
26.7369,7352,Vehicle,ChannelLoad,0.05296,0
26.737,5701,RSU,TX_Throughput,5280,0
26.737,5701,RSU,TX_ObjectCount,1,0
26.737,3839,Vehicle,ChannelLoad,0.07488,0
26.737,3839,Vehicle,ChannelLoad,0.07488,0
26.7374,4599,Vehicle,ChannelLoad,0.06736,0
26.7374,4599,Vehicle,ChannelLoad,0.06736,0
26.7376,3912,Vehicle,ChannelLoad,0.05816,0
26.7376,3912,Vehicle,ChannelLoad,0.05816,0
26.7379,8311,Vehicle,ChannelLoad,0.04616,0
26.7379,8311,Vehicle,ChannelLoad,0.04616,0
26.738,2874,Vehicle,ChannelLoad,0.0264,0
26.738,2874,Vehicle,ChannelLoad,0.0264,0
26.7384,4360,Vehicle,TX_Throughput,4560,0
26.7384,4360,Vehicle,TX_ObjectCount,0,0
26.7385,6071,Vehicle,TX_Throughput,4560,0
26.7385,6071,Vehicle,TX_ObjectCount,0,0
26.7389,6298,RSU,ChannelLoad,0.0832,0
26.7389,6298,RSU,ChannelLoad,0.0832,0
26.7393,7425,Vehicle,ChannelLoad,0.05032,0
26.7393,7425,Vehicle,ChannelLoad,0.05032,0
26.7399,6372,Vehicle,ChannelLoad,0.0788,0
26.7399,6372,Vehicle,ChannelLoad,0.0788,0
26.7404,1014,Vehicle,ChannelLoad,0.05592,0
26.7404,1014,Vehicle,ChannelLoad,0.05592,0
26.7414,8384,RSU,ChannelLoad,0.09776,0
26.7414,8384,RSU,ChannelLoad,0.09776,0
26.7417,4745,Vehicle,TX_Throughput,7760,0
26.7417,4745,Vehicle,TX_ObjectCount,1,0
26.7422,1977,RSU,TX_Throughput,2080,0
26.7422,1977,RSU,TX_ObjectCount,0,0
26.7429,3912,Vehicle,TX_Throughput,4560,0
26.7429,3912,Vehicle,TX_ObjectCount,0,0
26.7431,1165,Vehicle,TX_Throughput,4560,0
26.7431,1165,Vehicle,TX_ObjectCount,0,0
26.7436,7943,Vehicle,TX_Throughput,7760,0
26.7436,7943,Vehicle,TX_ObjectCount,1,0
26.7437,9208,Vehicle,ChannelLoad,0.0364,0
26.7437,9208,Vehicle,ChannelLoad,0.0364,0
26.7438,343,Vehicle,TX_Throughput,7760,0
26.7438,343,Vehicle,TX_ObjectCount,1,0
26.7447,9281,Vehicle,ChannelLoad,0.05848,0
26.7447,9281,Vehicle,ChannelLoad,0.05848,0
26.7449,4672,Vehicle,ChannelLoad,0.07664,0
26.7449,4672,Vehicle,ChannelLoad,0.07664,0
26.7452,4287,Vehicle,TX_Throughput,7760,0
26.7452,4287,Vehicle,TX_ObjectCount,1,0
26.7454,1678,Vehicle,TX_Throughput,4560,0
26.7454,1678,Vehicle,TX_ObjectCount,0,0
26.7459,6445,Vehicle,ChannelLoad,0.08104,0
26.7459,6445,Vehicle,ChannelLoad,0.08104,0
26.7461,9354,Vehicle,TX_Throughput,4560,0
26.7461,9354,Vehicle,TX_ObjectCount,0,0
26.7464,1089,RSU,ChannelLoad,0.10424,0
26.7464,1089,RSU,ChannelLoad,0.10424,0
26.7466,5334,Vehicle,TX_Throughput,4560,0
26.7466,5334,Vehicle,TX_ObjectCount,0,0
26.7469,9427,RSU,TX_Throughput,13680,0
26.7469,9427,RSU,TX_ObjectCount,4,0
26.7471,3989,RSU,ChannelLoad,0.06696,0
26.7471,3989,RSU,ChannelLoad,0.06696,0
26.7472,6518,Vehicle,ChannelLoad,0.0576,0
26.7472,6518,Vehicle,ChannelLoad,0.0576,0
26.7474,2420,Vehicle,TX_Throughput,4560,0
26.7474,2420,Vehicle,TX_ObjectCount,0,0
26.7477,6146,Vehicle,TX_Throughput,7760,0
26.7477,6146,Vehicle,TX_ObjectCount,1,0
26.7481,1238,Vehicle,TX_Throughput,4560,0
26.7481,1238,Vehicle,TX_ObjectCount,0,0
26.7482,6591,Vehicle,ChannelLoad,0.02552,0
26.7482,6591,Vehicle,ChannelLoad,0.02552,0
26.7483,6445,Vehicle,TX_Throughput,4560,0
26.7483,6445,Vehicle,TX_ObjectCount,0,0
26.7488,1977,RSU,ChannelLoad,0.10704,0
26.7488,1977,RSU,ChannelLoad,0.10704,0
26.7488,4745,Vehicle,ChannelLoad,0.07328,0
26.7488,4745,Vehicle,ChannelLoad,0.07328,0
26.7492,4063,RSU,ChannelLoad,0.05528,0
26.7492,4063,RSU,ChannelLoad,0.05528,0
26.7496,9354,Vehicle,ChannelLoad,0.11368,0
26.7496,9354,Vehicle,ChannelLoad,0.11368,0
26.7496,5852,Vehicle,TX_Throughput,10560,0
26.7496,5852,Vehicle,TX_ObjectCount,2,0
26.7499,4137,Vehicle,ChannelLoad,0.0664,0
26.7499,4137,Vehicle,ChannelLoad,0.0664,0
26.7511,8543,Vehicle,TX_Throughput,10560,0
26.7511,8543,Vehicle,TX_ObjectCount,2,0
26.7527,9427,RSU,ChannelLoad,0.07736,0
26.7527,9427,RSU,ChannelLoad,0.07736,0
26.7528,6664,Vehicle,ChannelLoad,0.054,0
26.7528,6664,Vehicle,ChannelLoad,0.054,0
26.7528,4818,RSU,ChannelLoad,0.08936,0
26.7528,4818,RSU,ChannelLoad,0.08936,0
26.7533,2051,Vehicle,ChannelLoad,0.1032,0
26.7533,2051,Vehicle,ChannelLoad,0.1032,0
26.7539,937,Vehicle,TX_Throughput,7760,0
26.7539,937,Vehicle,TX_ObjectCount,1,0
26.7557,1385,Vehicle,TX_Throughput,7760,0
26.7557,1385,Vehicle,TX_ObjectCount,1,0
26.7561,7500,RSU,ChannelLoad,0.06656,0
26.7561,7500,RSU,ChannelLoad,0.06656,0
26.7562,4212,Vehicle,ChannelLoad,0.05456,0
26.7562,4212,Vehicle,ChannelLoad,0.05456,0
26.7572,9501,Vehicle,ChannelLoad,0.07648,0
26.7572,9501,Vehicle,ChannelLoad,0.07648,0
26.7582,2947,Vehicle,ChannelLoad,0.04344,0
26.7582,2947,Vehicle,ChannelLoad,0.04344,0
26.7586,7574,Vehicle,ChannelLoad,0.07624,0
26.7586,7574,Vehicle,ChannelLoad,0.07624,0
26.7589,4063,RSU,TX_Throughput,5280,0
26.7589,4063,RSU,TX_ObjectCount,1,0
26.7589,9574,Vehicle,ChannelLoad,0.03728,0
26.7589,9574,Vehicle,ChannelLoad,0.03728,0
26.759,1165,Vehicle,ChannelLoad,0.0484,0
26.759,1165,Vehicle,ChannelLoad,0.0484,0
26.759,5407,RSU,TX_Throughput,8080,0
26.759,5407,RSU,TX_ObjectCount,2,0
26.7594,3020,Vehicle,ChannelLoad,0.06192,0
26.7594,3020,Vehicle,ChannelLoad,0.06192,0
26.7595,7574,Vehicle,TX_Throughput,4560,0
26.7595,7574,Vehicle,TX_ObjectCount,0,0
26.7597,6591,Vehicle,TX_Throughput,4560,0
26.7597,6591,Vehicle,TX_ObjectCount,0,0
26.76,489,Vehicle,TX_Throughput,4560,0
26.76,489,Vehicle,TX_ObjectCount,0,0
26.7602,3243,RSU,TX_Throughput,2080,0
26.7602,3243,RSU,TX_ObjectCount,0,0
26.7603,3839,Vehicle,TX_Throughput,13360,0
26.7603,3839,Vehicle,TX_ObjectCount,3,0
26.7603,7868,Vehicle,TX_Throughput,4560,0
26.7603,7868,Vehicle,TX_ObjectCount,0,0
26.7604,9721,Vehicle,TX_Throughput,4560,0
26.7604,9721,Vehicle,TX_ObjectCount,0,0
26.7613,8018,Vehicle,TX_Throughput,4560,0
26.7613,8018,Vehicle,TX_ObjectCount,0,0
26.7613,1238,Vehicle,ChannelLoad,0.0744,0
26.7613,1238,Vehicle,ChannelLoad,0.0744,0
26.7615,9867,Vehicle,TX_Throughput,10560,0
26.7615,9867,Vehicle,TX_ObjectCount,2,0
26.7621,8618,RSU,TX_Throughput,8080,0
26.7621,8618,RSU,TX_ObjectCount,2,0
26.7622,9647,RSU,ChannelLoad,0.10488,0
26.7622,9647,RSU,ChannelLoad,0.10488,0
26.7627,4818,RSU,TX_Throughput,8080,0
26.7627,4818,RSU,TX_ObjectCount,2,0
26.7631,4137,Vehicle,TX_Throughput,10560,0
26.7631,4137,Vehicle,TX_ObjectCount,2,0
26.7632,4599,Vehicle,TX_Throughput,4560,0
26.7632,4599,Vehicle,TX_ObjectCount,0,0
26.7634,4672,Vehicle,TX_Throughput,7760,0
26.7634,4672,Vehicle,TX_ObjectCount,1,0
26.7637,9721,Vehicle,ChannelLoad,0.08456,0
26.7637,9721,Vehicle,ChannelLoad,0.08456,0
26.7637,3095,Vehicle,ChannelLoad,0.0928,0
26.7637,3095,Vehicle,ChannelLoad,0.0928,0
26.7638,9208,Vehicle,TX_Throughput,4560,0
26.7638,9208,Vehicle,TX_ObjectCount,0,0
26.7647,2126,RSU,ChannelLoad,0.08888,0
26.7647,2126,RSU,ChannelLoad,0.08888,0
26.7649,1311,RSU,ChannelLoad,0.0736,0
26.7649,1311,RSU,ChannelLoad,0.0736,0
26.7652,4892,Vehicle,ChannelLoad,0.06544,0
26.7652,4892,Vehicle,ChannelLoad,0.06544,0
26.7654,2200,Vehicle,ChannelLoad,0.08224,0
26.7654,2200,Vehicle,ChannelLoad,0.08224,0
26.7663,4287,Vehicle,ChannelLoad,0.0696,0
26.7663,4287,Vehicle,ChannelLoad,0.0696,0
26.7669,4439,Vehicle,TX_Throughput,4560,0
26.7669,4439,Vehicle,TX_ObjectCount,0,0
26.767,4967,Vehicle,TX_Throughput,4560,0
26.767,4967,Vehicle,TX_ObjectCount,0,0
26.7672,6298,RSU,TX_Throughput,5280,0
26.7672,6298,RSU,TX_ObjectCount,1,0
26.7674,8914,Vehicle,TX_Throughput,4560,0
26.7674,8914,Vehicle,TX_ObjectCount,0,0
26.7674,6747,Vehicle,ChannelLoad,0.07696,0
26.7674,6747,Vehicle,ChannelLoad,0.07696,0
26.768,4967,Vehicle,ChannelLoad,0.05728,0
26.768,4967,Vehicle,ChannelLoad,0.05728,0
26.7682,3168,Vehicle,ChannelLoad,0.05264,0
26.7682,3168,Vehicle,ChannelLoad,0.05264,0
26.7684,5040,Vehicle,ChannelLoad,0.05448,0
26.7684,5040,Vehicle,ChannelLoad,0.05448,0
26.7687,4360,Vehicle,ChannelLoad,0.10176,0
26.7687,4360,Vehicle,ChannelLoad,0.10176,0
26.7688,1605,Vehicle,TX_Throughput,7760,0
26.7688,1605,Vehicle,TX_ObjectCount,1,0
26.7696,5113,RSU,ChannelLoad,0.08776,0
26.7696,5113,RSU,ChannelLoad,0.08776,0
26.7697,8987,Vehicle,TX_Throughput,4560,0
26.7697,8987,Vehicle,TX_ObjectCount,0,0
26.7698,3243,RSU,ChannelLoad,0.0896,0
26.7698,3243,RSU,ChannelLoad,0.0896,0
26.7698,9794,Vehicle,ChannelLoad,0.0372,0
26.7698,9794,Vehicle,ChannelLoad,0.0372,0
26.77,2273,RSU,ChannelLoad,0.11128,0
26.77,2273,RSU,ChannelLoad,0.11128,0
26.7701,8470,Vehicle,ChannelLoad,0.06632,0
26.7701,8470,Vehicle,ChannelLoad,0.06632,0
26.7702,5187,Vehicle,ChannelLoad,0.07512,0
26.7702,5187,Vehicle,ChannelLoad,0.07512,0
26.7709,1385,Vehicle,ChannelLoad,0.0644,0
26.7709,1385,Vehicle,ChannelLoad,0.0644,0
26.771,270,Vehicle,ChannelLoad,0.06376,0
26.771,270,Vehicle,ChannelLoad,0.06376,0
26.7719,9867,Vehicle,ChannelLoad,0.05728,0
26.7719,9867,Vehicle,ChannelLoad,0.05728,0
26.7722,9647,RSU,TX_Throughput,5280,0
26.7722,9647,RSU,TX_ObjectCount,1,0
26.7723,5260,RSU,ChannelLoad,0.11304,0
26.7723,5260,RSU,ChannelLoad,0.11304,0
26.7725,5925,Vehicle,TX_Throughput,4560,0
26.7725,5925,Vehicle,TX_ObjectCount,0,0
26.7727,2347,Vehicle,ChannelLoad,0.06912,0
26.7727,2347,Vehicle,ChannelLoad,0.06912,0
26.7727,7202,RSU,TX_Throughput,2080,0
26.7727,7202,RSU,TX_ObjectCount,0,0
26.7735,787,Vehicle,TX_Throughput,4560,0
26.7735,787,Vehicle,TX_ObjectCount,0,0
26.7742,7647,Vehicle,ChannelLoad,0.04416,0
26.7742,7647,Vehicle,ChannelLoad,0.04416,0
26.7756,8841,Vehicle,TX_Throughput,4560,0
26.7756,8841,Vehicle,TX_ObjectCount,0,0
26.7759,5334,Vehicle,ChannelLoad,0.1008,0
26.7759,5334,Vehicle,ChannelLoad,0.1008,0
26.7762,5407,RSU,ChannelLoad,0.0796,0
26.7762,5407,RSU,ChannelLoad,0.0796,0
26.7765,9940,Vehicle,ChannelLoad,0.06152,0
26.7765,9940,Vehicle,ChannelLoad,0.06152,0
26.7771,5554,Vehicle,TX_Throughput,7760,0
26.7771,5554,Vehicle,TX_ObjectCount,1,0
26.7777,4439,Vehicle,ChannelLoad,0.09304,0
26.7777,4439,Vehicle,ChannelLoad,0.09304,0
26.7777,2420,Vehicle,ChannelLoad,0.0576,0
26.7777,2420,Vehicle,ChannelLoad,0.0576,0
26.7778,6826,RSU,ChannelLoad,0.12832,0
26.7778,6826,RSU,ChannelLoad,0.12832,0
26.7781,2495,RSU,TX_Throughput,10880,0
26.7781,2495,RSU,TX_ObjectCount,3,0
26.7782,7720,Vehicle,ChannelLoad,0.07368,0
26.7782,7720,Vehicle,ChannelLoad,0.07368,0
26.7782,8543,Vehicle,ChannelLoad,0.05384,0
26.7782,8543,Vehicle,ChannelLoad,0.05384,0
26.7782,3095,Vehicle,TX_Throughput,4560,0
26.7782,3095,Vehicle,TX_ObjectCount,0,0
26.7784,7500,RSU,TX_Throughput,2080,0
26.7784,7500,RSU,TX_ObjectCount,0,0
26.7786,10015,Vehicle,ChannelLoad,0.08864,0
26.7786,10015,Vehicle,ChannelLoad,0.08864,0
26.7794,3392,Vehicle,TX_Throughput,4560,0
26.7794,3392,Vehicle,TX_ObjectCount,0,0
26.78,4512,Vehicle,ChannelLoad,0.07064,0
26.78,4512,Vehicle,ChannelLoad,0.07064,0
26.7801,6902,RSU,ChannelLoad,0.0652,0
26.7801,6902,RSU,ChannelLoad,0.0652,0
26.7805,7795,Vehicle,ChannelLoad,0.05656,0
26.7805,7795,Vehicle,ChannelLoad,0.05656,0
26.7814,5775,Vehicle,TX_Throughput,4560,0
26.7814,5775,Vehicle,TX_ObjectCount,0,0
26.7816,1311,RSU,TX_Throughput,5280,0
26.7816,1311,RSU,TX_ObjectCount,1,0
26.7817,1089,RSU,TX_Throughput,16480,0
26.7817,1089,RSU,TX_ObjectCount,5,0
26.7818,6976,Vehicle,ChannelLoad,0.09096,0
26.7818,6976,Vehicle,ChannelLoad,0.09096,0
26.7819,5481,Vehicle,ChannelLoad,0.07256,0
26.7819,5481,Vehicle,ChannelLoad,0.07256,0
26.782,5554,Vehicle,ChannelLoad,0.09008,0
26.782,5554,Vehicle,ChannelLoad,0.09008,0
26.7824,4212,Vehicle,TX_Throughput,7760,0
26.7824,4212,Vehicle,TX_ObjectCount,1,0
26.7825,7278,RSU,TX_Throughput,10880,0
26.7825,7278,RSU,TX_ObjectCount,3,0
26.7831,343,Vehicle,ChannelLoad,0.08504,0
26.7831,343,Vehicle,ChannelLoad,0.08504,0
26.7832,1458,RSU,ChannelLoad,0.10944,0
26.7832,1458,RSU,ChannelLoad,0.10944,0
26.7843,8165,Vehicle,TX_Throughput,4560,0
26.7843,8165,Vehicle,TX_ObjectCount,0,0
26.7844,6902,RSU,TX_Throughput,5280,0
26.7844,6902,RSU,TX_ObjectCount,1,0
26.7844,3319,Vehicle,ChannelLoad,0.07976,0
26.7844,3319,Vehicle,ChannelLoad,0.07976,0
26.7853,7352,Vehicle,TX_Throughput,4560,0
26.7853,7352,Vehicle,TX_ObjectCount,0,0
26.7855,3541,RSU,TX_Throughput,8080,0
26.7855,3541,RSU,TX_ObjectCount,2,0
26.7857,2126,RSU,TX_Throughput,8080,0
26.7857,2126,RSU,TX_ObjectCount,2,0
26.7863,1532,Vehicle,ChannelLoad,0.09688,0
26.7863,1532,Vehicle,ChannelLoad,0.09688,0
26.7863,107,Vehicle,TX_Throughput,4560,0
26.7863,107,Vehicle,TX_ObjectCount,0,0
26.7865,3392,Vehicle,ChannelLoad,0.06832,0
26.7865,3392,Vehicle,ChannelLoad,0.06832,0
26.7865,5627,RSU,ChannelLoad,0.12184,0
26.7865,5627,RSU,ChannelLoad,0.12184,0
26.7871,416,Vehicle,ChannelLoad,0.07544,0
26.7871,416,Vehicle,ChannelLoad,0.07544,0
26.7873,2200,Vehicle,TX_Throughput,4560,0
26.7873,2200,Vehicle,TX_ObjectCount,0,0
26.7873,7129,Vehicle,TX_Throughput,4560,0
26.7873,7129,Vehicle,TX_ObjectCount,0,0
26.7885,2495,RSU,ChannelLoad,0.10336,0
26.7885,2495,RSU,ChannelLoad,0.10336,0
26.7891,8384,RSU,TX_Throughput,5280,0
26.7891,8384,RSU,TX_ObjectCount,1,0
26.7894,2569,RSU,ChannelLoad,0.09912,0
26.7894,2569,RSU,ChannelLoad,0.09912,0
26.7902,7647,Vehicle,TX_Throughput,7760,0
26.7902,7647,Vehicle,TX_ObjectCount,1,0
26.7916,8618,RSU,ChannelLoad,0.07056,0
26.7916,8618,RSU,ChannelLoad,0.07056,0
26.7917,7868,Vehicle,ChannelLoad,0.05352,0
26.7917,7868,Vehicle,ChannelLoad,0.05352,0
26.792,3619,Vehicle,TX_Throughput,4560,0
26.792,3619,Vehicle,TX_ObjectCount,0,0
26.792,5701,RSU,ChannelLoad,0.11984,0
26.792,5701,RSU,ChannelLoad,0.11984,0
26.7928,5775,Vehicle,ChannelLoad,0.08576,0
26.7928,5775,Vehicle,ChannelLoad,0.08576,0
26.7932,1532,Vehicle,TX_Throughput,7760,0
26.7932,1532,Vehicle,TX_ObjectCount,1,0
26.7939,489,Vehicle,ChannelLoad,0.03936,0
26.7939,489,Vehicle,ChannelLoad,0.03936,0
26.7941,1014,Vehicle,TX_Throughput,7760,0
26.7941,1014,Vehicle,TX_ObjectCount,1,0
26.7955,9133,Vehicle,TX_Throughput,4560,0
26.7955,9133,Vehicle,TX_ObjectCount,0,0
26.796,8694,RSU,ChannelLoad,0.10776,0
26.796,8694,RSU,ChannelLoad,0.10776,0
26.7961,3467,RSU,ChannelLoad,0.10608,0
26.7961,3467,RSU,ChannelLoad,0.10608,0
26.7961,562,Vehicle,ChannelLoad,0.07976,0
26.7961,562,Vehicle,ChannelLoad,0.07976,0
26.7962,4892,Vehicle,TX_Throughput,4560,0
26.7962,4892,Vehicle,TX_ObjectCount,0,0
26.7966,1605,Vehicle,ChannelLoad,0.05032,0
26.7966,1605,Vehicle,ChannelLoad,0.05032,0
26.797,2649,Vehicle,TX_Throughput,10560,0
26.797,2649,Vehicle,TX_ObjectCount,2,0
26.7972,1458,RSU,TX_Throughput,8080,0
26.7972,1458,RSU,TX_ObjectCount,2,0
26.7978,3541,RSU,ChannelLoad,0.07336,0
26.7978,3541,RSU,ChannelLoad,0.07336,0
26.7981,2347,Vehicle,TX_Throughput,7760,0
26.7981,2347,Vehicle,TX_ObjectCount,1,0
26.7987,10015,Vehicle,TX_Throughput,4560,0
26.7987,10015,Vehicle,TX_ObjectCount,0,0
26.7997,5040,Vehicle,TX_Throughput,4560,0
26.7997,5040,Vehicle,TX_ObjectCount,0,0
26.8009,7943,Vehicle,ChannelLoad,0.0396,0
26.8009,7943,Vehicle,ChannelLoad,0.0396,0
26.8017,1828,Vehicle,TX_Throughput,4560,0
26.8017,1828,Vehicle,TX_ObjectCount,0,0
26.802,639,Vehicle,ChannelLoad,0.05448,0
26.802,639,Vehicle,ChannelLoad,0.05448,0
26.8023,8768,Vehicle,ChannelLoad,0.04832,0
26.8023,8768,Vehicle,ChannelLoad,0.04832,0
26.8025,3467,RSU,TX_Throughput,8080,0
26.8025,3467,RSU,TX_ObjectCount,2,0
26.8026,8841,Vehicle,ChannelLoad,0.06848,0
26.8026,8841,Vehicle,ChannelLoad,0.06848,0
26.8035,8470,Vehicle,TX_Throughput,4560,0
26.8035,8470,Vehicle,TX_ObjectCount,0,0
26.8037,7055,RSU,ChannelLoad,0.07328,0
26.8037,7055,RSU,ChannelLoad,0.07328,0
26.8038,3168,Vehicle,TX_Throughput,4560,0
26.8038,3168,Vehicle,TX_ObjectCount,0,0
26.8039,2799,Vehicle,TX_Throughput,10560,0
26.8039,2799,Vehicle,TX_ObjectCount,2,0
26.8047,5481,Vehicle,TX_Throughput,10560,0
26.8047,5481,Vehicle,TX_ObjectCount,2,0
26.8047,29,RSU,ChannelLoad,0.11064,0
26.8047,29,RSU,ChannelLoad,0.11064,0
26.8053,3319,Vehicle,TX_Throughput,4560,0
26.8053,3319,Vehicle,TX_ObjectCount,0,0
26.8054,7425,Vehicle,TX_Throughput,10560,0
26.8054,7425,Vehicle,TX_ObjectCount,2,0
26.8059,712,Vehicle,ChannelLoad,0.07728,0
26.8059,712,Vehicle,ChannelLoad,0.07728,0
26.8067,6664,Vehicle,TX_Throughput,4560,0
26.8067,6664,Vehicle,TX_ObjectCount,0,0
26.8072,9940,Vehicle,TX_Throughput,4560,0
26.8072,9940,Vehicle,TX_ObjectCount,0,0
26.8078,5852,Vehicle,ChannelLoad,0.05408,0
26.8078,5852,Vehicle,ChannelLoad,0.05408,0
26.8083,6223,Vehicle,TX_Throughput,7760,0
26.8083,6223,Vehicle,TX_ObjectCount,1,0
26.8084,6747,Vehicle,TX_Throughput,4560,0
26.8084,6747,Vehicle,TX_ObjectCount,0,0
26.8089,1678,Vehicle,ChannelLoad,0.06208,0
26.8089,1678,Vehicle,ChannelLoad,0.06208,0
26.8091,5998,Vehicle,TX_Throughput,4560,0
26.8091,5998,Vehicle,TX_ObjectCount,0,0
26.8092,2874,Vehicle,TX_Throughput,4560,0
26.8092,2874,Vehicle,TX_ObjectCount,0,0
26.8094,6518,Vehicle,TX_Throughput,7760,0
26.8094,6518,Vehicle,TX_ObjectCount,1,0
26.8105,270,Vehicle,TX_Throughput,10560,0
26.8105,270,Vehicle,TX_ObjectCount,2,0
26.811,6372,Vehicle,TX_Throughput,4560,0
26.811,6372,Vehicle,TX_ObjectCount,0,0
26.8121,5925,Vehicle,ChannelLoad,0.03952,0
26.8121,5925,Vehicle,ChannelLoad,0.03952,0
26.8131,5998,Vehicle,ChannelLoad,0.0636,0
26.8131,5998,Vehicle,ChannelLoad,0.0636,0
26.8136,9794,Vehicle,TX_Throughput,4560,0
26.8136,9794,Vehicle,TX_ObjectCount,0,0
26.8138,2724,Vehicle,TX_Throughput,4560,0
26.8138,2724,Vehicle,TX_ObjectCount,0,0
26.8147,5260,RSU,TX_Throughput,8080,0
26.8147,5260,RSU,TX_ObjectCount,2,0
26.8147,3619,Vehicle,ChannelLoad,0.03936,0
26.8147,3619,Vehicle,ChannelLoad,0.03936,0
26.8151,712,Vehicle,TX_Throughput,7760,0
26.8151,712,Vehicle,TX_ObjectCount,1,0
26.8152,7129,Vehicle,ChannelLoad,0.06368,0
26.8152,7129,Vehicle,ChannelLoad,0.06368,0
26.8156,639,Vehicle,TX_Throughput,4560,0
26.8156,639,Vehicle,TX_ObjectCount,0,0
26.816,3020,Vehicle,TX_Throughput,4560,0
26.816,3020,Vehicle,TX_ObjectCount,0,0
26.8163,7202,RSU,ChannelLoad,0.08264,0
26.8163,7202,RSU,ChannelLoad,0.08264,0
26.8166,182,RSU,TX_Throughput,8080,0
26.8166,182,RSU,TX_ObjectCount,2,0
26.8167,8914,Vehicle,ChannelLoad,0.03152,0
26.8167,8914,Vehicle,ChannelLoad,0.03152,0
26.8168,1755,Vehicle,ChannelLoad,0.09928,0
26.8168,1755,Vehicle,ChannelLoad,0.09928,0
26.8169,6071,Vehicle,ChannelLoad,0.05288,0
26.8169,6071,Vehicle,ChannelLoad,0.05288,0
26.8171,862,Vehicle,TX_Throughput,7760,0
26.8171,862,Vehicle,TX_ObjectCount,1,0
26.8172,2649,Vehicle,ChannelLoad,0.0512,0
26.8172,2649,Vehicle,ChannelLoad,0.0512,0
26.8175,1901,RSU,TX_Throughput,2080,0
26.8175,1901,RSU,TX_ObjectCount,0,0
26.8182,8987,Vehicle,ChannelLoad,0.06664,0
26.8182,8987,Vehicle,ChannelLoad,0.06664,0
26.8183,787,Vehicle,ChannelLoad,0.03728,0
26.8183,787,Vehicle,ChannelLoad,0.03728,0
26.8186,2724,Vehicle,ChannelLoad,0.06528,0
26.8186,2724,Vehicle,ChannelLoad,0.06528,0
26.8188,107,Vehicle,ChannelLoad,0.07608,0
26.8188,107,Vehicle,ChannelLoad,0.07608,0
26.8191,2273,RSU,TX_Throughput,10880,0
26.8191,2273,RSU,TX_ObjectCount,3,0
26.8197,7720,Vehicle,TX_Throughput,4560,0
26.8197,7720,Vehicle,TX_ObjectCount,0,0
26.8201,182,RSU,ChannelLoad,0.08272,0
26.8201,182,RSU,ChannelLoad,0.08272,0
26.8202,862,Vehicle,ChannelLoad,0.07416,0
26.8202,862,Vehicle,ChannelLoad,0.07416,0
26.8207,6976,Vehicle,TX_Throughput,7760,0
26.8207,6976,Vehicle,TX_ObjectCount,1,0
26.821,8018,Vehicle,ChannelLoad,0.04976,0
26.821,8018,Vehicle,ChannelLoad,0.04976,0
26.8212,9060,Vehicle,ChannelLoad,0.07376,0
26.8212,9060,Vehicle,ChannelLoad,0.07376,0
26.8212,2051,Vehicle,TX_Throughput,7760,0
26.8212,2051,Vehicle,TX_ObjectCount,1,0
26.8223,1828,Vehicle,ChannelLoad,0.04504,0
26.8223,1828,Vehicle,ChannelLoad,0.04504,0
26.8228,6146,Vehicle,ChannelLoad,0.06744,0
26.8228,6146,Vehicle,ChannelLoad,0.06744,0
26.8231,1901,RSU,ChannelLoad,0.06264,0
26.8231,1901,RSU,ChannelLoad,0.06264,0
26.8231,7795,Vehicle,TX_Throughput,10560,0
26.8231,7795,Vehicle,TX_ObjectCount,2,0
26.8237,3692,Vehicle,ChannelLoad,0.09184,0
26.8237,3692,Vehicle,ChannelLoad,0.09184,0
26.8238,9281,Vehicle,TX_Throughput,7760,0
26.8238,9281,Vehicle,TX_ObjectCount,1,0
26.8244,5627,RSU,TX_Throughput,10880,0
26.8244,5627,RSU,TX_ObjectCount,3,0
26.825,2799,Vehicle,ChannelLoad,0.0668,0
26.825,2799,Vehicle,ChannelLoad,0.0668,0
26.8251,8694,RSU,TX_Throughput,8080,0
26.8251,8694,RSU,TX_ObjectCount,2,0
26.8256,9133,Vehicle,ChannelLoad,0.0912,0
26.8256,9133,Vehicle,ChannelLoad,0.0912,0
26.8281,6826,RSU,TX_Throughput,5280,0
26.8281,6826,RSU,TX_ObjectCount,1,0
26.8282,3989,RSU,TX_Throughput,5280,0
26.8282,3989,RSU,TX_ObjectCount,1,0
26.8286,2947,Vehicle,TX_Throughput,4560,0
26.8286,2947,Vehicle,TX_ObjectCount,0,0
26.8289,8091,RSU,ChannelLoad,0.09624,0
26.8289,8091,RSU,ChannelLoad,0.09624,0
26.829,9574,Vehicle,TX_Throughput,7760,0
26.829,9574,Vehicle,TX_ObjectCount,1,0
26.8294,3765,RSU,TX_Throughput,5280,0
26.8294,3765,RSU,TX_ObjectCount,1,0
26.8315,8091,RSU,TX_Throughput,8080,0
26.8315,8091,RSU,TX_ObjectCount,2,0
26.8317,8311,Vehicle,TX_Throughput,4560,0
26.8317,8311,Vehicle,TX_ObjectCount,0,0
26.8318,937,Vehicle,ChannelLoad,0.09048,0
26.8318,937,Vehicle,ChannelLoad,0.09048,0
26.8319,4512,Vehicle,TX_Throughput,7760,0
26.8319,4512,Vehicle,TX_ObjectCount,1,0
26.8326,8165,Vehicle,ChannelLoad,0.05704,0
26.8326,8165,Vehicle,ChannelLoad,0.05704,0
26.8327,9060,Vehicle,TX_Throughput,4560,0
26.8327,9060,Vehicle,TX_ObjectCount,0,0
26.8333,3765,RSU,ChannelLoad,0.05424,0
26.8333,3765,RSU,ChannelLoad,0.05424,0
26.8334,3692,Vehicle,TX_Throughput,10560,0
26.8334,3692,Vehicle,TX_ObjectCount,2,0
26.8336,5187,Vehicle,TX_Throughput,7760,0
26.8336,5187,Vehicle,TX_ObjectCount,1,0
26.834,8768,Vehicle,TX_Throughput,4560,0
26.834,8768,Vehicle,TX_ObjectCount,0,0
26.8341,416,Vehicle,TX_Throughput,7760,0
26.8341,416,Vehicle,TX_ObjectCount,1,0
26.8342,7055,RSU,TX_Throughput,8080,0
26.8342,7055,RSU,TX_ObjectCount,2,0
26.8343,6223,Vehicle,ChannelLoad,0.0724,0
26.8343,6223,Vehicle,ChannelLoad,0.0724,0
26.8344,29,RSU,TX_Throughput,10880,0
26.8344,29,RSU,TX_ObjectCount,3,0
26.8344,562,Vehicle,TX_Throughput,4560,0
26.8344,562,Vehicle,TX_ObjectCount,0,0
26.8346,9501,Vehicle,TX_Throughput,4560,0
26.8346,9501,Vehicle,TX_ObjectCount,0,0
26.8348,1755,Vehicle,TX_Throughput,4560,0
26.8348,1755,Vehicle,TX_ObjectCount,0,0
26.835,2569,RSU,TX_Throughput,8080,0
26.835,2569,RSU,TX_ObjectCount,2,0
26.8352,7278,RSU,ChannelLoad,0.08968,0
26.8352,7278,RSU,ChannelLoad,0.08968,0
26.8359,5113,RSU,TX_Throughput,8080,0
26.8359,5113,RSU,TX_ObjectCount,2,0
26.8369,7352,Vehicle,ChannelLoad,0.04256,0
26.8369,7352,Vehicle,ChannelLoad,0.04256,0
26.837,5701,RSU,TX_Throughput,10880,0
26.837,5701,RSU,TX_ObjectCount,3,0
26.837,3839,Vehicle,ChannelLoad,0.07576,0
26.837,3839,Vehicle,ChannelLoad,0.07576,0
26.8374,4599,Vehicle,ChannelLoad,0.06416,0
26.8374,4599,Vehicle,ChannelLoad,0.06416,0
26.8376,3912,Vehicle,ChannelLoad,0.03904,0
26.8376,3912,Vehicle,ChannelLoad,0.03904,0
26.8379,8311,Vehicle,ChannelLoad,0.06008,0
26.8379,8311,Vehicle,ChannelLoad,0.06008,0
26.838,2874,Vehicle,ChannelLoad,0.02672,0
26.838,2874,Vehicle,ChannelLoad,0.02672,0
26.8384,4360,Vehicle,TX_Throughput,4560,0
26.8384,4360,Vehicle,TX_ObjectCount,0,0
26.8385,6071,Vehicle,TX_Throughput,4560,0
26.8385,6071,Vehicle,TX_ObjectCount,0,0
26.8389,6298,RSU,ChannelLoad,0.10032,0
26.8389,6298,RSU,ChannelLoad,0.10032,0
26.8393,7425,Vehicle,ChannelLoad,0.05688,0
26.8393,7425,Vehicle,ChannelLoad,0.05688,0
26.8399,6372,Vehicle,ChannelLoad,0.0652,0
26.8399,6372,Vehicle,ChannelLoad,0.0652,0
26.8404,1014,Vehicle,ChannelLoad,0.05576,0
26.8404,1014,Vehicle,ChannelLoad,0.05576,0
26.8414,8384,RSU,ChannelLoad,0.08096,0
26.8414,8384,RSU,ChannelLoad,0.08096,0
26.8417,4745,Vehicle,TX_Throughput,4560,0
26.8417,4745,Vehicle,TX_ObjectCount,0,0
26.8422,1977,RSU,TX_Throughput,2080,0
26.8422,1977,RSU,TX_ObjectCount,0,0
26.8429,3912,Vehicle,TX_Throughput,4560,0
26.8429,3912,Vehicle,TX_ObjectCount,0,0
26.8431,1165,Vehicle,TX_Throughput,7760,0
26.8431,1165,Vehicle,TX_ObjectCount,1,0
26.8436,7943,Vehicle,TX_Throughput,4560,0
26.8436,7943,Vehicle,TX_ObjectCount,0,0
26.8437,9208,Vehicle,ChannelLoad,0.04544,0
26.8437,9208,Vehicle,ChannelLoad,0.04544,0
26.8438,343,Vehicle,TX_Throughput,7760,0
26.8438,343,Vehicle,TX_ObjectCount,1,0
26.8447,9281,Vehicle,ChannelLoad,0.04184,0
26.8447,9281,Vehicle,ChannelLoad,0.04184,0
26.8449,4672,Vehicle,ChannelLoad,0.0824,0
26.8449,4672,Vehicle,ChannelLoad,0.0824,0
26.8452,4287,Vehicle,TX_Throughput,4560,0
26.8452,4287,Vehicle,TX_ObjectCount,0,0
26.8454,1678,Vehicle,TX_Throughput,4560,0
26.8454,1678,Vehicle,TX_ObjectCount,0,0
26.8459,6445,Vehicle,ChannelLoad,0.06008,0
26.8459,6445,Vehicle,ChannelLoad,0.06008,0
26.8461,9354,Vehicle,TX_Throughput,4560,0
26.8461,9354,Vehicle,TX_ObjectCount,0,0
26.8464,1089,RSU,ChannelLoad,0.10376,0
26.8464,1089,RSU,ChannelLoad,0.10376,0
26.8466,5334,Vehicle,TX_Throughput,4560,0
26.8466,5334,Vehicle,TX_ObjectCount,0,0
26.8469,9427,RSU,TX_Throughput,2080,0
26.8469,9427,RSU,TX_ObjectCount,0,0
26.8471,3989,RSU,ChannelLoad,0.06872,0
26.8471,3989,RSU,ChannelLoad,0.06872,0
26.8472,6518,Vehicle,ChannelLoad,0.04488,0
26.8472,6518,Vehicle,ChannelLoad,0.04488,0
26.8474,2420,Vehicle,TX_Throughput,7760,0
26.8474,2420,Vehicle,TX_ObjectCount,1,0
26.8477,6146,Vehicle,TX_Throughput,4560,0
26.8477,6146,Vehicle,TX_ObjectCount,0,0
26.8481,1238,Vehicle,TX_Throughput,7760,0
26.8481,1238,Vehicle,TX_ObjectCount,1,0
26.8482,6591,Vehicle,ChannelLoad,0.03256,0
26.8482,6591,Vehicle,ChannelLoad,0.03256,0
26.8483,6445,Vehicle,TX_Throughput,4560,0
26.8483,6445,Vehicle,TX_ObjectCount,0,0
26.8488,1977,RSU,ChannelLoad,0.09464,0
26.8488,1977,RSU,ChannelLoad,0.09464,0
26.8488,4745,Vehicle,ChannelLoad,0.06696,0
26.8488,4745,Vehicle,ChannelLoad,0.06696,0
26.8492,4063,RSU,ChannelLoad,0.06256,0
26.8492,4063,RSU,ChannelLoad,0.06256,0
26.8496,9354,Vehicle,ChannelLoad,0.09408,0
26.8496,9354,Vehicle,ChannelLoad,0.09408,0
26.8496,5852,Vehicle,TX_Throughput,16160,0
26.8496,5852,Vehicle,TX_ObjectCount,4,0
26.8499,4137,Vehicle,ChannelLoad,0.08776,0
26.8499,4137,Vehicle,ChannelLoad,0.08776,0
26.8511,8543,Vehicle,TX_Throughput,4560,0
26.8511,8543,Vehicle,TX_ObjectCount,0,0
26.8527,9427,RSU,ChannelLoad,0.08672,0
26.8527,9427,RSU,ChannelLoad,0.08672,0
26.8528,6664,Vehicle,ChannelLoad,0.04616,0
26.8528,6664,Vehicle,ChannelLoad,0.04616,0
26.8528,4818,RSU,ChannelLoad,0.0764,0
26.8528,4818,RSU,ChannelLoad,0.0764,0
26.8533,2051,Vehicle,ChannelLoad,0.10984,0
26.8533,2051,Vehicle,ChannelLoad,0.10984,0
26.8539,937,Vehicle,TX_Throughput,4560,0
26.8539,937,Vehicle,TX_ObjectCount,0,0
26.8557,1385,Vehicle,TX_Throughput,4560,0
26.8557,1385,Vehicle,TX_ObjectCount,0,0
26.8561,7500,RSU,ChannelLoad,0.07928,0
26.8561,7500,RSU,ChannelLoad,0.07928,0
26.8562,4212,Vehicle,ChannelLoad,0.06344,0
26.8562,4212,Vehicle,ChannelLoad,0.06344,0
26.8572,9501,Vehicle,ChannelLoad,0.06736,0
26.8572,9501,Vehicle,ChannelLoad,0.06736,0
26.8582,2947,Vehicle,ChannelLoad,0.05016,0
26.8582,2947,Vehicle,ChannelLoad,0.05016,0
26.8586,7574,Vehicle,ChannelLoad,0.07232,0
26.8586,7574,Vehicle,ChannelLoad,0.07232,0
26.8589,4063,RSU,TX_Throughput,2080,0
26.8589,4063,RSU,TX_ObjectCount,0,0
26.8589,9574,Vehicle,ChannelLoad,0.02808,0
26.8589,9574,Vehicle,ChannelLoad,0.02808,0
26.859,1165,Vehicle,ChannelLoad,0.0496,0
26.859,1165,Vehicle,ChannelLoad,0.0496,0
26.859,5407,RSU,TX_Throughput,8080,0
26.859,5407,RSU,TX_ObjectCount,2,0
26.8594,3020,Vehicle,ChannelLoad,0.05944,0
26.8594,3020,Vehicle,ChannelLoad,0.05944,0
26.8595,7574,Vehicle,TX_Throughput,7760,0
26.8595,7574,Vehicle,TX_ObjectCount,1,0
26.8597,6591,Vehicle,TX_Throughput,4560,0
26.8597,6591,Vehicle,TX_ObjectCount,0,0
26.86,489,Vehicle,TX_Throughput,4560,0
26.86,489,Vehicle,TX_ObjectCount,0,0
26.8602,3243,RSU,TX_Throughput,2080,0
26.8602,3243,RSU,TX_ObjectCount,0,0
26.8603,3839,Vehicle,TX_Throughput,13360,0
26.8603,3839,Vehicle,TX_ObjectCount,3,0
26.8603,7868,Vehicle,TX_Throughput,4560,0
26.8603,7868,Vehicle,TX_ObjectCount,0,0
26.8604,9721,Vehicle,TX_Throughput,7760,0
26.8604,9721,Vehicle,TX_ObjectCount,1,0
26.8613,8018,Vehicle,TX_Throughput,4560,0
26.8613,8018,Vehicle,TX_ObjectCount,0,0
26.8613,1238,Vehicle,ChannelLoad,0.06288,0
26.8613,1238,Vehicle,ChannelLoad,0.06288,0
26.8615,9867,Vehicle,TX_Throughput,4560,0
26.8615,9867,Vehicle,TX_ObjectCount,0,0
26.8621,8618,RSU,TX_Throughput,2080,0
26.8621,8618,RSU,TX_ObjectCount,0,0
26.8622,9647,RSU,ChannelLoad,0.10432,0
26.8622,9647,RSU,ChannelLoad,0.10432,0
26.8627,4818,RSU,TX_Throughput,8080,0
26.8627,4818,RSU,TX_ObjectCount,2,0
26.8631,4137,Vehicle,TX_Throughput,4560,0
26.8631,4137,Vehicle,TX_ObjectCount,0,0
26.8632,4599,Vehicle,TX_Throughput,7760,0
26.8632,4599,Vehicle,TX_ObjectCount,1,0
26.8634,4672,Vehicle,TX_Throughput,7760,0
26.8634,4672,Vehicle,TX_ObjectCount,1,0
26.8637,9721,Vehicle,ChannelLoad,0.07584,0
26.8637,9721,Vehicle,ChannelLoad,0.07584,0
26.8637,3095,Vehicle,ChannelLoad,0.08216,0
26.8637,3095,Vehicle,ChannelLoad,0.08216,0
26.8638,9208,Vehicle,TX_Throughput,4560,0
26.8638,9208,Vehicle,TX_ObjectCount,0,0
26.8647,2126,RSU,ChannelLoad,0.08352,0
26.8647,2126,RSU,ChannelLoad,0.08352,0
26.8649,1311,RSU,ChannelLoad,0.07176,0
26.8649,1311,RSU,ChannelLoad,0.07176,0
26.8652,4892,Vehicle,ChannelLoad,0.05328,0
26.8652,4892,Vehicle,ChannelLoad,0.05328,0
26.8654,2200,Vehicle,ChannelLoad,0.08064,0
26.8654,2200,Vehicle,ChannelLoad,0.08064,0
26.8663,4287,Vehicle,ChannelLoad,0.06912,0
26.8663,4287,Vehicle,ChannelLoad,0.06912,0
26.8669,4439,Vehicle,TX_Throughput,4560,0
26.8669,4439,Vehicle,TX_ObjectCount,0,0
26.867,4967,Vehicle,TX_Throughput,7760,0
26.867,4967,Vehicle,TX_ObjectCount,1,0
26.8672,6298,RSU,TX_Throughput,2080,0
26.8672,6298,RSU,TX_ObjectCount,0,0
26.8674,8914,Vehicle,TX_Throughput,4560,0
26.8674,8914,Vehicle,TX_ObjectCount,0,0
26.8674,6747,Vehicle,ChannelLoad,0.07624,0
26.8674,6747,Vehicle,ChannelLoad,0.07624,0
26.868,4967,Vehicle,ChannelLoad,0.05712,0
26.868,4967,Vehicle,ChannelLoad,0.05712,0
26.8682,3168,Vehicle,ChannelLoad,0.05336,0
26.8682,3168,Vehicle,ChannelLoad,0.05336,0
26.8684,5040,Vehicle,ChannelLoad,0.0632,0
26.8684,5040,Vehicle,ChannelLoad,0.0632,0
26.8687,4360,Vehicle,ChannelLoad,0.10088,0
26.8687,4360,Vehicle,ChannelLoad,0.10088,0
26.8688,1605,Vehicle,TX_Throughput,4560,0
26.8688,1605,Vehicle,TX_ObjectCount,0,0
26.8696,5113,RSU,ChannelLoad,0.09824,0
26.8696,5113,RSU,ChannelLoad,0.09824,0
26.8697,8987,Vehicle,TX_Throughput,4560,0
26.8697,8987,Vehicle,TX_ObjectCount,0,0
26.8698,3243,RSU,ChannelLoad,0.08344,0
26.8698,3243,RSU,ChannelLoad,0.08344,0
26.8698,9794,Vehicle,ChannelLoad,0.03616,0
26.8698,9794,Vehicle,ChannelLoad,0.03616,0
26.87,2273,RSU,ChannelLoad,0.10808,0
26.87,2273,RSU,ChannelLoad,0.10808,0
26.8701,8470,Vehicle,ChannelLoad,0.07528,0
26.8701,8470,Vehicle,ChannelLoad,0.07528,0
26.8702,5187,Vehicle,ChannelLoad,0.06896,0
26.8702,5187,Vehicle,ChannelLoad,0.06896,0
26.8709,1385,Vehicle,ChannelLoad,0.05704,0
26.8709,1385,Vehicle,ChannelLoad,0.05704,0
26.871,270,Vehicle,ChannelLoad,0.06168,0
26.871,270,Vehicle,ChannelLoad,0.06168,0
26.8719,9867,Vehicle,ChannelLoad,0.05152,0
26.8719,9867,Vehicle,ChannelLoad,0.05152,0
26.8722,9647,RSU,TX_Throughput,10880,0
26.8722,9647,RSU,TX_ObjectCount,3,0
26.8723,5260,RSU,ChannelLoad,0.09832,0
26.8723,5260,RSU,ChannelLoad,0.09832,0
26.8725,5925,Vehicle,TX_Throughput,4560,0
26.8725,5925,Vehicle,TX_ObjectCount,0,0
26.8727,2347,Vehicle,ChannelLoad,0.06368,0
26.8727,2347,Vehicle,ChannelLoad,0.06368,0
26.8727,7202,RSU,TX_Throughput,8080,0
26.8727,7202,RSU,TX_ObjectCount,2,0
26.8735,787,Vehicle,TX_Throughput,4560,0
26.8735,787,Vehicle,TX_ObjectCount,0,0
26.8742,7647,Vehicle,ChannelLoad,0.04136,0
26.8742,7647,Vehicle,ChannelLoad,0.04136,0
26.8756,8841,Vehicle,TX_Throughput,4560,0
26.8756,8841,Vehicle,TX_ObjectCount,0,0
26.8759,5334,Vehicle,ChannelLoad,0.07984,0
26.8759,5334,Vehicle,ChannelLoad,0.07984,0
26.8762,5407,RSU,ChannelLoad,0.08352,0
26.8762,5407,RSU,ChannelLoad,0.08352,0
26.8765,9940,Vehicle,ChannelLoad,0.05064,0
26.8765,9940,Vehicle,ChannelLoad,0.05064,0
26.8771,5554,Vehicle,TX_Throughput,4560,0
26.8771,5554,Vehicle,TX_ObjectCount,0,0
26.8777,4439,Vehicle,ChannelLoad,0.08472,0
26.8777,4439,Vehicle,ChannelLoad,0.08472,0
26.8777,2420,Vehicle,ChannelLoad,0.06072,0
26.8777,2420,Vehicle,ChannelLoad,0.06072,0
26.8778,6826,RSU,ChannelLoad,0.13,0
26.8778,6826,RSU,ChannelLoad,0.13,0
26.8781,2495,RSU,TX_Throughput,2080,0
26.8781,2495,RSU,TX_ObjectCount,0,0
26.8782,7720,Vehicle,ChannelLoad,0.06304,0
26.8782,7720,Vehicle,ChannelLoad,0.06304,0
26.8782,8543,Vehicle,ChannelLoad,0.05928,0
26.8782,8543,Vehicle,ChannelLoad,0.05928,0
26.8782,3095,Vehicle,TX_Throughput,7760,0
26.8782,3095,Vehicle,TX_ObjectCount,1,0
26.8784,7500,RSU,TX_Throughput,2080,0
26.8784,7500,RSU,TX_ObjectCount,0,0
26.8786,10015,Vehicle,ChannelLoad,0.0892,0
26.8786,10015,Vehicle,ChannelLoad,0.0892,0
26.8794,3392,Vehicle,TX_Throughput,4560,0
26.8794,3392,Vehicle,TX_ObjectCount,0,0
26.88,4512,Vehicle,ChannelLoad,0.07304,0
26.88,4512,Vehicle,ChannelLoad,0.07304,0
26.8801,6902,RSU,ChannelLoad,0.058,0
26.8801,6902,RSU,ChannelLoad,0.058,0
26.8805,7795,Vehicle,ChannelLoad,0.06312,0
26.8805,7795,Vehicle,ChannelLoad,0.06312,0
26.8814,5775,Vehicle,TX_Throughput,4560,0
26.8814,5775,Vehicle,TX_ObjectCount,0,0
26.8816,1311,RSU,TX_Throughput,5280,0
26.8816,1311,RSU,TX_ObjectCount,1,0
26.8817,1089,RSU,TX_Throughput,19280,0
26.8817,1089,RSU,TX_ObjectCount,6,0
26.8818,6976,Vehicle,ChannelLoad,0.06904,0
26.8818,6976,Vehicle,ChannelLoad,0.06904,0
26.8819,5481,Vehicle,ChannelLoad,0.07448,0
26.8819,5481,Vehicle,ChannelLoad,0.07448,0
26.882,5554,Vehicle,ChannelLoad,0.07584,0
26.882,5554,Vehicle,ChannelLoad,0.07584,0
26.8824,4212,Vehicle,TX_Throughput,4560,0
26.8824,4212,Vehicle,TX_ObjectCount,0,0
26.8825,7278,RSU,TX_Throughput,8080,0
26.8825,7278,RSU,TX_ObjectCount,2,0
26.8831,343,Vehicle,ChannelLoad,0.07544,0
26.8831,343,Vehicle,ChannelLoad,0.07544,0
26.8832,1458,RSU,ChannelLoad,0.11024,0
26.8832,1458,RSU,ChannelLoad,0.11024,0
26.8843,8165,Vehicle,TX_Throughput,4560,0
26.8843,8165,Vehicle,TX_ObjectCount,0,0
26.8844,6902,RSU,TX_Throughput,5280,0
26.8844,6902,RSU,TX_ObjectCount,1,0
26.8844,3319,Vehicle,ChannelLoad,0.07432,0
26.8844,3319,Vehicle,ChannelLoad,0.07432,0
26.8853,7352,Vehicle,TX_Throughput,4560,0
26.8853,7352,Vehicle,TX_ObjectCount,0,0
26.8855,3541,RSU,TX_Throughput,5280,0
26.8855,3541,RSU,TX_ObjectCount,1,0
26.8857,2126,RSU,TX_Throughput,13680,0
26.8857,2126,RSU,TX_ObjectCount,4,0
26.8863,1532,Vehicle,ChannelLoad,0.10632,0
26.8863,1532,Vehicle,ChannelLoad,0.10632,0
26.8863,107,Vehicle,TX_Throughput,4560,0
26.8863,107,Vehicle,TX_ObjectCount,0,0
26.8865,3392,Vehicle,ChannelLoad,0.06464,0
26.8865,3392,Vehicle,ChannelLoad,0.06464,0
26.8865,5627,RSU,ChannelLoad,0.11528,0
26.8865,5627,RSU,ChannelLoad,0.11528,0
26.8871,416,Vehicle,ChannelLoad,0.07696,0
26.8871,416,Vehicle,ChannelLoad,0.07696,0
26.8873,2200,Vehicle,TX_Throughput,7760,0
26.8873,2200,Vehicle,TX_ObjectCount,1,0
26.8873,7129,Vehicle,TX_Throughput,4560,0
26.8873,7129,Vehicle,TX_ObjectCount,0,0
26.8885,2495,RSU,ChannelLoad,0.09152,0
26.8885,2495,RSU,ChannelLoad,0.09152,0
26.8891,8384,RSU,TX_Throughput,5280,0
26.8891,8384,RSU,TX_ObjectCount,1,0
26.8894,2569,RSU,ChannelLoad,0.09432,0
26.8894,2569,RSU,ChannelLoad,0.09432,0
26.8902,7647,Vehicle,TX_Throughput,4560,0
26.8902,7647,Vehicle,TX_ObjectCount,0,0
26.8916,8618,RSU,ChannelLoad,0.07304,0
26.8916,8618,RSU,ChannelLoad,0.07304,0
26.8917,7868,Vehicle,ChannelLoad,0.05192,0
26.8917,7868,Vehicle,ChannelLoad,0.05192,0
26.892,3619,Vehicle,TX_Throughput,7760,0
26.892,3619,Vehicle,TX_ObjectCount,1,0
26.892,5701,RSU,ChannelLoad,0.11992,0
26.892,5701,RSU,ChannelLoad,0.11992,0
26.8928,5775,Vehicle,ChannelLoad,0.08856,0
26.8928,5775,Vehicle,ChannelLoad,0.08856,0
26.8932,1532,Vehicle,TX_Throughput,4560,0
26.8932,1532,Vehicle,TX_ObjectCount,0,0
26.8939,489,Vehicle,ChannelLoad,0.05528,0
26.8939,489,Vehicle,ChannelLoad,0.05528,0
26.8941,1014,Vehicle,TX_Throughput,4560,0
26.8941,1014,Vehicle,TX_ObjectCount,0,0
26.8955,9133,Vehicle,TX_Throughput,7760,0
26.8955,9133,Vehicle,TX_ObjectCount,1,0
26.896,8694,RSU,ChannelLoad,0.09552,0
26.896,8694,RSU,ChannelLoad,0.09552,0
26.8961,3467,RSU,ChannelLoad,0.10544,0
26.8961,3467,RSU,ChannelLoad,0.10544,0
26.8961,562,Vehicle,ChannelLoad,0.06352,0
26.8961,562,Vehicle,ChannelLoad,0.06352,0
26.8962,4892,Vehicle,TX_Throughput,4560,0
26.8962,4892,Vehicle,TX_ObjectCount,0,0
26.8966,1605,Vehicle,ChannelLoad,0.0484,0
26.8966,1605,Vehicle,ChannelLoad,0.0484,0
26.897,2649,Vehicle,TX_Throughput,10560,0
26.897,2649,Vehicle,TX_ObjectCount,2,0
26.8972,1458,RSU,TX_Throughput,10880,0
26.8972,1458,RSU,TX_ObjectCount,3,0
26.8978,3541,RSU,ChannelLoad,0.07376,0
26.8978,3541,RSU,ChannelLoad,0.07376,0
26.8981,2347,Vehicle,TX_Throughput,7760,0
26.8981,2347,Vehicle,TX_ObjectCount,1,0
26.8987,10015,Vehicle,TX_Throughput,7760,0
26.8987,10015,Vehicle,TX_ObjectCount,1,0
26.8997,5040,Vehicle,TX_Throughput,4560,0
26.8997,5040,Vehicle,TX_ObjectCount,0,0
26.9009,7943,Vehicle,ChannelLoad,0.04056,0
26.9009,7943,Vehicle,ChannelLoad,0.04056,0
26.9017,1828,Vehicle,TX_Throughput,10560,0
26.9017,1828,Vehicle,TX_ObjectCount,2,0
26.902,639,Vehicle,ChannelLoad,0.0612,0
26.902,639,Vehicle,ChannelLoad,0.0612,0
26.9023,8768,Vehicle,ChannelLoad,0.07688,0
26.9023,8768,Vehicle,ChannelLoad,0.07688,0
26.9025,3467,RSU,TX_Throughput,10880,0
26.9025,3467,RSU,TX_ObjectCount,3,0
26.9026,8841,Vehicle,ChannelLoad,0.07408,0
26.9026,8841,Vehicle,ChannelLoad,0.07408,0
26.9035,8470,Vehicle,TX_Throughput,4560,0
26.9035,8470,Vehicle,TX_ObjectCount,0,0
26.9037,7055,RSU,ChannelLoad,0.07992,0
26.9037,7055,RSU,ChannelLoad,0.07992,0
26.9038,3168,Vehicle,TX_Throughput,4560,0
26.9038,3168,Vehicle,TX_ObjectCount,0,0
26.9039,2799,Vehicle,TX_Throughput,7760,0
26.9039,2799,Vehicle,TX_ObjectCount,1,0
26.9047,5481,Vehicle,TX_Throughput,7760,0
26.9047,5481,Vehicle,TX_ObjectCount,1,0
26.9047,29,RSU,ChannelLoad,0.10064,0
26.9047,29,RSU,ChannelLoad,0.10064,0
26.9053,3319,Vehicle,TX_Throughput,4560,0
26.9053,3319,Vehicle,TX_ObjectCount,0,0
26.9054,7425,Vehicle,TX_Throughput,10560,0
26.9054,7425,Vehicle,TX_ObjectCount,2,0
26.9059,712,Vehicle,ChannelLoad,0.09056,0
26.9059,712,Vehicle,ChannelLoad,0.09056,0
26.9067,6664,Vehicle,TX_Throughput,7760,0
26.9067,6664,Vehicle,TX_ObjectCount,1,0
26.9072,9940,Vehicle,TX_Throughput,4560,0
26.9072,9940,Vehicle,TX_ObjectCount,0,0
26.9078,5852,Vehicle,ChannelLoad,0.05504,0
26.9078,5852,Vehicle,ChannelLoad,0.05504,0
26.9083,6223,Vehicle,TX_Throughput,4560,0
26.9083,6223,Vehicle,TX_ObjectCount,0,0
26.9084,6747,Vehicle,TX_Throughput,4560,0
26.9084,6747,Vehicle,TX_ObjectCount,0,0
26.9089,1678,Vehicle,ChannelLoad,0.06312,0
26.9089,1678,Vehicle,ChannelLoad,0.06312,0
26.9091,5998,Vehicle,TX_Throughput,4560,0
26.9091,5998,Vehicle,TX_ObjectCount,0,0
26.9092,2874,Vehicle,TX_Throughput,4560,0
26.9092,2874,Vehicle,TX_ObjectCount,0,0
26.9094,6518,Vehicle,TX_Throughput,10560,0
26.9094,6518,Vehicle,TX_ObjectCount,2,0
26.9105,270,Vehicle,TX_Throughput,7760,0
26.9105,270,Vehicle,TX_ObjectCount,1,0
26.911,6372,Vehicle,TX_Throughput,4560,0
26.911,6372,Vehicle,TX_ObjectCount,0,0
26.9121,5925,Vehicle,ChannelLoad,0.03464,0
26.9121,5925,Vehicle,ChannelLoad,0.03464,0
26.9131,5998,Vehicle,ChannelLoad,0.07752,0
26.9131,5998,Vehicle,ChannelLoad,0.07752,0
26.9136,9794,Vehicle,TX_Throughput,4560,0
26.9136,9794,Vehicle,TX_ObjectCount,0,0
26.9138,2724,Vehicle,TX_Throughput,7760,0
26.9138,2724,Vehicle,TX_ObjectCount,1,0
26.9147,5260,RSU,TX_Throughput,16480,0
26.9147,5260,RSU,TX_ObjectCount,5,0
26.9147,3619,Vehicle,ChannelLoad,0.03344,0
26.9147,3619,Vehicle,ChannelLoad,0.03344,0
26.9151,712,Vehicle,TX_Throughput,4560,0
26.9151,712,Vehicle,TX_ObjectCount,0,0
26.9152,7129,Vehicle,ChannelLoad,0.05512,0
26.9152,7129,Vehicle,ChannelLoad,0.05512,0
26.9156,639,Vehicle,TX_Throughput,4560,0
26.9156,639,Vehicle,TX_ObjectCount,0,0
26.916,3020,Vehicle,TX_Throughput,4560,0
26.916,3020,Vehicle,TX_ObjectCount,0,0
26.9163,7202,RSU,ChannelLoad,0.07896,0
26.9163,7202,RSU,ChannelLoad,0.07896,0
26.9166,182,RSU,TX_Throughput,10880,0
26.9166,182,RSU,TX_ObjectCount,3,0
26.9167,8914,Vehicle,ChannelLoad,0.034,0
26.9167,8914,Vehicle,ChannelLoad,0.034,0
26.9168,1755,Vehicle,ChannelLoad,0.10224,0
26.9168,1755,Vehicle,ChannelLoad,0.10224,0
26.9169,6071,Vehicle,ChannelLoad,0.05704,0
26.9169,6071,Vehicle,ChannelLoad,0.05704,0
26.9171,862,Vehicle,TX_Throughput,4560,0
26.9171,862,Vehicle,TX_ObjectCount,0,0
26.9172,2649,Vehicle,ChannelLoad,0.05752,0
26.9172,2649,Vehicle,ChannelLoad,0.05752,0
26.9175,1901,RSU,TX_Throughput,8080,0
26.9175,1901,RSU,TX_ObjectCount,2,0
26.9182,8987,Vehicle,ChannelLoad,0.05744,0
26.9182,8987,Vehicle,ChannelLoad,0.05744,0
26.9183,787,Vehicle,ChannelLoad,0.03528,0
26.9183,787,Vehicle,ChannelLoad,0.03528,0
26.9186,2724,Vehicle,ChannelLoad,0.0544,0
26.9186,2724,Vehicle,ChannelLoad,0.0544,0
26.9188,107,Vehicle,ChannelLoad,0.074,0
26.9188,107,Vehicle,ChannelLoad,0.074,0
26.9191,2273,RSU,TX_Throughput,8080,0
26.9191,2273,RSU,TX_ObjectCount,2,0
26.9197,7720,Vehicle,TX_Throughput,4560,0
26.9197,7720,Vehicle,TX_ObjectCount,0,0
26.9201,182,RSU,ChannelLoad,0.0792,0
26.9201,182,RSU,ChannelLoad,0.0792,0
26.9202,862,Vehicle,ChannelLoad,0.06176,0
26.9202,862,Vehicle,ChannelLoad,0.06176,0
26.9207,6976,Vehicle,TX_Throughput,10560,0
26.9207,6976,Vehicle,TX_ObjectCount,2,0
26.921,8018,Vehicle,ChannelLoad,0.04304,0
26.921,8018,Vehicle,ChannelLoad,0.04304,0
26.9212,9060,Vehicle,ChannelLoad,0.06336,0
26.9212,9060,Vehicle,ChannelLoad,0.06336,0
26.9212,2051,Vehicle,TX_Throughput,4560,0
26.9212,2051,Vehicle,TX_ObjectCount,0,0
26.9223,1828,Vehicle,ChannelLoad,0.04672,0
26.9223,1828,Vehicle,ChannelLoad,0.04672,0
26.9228,6146,Vehicle,ChannelLoad,0.06312,0
26.9228,6146,Vehicle,ChannelLoad,0.06312,0
26.9231,1901,RSU,ChannelLoad,0.06712,0
26.9231,1901,RSU,ChannelLoad,0.06712,0
26.9231,7795,Vehicle,TX_Throughput,4560,0
26.9231,7795,Vehicle,TX_ObjectCount,0,0
26.9237,3692,Vehicle,ChannelLoad,0.07792,0
26.9237,3692,Vehicle,ChannelLoad,0.07792,0
26.9238,9281,Vehicle,TX_Throughput,4560,0
26.9238,9281,Vehicle,TX_ObjectCount,0,0
26.9244,5627,RSU,TX_Throughput,8080,0
26.9244,5627,RSU,TX_ObjectCount,2,0
26.925,2799,Vehicle,ChannelLoad,0.05952,0
26.925,2799,Vehicle,ChannelLoad,0.05952,0
26.9251,8694,RSU,TX_Throughput,13680,0
26.9251,8694,RSU,TX_ObjectCount,4,0
26.9256,9133,Vehicle,ChannelLoad,0.08232,0
26.9256,9133,Vehicle,ChannelLoad,0.08232,0
26.9281,6826,RSU,TX_Throughput,8080,0
26.9281,6826,RSU,TX_ObjectCount,2,0
26.9282,3989,RSU,TX_Throughput,2080,0
26.9282,3989,RSU,TX_ObjectCount,0,0
26.9286,2947,Vehicle,TX_Throughput,10560,0
26.9286,2947,Vehicle,TX_ObjectCount,2,0
26.9289,8091,RSU,ChannelLoad,0.09016,0
26.9289,8091,RSU,ChannelLoad,0.09016,0
26.929,9574,Vehicle,TX_Throughput,4560,0
26.929,9574,Vehicle,TX_ObjectCount,0,0
26.9294,3765,RSU,TX_Throughput,8080,0
26.9294,3765,RSU,TX_ObjectCount,2,0
26.9315,8091,RSU,TX_Throughput,8080,0
26.9315,8091,RSU,TX_ObjectCount,2,0
26.9317,8311,Vehicle,TX_Throughput,4560,0
26.9317,8311,Vehicle,TX_ObjectCount,0,0
26.9318,937,Vehicle,ChannelLoad,0.09584,0
26.9318,937,Vehicle,ChannelLoad,0.09584,0
26.9319,4512,Vehicle,TX_Throughput,4560,0
26.9319,4512,Vehicle,TX_ObjectCount,0,0
26.9326,8165,Vehicle,ChannelLoad,0.06336,0
26.9326,8165,Vehicle,ChannelLoad,0.06336,0
26.9327,9060,Vehicle,TX_Throughput,4560,0
26.9327,9060,Vehicle,TX_ObjectCount,0,0
26.9333,3765,RSU,ChannelLoad,0.06656,0
26.9333,3765,RSU,ChannelLoad,0.06656,0
26.9334,3692,Vehicle,TX_Throughput,7760,0
26.9334,3692,Vehicle,TX_ObjectCount,1,0
26.9336,5187,Vehicle,TX_Throughput,7760,0
26.9336,5187,Vehicle,TX_ObjectCount,1,0
26.934,8768,Vehicle,TX_Throughput,7760,0
26.934,8768,Vehicle,TX_ObjectCount,1,0
26.9341,416,Vehicle,TX_Throughput,7760,0
26.9341,416,Vehicle,TX_ObjectCount,1,0
26.9342,7055,RSU,TX_Throughput,8080,0
26.9342,7055,RSU,TX_ObjectCount,2,0
26.9343,6223,Vehicle,ChannelLoad,0.0668,0
26.9343,6223,Vehicle,ChannelLoad,0.0668,0
26.9344,29,RSU,TX_Throughput,8080,0
26.9344,29,RSU,TX_ObjectCount,2,0
26.9344,562,Vehicle,TX_Throughput,4560,0
26.9344,562,Vehicle,TX_ObjectCount,0,0
26.9346,9501,Vehicle,TX_Throughput,4560,0
26.9346,9501,Vehicle,TX_ObjectCount,0,0
26.9348,1755,Vehicle,TX_Throughput,4560,0
26.9348,1755,Vehicle,TX_ObjectCount,0,0
26.935,2569,RSU,TX_Throughput,8080,0
26.935,2569,RSU,TX_ObjectCount,2,0
26.9352,7278,RSU,ChannelLoad,0.08936,0
26.9352,7278,RSU,ChannelLoad,0.08936,0
26.9359,5113,RSU,TX_Throughput,10880,0
26.9359,5113,RSU,TX_ObjectCount,3,0
26.9369,7352,Vehicle,ChannelLoad,0.0536,0
26.9369,7352,Vehicle,ChannelLoad,0.0536,0
26.937,5701,RSU,TX_Throughput,10880,0
26.937,5701,RSU,TX_ObjectCount,3,0
26.937,3839,Vehicle,ChannelLoad,0.08136,0
26.937,3839,Vehicle,ChannelLoad,0.08136,0
26.9374,4599,Vehicle,ChannelLoad,0.07624,0
26.9374,4599,Vehicle,ChannelLoad,0.07624,0
26.9376,3912,Vehicle,ChannelLoad,0.04856,0
26.9376,3912,Vehicle,ChannelLoad,0.04856,0
26.9379,8311,Vehicle,ChannelLoad,0.04888,0
26.9379,8311,Vehicle,ChannelLoad,0.04888,0
26.938,2874,Vehicle,ChannelLoad,0.0316,0
26.938,2874,Vehicle,ChannelLoad,0.0316,0
26.9384,4360,Vehicle,TX_Throughput,4560,0
26.9384,4360,Vehicle,TX_ObjectCount,0,0
26.9385,6071,Vehicle,TX_Throughput,7760,0
26.9385,6071,Vehicle,TX_ObjectCount,1,0
26.9389,6298,RSU,ChannelLoad,0.10152,0
26.9389,6298,RSU,ChannelLoad,0.10152,0
26.9393,7425,Vehicle,ChannelLoad,0.06456,0
26.9393,7425,Vehicle,ChannelLoad,0.06456,0
26.9399,6372,Vehicle,ChannelLoad,0.06856,0
26.9399,6372,Vehicle,ChannelLoad,0.06856,0
26.9404,1014,Vehicle,ChannelLoad,0.05448,0
26.9404,1014,Vehicle,ChannelLoad,0.05448,0
26.9414,8384,RSU,ChannelLoad,0.09368,0
26.9414,8384,RSU,ChannelLoad,0.09368,0
26.9417,4745,Vehicle,TX_Throughput,7760,0
26.9417,4745,Vehicle,TX_ObjectCount,1,0
26.9422,1977,RSU,TX_Throughput,5280,0
26.9422,1977,RSU,TX_ObjectCount,1,0
26.9429,3912,Vehicle,TX_Throughput,4560,0
26.9429,3912,Vehicle,TX_ObjectCount,0,0
26.9431,1165,Vehicle,TX_Throughput,4560,0
26.9431,1165,Vehicle,TX_ObjectCount,0,0
26.9436,7943,Vehicle,TX_Throughput,7760,0
26.9436,7943,Vehicle,TX_ObjectCount,1,0
26.9437,9208,Vehicle,ChannelLoad,0.0444,0
26.9437,9208,Vehicle,ChannelLoad,0.0444,0
26.9438,343,Vehicle,TX_Throughput,7760,0
26.9438,343,Vehicle,TX_ObjectCount,1,0
26.9447,9281,Vehicle,ChannelLoad,0.04912,0
26.9447,9281,Vehicle,ChannelLoad,0.04912,0
26.9449,4672,Vehicle,ChannelLoad,0.072,0
26.9449,4672,Vehicle,ChannelLoad,0.072,0
26.9452,4287,Vehicle,TX_Throughput,7760,0
26.9452,4287,Vehicle,TX_ObjectCount,1,0
26.9454,1678,Vehicle,TX_Throughput,4560,0
26.9454,1678,Vehicle,TX_ObjectCount,0,0
26.9459,6445,Vehicle,ChannelLoad,0.08504,0
26.9459,6445,Vehicle,ChannelLoad,0.08504,0
26.9461,9354,Vehicle,TX_Throughput,4560,0
26.9461,9354,Vehicle,TX_ObjectCount,0,0
26.9464,1089,RSU,ChannelLoad,0.10736,0
26.9464,1089,RSU,ChannelLoad,0.10736,0
26.9466,5334,Vehicle,TX_Throughput,4560,0
26.9466,5334,Vehicle,TX_ObjectCount,0,0
26.9469,9427,RSU,TX_Throughput,5280,0
26.9469,9427,RSU,TX_ObjectCount,1,0
26.9471,3989,RSU,ChannelLoad,0.07032,0
26.9471,3989,RSU,ChannelLoad,0.07032,0
26.9472,6518,Vehicle,ChannelLoad,0.05264,0
26.9472,6518,Vehicle,ChannelLoad,0.05264,0
26.9474,2420,Vehicle,TX_Throughput,4560,0
26.9474,2420,Vehicle,TX_ObjectCount,0,0
26.9477,6146,Vehicle,TX_Throughput,7760,0
26.9477,6146,Vehicle,TX_ObjectCount,1,0
26.9481,1238,Vehicle,TX_Throughput,4560,0
26.9481,1238,Vehicle,TX_ObjectCount,0,0
26.9482,6591,Vehicle,ChannelLoad,0.02536,0
26.9482,6591,Vehicle,ChannelLoad,0.02536,0
26.9483,6445,Vehicle,TX_Throughput,4560,0
26.9483,6445,Vehicle,TX_ObjectCount,0,0
26.9488,1977,RSU,ChannelLoad,0.10776,0
26.9488,1977,RSU,ChannelLoad,0.10776,0
26.9488,4745,Vehicle,ChannelLoad,0.06744,0
26.9488,4745,Vehicle,ChannelLoad,0.06744,0
26.9492,4063,RSU,ChannelLoad,0.05336,0
26.9492,4063,RSU,ChannelLoad,0.05336,0
26.9496,9354,Vehicle,ChannelLoad,0.09288,0
26.9496,9354,Vehicle,ChannelLoad,0.09288,0
26.9496,5852,Vehicle,TX_Throughput,7760,0
26.9496,5852,Vehicle,TX_ObjectCount,1,0
26.9499,4137,Vehicle,ChannelLoad,0.07176,0
26.9499,4137,Vehicle,ChannelLoad,0.07176,0
26.9511,8543,Vehicle,TX_Throughput,10560,0
26.9511,8543,Vehicle,TX_ObjectCount,2,0
26.9527,9427,RSU,ChannelLoad,0.07072,0
26.9527,9427,RSU,ChannelLoad,0.07072,0
26.9528,6664,Vehicle,ChannelLoad,0.04904,0
26.9528,6664,Vehicle,ChannelLoad,0.04904,0
26.9528,4818,RSU,ChannelLoad,0.07664,0
26.9528,4818,RSU,ChannelLoad,0.07664,0
26.9533,2051,Vehicle,ChannelLoad,0.10792,0
26.9533,2051,Vehicle,ChannelLoad,0.10792,0
26.9539,937,Vehicle,TX_Throughput,7760,0
26.9539,937,Vehicle,TX_ObjectCount,1,0
26.9557,1385,Vehicle,TX_Throughput,7760,0
26.9557,1385,Vehicle,TX_ObjectCount,1,0
26.9561,7500,RSU,ChannelLoad,0.0644,0
26.9561,7500,RSU,ChannelLoad,0.0644,0
26.9562,4212,Vehicle,ChannelLoad,0.04072,0
26.9562,4212,Vehicle,ChannelLoad,0.04072,0
26.9572,9501,Vehicle,ChannelLoad,0.0684,0
26.9572,9501,Vehicle,ChannelLoad,0.0684,0
26.9582,2947,Vehicle,ChannelLoad,0.04416,0
26.9582,2947,Vehicle,ChannelLoad,0.04416,0
26.9586,7574,Vehicle,ChannelLoad,0.06904,0
26.9586,7574,Vehicle,ChannelLoad,0.06904,0
26.9589,4063,RSU,TX_Throughput,5280,0
26.9589,4063,RSU,TX_ObjectCount,1,0
26.9589,9574,Vehicle,ChannelLoad,0.0308,0
26.9589,9574,Vehicle,ChannelLoad,0.0308,0
26.959,1165,Vehicle,ChannelLoad,0.0476,0
26.959,1165,Vehicle,ChannelLoad,0.0476,0
26.959,5407,RSU,TX_Throughput,10880,0
26.959,5407,RSU,TX_ObjectCount,3,0
26.9594,3020,Vehicle,ChannelLoad,0.06112,0
26.9594,3020,Vehicle,ChannelLoad,0.06112,0
26.9595,7574,Vehicle,TX_Throughput,7760,0
26.9595,7574,Vehicle,TX_ObjectCount,1,0
26.9597,6591,Vehicle,TX_Throughput,4560,0
26.9597,6591,Vehicle,TX_ObjectCount,0,0
26.96,489,Vehicle,TX_Throughput,4560,0
26.96,489,Vehicle,TX_ObjectCount,0,0
26.9602,3243,RSU,TX_Throughput,2080,0
26.9602,3243,RSU,TX_ObjectCount,0,0
26.9603,3839,Vehicle,TX_Throughput,10560,0
26.9603,3839,Vehicle,TX_ObjectCount,2,0
26.9603,7868,Vehicle,TX_Throughput,4560,0
26.9603,7868,Vehicle,TX_ObjectCount,0,0
26.9604,9721,Vehicle,TX_Throughput,4560,0
26.9604,9721,Vehicle,TX_ObjectCount,0,0
26.9613,8018,Vehicle,TX_Throughput,4560,0
26.9613,8018,Vehicle,TX_ObjectCount,0,0
26.9613,1238,Vehicle,ChannelLoad,0.06944,0
26.9613,1238,Vehicle,ChannelLoad,0.06944,0
26.9615,9867,Vehicle,TX_Throughput,10560,0
26.9615,9867,Vehicle,TX_ObjectCount,2,0
26.9621,8618,RSU,TX_Throughput,5280,0
26.9621,8618,RSU,TX_ObjectCount,1,0
26.9622,9647,RSU,ChannelLoad,0.09024,0
26.9622,9647,RSU,ChannelLoad,0.09024,0
26.9627,4818,RSU,TX_Throughput,8080,0
26.9627,4818,RSU,TX_ObjectCount,2,0
26.9631,4137,Vehicle,TX_Throughput,10560,0
26.9631,4137,Vehicle,TX_ObjectCount,2,0
26.9632,4599,Vehicle,TX_Throughput,4560,0
26.9632,4599,Vehicle,TX_ObjectCount,0,0
26.9634,4672,Vehicle,TX_Throughput,7760,0
26.9634,4672,Vehicle,TX_ObjectCount,1,0
26.9637,9721,Vehicle,ChannelLoad,0.0724,0
26.9637,9721,Vehicle,ChannelLoad,0.0724,0
26.9637,3095,Vehicle,ChannelLoad,0.07768,0
26.9637,3095,Vehicle,ChannelLoad,0.07768,0
26.9638,9208,Vehicle,TX_Throughput,4560,0
26.9638,9208,Vehicle,TX_ObjectCount,0,0
26.9647,2126,RSU,ChannelLoad,0.07368,0
26.9647,2126,RSU,ChannelLoad,0.07368,0
26.9649,1311,RSU,ChannelLoad,0.06912,0
26.9649,1311,RSU,ChannelLoad,0.06912,0
26.9652,4892,Vehicle,ChannelLoad,0.06768,0
26.9652,4892,Vehicle,ChannelLoad,0.06768,0
26.9654,2200,Vehicle,ChannelLoad,0.06864,0
26.9654,2200,Vehicle,ChannelLoad,0.06864,0
26.9663,4287,Vehicle,ChannelLoad,0.06704,0
26.9663,4287,Vehicle,ChannelLoad,0.06704,0
26.9669,4439,Vehicle,TX_Throughput,4560,0
26.9669,4439,Vehicle,TX_ObjectCount,0,0
26.967,4967,Vehicle,TX_Throughput,7760,0
26.967,4967,Vehicle,TX_ObjectCount,1,0
26.9672,6298,RSU,TX_Throughput,5280,0
26.9672,6298,RSU,TX_ObjectCount,1,0
26.9674,8914,Vehicle,TX_Throughput,4560,0
26.9674,8914,Vehicle,TX_ObjectCount,0,0
26.9674,6747,Vehicle,ChannelLoad,0.06968,0
26.9674,6747,Vehicle,ChannelLoad,0.06968,0
26.968,4967,Vehicle,ChannelLoad,0.05928,0
26.968,4967,Vehicle,ChannelLoad,0.05928,0
26.9682,3168,Vehicle,ChannelLoad,0.05032,0
26.9682,3168,Vehicle,ChannelLoad,0.05032,0
26.9684,5040,Vehicle,ChannelLoad,0.042,0
26.9684,5040,Vehicle,ChannelLoad,0.042,0
26.9687,4360,Vehicle,ChannelLoad,0.0812,0
26.9687,4360,Vehicle,ChannelLoad,0.0812,0
26.9688,1605,Vehicle,TX_Throughput,10560,0
26.9688,1605,Vehicle,TX_ObjectCount,2,0
26.9696,5113,RSU,ChannelLoad,0.0888,0
26.9696,5113,RSU,ChannelLoad,0.0888,0
26.9697,8987,Vehicle,TX_Throughput,7760,0
26.9697,8987,Vehicle,TX_ObjectCount,1,0
26.9698,3243,RSU,ChannelLoad,0.08616,0
26.9698,3243,RSU,ChannelLoad,0.08616,0
26.9698,9794,Vehicle,ChannelLoad,0.04344,0
26.9698,9794,Vehicle,ChannelLoad,0.04344,0
26.97,2273,RSU,ChannelLoad,0.10296,0
26.97,2273,RSU,ChannelLoad,0.10296,0
26.9701,8470,Vehicle,ChannelLoad,0.06288,0
26.9701,8470,Vehicle,ChannelLoad,0.06288,0
26.9702,5187,Vehicle,ChannelLoad,0.05976,0
26.9702,5187,Vehicle,ChannelLoad,0.05976,0
26.9709,1385,Vehicle,ChannelLoad,0.0524,0
26.9709,1385,Vehicle,ChannelLoad,0.0524,0
26.971,270,Vehicle,ChannelLoad,0.05024,0
26.971,270,Vehicle,ChannelLoad,0.05024,0
26.9719,9867,Vehicle,ChannelLoad,0.05272,0
26.9719,9867,Vehicle,ChannelLoad,0.05272,0
26.9722,9647,RSU,TX_Throughput,8080,0
26.9722,9647,RSU,TX_ObjectCount,2,0
26.9723,5260,RSU,ChannelLoad,0.10104,0
26.9723,5260,RSU,ChannelLoad,0.10104,0
26.9725,5925,Vehicle,TX_Throughput,7760,0
26.9725,5925,Vehicle,TX_ObjectCount,1,0
26.9727,2347,Vehicle,ChannelLoad,0.06672,0
26.9727,2347,Vehicle,ChannelLoad,0.06672,0
26.9727,7202,RSU,TX_Throughput,5280,0
26.9727,7202,RSU,TX_ObjectCount,1,0
26.9735,787,Vehicle,TX_Throughput,4560,0
26.9735,787,Vehicle,TX_ObjectCount,0,0
26.9742,7647,Vehicle,ChannelLoad,0.03624,0
26.9742,7647,Vehicle,ChannelLoad,0.03624,0
26.9756,8841,Vehicle,TX_Throughput,7760,0
26.9756,8841,Vehicle,TX_ObjectCount,1,0
26.9759,5334,Vehicle,ChannelLoad,0.08984,0
26.9759,5334,Vehicle,ChannelLoad,0.08984,0
26.9762,5407,RSU,ChannelLoad,0.07912,0
26.9762,5407,RSU,ChannelLoad,0.07912,0
26.9765,9940,Vehicle,ChannelLoad,0.0576,0
26.9765,9940,Vehicle,ChannelLoad,0.0576,0
26.9771,5554,Vehicle,TX_Throughput,4560,0
26.9771,5554,Vehicle,TX_ObjectCount,0,0
26.9777,4439,Vehicle,ChannelLoad,0.09848,0
26.9777,4439,Vehicle,ChannelLoad,0.09848,0
26.9777,2420,Vehicle,ChannelLoad,0.06048,0
26.9777,2420,Vehicle,ChannelLoad,0.06048,0
26.9778,6826,RSU,ChannelLoad,0.10896,0
26.9778,6826,RSU,ChannelLoad,0.10896,0
26.9781,2495,RSU,TX_Throughput,5280,0
26.9781,2495,RSU,TX_ObjectCount,1,0
26.9782,7720,Vehicle,ChannelLoad,0.06656,0
26.9782,7720,Vehicle,ChannelLoad,0.06656,0
26.9782,8543,Vehicle,ChannelLoad,0.04944,0
26.9782,8543,Vehicle,ChannelLoad,0.04944,0
26.9782,3095,Vehicle,TX_Throughput,7760,0
26.9782,3095,Vehicle,TX_ObjectCount,1,0
26.9784,7500,RSU,TX_Throughput,2080,0
26.9784,7500,RSU,TX_ObjectCount,0,0
26.9786,10015,Vehicle,ChannelLoad,0.08568,0
26.9786,10015,Vehicle,ChannelLoad,0.08568,0
26.9794,3392,Vehicle,TX_Throughput,4560,0
26.9794,3392,Vehicle,TX_ObjectCount,0,0
26.98,4512,Vehicle,ChannelLoad,0.06824,0
26.98,4512,Vehicle,ChannelLoad,0.06824,0
26.9801,6902,RSU,ChannelLoad,0.06488,0
26.9801,6902,RSU,ChannelLoad,0.06488,0
26.9805,7795,Vehicle,ChannelLoad,0.05712,0
26.9805,7795,Vehicle,ChannelLoad,0.05712,0
26.9814,5775,Vehicle,TX_Throughput,4560,0
26.9814,5775,Vehicle,TX_ObjectCount,0,0
26.9816,1311,RSU,TX_Throughput,8080,0
26.9816,1311,RSU,TX_ObjectCount,2,0
26.9817,1089,RSU,TX_Throughput,13680,0
26.9817,1089,RSU,TX_ObjectCount,4,0
26.9818,6976,Vehicle,ChannelLoad,0.0776,0
26.9818,6976,Vehicle,ChannelLoad,0.0776,0
26.9819,5481,Vehicle,ChannelLoad,0.0956,0
26.9819,5481,Vehicle,ChannelLoad,0.0956,0
26.982,5554,Vehicle,ChannelLoad,0.08832,0
26.982,5554,Vehicle,ChannelLoad,0.08832,0
26.9824,4212,Vehicle,TX_Throughput,4560,0
26.9824,4212,Vehicle,TX_ObjectCount,0,0
26.9825,7278,RSU,TX_Throughput,2080,0
26.9825,7278,RSU,TX_ObjectCount,0,0
26.9831,343,Vehicle,ChannelLoad,0.06576,0
26.9831,343,Vehicle,ChannelLoad,0.06576,0
26.9832,1458,RSU,ChannelLoad,0.11152,0
26.9832,1458,RSU,ChannelLoad,0.11152,0
26.9843,8165,Vehicle,TX_Throughput,4560,0
26.9843,8165,Vehicle,TX_ObjectCount,0,0
26.9844,6902,RSU,TX_Throughput,5280,0
26.9844,6902,RSU,TX_ObjectCount,1,0
26.9844,3319,Vehicle,ChannelLoad,0.08136,0
26.9844,3319,Vehicle,ChannelLoad,0.08136,0
26.9853,7352,Vehicle,TX_Throughput,4560,0
26.9853,7352,Vehicle,TX_ObjectCount,0,0
26.9855,3541,RSU,TX_Throughput,10880,0
26.9855,3541,RSU,TX_ObjectCount,3,0
26.9857,2126,RSU,TX_Throughput,8080,0
26.9857,2126,RSU,TX_ObjectCount,2,0
26.9863,1532,Vehicle,ChannelLoad,0.08824,0
26.9863,1532,Vehicle,ChannelLoad,0.08824,0
26.9863,107,Vehicle,TX_Throughput,4560,0
26.9863,107,Vehicle,TX_ObjectCount,0,0
26.9865,3392,Vehicle,ChannelLoad,0.0636,0
26.9865,3392,Vehicle,ChannelLoad,0.0636,0
26.9865,5627,RSU,ChannelLoad,0.1112,0
26.9865,5627,RSU,ChannelLoad,0.1112,0
26.9871,416,Vehicle,ChannelLoad,0.07552,0
26.9871,416,Vehicle,ChannelLoad,0.07552,0
26.9873,2200,Vehicle,TX_Throughput,7760,0
26.9873,2200,Vehicle,TX_ObjectCount,1,0
26.9873,7129,Vehicle,TX_Throughput,4560,0
26.9873,7129,Vehicle,TX_ObjectCount,0,0
26.9885,2495,RSU,ChannelLoad,0.09832,0
26.9885,2495,RSU,ChannelLoad,0.09832,0
26.9891,8384,RSU,TX_Throughput,8080,0
26.9891,8384,RSU,TX_ObjectCount,2,0
26.9894,2569,RSU,ChannelLoad,0.10304,0
26.9894,2569,RSU,ChannelLoad,0.10304,0
26.9902,7647,Vehicle,TX_Throughput,7760,0
26.9902,7647,Vehicle,TX_ObjectCount,1,0
26.9916,8618,RSU,ChannelLoad,0.08648,0
26.9916,8618,RSU,ChannelLoad,0.08648,0
26.9917,7868,Vehicle,ChannelLoad,0.04672,0
26.9917,7868,Vehicle,ChannelLoad,0.04672,0
26.992,3619,Vehicle,TX_Throughput,4560,0
26.992,3619,Vehicle,TX_ObjectCount,0,0
26.992,5701,RSU,ChannelLoad,0.11552,0
26.992,5701,RSU,ChannelLoad,0.11552,0
26.9928,5775,Vehicle,ChannelLoad,0.094,0
26.9928,5775,Vehicle,ChannelLoad,0.094,0
26.9932,1532,Vehicle,TX_Throughput,4560,0
26.9932,1532,Vehicle,TX_ObjectCount,0,0
26.9939,489,Vehicle,ChannelLoad,0.0416,0
26.9939,489,Vehicle,ChannelLoad,0.0416,0
26.9941,1014,Vehicle,TX_Throughput,4560,0
26.9941,1014,Vehicle,TX_ObjectCount,0,0
26.9955,9133,Vehicle,TX_Throughput,7760,0
26.9955,9133,Vehicle,TX_ObjectCount,1,0
26.996,8694,RSU,ChannelLoad,0.11088,0
26.996,8694,RSU,ChannelLoad,0.11088,0
26.9961,3467,RSU,ChannelLoad,0.13,0
26.9961,3467,RSU,ChannelLoad,0.13,0
26.9961,562,Vehicle,ChannelLoad,0.0684,0
26.9961,562,Vehicle,ChannelLoad,0.0684,0
26.9962,4892,Vehicle,TX_Throughput,4560,0
26.9962,4892,Vehicle,TX_ObjectCount,0,0
26.9966,1605,Vehicle,ChannelLoad,0.0484,0
26.9966,1605,Vehicle,ChannelLoad,0.0484,0
26.997,2649,Vehicle,TX_Throughput,7760,0
26.997,2649,Vehicle,TX_ObjectCount,1,0
26.9972,1458,RSU,TX_Throughput,8080,0
26.9972,1458,RSU,TX_ObjectCount,2,0
26.9978,3541,RSU,ChannelLoad,0.06864,0
26.9978,3541,RSU,ChannelLoad,0.06864,0
26.9981,2347,Vehicle,TX_Throughput,7760,0
26.9981,2347,Vehicle,TX_ObjectCount,1,0
26.9987,10015,Vehicle,TX_Throughput,7760,0
26.9987,10015,Vehicle,TX_ObjectCount,1,0
26.9997,5040,Vehicle,TX_Throughput,4560,0
26.9997,5040,Vehicle,TX_ObjectCount,0,0
27.0009,7943,Vehicle,ChannelLoad,0.04864,0
27.0009,7943,Vehicle,ChannelLoad,0.04864,0
27.0017,1828,Vehicle,TX_Throughput,7760,0
27.0017,1828,Vehicle,TX_ObjectCount,1,0
27.002,639,Vehicle,ChannelLoad,0.06368,0
27.002,639,Vehicle,ChannelLoad,0.06368,0
27.0023,8768,Vehicle,ChannelLoad,0.06752,0
27.0023,8768,Vehicle,ChannelLoad,0.06752,0
27.0025,3467,RSU,TX_Throughput,8080,0
27.0025,3467,RSU,TX_ObjectCount,2,0
27.0026,8841,Vehicle,ChannelLoad,0.0676,0
27.0026,8841,Vehicle,ChannelLoad,0.0676,0
27.0035,8470,Vehicle,TX_Throughput,4560,0
27.0035,8470,Vehicle,TX_ObjectCount,0,0
27.0037,7055,RSU,ChannelLoad,0.08384,0
27.0037,7055,RSU,ChannelLoad,0.08384,0
27.0038,3168,Vehicle,TX_Throughput,4560,0
27.0038,3168,Vehicle,TX_ObjectCount,0,0
27.0039,2799,Vehicle,TX_Throughput,7760,0
27.0039,2799,Vehicle,TX_ObjectCount,1,0
27.0047,5481,Vehicle,TX_Throughput,4560,0
27.0047,5481,Vehicle,TX_ObjectCount,0,0
27.0047,29,RSU,ChannelLoad,0.10288,0
27.0047,29,RSU,ChannelLoad,0.10288,0
27.0053,3319,Vehicle,TX_Throughput,4560,0
27.0053,3319,Vehicle,TX_ObjectCount,0,0
27.0054,7425,Vehicle,TX_Throughput,7760,0
27.0054,7425,Vehicle,TX_ObjectCount,1,0
27.0059,712,Vehicle,ChannelLoad,0.10104,0
27.0059,712,Vehicle,ChannelLoad,0.10104,0
27.0067,6664,Vehicle,TX_Throughput,4560,0
27.0067,6664,Vehicle,TX_ObjectCount,0,0
27.0072,9940,Vehicle,TX_Throughput,4560,0
27.0072,9940,Vehicle,TX_ObjectCount,0,0
27.0078,5852,Vehicle,ChannelLoad,0.06664,0
27.0078,5852,Vehicle,ChannelLoad,0.06664,0
27.0083,6223,Vehicle,TX_Throughput,7760,0
27.0083,6223,Vehicle,TX_ObjectCount,1,0
27.0084,6747,Vehicle,TX_Throughput,4560,0
27.0084,6747,Vehicle,TX_ObjectCount,0,0
27.0089,1678,Vehicle,ChannelLoad,0.05496,0
27.0089,1678,Vehicle,ChannelLoad,0.05496,0
27.0091,5998,Vehicle,TX_Throughput,4560,0
27.0091,5998,Vehicle,TX_ObjectCount,0,0
27.0092,2874,Vehicle,TX_Throughput,4560,0
27.0092,2874,Vehicle,TX_ObjectCount,0,0
27.0094,6518,Vehicle,TX_Throughput,7760,0
27.0094,6518,Vehicle,TX_ObjectCount,1,0
27.0105,270,Vehicle,TX_Throughput,10560,0
27.0105,270,Vehicle,TX_ObjectCount,2,0
27.011,6372,Vehicle,TX_Throughput,4560,0
27.011,6372,Vehicle,TX_ObjectCount,0,0
27.0121,5925,Vehicle,ChannelLoad,0.03704,0
27.0121,5925,Vehicle,ChannelLoad,0.03704,0
27.0131,5998,Vehicle,ChannelLoad,0.09056,0
27.0131,5998,Vehicle,ChannelLoad,0.09056,0
27.0136,9794,Vehicle,TX_Throughput,7760,0
27.0136,9794,Vehicle,TX_ObjectCount,1,0
27.0138,2724,Vehicle,TX_Throughput,4560,0
27.0138,2724,Vehicle,TX_ObjectCount,0,0
27.0147,5260,RSU,TX_Throughput,5280,0
27.0147,5260,RSU,TX_ObjectCount,1,0
27.0147,3619,Vehicle,ChannelLoad,0.02664,0
27.0147,3619,Vehicle,ChannelLoad,0.02664,0
27.0151,712,Vehicle,TX_Throughput,7760,0
27.0151,712,Vehicle,TX_ObjectCount,1,0
27.0152,7129,Vehicle,ChannelLoad,0.0664,0
27.0152,7129,Vehicle,ChannelLoad,0.0664,0
27.0156,639,Vehicle,TX_Throughput,4560,0
27.0156,639,Vehicle,TX_ObjectCount,0,0
27.016,3020,Vehicle,TX_Throughput,4560,0
27.016,3020,Vehicle,TX_ObjectCount,0,0
27.0163,7202,RSU,ChannelLoad,0.08848,0
27.0163,7202,RSU,ChannelLoad,0.08848,0
27.0166,182,RSU,TX_Throughput,5280,0
27.0166,182,RSU,TX_ObjectCount,1,0
27.0167,8914,Vehicle,ChannelLoad,0.03632,0
27.0167,8914,Vehicle,ChannelLoad,0.03632,0
27.0168,1755,Vehicle,ChannelLoad,0.10336,0
27.0168,1755,Vehicle,ChannelLoad,0.10336,0
27.0169,6071,Vehicle,ChannelLoad,0.05376,0
27.0169,6071,Vehicle,ChannelLoad,0.05376,0
27.0171,862,Vehicle,TX_Throughput,7760,0
27.0171,862,Vehicle,TX_ObjectCount,1,0
27.0172,2649,Vehicle,ChannelLoad,0.07008,0
27.0172,2649,Vehicle,ChannelLoad,0.07008,0
27.0175,1901,RSU,TX_Throughput,2080,0
27.0175,1901,RSU,TX_ObjectCount,0,0
27.0182,8987,Vehicle,ChannelLoad,0.06272,0
27.0182,8987,Vehicle,ChannelLoad,0.06272,0
27.0183,787,Vehicle,ChannelLoad,0.0588,0
27.0183,787,Vehicle,ChannelLoad,0.0588,0
27.0186,2724,Vehicle,ChannelLoad,0.06424,0
27.0186,2724,Vehicle,ChannelLoad,0.06424,0
27.0188,107,Vehicle,ChannelLoad,0.08368,0
27.0188,107,Vehicle,ChannelLoad,0.08368,0
27.0191,2273,RSU,TX_Throughput,5280,0
27.0191,2273,RSU,TX_ObjectCount,1,0
27.0197,7720,Vehicle,TX_Throughput,4560,0
27.0197,7720,Vehicle,TX_ObjectCount,0,0
27.0201,182,RSU,ChannelLoad,0.10712,0
27.0201,182,RSU,ChannelLoad,0.10712,0
27.0202,862,Vehicle,ChannelLoad,0.0664,0
27.0202,862,Vehicle,ChannelLoad,0.0664,0
27.0207,6976,Vehicle,TX_Throughput,7760,0
27.0207,6976,Vehicle,TX_ObjectCount,1,0
27.021,8018,Vehicle,ChannelLoad,0.06416,0
27.021,8018,Vehicle,ChannelLoad,0.06416,0
27.0212,9060,Vehicle,ChannelLoad,0.08712,0
27.0212,9060,Vehicle,ChannelLoad,0.08712,0
27.0212,2051,Vehicle,TX_Throughput,4560,0
27.0212,2051,Vehicle,TX_ObjectCount,0,0
27.0223,1828,Vehicle,ChannelLoad,0.04344,0
27.0223,1828,Vehicle,ChannelLoad,0.04344,0
27.0228,6146,Vehicle,ChannelLoad,0.07024,0
27.0228,6146,Vehicle,ChannelLoad,0.07024,0
27.0231,1901,RSU,ChannelLoad,0.07888,0
27.0231,1901,RSU,ChannelLoad,0.07888,0
27.0231,7795,Vehicle,TX_Throughput,7760,0
27.0231,7795,Vehicle,TX_ObjectCount,1,0
27.0237,3692,Vehicle,ChannelLoad,0.07832,0
27.0237,3692,Vehicle,ChannelLoad,0.07832,0
27.0238,9281,Vehicle,TX_Throughput,4560,0
27.0238,9281,Vehicle,TX_ObjectCount,0,0
27.0244,5627,RSU,TX_Throughput,5280,0
27.0244,5627,RSU,TX_ObjectCount,1,0
27.025,2799,Vehicle,ChannelLoad,0.07856,0
27.025,2799,Vehicle,ChannelLoad,0.07856,0
27.0251,8694,RSU,TX_Throughput,5280,0
27.0251,8694,RSU,TX_ObjectCount,1,0
27.0256,9133,Vehicle,ChannelLoad,0.07072,0
27.0256,9133,Vehicle,ChannelLoad,0.07072,0
27.0281,6826,RSU,TX_Throughput,5280,0
27.0281,6826,RSU,TX_ObjectCount,1,0
27.0282,3989,RSU,TX_Throughput,5280,0
27.0282,3989,RSU,TX_ObjectCount,1,0
27.0286,2947,Vehicle,TX_Throughput,4560,0
27.0286,2947,Vehicle,TX_ObjectCount,0,0
27.0289,8091,RSU,ChannelLoad,0.108,0
27.0289,8091,RSU,ChannelLoad,0.108,0
27.029,9574,Vehicle,TX_Throughput,4560,0
27.029,9574,Vehicle,TX_ObjectCount,0,0
27.0294,3765,RSU,TX_Throughput,5280,0
27.0294,3765,RSU,TX_ObjectCount,1,0
27.0315,8091,RSU,TX_Throughput,2080,0
27.0315,8091,RSU,TX_ObjectCount,0,0
27.0317,8311,Vehicle,TX_Throughput,4560,0
27.0317,8311,Vehicle,TX_ObjectCount,0,0
27.0318,937,Vehicle,ChannelLoad,0.1076,0
27.0318,937,Vehicle,ChannelLoad,0.1076,0
27.0319,4512,Vehicle,TX_Throughput,4560,0
27.0319,4512,Vehicle,TX_ObjectCount,0,0
27.0326,8165,Vehicle,ChannelLoad,0.07296,0
27.0326,8165,Vehicle,ChannelLoad,0.07296,0
27.0327,9060,Vehicle,TX_Throughput,4560,0
27.0327,9060,Vehicle,TX_ObjectCount,0,0
27.0333,3765,RSU,ChannelLoad,0.07104,0
27.0333,3765,RSU,ChannelLoad,0.07104,0
27.0334,3692,Vehicle,TX_Throughput,7760,0
27.0334,3692,Vehicle,TX_ObjectCount,1,0
27.0336,5187,Vehicle,TX_Throughput,7760,0
27.0336,5187,Vehicle,TX_ObjectCount,1,0
27.034,8768,Vehicle,TX_Throughput,4560,0
27.034,8768,Vehicle,TX_ObjectCount,0,0
27.0341,416,Vehicle,TX_Throughput,4560,0
27.0341,416,Vehicle,TX_ObjectCount,0,0
27.0342,7055,RSU,TX_Throughput,8080,0
27.0342,7055,RSU,TX_ObjectCount,2,0
27.0343,6223,Vehicle,ChannelLoad,0.07024,0
27.0343,6223,Vehicle,ChannelLoad,0.07024,0
27.0344,29,RSU,TX_Throughput,19280,0
27.0344,29,RSU,TX_ObjectCount,6,0
27.0344,562,Vehicle,TX_Throughput,4560,0
27.0344,562,Vehicle,TX_ObjectCount,0,0
27.0346,9501,Vehicle,TX_Throughput,4560,0
27.0346,9501,Vehicle,TX_ObjectCount,0,0
27.0348,1755,Vehicle,TX_Throughput,4560,0
27.0348,1755,Vehicle,TX_ObjectCount,0,0
27.035,2569,RSU,TX_Throughput,16480,0
27.035,2569,RSU,TX_ObjectCount,5,0
27.0352,7278,RSU,ChannelLoad,0.09424,0
27.0352,7278,RSU,ChannelLoad,0.09424,0
27.0359,5113,RSU,TX_Throughput,8080,0
27.0359,5113,RSU,TX_ObjectCount,2,0
27.0369,7352,Vehicle,ChannelLoad,0.04608,0
27.0369,7352,Vehicle,ChannelLoad,0.04608,0
27.037,5701,RSU,TX_Throughput,5280,0
27.037,5701,RSU,TX_ObjectCount,1,0
27.037,3839,Vehicle,ChannelLoad,0.06264,0
27.037,3839,Vehicle,ChannelLoad,0.06264,0
27.0374,4599,Vehicle,ChannelLoad,0.076,0
27.0374,4599,Vehicle,ChannelLoad,0.076,0
27.0376,3912,Vehicle,ChannelLoad,0.05376,0
27.0376,3912,Vehicle,ChannelLoad,0.05376,0
27.0379,8311,Vehicle,ChannelLoad,0.05472,0
27.0379,8311,Vehicle,ChannelLoad,0.05472,0
27.038,2874,Vehicle,ChannelLoad,0.03032,0
27.038,2874,Vehicle,ChannelLoad,0.03032,0
27.0384,4360,Vehicle,TX_Throughput,4560,0
27.0384,4360,Vehicle,TX_ObjectCount,0,0
27.0385,6071,Vehicle,TX_Throughput,4560,0
27.0385,6071,Vehicle,TX_ObjectCount,0,0
27.0389,6298,RSU,ChannelLoad,0.09328,0
27.0389,6298,RSU,ChannelLoad,0.09328,0
27.0393,7425,Vehicle,ChannelLoad,0.06184,0
27.0393,7425,Vehicle,ChannelLoad,0.06184,0
27.0399,6372,Vehicle,ChannelLoad,0.0796,0
27.0399,6372,Vehicle,ChannelLoad,0.0796,0
27.0404,1014,Vehicle,ChannelLoad,0.06016,0
27.0404,1014,Vehicle,ChannelLoad,0.06016,0
27.0414,8384,RSU,ChannelLoad,0.09456,0
27.0414,8384,RSU,ChannelLoad,0.09456,0
27.0417,4745,Vehicle,TX_Throughput,4560,0
27.0417,4745,Vehicle,TX_ObjectCount,0,0
27.0422,1977,RSU,TX_Throughput,2080,0
27.0422,1977,RSU,TX_ObjectCount,0,0
27.0429,3912,Vehicle,TX_Throughput,4560,0
27.0429,3912,Vehicle,TX_ObjectCount,0,0
27.0431,1165,Vehicle,TX_Throughput,4560,0
27.0431,1165,Vehicle,TX_ObjectCount,0,0
27.0436,7943,Vehicle,TX_Throughput,4560,0
27.0436,7943,Vehicle,TX_ObjectCount,0,0
27.0437,9208,Vehicle,ChannelLoad,0.04192,0
27.0437,9208,Vehicle,ChannelLoad,0.04192,0
27.0438,343,Vehicle,TX_Throughput,7760,0
27.0438,343,Vehicle,TX_ObjectCount,1,0
27.0447,9281,Vehicle,ChannelLoad,0.06248,0
27.0447,9281,Vehicle,ChannelLoad,0.06248,0
27.0449,4672,Vehicle,ChannelLoad,0.07408,0
27.0449,4672,Vehicle,ChannelLoad,0.07408,0
27.0452,4287,Vehicle,TX_Throughput,4560,0
27.0452,4287,Vehicle,TX_ObjectCount,0,0
27.0454,1678,Vehicle,TX_Throughput,4560,0
27.0454,1678,Vehicle,TX_ObjectCount,0,0
27.0459,6445,Vehicle,ChannelLoad,0.10384,0
27.0459,6445,Vehicle,ChannelLoad,0.10384,0
27.0461,9354,Vehicle,TX_Throughput,4560,0
27.0461,9354,Vehicle,TX_ObjectCount,0,0
27.0464,1089,RSU,ChannelLoad,0.09864,0
27.0464,1089,RSU,ChannelLoad,0.09864,0
27.0466,5334,Vehicle,TX_Throughput,4560,0
27.0466,5334,Vehicle,TX_ObjectCount,0,0
27.0469,9427,RSU,TX_Throughput,10880,0
27.0469,9427,RSU,TX_ObjectCount,3,0
27.0471,3989,RSU,ChannelLoad,0.08032,0
27.0471,3989,RSU,ChannelLoad,0.08032,0
27.0472,6518,Vehicle,ChannelLoad,0.06312,0
27.0472,6518,Vehicle,ChannelLoad,0.06312,0
27.0474,2420,Vehicle,TX_Throughput,10560,0
27.0474,2420,Vehicle,TX_ObjectCount,2,0
27.0477,6146,Vehicle,TX_Throughput,4560,0
27.0477,6146,Vehicle,TX_ObjectCount,0,0
27.0481,1238,Vehicle,TX_Throughput,7760,0
27.0481,1238,Vehicle,TX_ObjectCount,1,0
27.0482,6591,Vehicle,ChannelLoad,0.028,0
27.0482,6591,Vehicle,ChannelLoad,0.028,0
27.0483,6445,Vehicle,TX_Throughput,4560,0
27.0483,6445,Vehicle,TX_ObjectCount,0,0
27.0488,1977,RSU,ChannelLoad,0.10816,0
27.0488,1977,RSU,ChannelLoad,0.10816,0
27.0488,4745,Vehicle,ChannelLoad,0.0768,0
27.0488,4745,Vehicle,ChannelLoad,0.0768,0
27.0492,4063,RSU,ChannelLoad,0.0656,0
27.0492,4063,RSU,ChannelLoad,0.0656,0
27.0496,9354,Vehicle,ChannelLoad,0.1064,0
27.0496,9354,Vehicle,ChannelLoad,0.1064,0
27.0496,5852,Vehicle,TX_Throughput,16160,0
27.0496,5852,Vehicle,TX_ObjectCount,4,0
27.0499,4137,Vehicle,ChannelLoad,0.08208,0
27.0499,4137,Vehicle,ChannelLoad,0.08208,0
27.0511,8543,Vehicle,TX_Throughput,7760,0
27.0511,8543,Vehicle,TX_ObjectCount,1,0
27.0527,9427,RSU,ChannelLoad,0.08536,0
27.0527,9427,RSU,ChannelLoad,0.08536,0
27.0528,6664,Vehicle,ChannelLoad,0.05128,0
27.0528,6664,Vehicle,ChannelLoad,0.05128,0
27.0528,4818,RSU,ChannelLoad,0.07944,0
27.0528,4818,RSU,ChannelLoad,0.07944,0
27.0533,2051,Vehicle,ChannelLoad,0.09288,0
27.0533,2051,Vehicle,ChannelLoad,0.09288,0
27.0539,937,Vehicle,TX_Throughput,4560,0
27.0539,937,Vehicle,TX_ObjectCount,0,0
27.0557,1385,Vehicle,TX_Throughput,4560,0
27.0557,1385,Vehicle,TX_ObjectCount,0,0
27.0561,7500,RSU,ChannelLoad,0.07648,0
27.0561,7500,RSU,ChannelLoad,0.07648,0
27.0562,4212,Vehicle,ChannelLoad,0.04944,0
27.0562,4212,Vehicle,ChannelLoad,0.04944,0
27.0572,9501,Vehicle,ChannelLoad,0.0652,0
27.0572,9501,Vehicle,ChannelLoad,0.0652,0
27.0582,2947,Vehicle,ChannelLoad,0.05312,0
27.0582,2947,Vehicle,ChannelLoad,0.05312,0
27.0586,7574,Vehicle,ChannelLoad,0.07232,0
27.0586,7574,Vehicle,ChannelLoad,0.07232,0
27.0589,4063,RSU,TX_Throughput,2080,0
27.0589,4063,RSU,TX_ObjectCount,0,0
27.0589,9574,Vehicle,ChannelLoad,0.03864,0
27.0589,9574,Vehicle,ChannelLoad,0.03864,0
27.059,1165,Vehicle,ChannelLoad,0.05544,0
27.059,1165,Vehicle,ChannelLoad,0.05544,0
27.059,5407,RSU,TX_Throughput,8080,0
27.059,5407,RSU,TX_ObjectCount,2,0
27.0594,3020,Vehicle,ChannelLoad,0.06144,0
27.0594,3020,Vehicle,ChannelLoad,0.06144,0
27.0595,7574,Vehicle,TX_Throughput,7760,0
27.0595,7574,Vehicle,TX_ObjectCount,1,0
27.0597,6591,Vehicle,TX_Throughput,4560,0
27.0597,6591,Vehicle,TX_ObjectCount,0,0
27.06,489,Vehicle,TX_Throughput,4560,0
27.06,489,Vehicle,TX_ObjectCount,0,0
27.0602,3243,RSU,TX_Throughput,5280,0
27.0602,3243,RSU,TX_ObjectCount,1,0
27.0603,3839,Vehicle,TX_Throughput,13360,0
27.0603,3839,Vehicle,TX_ObjectCount,3,0
27.0603,7868,Vehicle,TX_Throughput,4560,0
27.0603,7868,Vehicle,TX_ObjectCount,0,0
27.0604,9721,Vehicle,TX_Throughput,7760,0
27.0604,9721,Vehicle,TX_ObjectCount,1,0
27.0613,8018,Vehicle,TX_Throughput,4560,0
27.0613,8018,Vehicle,TX_ObjectCount,0,0
27.0613,1238,Vehicle,ChannelLoad,0.06504,0
27.0613,1238,Vehicle,ChannelLoad,0.06504,0
27.0615,9867,Vehicle,TX_Throughput,4560,0
27.0615,9867,Vehicle,TX_ObjectCount,0,0
27.0621,8618,RSU,TX_Throughput,10880,0
27.0621,8618,RSU,TX_ObjectCount,3,0
27.0622,9647,RSU,ChannelLoad,0.10504,0
27.0622,9647,RSU,ChannelLoad,0.10504,0
27.0627,4818,RSU,TX_Throughput,5280,0
27.0627,4818,RSU,TX_ObjectCount,1,0
27.0631,4137,Vehicle,TX_Throughput,4560,0
27.0631,4137,Vehicle,TX_ObjectCount,0,0
27.0632,4599,Vehicle,TX_Throughput,7760,0
27.0632,4599,Vehicle,TX_ObjectCount,1,0
27.0634,4672,Vehicle,TX_Throughput,7760,0
27.0634,4672,Vehicle,TX_ObjectCount,1,0
27.0637,9721,Vehicle,ChannelLoad,0.07088,0
27.0637,9721,Vehicle,ChannelLoad,0.07088,0
27.0637,3095,Vehicle,ChannelLoad,0.08392,0
27.0637,3095,Vehicle,ChannelLoad,0.08392,0
27.0638,9208,Vehicle,TX_Throughput,4560,0
27.0638,9208,Vehicle,TX_ObjectCount,0,0
27.0647,2126,RSU,ChannelLoad,0.07968,0
27.0647,2126,RSU,ChannelLoad,0.07968,0
27.0649,1311,RSU,ChannelLoad,0.0792,0
27.0649,1311,RSU,ChannelLoad,0.0792,0
27.0652,4892,Vehicle,ChannelLoad,0.05888,0
27.0652,4892,Vehicle,ChannelLoad,0.05888,0
27.0654,2200,Vehicle,ChannelLoad,0.07648,0
27.0654,2200,Vehicle,ChannelLoad,0.07648,0
27.0663,4287,Vehicle,ChannelLoad,0.06,0
27.0663,4287,Vehicle,ChannelLoad,0.06,0
27.0669,4439,Vehicle,TX_Throughput,4560,0
27.0669,4439,Vehicle,TX_ObjectCount,0,0
27.067,4967,Vehicle,TX_Throughput,7760,0
27.067,4967,Vehicle,TX_ObjectCount,1,0
27.0672,6298,RSU,TX_Throughput,2080,0
27.0672,6298,RSU,TX_ObjectCount,0,0
27.0674,8914,Vehicle,TX_Throughput,4560,0
27.0674,8914,Vehicle,TX_ObjectCount,0,0
27.0674,6747,Vehicle,ChannelLoad,0.07272,0
27.0674,6747,Vehicle,ChannelLoad,0.07272,0
27.068,4967,Vehicle,ChannelLoad,0.05944,0
27.068,4967,Vehicle,ChannelLoad,0.05944,0
27.0682,3168,Vehicle,ChannelLoad,0.05112,0
27.0682,3168,Vehicle,ChannelLoad,0.05112,0
27.0684,5040,Vehicle,ChannelLoad,0.0476,0
27.0684,5040,Vehicle,ChannelLoad,0.0476,0
27.0687,4360,Vehicle,ChannelLoad,0.11744,0
27.0687,4360,Vehicle,ChannelLoad,0.11744,0
27.0688,1605,Vehicle,TX_Throughput,4560,0
27.0688,1605,Vehicle,TX_ObjectCount,0,0
27.0696,5113,RSU,ChannelLoad,0.10072,0
27.0696,5113,RSU,ChannelLoad,0.10072,0
27.0697,8987,Vehicle,TX_Throughput,4560,0
27.0697,8987,Vehicle,TX_ObjectCount,0,0
27.0698,3243,RSU,ChannelLoad,0.09,0
27.0698,3243,RSU,ChannelLoad,0.09,0
27.0698,9794,Vehicle,ChannelLoad,0.03712,0
27.0698,9794,Vehicle,ChannelLoad,0.03712,0
27.07,2273,RSU,ChannelLoad,0.12392,0
27.07,2273,RSU,ChannelLoad,0.12392,0
27.0701,8470,Vehicle,ChannelLoad,0.06376,0
27.0701,8470,Vehicle,ChannelLoad,0.06376,0
27.0702,5187,Vehicle,ChannelLoad,0.09168,0
27.0702,5187,Vehicle,ChannelLoad,0.09168,0
27.0709,1385,Vehicle,ChannelLoad,0.05496,0
27.0709,1385,Vehicle,ChannelLoad,0.05496,0
27.071,270,Vehicle,ChannelLoad,0.06,0
27.071,270,Vehicle,ChannelLoad,0.06,0
27.0719,9867,Vehicle,ChannelLoad,0.06376,0
27.0719,9867,Vehicle,ChannelLoad,0.06376,0
27.0722,9647,RSU,TX_Throughput,8080,0
27.0722,9647,RSU,TX_ObjectCount,2,0
27.0723,5260,RSU,ChannelLoad,0.11832,0
27.0723,5260,RSU,ChannelLoad,0.11832,0
27.0725,5925,Vehicle,TX_Throughput,4560,0
27.0725,5925,Vehicle,TX_ObjectCount,0,0
27.0727,2347,Vehicle,ChannelLoad,0.06936,0
27.0727,2347,Vehicle,ChannelLoad,0.06936,0
27.0727,7202,RSU,TX_Throughput,5280,0
27.0727,7202,RSU,TX_ObjectCount,1,0
27.0735,787,Vehicle,TX_Throughput,4560,0
27.0735,787,Vehicle,TX_ObjectCount,0,0
27.0742,7647,Vehicle,ChannelLoad,0.04696,0
27.0742,7647,Vehicle,ChannelLoad,0.04696,0
27.0756,8841,Vehicle,TX_Throughput,4560,0
27.0756,8841,Vehicle,TX_ObjectCount,0,0
27.0759,5334,Vehicle,ChannelLoad,0.0944,0
27.0759,5334,Vehicle,ChannelLoad,0.0944,0
27.0762,5407,RSU,ChannelLoad,0.09936,0
27.0762,5407,RSU,ChannelLoad,0.09936,0
27.0765,9940,Vehicle,ChannelLoad,0.10248,0
27.0765,9940,Vehicle,ChannelLoad,0.10248,0
27.0771,5554,Vehicle,TX_Throughput,7760,0
27.0771,5554,Vehicle,TX_ObjectCount,1,0
27.0777,4439,Vehicle,ChannelLoad,0.07856,0
27.0777,4439,Vehicle,ChannelLoad,0.07856,0
27.0777,2420,Vehicle,ChannelLoad,0.0744,0
27.0777,2420,Vehicle,ChannelLoad,0.0744,0
27.0778,6826,RSU,ChannelLoad,0.128,0
27.0778,6826,RSU,ChannelLoad,0.128,0
27.0781,2495,RSU,TX_Throughput,8080,0
27.0781,2495,RSU,TX_ObjectCount,2,0
27.0782,7720,Vehicle,ChannelLoad,0.08056,0
27.0782,7720,Vehicle,ChannelLoad,0.08056,0
27.0782,8543,Vehicle,ChannelLoad,0.06576,0
27.0782,8543,Vehicle,ChannelLoad,0.06576,0
27.0782,3095,Vehicle,TX_Throughput,4560,0
27.0782,3095,Vehicle,TX_ObjectCount,0,0
27.0784,7500,RSU,TX_Throughput,2080,0
27.0784,7500,RSU,TX_ObjectCount,0,0
27.0786,10015,Vehicle,ChannelLoad,0.08824,0
27.0786,10015,Vehicle,ChannelLoad,0.08824,0
27.0794,3392,Vehicle,TX_Throughput,4560,0
27.0794,3392,Vehicle,TX_ObjectCount,0,0
27.08,4512,Vehicle,ChannelLoad,0.07992,0
27.08,4512,Vehicle,ChannelLoad,0.07992,0
27.0801,6902,RSU,ChannelLoad,0.06648,0
27.0801,6902,RSU,ChannelLoad,0.06648,0
27.0805,7795,Vehicle,ChannelLoad,0.06328,0
27.0805,7795,Vehicle,ChannelLoad,0.06328,0
27.0814,5775,Vehicle,TX_Throughput,4560,0
27.0814,5775,Vehicle,TX_ObjectCount,0,0
27.0816,1311,RSU,TX_Throughput,2080,0
27.0816,1311,RSU,TX_ObjectCount,0,0
27.0817,1089,RSU,TX_Throughput,16480,0
27.0817,1089,RSU,TX_ObjectCount,5,0
27.0818,6976,Vehicle,ChannelLoad,0.08344,0
27.0818,6976,Vehicle,ChannelLoad,0.08344,0
27.0819,5481,Vehicle,ChannelLoad,0.10728,0
27.0819,5481,Vehicle,ChannelLoad,0.10728,0
27.082,5554,Vehicle,ChannelLoad,0.07272,0
27.082,5554,Vehicle,ChannelLoad,0.07272,0
27.0824,4212,Vehicle,TX_Throughput,7760,0
27.0824,4212,Vehicle,TX_ObjectCount,1,0
27.0825,7278,RSU,TX_Throughput,8080,0
27.0825,7278,RSU,TX_ObjectCount,2,0
27.0831,343,Vehicle,ChannelLoad,0.07352,0
27.0831,343,Vehicle,ChannelLoad,0.07352,0
27.0832,1458,RSU,ChannelLoad,0.1084,0
27.0832,1458,RSU,ChannelLoad,0.1084,0
27.0843,8165,Vehicle,TX_Throughput,4560,0
27.0843,8165,Vehicle,TX_ObjectCount,0,0
27.0844,6902,RSU,TX_Throughput,2080,0
27.0844,6902,RSU,TX_ObjectCount,0,0
27.0844,3319,Vehicle,ChannelLoad,0.07432,0
27.0844,3319,Vehicle,ChannelLoad,0.07432,0
27.0853,7352,Vehicle,TX_Throughput,4560,0
27.0853,7352,Vehicle,TX_ObjectCount,0,0
27.0855,3541,RSU,TX_Throughput,5280,0
27.0855,3541,RSU,TX_ObjectCount,1,0
27.0857,2126,RSU,TX_Throughput,10880,0
27.0857,2126,RSU,TX_ObjectCount,3,0
27.0863,1532,Vehicle,ChannelLoad,0.08072,0
27.0863,1532,Vehicle,ChannelLoad,0.08072,0
27.0863,107,Vehicle,TX_Throughput,4560,0
27.0863,107,Vehicle,TX_ObjectCount,0,0
27.0865,3392,Vehicle,ChannelLoad,0.05816,0
27.0865,3392,Vehicle,ChannelLoad,0.05816,0
27.0865,5627,RSU,ChannelLoad,0.10312,0
27.0865,5627,RSU,ChannelLoad,0.10312,0
27.0871,416,Vehicle,ChannelLoad,0.07176,0
27.0871,416,Vehicle,ChannelLoad,0.07176,0
27.0873,2200,Vehicle,TX_Throughput,7760,0
27.0873,2200,Vehicle,TX_ObjectCount,1,0
27.0873,7129,Vehicle,TX_Throughput,4560,0
27.0873,7129,Vehicle,TX_ObjectCount,0,0
27.0885,2495,RSU,ChannelLoad,0.08504,0
27.0885,2495,RSU,ChannelLoad,0.08504,0
27.0891,8384,RSU,TX_Throughput,13680,0
27.0891,8384,RSU,TX_ObjectCount,4,0
27.0894,2569,RSU,ChannelLoad,0.0968,0
27.0894,2569,RSU,ChannelLoad,0.0968,0
27.0902,7647,Vehicle,TX_Throughput,4560,0
27.0902,7647,Vehicle,TX_ObjectCount,0,0
27.0916,8618,RSU,ChannelLoad,0.06856,0
27.0916,8618,RSU,ChannelLoad,0.06856,0
27.0917,7868,Vehicle,ChannelLoad,0.05496,0
27.0917,7868,Vehicle,ChannelLoad,0.05496,0
27.092,3619,Vehicle,TX_Throughput,4560,0
27.092,3619,Vehicle,TX_ObjectCount,0,0
27.092,5701,RSU,ChannelLoad,0.10584,0
27.092,5701,RSU,ChannelLoad,0.10584,0
27.0928,5775,Vehicle,ChannelLoad,0.10528,0
27.0928,5775,Vehicle,ChannelLoad,0.10528,0
27.0932,1532,Vehicle,TX_Throughput,7760,0
27.0932,1532,Vehicle,TX_ObjectCount,1,0
27.0939,489,Vehicle,ChannelLoad,0.06072,0
27.0939,489,Vehicle,ChannelLoad,0.06072,0
27.0941,1014,Vehicle,TX_Throughput,7760,0
27.0941,1014,Vehicle,TX_ObjectCount,1,0
27.0955,9133,Vehicle,TX_Throughput,7760,0
27.0955,9133,Vehicle,TX_ObjectCount,1,0
27.096,8694,RSU,ChannelLoad,0.10336,0
27.096,8694,RSU,ChannelLoad,0.10336,0
27.0961,3467,RSU,ChannelLoad,0.10368,0
27.0961,3467,RSU,ChannelLoad,0.10368,0
27.0961,562,Vehicle,ChannelLoad,0.08048,0
27.0961,562,Vehicle,ChannelLoad,0.08048,0
27.0962,4892,Vehicle,TX_Throughput,4560,0
27.0962,4892,Vehicle,TX_ObjectCount,0,0
27.0966,1605,Vehicle,ChannelLoad,0.0636,0
27.0966,1605,Vehicle,ChannelLoad,0.0636,0
27.097,2649,Vehicle,TX_Throughput,13360,0
27.097,2649,Vehicle,TX_ObjectCount,3,0
27.0972,1458,RSU,TX_Throughput,8080,0
27.0972,1458,RSU,TX_ObjectCount,2,0
27.0978,3541,RSU,ChannelLoad,0.0788,0
27.0978,3541,RSU,ChannelLoad,0.0788,0
27.0981,2347,Vehicle,TX_Throughput,7760,0
27.0981,2347,Vehicle,TX_ObjectCount,1,0
27.0987,10015,Vehicle,TX_Throughput,4560,0
27.0987,10015,Vehicle,TX_ObjectCount,0,0
27.0997,5040,Vehicle,TX_Throughput,4560,0
27.0997,5040,Vehicle,TX_ObjectCount,0,0
27.1009,7943,Vehicle,ChannelLoad,0.05032,0
27.1009,7943,Vehicle,ChannelLoad,0.05032,0
27.1017,1828,Vehicle,TX_Throughput,7760,0
27.1017,1828,Vehicle,TX_ObjectCount,1,0
27.102,639,Vehicle,ChannelLoad,0.054,0
27.102,639,Vehicle,ChannelLoad,0.054,0
27.1023,8768,Vehicle,ChannelLoad,0.07424,0
27.1023,8768,Vehicle,ChannelLoad,0.07424,0
27.1025,3467,RSU,TX_Throughput,10880,0
27.1025,3467,RSU,TX_ObjectCount,3,0
27.1026,8841,Vehicle,ChannelLoad,0.08184,0
27.1026,8841,Vehicle,ChannelLoad,0.08184,0
27.1035,8470,Vehicle,TX_Throughput,4560,0
27.1035,8470,Vehicle,TX_ObjectCount,0,0
27.1037,7055,RSU,ChannelLoad,0.0984,0
27.1037,7055,RSU,ChannelLoad,0.0984,0
27.1038,3168,Vehicle,TX_Throughput,4560,0
27.1038,3168,Vehicle,TX_ObjectCount,0,0
27.1039,2799,Vehicle,TX_Throughput,4560,0
27.1039,2799,Vehicle,TX_ObjectCount,0,0
27.1047,5481,Vehicle,TX_Throughput,13360,0
27.1047,5481,Vehicle,TX_ObjectCount,3,0
27.1047,29,RSU,ChannelLoad,0.11976,0
27.1047,29,RSU,ChannelLoad,0.11976,0
27.1053,3319,Vehicle,TX_Throughput,4560,0
27.1053,3319,Vehicle,TX_ObjectCount,0,0
27.1054,7425,Vehicle,TX_Throughput,10560,0
27.1054,7425,Vehicle,TX_ObjectCount,2,0
27.1059,712,Vehicle,ChannelLoad,0.08912,0
27.1059,712,Vehicle,ChannelLoad,0.08912,0
27.1067,6664,Vehicle,TX_Throughput,7760,0
27.1067,6664,Vehicle,TX_ObjectCount,1,0
27.1072,9940,Vehicle,TX_Throughput,4560,0
27.1072,9940,Vehicle,TX_ObjectCount,0,0
27.1078,5852,Vehicle,ChannelLoad,0.04944,0
27.1078,5852,Vehicle,ChannelLoad,0.04944,0
27.1083,6223,Vehicle,TX_Throughput,4560,0
27.1083,6223,Vehicle,TX_ObjectCount,0,0
27.1084,6747,Vehicle,TX_Throughput,4560,0
27.1084,6747,Vehicle,TX_ObjectCount,0,0
27.1089,1678,Vehicle,ChannelLoad,0.06784,0
27.1089,1678,Vehicle,ChannelLoad,0.06784,0
27.1091,5998,Vehicle,TX_Throughput,4560,0
27.1091,5998,Vehicle,TX_ObjectCount,0,0
27.1092,2874,Vehicle,TX_Throughput,4560,0
27.1092,2874,Vehicle,TX_ObjectCount,0,0
27.1094,6518,Vehicle,TX_Throughput,7760,0
27.1094,6518,Vehicle,TX_ObjectCount,1,0
27.1105,270,Vehicle,TX_Throughput,7760,0
27.1105,270,Vehicle,TX_ObjectCount,1,0
27.111,6372,Vehicle,TX_Throughput,4560,0
27.111,6372,Vehicle,TX_ObjectCount,0,0
27.1121,5925,Vehicle,ChannelLoad,0.04648,0
27.1121,5925,Vehicle,ChannelLoad,0.04648,0
27.1131,5998,Vehicle,ChannelLoad,0.08512,0
27.1131,5998,Vehicle,ChannelLoad,0.08512,0
27.1136,9794,Vehicle,TX_Throughput,7760,0
27.1136,9794,Vehicle,TX_ObjectCount,1,0
27.1138,2724,Vehicle,TX_Throughput,4560,0
27.1138,2724,Vehicle,TX_ObjectCount,0,0
27.1147,5260,RSU,TX_Throughput,13680,0
27.1147,5260,RSU,TX_ObjectCount,4,0
27.1147,3619,Vehicle,ChannelLoad,0.03952,0
27.1147,3619,Vehicle,ChannelLoad,0.03952,0
27.1151,712,Vehicle,TX_Throughput,4560,0
27.1151,712,Vehicle,TX_ObjectCount,0,0
27.1152,7129,Vehicle,ChannelLoad,0.0632,0
27.1152,7129,Vehicle,ChannelLoad,0.0632,0
27.1156,639,Vehicle,TX_Throughput,4560,0
27.1156,639,Vehicle,TX_ObjectCount,0,0
27.116,3020,Vehicle,TX_Throughput,4560,0
27.116,3020,Vehicle,TX_ObjectCount,0,0
27.1163,7202,RSU,ChannelLoad,0.08368,0
27.1163,7202,RSU,ChannelLoad,0.08368,0
27.1166,182,RSU,TX_Throughput,8080,0
27.1166,182,RSU,TX_ObjectCount,2,0
27.1167,8914,Vehicle,ChannelLoad,0.03264,0
27.1167,8914,Vehicle,ChannelLoad,0.03264,0
27.1168,1755,Vehicle,ChannelLoad,0.05648,0
27.1168,1755,Vehicle,ChannelLoad,0.05648,0
27.1169,6071,Vehicle,ChannelLoad,0.06792,0
27.1169,6071,Vehicle,ChannelLoad,0.06792,0
27.1171,862,Vehicle,TX_Throughput,4560,0
27.1171,862,Vehicle,TX_ObjectCount,0,0
27.1172,2649,Vehicle,ChannelLoad,0.04872,0
27.1172,2649,Vehicle,ChannelLoad,0.04872,0
27.1175,1901,RSU,TX_Throughput,8080,0
27.1175,1901,RSU,TX_ObjectCount,2,0
27.1182,8987,Vehicle,ChannelLoad,0.07232,0
27.1182,8987,Vehicle,ChannelLoad,0.07232,0
27.1183,787,Vehicle,ChannelLoad,0.03992,0
27.1183,787,Vehicle,ChannelLoad,0.03992,0
27.1186,2724,Vehicle,ChannelLoad,0.05752,0
27.1186,2724,Vehicle,ChannelLoad,0.05752,0
27.1188,107,Vehicle,ChannelLoad,0.07296,0
27.1188,107,Vehicle,ChannelLoad,0.07296,0
27.1191,2273,RSU,TX_Throughput,8080,0
27.1191,2273,RSU,TX_ObjectCount,2,0
27.1197,7720,Vehicle,TX_Throughput,4560,0
27.1197,7720,Vehicle,TX_ObjectCount,0,0
27.1201,182,RSU,ChannelLoad,0.07744,0
27.1201,182,RSU,ChannelLoad,0.07744,0
27.1202,862,Vehicle,ChannelLoad,0.06368,0
27.1202,862,Vehicle,ChannelLoad,0.06368,0
27.1207,6976,Vehicle,TX_Throughput,7760,0
27.1207,6976,Vehicle,TX_ObjectCount,1,0
27.121,8018,Vehicle,ChannelLoad,0.05664,0
27.121,8018,Vehicle,ChannelLoad,0.05664,0
27.1212,2051,Vehicle,TX_Throughput,4560,0
27.1212,2051,Vehicle,TX_ObjectCount,0,0
27.1223,1828,Vehicle,ChannelLoad,0.04392,0
27.1223,1828,Vehicle,ChannelLoad,0.04392,0
27.1228,6146,Vehicle,ChannelLoad,0.07176,0
27.1228,6146,Vehicle,ChannelLoad,0.07176,0
27.1231,1901,RSU,ChannelLoad,0.06816,0
27.1231,1901,RSU,ChannelLoad,0.06816,0
27.1231,7795,Vehicle,TX_Throughput,7760,0
27.1231,7795,Vehicle,TX_ObjectCount,1,0
27.1237,3692,Vehicle,ChannelLoad,0.09264,0
27.1237,3692,Vehicle,ChannelLoad,0.09264,0
27.1238,9281,Vehicle,TX_Throughput,7760,0
27.1238,9281,Vehicle,TX_ObjectCount,1,0
27.1244,5627,RSU,TX_Throughput,8080,0
27.1244,5627,RSU,TX_ObjectCount,2,0
27.125,2799,Vehicle,ChannelLoad,0.06152,0
27.125,2799,Vehicle,ChannelLoad,0.06152,0
27.1251,8694,RSU,TX_Throughput,5280,0
27.1251,8694,RSU,TX_ObjectCount,1,0
27.1256,9133,Vehicle,ChannelLoad,0.0784,0
27.1256,9133,Vehicle,ChannelLoad,0.0784,0
27.1281,6826,RSU,TX_Throughput,5280,0
27.1281,6826,RSU,TX_ObjectCount,1,0
27.1282,3989,RSU,TX_Throughput,5280,0
27.1282,3989,RSU,TX_ObjectCount,1,0
27.1286,2947,Vehicle,TX_Throughput,10560,0
27.1286,2947,Vehicle,TX_ObjectCount,2,0
27.1289,8091,RSU,ChannelLoad,0.08976,0
27.1289,8091,RSU,ChannelLoad,0.08976,0
27.129,9574,Vehicle,TX_Throughput,7760,0
27.129,9574,Vehicle,TX_ObjectCount,1,0
27.1294,3765,RSU,TX_Throughput,5280,0
27.1294,3765,RSU,TX_ObjectCount,1,0
27.1315,8091,RSU,TX_Throughput,10880,0
27.1315,8091,RSU,TX_ObjectCount,3,0
27.1317,8311,Vehicle,TX_Throughput,4560,0
27.1317,8311,Vehicle,TX_ObjectCount,0,0
27.1318,937,Vehicle,ChannelLoad,0.10784,0
27.1318,937,Vehicle,ChannelLoad,0.10784,0
27.1319,4512,Vehicle,TX_Throughput,4560,0
27.1319,4512,Vehicle,TX_ObjectCount,0,0
27.1326,8165,Vehicle,ChannelLoad,0.07544,0
27.1326,8165,Vehicle,ChannelLoad,0.07544,0
27.1333,3765,RSU,ChannelLoad,0.05224,0
27.1333,3765,RSU,ChannelLoad,0.05224,0
27.1334,3692,Vehicle,TX_Throughput,7760,0
27.1334,3692,Vehicle,TX_ObjectCount,1,0
27.1336,5187,Vehicle,TX_Throughput,7760,0
27.1336,5187,Vehicle,TX_ObjectCount,1,0
27.134,8768,Vehicle,TX_Throughput,4560,0
27.134,8768,Vehicle,TX_ObjectCount,0,0
27.1341,416,Vehicle,TX_Throughput,7760,0
27.1341,416,Vehicle,TX_ObjectCount,1,0
27.1342,7055,RSU,TX_Throughput,8080,0
27.1342,7055,RSU,TX_ObjectCount,2,0
27.1343,6223,Vehicle,ChannelLoad,0.06704,0
27.1343,6223,Vehicle,ChannelLoad,0.06704,0
27.1344,29,RSU,TX_Throughput,2080,0
27.1344,29,RSU,TX_ObjectCount,0,0
27.1344,562,Vehicle,TX_Throughput,7760,0
27.1344,562,Vehicle,TX_ObjectCount,1,0
27.1346,9501,Vehicle,TX_Throughput,4560,0
27.1346,9501,Vehicle,TX_ObjectCount,0,0
27.1348,1755,Vehicle,TX_Throughput,4560,0
27.1348,1755,Vehicle,TX_ObjectCount,0,0
27.135,2569,RSU,TX_Throughput,8080,0
27.135,2569,RSU,TX_ObjectCount,2,0
27.1352,7278,RSU,ChannelLoad,0.08888,0
27.1352,7278,RSU,ChannelLoad,0.08888,0
27.1359,5113,RSU,TX_Throughput,8080,0
27.1359,5113,RSU,TX_ObjectCount,2,0
27.1369,7352,Vehicle,ChannelLoad,0.04896,0
27.1369,7352,Vehicle,ChannelLoad,0.04896,0
27.137,5701,RSU,TX_Throughput,8080,0
27.137,5701,RSU,TX_ObjectCount,2,0
27.137,3839,Vehicle,ChannelLoad,0.06464,0
27.137,3839,Vehicle,ChannelLoad,0.06464,0
27.1374,4599,Vehicle,ChannelLoad,0.06808,0
27.1374,4599,Vehicle,ChannelLoad,0.06808,0
27.1376,3912,Vehicle,ChannelLoad,0.0448,0
27.1376,3912,Vehicle,ChannelLoad,0.0448,0
27.1379,8311,Vehicle,ChannelLoad,0.0632,0
27.1379,8311,Vehicle,ChannelLoad,0.0632,0
27.138,2874,Vehicle,ChannelLoad,0.03456,0
27.138,2874,Vehicle,ChannelLoad,0.03456,0
27.1384,4360,Vehicle,TX_Throughput,4560,0
27.1384,4360,Vehicle,TX_ObjectCount,0,0
27.1385,6071,Vehicle,TX_Throughput,4560,0
27.1385,6071,Vehicle,TX_ObjectCount,0,0
27.1389,6298,RSU,ChannelLoad,0.10112,0
27.1389,6298,RSU,ChannelLoad,0.10112,0
27.1393,7425,Vehicle,ChannelLoad,0.04696,0
27.1393,7425,Vehicle,ChannelLoad,0.04696,0
27.1399,6372,Vehicle,ChannelLoad,0.06616,0
27.1399,6372,Vehicle,ChannelLoad,0.06616,0
27.1404,1014,Vehicle,ChannelLoad,0.05448,0
27.1404,1014,Vehicle,ChannelLoad,0.05448,0
27.1414,8384,RSU,ChannelLoad,0.08328,0
27.1414,8384,RSU,ChannelLoad,0.08328,0
27.1417,4745,Vehicle,TX_Throughput,7760,0
27.1417,4745,Vehicle,TX_ObjectCount,1,0
27.1422,1977,RSU,TX_Throughput,2080,0
27.1422,1977,RSU,TX_ObjectCount,0,0
27.1429,3912,Vehicle,TX_Throughput,4560,0
27.1429,3912,Vehicle,TX_ObjectCount,0,0
27.1431,1165,Vehicle,TX_Throughput,4560,0
27.1431,1165,Vehicle,TX_ObjectCount,0,0
27.1436,7943,Vehicle,TX_Throughput,7760,0
27.1436,7943,Vehicle,TX_ObjectCount,1,0
27.1437,9208,Vehicle,ChannelLoad,0.0512,0
27.1437,9208,Vehicle,ChannelLoad,0.0512,0
27.1438,343,Vehicle,TX_Throughput,4560,0
27.1438,343,Vehicle,TX_ObjectCount,0,0
27.1447,9281,Vehicle,ChannelLoad,0.0488,0
27.1447,9281,Vehicle,ChannelLoad,0.0488,0
27.1449,4672,Vehicle,ChannelLoad,0.0748,0
27.1449,4672,Vehicle,ChannelLoad,0.0748,0
27.1452,4287,Vehicle,TX_Throughput,7760,0
27.1452,4287,Vehicle,TX_ObjectCount,1,0
27.1454,1678,Vehicle,TX_Throughput,4560,0
27.1454,1678,Vehicle,TX_ObjectCount,0,0
27.1459,6445,Vehicle,ChannelLoad,0.10608,0
27.1459,6445,Vehicle,ChannelLoad,0.10608,0
27.1461,9354,Vehicle,TX_Throughput,4560,0
27.1461,9354,Vehicle,TX_ObjectCount,0,0
27.1464,1089,RSU,ChannelLoad,0.09232,0
27.1464,1089,RSU,ChannelLoad,0.09232,0
27.1466,5334,Vehicle,TX_Throughput,4560,0
27.1466,5334,Vehicle,TX_ObjectCount,0,0
27.1469,9427,RSU,TX_Throughput,5280,0
27.1469,9427,RSU,TX_ObjectCount,1,0
27.1471,3989,RSU,ChannelLoad,0.06536,0
27.1471,3989,RSU,ChannelLoad,0.06536,0
27.1472,6518,Vehicle,ChannelLoad,0.04064,0
27.1472,6518,Vehicle,ChannelLoad,0.04064,0
27.1474,2420,Vehicle,TX_Throughput,4560,0
27.1474,2420,Vehicle,TX_ObjectCount,0,0
27.1477,6146,Vehicle,TX_Throughput,7760,0
27.1477,6146,Vehicle,TX_ObjectCount,1,0
27.1481,1238,Vehicle,TX_Throughput,4560,0
27.1481,1238,Vehicle,TX_ObjectCount,0,0
27.1482,6591,Vehicle,ChannelLoad,0.0316,0
27.1482,6591,Vehicle,ChannelLoad,0.0316,0
27.1483,6445,Vehicle,TX_Throughput,4560,0
27.1483,6445,Vehicle,TX_ObjectCount,0,0
27.1488,1977,RSU,ChannelLoad,0.08136,0
27.1488,1977,RSU,ChannelLoad,0.08136,0
27.1488,4745,Vehicle,ChannelLoad,0.06448,0
27.1488,4745,Vehicle,ChannelLoad,0.06448,0
27.1492,4063,RSU,ChannelLoad,0.06048,0
27.1492,4063,RSU,ChannelLoad,0.06048,0
27.1496,9354,Vehicle,ChannelLoad,0.09808,0
27.1496,9354,Vehicle,ChannelLoad,0.09808,0
27.1496,5852,Vehicle,TX_Throughput,10560,0
27.1496,5852,Vehicle,TX_ObjectCount,2,0
27.1499,4137,Vehicle,ChannelLoad,0.0812,0
27.1499,4137,Vehicle,ChannelLoad,0.0812,0
27.1511,8543,Vehicle,TX_Throughput,7760,0
27.1511,8543,Vehicle,TX_ObjectCount,1,0
27.1527,9427,RSU,ChannelLoad,0.08992,0
27.1527,9427,RSU,ChannelLoad,0.08992,0
27.1528,6664,Vehicle,ChannelLoad,0.04912,0
27.1528,6664,Vehicle,ChannelLoad,0.04912,0
27.1528,4818,RSU,ChannelLoad,0.07984,0
27.1528,4818,RSU,ChannelLoad,0.07984,0
27.1533,2051,Vehicle,ChannelLoad,0.09432,0
27.1533,2051,Vehicle,ChannelLoad,0.09432,0
27.1539,937,Vehicle,TX_Throughput,4560,0
27.1539,937,Vehicle,TX_ObjectCount,0,0
27.1557,1385,Vehicle,TX_Throughput,7760,0
27.1557,1385,Vehicle,TX_ObjectCount,1,0
27.1561,7500,RSU,ChannelLoad,0.08312,0
27.1561,7500,RSU,ChannelLoad,0.08312,0
27.1562,4212,Vehicle,ChannelLoad,0.04904,0
27.1562,4212,Vehicle,ChannelLoad,0.04904,0
27.1572,9501,Vehicle,ChannelLoad,0.07384,0
27.1572,9501,Vehicle,ChannelLoad,0.07384,0
27.1582,2947,Vehicle,ChannelLoad,0.04776,0
27.1582,2947,Vehicle,ChannelLoad,0.04776,0
27.1586,7574,Vehicle,ChannelLoad,0.076,0
27.1586,7574,Vehicle,ChannelLoad,0.076,0
27.1589,4063,RSU,TX_Throughput,5280,0
27.1589,4063,RSU,TX_ObjectCount,1,0
27.1589,9574,Vehicle,ChannelLoad,0.03296,0
27.1589,9574,Vehicle,ChannelLoad,0.03296,0
27.159,1165,Vehicle,ChannelLoad,0.0544,0
27.159,1165,Vehicle,ChannelLoad,0.0544,0
27.159,5407,RSU,TX_Throughput,8080,0
27.159,5407,RSU,TX_ObjectCount,2,0
27.1594,3020,Vehicle,ChannelLoad,0.05184,0
27.1594,3020,Vehicle,ChannelLoad,0.05184,0
27.1595,7574,Vehicle,TX_Throughput,4560,0
27.1595,7574,Vehicle,TX_ObjectCount,0,0
27.1597,6591,Vehicle,TX_Throughput,4560,0
27.1597,6591,Vehicle,TX_ObjectCount,0,0
27.16,489,Vehicle,TX_Throughput,4560,0
27.16,489,Vehicle,TX_ObjectCount,0,0
27.1602,3243,RSU,TX_Throughput,2080,0
27.1602,3243,RSU,TX_ObjectCount,0,0
27.1603,3839,Vehicle,TX_Throughput,4560,0
27.1603,3839,Vehicle,TX_ObjectCount,0,0
27.1603,7868,Vehicle,TX_Throughput,4560,0
27.1603,7868,Vehicle,TX_ObjectCount,0,0
27.1604,9721,Vehicle,TX_Throughput,4560,0
27.1604,9721,Vehicle,TX_ObjectCount,0,0
27.1613,8018,Vehicle,TX_Throughput,4560,0
27.1613,8018,Vehicle,TX_ObjectCount,0,0
27.1613,1238,Vehicle,ChannelLoad,0.06368,0
27.1613,1238,Vehicle,ChannelLoad,0.06368,0
27.1615,9867,Vehicle,TX_Throughput,7760,0
27.1615,9867,Vehicle,TX_ObjectCount,1,0
27.1621,8618,RSU,TX_Throughput,5280,0
27.1621,8618,RSU,TX_ObjectCount,1,0
27.1622,9647,RSU,ChannelLoad,0.09808,0
27.1622,9647,RSU,ChannelLoad,0.09808,0
27.1627,4818,RSU,TX_Throughput,8080,0
27.1627,4818,RSU,TX_ObjectCount,2,0
27.1631,4137,Vehicle,TX_Throughput,10560,0
27.1631,4137,Vehicle,TX_ObjectCount,2,0
27.1632,4599,Vehicle,TX_Throughput,4560,0
27.1632,4599,Vehicle,TX_ObjectCount,0,0
27.1634,4672,Vehicle,TX_Throughput,7760,0
27.1634,4672,Vehicle,TX_ObjectCount,1,0
27.1637,9721,Vehicle,ChannelLoad,0.08008,0
27.1637,9721,Vehicle,ChannelLoad,0.08008,0
27.1637,3095,Vehicle,ChannelLoad,0.0904,0
27.1637,3095,Vehicle,ChannelLoad,0.0904,0
27.1638,9208,Vehicle,TX_Throughput,4560,0
27.1638,9208,Vehicle,TX_ObjectCount,0,0
27.1647,2126,RSU,ChannelLoad,0.0884,0
27.1647,2126,RSU,ChannelLoad,0.0884,0
27.1649,1311,RSU,ChannelLoad,0.08616,0
27.1649,1311,RSU,ChannelLoad,0.08616,0
27.1652,4892,Vehicle,ChannelLoad,0.05704,0
27.1652,4892,Vehicle,ChannelLoad,0.05704,0
27.1654,2200,Vehicle,ChannelLoad,0.06928,0
27.1654,2200,Vehicle,ChannelLoad,0.06928,0
27.1663,4287,Vehicle,ChannelLoad,0.06904,0
27.1663,4287,Vehicle,ChannelLoad,0.06904,0
27.1669,4439,Vehicle,TX_Throughput,4560,0
27.1669,4439,Vehicle,TX_ObjectCount,0,0
27.167,4967,Vehicle,TX_Throughput,7760,0
27.167,4967,Vehicle,TX_ObjectCount,1,0
27.1672,6298,RSU,TX_Throughput,8080,0
27.1672,6298,RSU,TX_ObjectCount,2,0
27.1674,8914,Vehicle,TX_Throughput,4560,0
27.1674,8914,Vehicle,TX_ObjectCount,0,0
27.1674,6747,Vehicle,ChannelLoad,0.06552,0
27.1674,6747,Vehicle,ChannelLoad,0.06552,0
27.168,4967,Vehicle,ChannelLoad,0.06096,0
27.168,4967,Vehicle,ChannelLoad,0.06096,0
27.1682,3168,Vehicle,ChannelLoad,0.05576,0
27.1682,3168,Vehicle,ChannelLoad,0.05576,0
27.1684,5040,Vehicle,ChannelLoad,0.06072,0
27.1684,5040,Vehicle,ChannelLoad,0.06072,0
27.1687,4360,Vehicle,ChannelLoad,0.0968,0
27.1687,4360,Vehicle,ChannelLoad,0.0968,0
27.1688,1605,Vehicle,TX_Throughput,4560,0
27.1688,1605,Vehicle,TX_ObjectCount,0,0
27.1696,5113,RSU,ChannelLoad,0.09056,0
27.1696,5113,RSU,ChannelLoad,0.09056,0
27.1697,8987,Vehicle,TX_Throughput,4560,0
27.1697,8987,Vehicle,TX_ObjectCount,0,0
27.1698,3243,RSU,ChannelLoad,0.09296,0
27.1698,3243,RSU,ChannelLoad,0.09296,0
27.1698,9794,Vehicle,ChannelLoad,0.04576,0
27.1698,9794,Vehicle,ChannelLoad,0.04576,0
27.17,2273,RSU,ChannelLoad,0.09072,0
27.17,2273,RSU,ChannelLoad,0.09072,0
27.1701,8470,Vehicle,ChannelLoad,0.06496,0
27.1701,8470,Vehicle,ChannelLoad,0.06496,0
27.1702,5187,Vehicle,ChannelLoad,0.05272,0
27.1702,5187,Vehicle,ChannelLoad,0.05272,0
27.1709,1385,Vehicle,ChannelLoad,0.04768,0
27.1709,1385,Vehicle,ChannelLoad,0.04768,0
27.171,270,Vehicle,ChannelLoad,0.05816,0
27.171,270,Vehicle,ChannelLoad,0.05816,0
27.1719,9867,Vehicle,ChannelLoad,0.05856,0
27.1719,9867,Vehicle,ChannelLoad,0.05856,0
27.1722,9647,RSU,TX_Throughput,8080,0
27.1722,9647,RSU,TX_ObjectCount,2,0
27.1723,5260,RSU,ChannelLoad,0.0684,0
27.1723,5260,RSU,ChannelLoad,0.0684,0
27.1725,5925,Vehicle,TX_Throughput,7760,0
27.1725,5925,Vehicle,TX_ObjectCount,1,0
27.1727,2347,Vehicle,ChannelLoad,0.068,0
27.1727,2347,Vehicle,ChannelLoad,0.068,0
27.1727,7202,RSU,TX_Throughput,5280,0
27.1727,7202,RSU,TX_ObjectCount,1,0
27.1735,787,Vehicle,TX_Throughput,4560,0
27.1735,787,Vehicle,TX_ObjectCount,0,0
27.1742,7647,Vehicle,ChannelLoad,0.04104,0
27.1742,7647,Vehicle,ChannelLoad,0.04104,0
27.1756,8841,Vehicle,TX_Throughput,7760,0
27.1756,8841,Vehicle,TX_ObjectCount,1,0
27.1759,5334,Vehicle,ChannelLoad,0.06536,0
27.1759,5334,Vehicle,ChannelLoad,0.06536,0
27.1762,5407,RSU,ChannelLoad,0.08064,0
27.1762,5407,RSU,ChannelLoad,0.08064,0
27.1765,9940,Vehicle,ChannelLoad,0.09992,0
27.1765,9940,Vehicle,ChannelLoad,0.09992,0
27.1771,5554,Vehicle,TX_Throughput,4560,0
27.1771,5554,Vehicle,TX_ObjectCount,0,0
27.1777,4439,Vehicle,ChannelLoad,0.08808,0
27.1777,4439,Vehicle,ChannelLoad,0.08808,0
27.1777,2420,Vehicle,ChannelLoad,0.05192,0
27.1777,2420,Vehicle,ChannelLoad,0.05192,0
27.1778,6826,RSU,ChannelLoad,0.1224,0
27.1778,6826,RSU,ChannelLoad,0.1224,0
27.1781,2495,RSU,TX_Throughput,2080,0
27.1781,2495,RSU,TX_ObjectCount,0,0
27.1782,7720,Vehicle,ChannelLoad,0.06784,0
27.1782,7720,Vehicle,ChannelLoad,0.06784,0
27.1782,8543,Vehicle,ChannelLoad,0.0644,0
27.1782,8543,Vehicle,ChannelLoad,0.0644,0
27.1782,3095,Vehicle,TX_Throughput,10560,0
27.1782,3095,Vehicle,TX_ObjectCount,2,0
27.1784,7500,RSU,TX_Throughput,2080,0
27.1784,7500,RSU,TX_ObjectCount,0,0
27.1786,10015,Vehicle,ChannelLoad,0.09744,0
27.1786,10015,Vehicle,ChannelLoad,0.09744,0
27.1794,3392,Vehicle,TX_Throughput,4560,0
27.1794,3392,Vehicle,TX_ObjectCount,0,0
27.18,4512,Vehicle,ChannelLoad,0.05104,0
27.18,4512,Vehicle,ChannelLoad,0.05104,0
27.1801,6902,RSU,ChannelLoad,0.066,0
27.1801,6902,RSU,ChannelLoad,0.066,0
27.1805,7795,Vehicle,ChannelLoad,0.06408,0
27.1805,7795,Vehicle,ChannelLoad,0.06408,0
27.1814,5775,Vehicle,TX_Throughput,7760,0
27.1814,5775,Vehicle,TX_ObjectCount,1,0
27.1816,1311,RSU,TX_Throughput,5280,0
27.1816,1311,RSU,TX_ObjectCount,1,0
27.1817,1089,RSU,TX_Throughput,8080,0
27.1817,1089,RSU,TX_ObjectCount,2,0
27.1818,6976,Vehicle,ChannelLoad,0.0812,0
27.1818,6976,Vehicle,ChannelLoad,0.0812,0
27.1819,5481,Vehicle,ChannelLoad,0.07264,0
27.1819,5481,Vehicle,ChannelLoad,0.07264,0
27.182,5554,Vehicle,ChannelLoad,0.08192,0
27.182,5554,Vehicle,ChannelLoad,0.08192,0
27.1824,4212,Vehicle,TX_Throughput,4560,0
27.1824,4212,Vehicle,TX_ObjectCount,0,0
27.1825,7278,RSU,TX_Throughput,8080,0
27.1825,7278,RSU,TX_ObjectCount,2,0
27.1831,343,Vehicle,ChannelLoad,0.06448,0
27.1831,343,Vehicle,ChannelLoad,0.06448,0
27.1832,1458,RSU,ChannelLoad,0.09256,0
27.1832,1458,RSU,ChannelLoad,0.09256,0
27.1843,8165,Vehicle,TX_Throughput,4560,0
27.1843,8165,Vehicle,TX_ObjectCount,0,0
27.1844,6902,RSU,TX_Throughput,8080,0
27.1844,6902,RSU,TX_ObjectCount,2,0
27.1844,3319,Vehicle,ChannelLoad,0.08432,0
27.1844,3319,Vehicle,ChannelLoad,0.08432,0
27.1853,7352,Vehicle,TX_Throughput,4560,0
27.1853,7352,Vehicle,TX_ObjectCount,0,0
27.1855,3541,RSU,TX_Throughput,8080,0
27.1855,3541,RSU,TX_ObjectCount,2,0
27.1857,2126,RSU,TX_Throughput,13680,0
27.1857,2126,RSU,TX_ObjectCount,4,0
27.1863,1532,Vehicle,ChannelLoad,0.068,0
27.1863,1532,Vehicle,ChannelLoad,0.068,0
27.1863,107,Vehicle,TX_Throughput,4560,0
27.1863,107,Vehicle,TX_ObjectCount,0,0
27.1865,3392,Vehicle,ChannelLoad,0.07264,0
27.1865,3392,Vehicle,ChannelLoad,0.07264,0
27.1865,5627,RSU,ChannelLoad,0.11032,0
27.1865,5627,RSU,ChannelLoad,0.11032,0
27.1871,416,Vehicle,ChannelLoad,0.06376,0
27.1871,416,Vehicle,ChannelLoad,0.06376,0
27.1873,2200,Vehicle,TX_Throughput,4560,0
27.1873,2200,Vehicle,TX_ObjectCount,0,0
27.1873,7129,Vehicle,TX_Throughput,4560,0
27.1873,7129,Vehicle,TX_ObjectCount,0,0
27.1885,2495,RSU,ChannelLoad,0.0884,0
27.1885,2495,RSU,ChannelLoad,0.0884,0
27.1891,8384,RSU,TX_Throughput,8080,0
27.1891,8384,RSU,TX_ObjectCount,2,0
27.1894,2569,RSU,ChannelLoad,0.08896,0
27.1894,2569,RSU,ChannelLoad,0.08896,0
27.1902,7647,Vehicle,TX_Throughput,7760,0
27.1902,7647,Vehicle,TX_ObjectCount,1,0
27.1916,8618,RSU,ChannelLoad,0.08408,0
27.1916,8618,RSU,ChannelLoad,0.08408,0
27.1917,7868,Vehicle,ChannelLoad,0.04872,0
27.1917,7868,Vehicle,ChannelLoad,0.04872,0
27.192,3619,Vehicle,TX_Throughput,7760,0
27.192,3619,Vehicle,TX_ObjectCount,1,0
27.192,5701,RSU,ChannelLoad,0.0996,0
27.192,5701,RSU,ChannelLoad,0.0996,0
27.1928,5775,Vehicle,ChannelLoad,0.08536,0
27.1928,5775,Vehicle,ChannelLoad,0.08536,0
27.1932,1532,Vehicle,TX_Throughput,7760,0
27.1932,1532,Vehicle,TX_ObjectCount,1,0
27.1939,489,Vehicle,ChannelLoad,0.04224,0
27.1939,489,Vehicle,ChannelLoad,0.04224,0
27.1941,1014,Vehicle,TX_Throughput,4560,0
27.1941,1014,Vehicle,TX_ObjectCount,0,0
27.1955,9133,Vehicle,TX_Throughput,7760,0
27.1955,9133,Vehicle,TX_ObjectCount,1,0
27.196,8694,RSU,ChannelLoad,0.08056,0
27.196,8694,RSU,ChannelLoad,0.08056,0
27.1961,3467,RSU,ChannelLoad,0.0964,0
27.1961,3467,RSU,ChannelLoad,0.0964,0
27.1961,562,Vehicle,ChannelLoad,0.07752,0
27.1961,562,Vehicle,ChannelLoad,0.07752,0
27.1962,4892,Vehicle,TX_Throughput,4560,0
27.1962,4892,Vehicle,TX_ObjectCount,0,0
27.1966,1605,Vehicle,ChannelLoad,0.03952,0
27.1966,1605,Vehicle,ChannelLoad,0.03952,0
27.197,2649,Vehicle,TX_Throughput,7760,0
27.197,2649,Vehicle,TX_ObjectCount,1,0
27.1972,1458,RSU,TX_Throughput,10880,0
27.1972,1458,RSU,TX_ObjectCount,3,0
27.1978,3541,RSU,ChannelLoad,0.06648,0
27.1978,3541,RSU,ChannelLoad,0.06648,0
27.1981,2347,Vehicle,TX_Throughput,4560,0
27.1981,2347,Vehicle,TX_ObjectCount,0,0
27.1987,10015,Vehicle,TX_Throughput,7760,0
27.1987,10015,Vehicle,TX_ObjectCount,1,0
27.1997,5040,Vehicle,TX_Throughput,4560,0
27.1997,5040,Vehicle,TX_ObjectCount,0,0
27.2009,7943,Vehicle,ChannelLoad,0.05384,0
27.2009,7943,Vehicle,ChannelLoad,0.05384,0
27.2017,1828,Vehicle,TX_Throughput,10560,0
27.2017,1828,Vehicle,TX_ObjectCount,2,0
27.202,639,Vehicle,ChannelLoad,0.05064,0
27.202,639,Vehicle,ChannelLoad,0.05064,0
27.2023,8768,Vehicle,ChannelLoad,0.05752,0
27.2023,8768,Vehicle,ChannelLoad,0.05752,0
27.2025,3467,RSU,TX_Throughput,2080,0
27.2025,3467,RSU,TX_ObjectCount,0,0
27.2026,8841,Vehicle,ChannelLoad,0.0716,0
27.2026,8841,Vehicle,ChannelLoad,0.0716,0
27.2035,8470,Vehicle,TX_Throughput,4560,0
27.2035,8470,Vehicle,TX_ObjectCount,0,0
27.2037,7055,RSU,ChannelLoad,0.0796,0
27.2037,7055,RSU,ChannelLoad,0.0796,0
27.2038,3168,Vehicle,TX_Throughput,7760,0
27.2038,3168,Vehicle,TX_ObjectCount,1,0
27.2039,2799,Vehicle,TX_Throughput,7760,0
27.2039,2799,Vehicle,TX_ObjectCount,1,0
27.2047,5481,Vehicle,TX_Throughput,4560,0
27.2047,5481,Vehicle,TX_ObjectCount,0,0
27.2047,29,RSU,ChannelLoad,0.10608,0
27.2047,29,RSU,ChannelLoad,0.10608,0
27.2053,3319,Vehicle,TX_Throughput,7760,0
27.2053,3319,Vehicle,TX_ObjectCount,1,0
27.2054,7425,Vehicle,TX_Throughput,7760,0
27.2054,7425,Vehicle,TX_ObjectCount,1,0
27.2059,712,Vehicle,ChannelLoad,0.08456,0
27.2059,712,Vehicle,ChannelLoad,0.08456,0
27.2067,6664,Vehicle,TX_Throughput,4560,0
27.2067,6664,Vehicle,TX_ObjectCount,0,0
27.2072,9940,Vehicle,TX_Throughput,7760,0
27.2072,9940,Vehicle,TX_ObjectCount,1,0
27.2078,5852,Vehicle,ChannelLoad,0.04768,0
27.2078,5852,Vehicle,ChannelLoad,0.04768,0
27.2083,6223,Vehicle,TX_Throughput,4560,0
27.2083,6223,Vehicle,TX_ObjectCount,0,0
27.2084,6747,Vehicle,TX_Throughput,4560,0
27.2084,6747,Vehicle,TX_ObjectCount,0,0
27.2089,1678,Vehicle,ChannelLoad,0.05688,0
27.2089,1678,Vehicle,ChannelLoad,0.05688,0
27.2091,5998,Vehicle,TX_Throughput,4560,0
27.2091,5998,Vehicle,TX_ObjectCount,0,0
27.2092,2874,Vehicle,TX_Throughput,4560,0
27.2092,2874,Vehicle,TX_ObjectCount,0,0
27.2094,6518,Vehicle,TX_Throughput,10560,0
27.2094,6518,Vehicle,TX_ObjectCount,2,0
27.2105,270,Vehicle,TX_Throughput,7760,0
27.2105,270,Vehicle,TX_ObjectCount,1,0
27.211,6372,Vehicle,TX_Throughput,4560,0
27.211,6372,Vehicle,TX_ObjectCount,0,0
27.2121,5925,Vehicle,ChannelLoad,0.03456,0
27.2121,5925,Vehicle,ChannelLoad,0.03456,0
27.2131,5998,Vehicle,ChannelLoad,0.08408,0
27.2131,5998,Vehicle,ChannelLoad,0.08408,0
27.2136,9794,Vehicle,TX_Throughput,7760,0
27.2136,9794,Vehicle,TX_ObjectCount,1,0
27.2138,2724,Vehicle,TX_Throughput,4560,0
27.2138,2724,Vehicle,TX_ObjectCount,0,0
27.2147,5260,RSU,TX_Throughput,13680,0
27.2147,5260,RSU,TX_ObjectCount,4,0
27.2147,3619,Vehicle,ChannelLoad,0.03616,0
27.2147,3619,Vehicle,ChannelLoad,0.03616,0
27.2151,712,Vehicle,TX_Throughput,7760,0
27.2151,712,Vehicle,TX_ObjectCount,1,0
27.2152,7129,Vehicle,ChannelLoad,0.05568,0
27.2152,7129,Vehicle,ChannelLoad,0.05568,0
27.2156,639,Vehicle,TX_Throughput,4560,0
27.2156,639,Vehicle,TX_ObjectCount,0,0
27.216,3020,Vehicle,TX_Throughput,4560,0
27.216,3020,Vehicle,TX_ObjectCount,0,0
27.2163,7202,RSU,ChannelLoad,0.09136,0
27.2163,7202,RSU,ChannelLoad,0.09136,0
27.2166,182,RSU,TX_Throughput,5280,0
27.2166,182,RSU,TX_ObjectCount,1,0
27.2167,8914,Vehicle,ChannelLoad,0.03152,0
27.2167,8914,Vehicle,ChannelLoad,0.03152,0
27.2168,1755,Vehicle,ChannelLoad,0.04472,0
27.2168,1755,Vehicle,ChannelLoad,0.04472,0
27.2169,6071,Vehicle,ChannelLoad,0.05864,0
27.2169,6071,Vehicle,ChannelLoad,0.05864,0
27.2171,862,Vehicle,TX_Throughput,7760,0
27.2171,862,Vehicle,TX_ObjectCount,1,0
27.2172,2649,Vehicle,ChannelLoad,0.0528,0
27.2172,2649,Vehicle,ChannelLoad,0.0528,0
27.2175,1901,RSU,TX_Throughput,5280,0
27.2175,1901,RSU,TX_ObjectCount,1,0
27.2182,8987,Vehicle,ChannelLoad,0.06456,0
27.2182,8987,Vehicle,ChannelLoad,0.06456,0
27.2183,787,Vehicle,ChannelLoad,0.04352,0
27.2183,787,Vehicle,ChannelLoad,0.04352,0
27.2186,2724,Vehicle,ChannelLoad,0.0484,0
27.2186,2724,Vehicle,ChannelLoad,0.0484,0
27.2188,107,Vehicle,ChannelLoad,0.0804,0
27.2188,107,Vehicle,ChannelLoad,0.0804,0
27.2191,2273,RSU,TX_Throughput,8080,0
27.2191,2273,RSU,TX_ObjectCount,2,0
27.2197,7720,Vehicle,TX_Throughput,4560,0
27.2197,7720,Vehicle,TX_ObjectCount,0,0
27.2201,182,RSU,ChannelLoad,0.07528,0
27.2201,182,RSU,ChannelLoad,0.07528,0
27.2202,862,Vehicle,ChannelLoad,0.05536,0
27.2202,862,Vehicle,ChannelLoad,0.05536,0
27.2207,6976,Vehicle,TX_Throughput,10560,0
27.2207,6976,Vehicle,TX_ObjectCount,2,0
27.221,8018,Vehicle,ChannelLoad,0.05312,0
27.221,8018,Vehicle,ChannelLoad,0.05312,0
27.2212,2051,Vehicle,TX_Throughput,4560,0
27.2212,2051,Vehicle,TX_ObjectCount,0,0
27.2223,1828,Vehicle,ChannelLoad,0.05104,0
27.2223,1828,Vehicle,ChannelLoad,0.05104,0
27.2228,6146,Vehicle,ChannelLoad,0.06576,0
27.2228,6146,Vehicle,ChannelLoad,0.06576,0
27.2231,1901,RSU,ChannelLoad,0.07168,0
27.2231,1901,RSU,ChannelLoad,0.07168,0
27.2231,7795,Vehicle,TX_Throughput,7760,0
27.2231,7795,Vehicle,TX_ObjectCount,1,0
27.2237,3692,Vehicle,ChannelLoad,0.08536,0
27.2237,3692,Vehicle,ChannelLoad,0.08536,0
27.2238,9281,Vehicle,TX_Throughput,4560,0
27.2238,9281,Vehicle,TX_ObjectCount,0,0
27.2244,5627,RSU,TX_Throughput,5280,0
27.2244,5627,RSU,TX_ObjectCount,1,0
27.225,2799,Vehicle,ChannelLoad,0.06048,0
27.225,2799,Vehicle,ChannelLoad,0.06048,0
27.2251,8694,RSU,TX_Throughput,16480,0
27.2251,8694,RSU,TX_ObjectCount,5,0
27.2256,9133,Vehicle,ChannelLoad,0.08608,0
27.2256,9133,Vehicle,ChannelLoad,0.08608,0
27.2281,6826,RSU,TX_Throughput,8080,0
27.2281,6826,RSU,TX_ObjectCount,2,0
27.2282,3989,RSU,TX_Throughput,8080,0
27.2282,3989,RSU,TX_ObjectCount,2,0
27.2286,2947,Vehicle,TX_Throughput,4560,0
27.2286,2947,Vehicle,TX_ObjectCount,0,0
27.2289,8091,RSU,ChannelLoad,0.09104,0
27.2289,8091,RSU,ChannelLoad,0.09104,0
27.229,9574,Vehicle,TX_Throughput,4560,0
27.229,9574,Vehicle,TX_ObjectCount,0,0
27.2294,3765,RSU,TX_Throughput,8080,0
27.2294,3765,RSU,TX_ObjectCount,2,0
27.2315,8091,RSU,TX_Throughput,2080,0
27.2315,8091,RSU,TX_ObjectCount,0,0
27.2317,8311,Vehicle,TX_Throughput,4560,0
27.2317,8311,Vehicle,TX_ObjectCount,0,0
27.2318,937,Vehicle,ChannelLoad,0.0804,0
27.2318,937,Vehicle,ChannelLoad,0.0804,0
27.2319,4512,Vehicle,TX_Throughput,4560,0
27.2319,4512,Vehicle,TX_ObjectCount,0,0
27.2326,8165,Vehicle,ChannelLoad,0.07944,0
27.2326,8165,Vehicle,ChannelLoad,0.07944,0
27.2333,3765,RSU,ChannelLoad,0.06416,0
27.2333,3765,RSU,ChannelLoad,0.06416,0
27.2334,3692,Vehicle,TX_Throughput,7760,0
27.2334,3692,Vehicle,TX_ObjectCount,1,0
27.2336,5187,Vehicle,TX_Throughput,10560,0
27.2336,5187,Vehicle,TX_ObjectCount,2,0
27.234,8768,Vehicle,TX_Throughput,4560,0
27.234,8768,Vehicle,TX_ObjectCount,0,0
27.2341,416,Vehicle,TX_Throughput,4560,0
27.2341,416,Vehicle,TX_ObjectCount,0,0
27.2342,7055,RSU,TX_Throughput,8080,0
27.2342,7055,RSU,TX_ObjectCount,2,0
27.2343,6223,Vehicle,ChannelLoad,0.0592,0
27.2343,6223,Vehicle,ChannelLoad,0.0592,0
27.2344,29,RSU,TX_Throughput,10880,0
27.2344,29,RSU,TX_ObjectCount,3,0
27.2344,562,Vehicle,TX_Throughput,7760,0
27.2344,562,Vehicle,TX_ObjectCount,1,0
27.2346,9501,Vehicle,TX_Throughput,4560,0
27.2346,9501,Vehicle,TX_ObjectCount,0,0
27.2348,1755,Vehicle,TX_Throughput,4560,0
27.2348,1755,Vehicle,TX_ObjectCount,0,0
27.235,2569,RSU,TX_Throughput,8080,0
27.235,2569,RSU,TX_ObjectCount,2,0
27.2352,7278,RSU,ChannelLoad,0.09264,0
27.2352,7278,RSU,ChannelLoad,0.09264,0
27.2359,5113,RSU,TX_Throughput,10880,0
27.2359,5113,RSU,TX_ObjectCount,3,0
27.2369,7352,Vehicle,ChannelLoad,0.05392,0
27.2369,7352,Vehicle,ChannelLoad,0.05392,0
27.237,5701,RSU,TX_Throughput,13680,0
27.237,5701,RSU,TX_ObjectCount,4,0
27.237,3839,Vehicle,ChannelLoad,0.07456,0
27.237,3839,Vehicle,ChannelLoad,0.07456,0
27.2374,4599,Vehicle,ChannelLoad,0.0616,0
27.2374,4599,Vehicle,ChannelLoad,0.0616,0
27.2376,3912,Vehicle,ChannelLoad,0.04536,0
27.2376,3912,Vehicle,ChannelLoad,0.04536,0
27.2379,8311,Vehicle,ChannelLoad,0.04912,0
27.2379,8311,Vehicle,ChannelLoad,0.04912,0
27.238,2874,Vehicle,ChannelLoad,0.0456,0
27.238,2874,Vehicle,ChannelLoad,0.0456,0
27.2384,4360,Vehicle,TX_Throughput,4560,0
27.2384,4360,Vehicle,TX_ObjectCount,0,0
27.2385,6071,Vehicle,TX_Throughput,7760,0
27.2385,6071,Vehicle,TX_ObjectCount,1,0
27.2389,6298,RSU,ChannelLoad,0.09272,0
27.2389,6298,RSU,ChannelLoad,0.09272,0
27.2393,7425,Vehicle,ChannelLoad,0.05328,0
27.2393,7425,Vehicle,ChannelLoad,0.05328,0
27.2399,6372,Vehicle,ChannelLoad,0.06384,0
27.2399,6372,Vehicle,ChannelLoad,0.06384,0
27.2404,1014,Vehicle,ChannelLoad,0.0556,0
27.2404,1014,Vehicle,ChannelLoad,0.0556,0
27.2414,8384,RSU,ChannelLoad,0.0912,0
27.2414,8384,RSU,ChannelLoad,0.0912,0
27.2417,4745,Vehicle,TX_Throughput,4560,0
27.2417,4745,Vehicle,TX_ObjectCount,0,0
27.2422,1977,RSU,TX_Throughput,5280,0
27.2422,1977,RSU,TX_ObjectCount,1,0
27.2429,3912,Vehicle,TX_Throughput,4560,0
27.2429,3912,Vehicle,TX_ObjectCount,0,0
27.2431,1165,Vehicle,TX_Throughput,7760,0
27.2431,1165,Vehicle,TX_ObjectCount,1,0
27.2436,7943,Vehicle,TX_Throughput,4560,0
27.2436,7943,Vehicle,TX_ObjectCount,0,0
27.2437,9208,Vehicle,ChannelLoad,0.05008,0
27.2437,9208,Vehicle,ChannelLoad,0.05008,0
27.2438,343,Vehicle,TX_Throughput,7760,0
27.2438,343,Vehicle,TX_ObjectCount,1,0
27.2447,9281,Vehicle,ChannelLoad,0.054,0
27.2447,9281,Vehicle,ChannelLoad,0.054,0
27.2449,4672,Vehicle,ChannelLoad,0.07304,0
27.2449,4672,Vehicle,ChannelLoad,0.07304,0
27.2452,4287,Vehicle,TX_Throughput,4560,0
27.2452,4287,Vehicle,TX_ObjectCount,0,0
27.2454,1678,Vehicle,TX_Throughput,4560,0
27.2454,1678,Vehicle,TX_ObjectCount,0,0
27.2459,6445,Vehicle,ChannelLoad,0.10752,0
27.2459,6445,Vehicle,ChannelLoad,0.10752,0
27.2461,9354,Vehicle,TX_Throughput,4560,0
27.2461,9354,Vehicle,TX_ObjectCount,0,0
27.2464,1089,RSU,ChannelLoad,0.10264,0
27.2464,1089,RSU,ChannelLoad,0.10264,0
27.2466,5334,Vehicle,TX_Throughput,4560,0
27.2466,5334,Vehicle,TX_ObjectCount,0,0
27.2469,9427,RSU,TX_Throughput,5280,0
27.2469,9427,RSU,TX_ObjectCount,1,0
27.2471,3989,RSU,ChannelLoad,0.08376,0
27.2471,3989,RSU,ChannelLoad,0.08376,0
27.2472,6518,Vehicle,ChannelLoad,0.05672,0
27.2472,6518,Vehicle,ChannelLoad,0.05672,0
27.2474,2420,Vehicle,TX_Throughput,7760,0
27.2474,2420,Vehicle,TX_ObjectCount,1,0
27.2477,6146,Vehicle,TX_Throughput,4560,0
27.2477,6146,Vehicle,TX_ObjectCount,0,0
27.2481,1238,Vehicle,TX_Throughput,7760,0
27.2481,1238,Vehicle,TX_ObjectCount,1,0
27.2482,6591,Vehicle,ChannelLoad,0.04224,0
27.2482,6591,Vehicle,ChannelLoad,0.04224,0
27.2483,6445,Vehicle,TX_Throughput,4560,0
27.2483,6445,Vehicle,TX_ObjectCount,0,0
27.2488,1977,RSU,ChannelLoad,0.0964,0
27.2488,1977,RSU,ChannelLoad,0.0964,0
27.2488,4745,Vehicle,ChannelLoad,0.06928,0
27.2488,4745,Vehicle,ChannelLoad,0.06928,0
27.2492,4063,RSU,ChannelLoad,0.06832,0
27.2492,4063,RSU,ChannelLoad,0.06832,0
27.2496,9354,Vehicle,ChannelLoad,0.08736,0
27.2496,9354,Vehicle,ChannelLoad,0.08736,0
27.2496,5852,Vehicle,TX_Throughput,13360,0
27.2496,5852,Vehicle,TX_ObjectCount,3,0
27.2499,4137,Vehicle,ChannelLoad,0.07,0
27.2499,4137,Vehicle,ChannelLoad,0.07,0
27.2511,8543,Vehicle,TX_Throughput,7760,0
27.2511,8543,Vehicle,TX_ObjectCount,1,0
27.2527,9427,RSU,ChannelLoad,0.09056,0
27.2527,9427,RSU,ChannelLoad,0.09056,0
27.2528,6664,Vehicle,ChannelLoad,0.04408,0
27.2528,6664,Vehicle,ChannelLoad,0.04408,0
27.2528,4818,RSU,ChannelLoad,0.08144,0
27.2528,4818,RSU,ChannelLoad,0.08144,0
27.2533,2051,Vehicle,ChannelLoad,0.09392,0
27.2533,2051,Vehicle,ChannelLoad,0.09392,0
27.2539,937,Vehicle,TX_Throughput,4560,0
27.2539,937,Vehicle,TX_ObjectCount,0,0
27.2557,1385,Vehicle,TX_Throughput,4560,0
27.2557,1385,Vehicle,TX_ObjectCount,0,0
27.2561,7500,RSU,ChannelLoad,0.0728,0
27.2561,7500,RSU,ChannelLoad,0.0728,0
27.2562,4212,Vehicle,ChannelLoad,0.04912,0
27.2562,4212,Vehicle,ChannelLoad,0.04912,0
27.2572,9501,Vehicle,ChannelLoad,0.0724,0
27.2572,9501,Vehicle,ChannelLoad,0.0724,0
27.2582,2947,Vehicle,ChannelLoad,0.038,0
27.2582,2947,Vehicle,ChannelLoad,0.038,0
27.2586,7574,Vehicle,ChannelLoad,0.07904,0
27.2586,7574,Vehicle,ChannelLoad,0.07904,0
27.2589,4063,RSU,TX_Throughput,2080,0
27.2589,4063,RSU,TX_ObjectCount,0,0
27.2589,9574,Vehicle,ChannelLoad,0.02896,0
27.2589,9574,Vehicle,ChannelLoad,0.02896,0
27.259,1165,Vehicle,ChannelLoad,0.04632,0
27.259,1165,Vehicle,ChannelLoad,0.04632,0
27.259,5407,RSU,TX_Throughput,8080,0
27.259,5407,RSU,TX_ObjectCount,2,0
27.2594,3020,Vehicle,ChannelLoad,0.04944,0
27.2594,3020,Vehicle,ChannelLoad,0.04944,0
27.2595,7574,Vehicle,TX_Throughput,10560,0
27.2595,7574,Vehicle,TX_ObjectCount,2,0
27.2597,6591,Vehicle,TX_Throughput,4560,0
27.2597,6591,Vehicle,TX_ObjectCount,0,0
27.26,489,Vehicle,TX_Throughput,4560,0
27.26,489,Vehicle,TX_ObjectCount,0,0
27.2602,3243,RSU,TX_Throughput,2080,0
27.2602,3243,RSU,TX_ObjectCount,0,0
27.2603,3839,Vehicle,TX_Throughput,13360,0
27.2603,3839,Vehicle,TX_ObjectCount,3,0
27.2603,7868,Vehicle,TX_Throughput,4560,0
27.2603,7868,Vehicle,TX_ObjectCount,0,0
27.2604,9721,Vehicle,TX_Throughput,4560,0
27.2604,9721,Vehicle,TX_ObjectCount,0,0
27.2613,8018,Vehicle,TX_Throughput,4560,0
27.2613,8018,Vehicle,TX_ObjectCount,0,0
27.2613,1238,Vehicle,ChannelLoad,0.06776,0
27.2613,1238,Vehicle,ChannelLoad,0.06776,0
27.2615,9867,Vehicle,TX_Throughput,4560,0
27.2615,9867,Vehicle,TX_ObjectCount,0,0
27.2621,8618,RSU,TX_Throughput,5280,0
27.2621,8618,RSU,TX_ObjectCount,1,0
27.2622,9647,RSU,ChannelLoad,0.09648,0
27.2622,9647,RSU,ChannelLoad,0.09648,0
27.2627,4818,RSU,TX_Throughput,5280,0
27.2627,4818,RSU,TX_ObjectCount,1,0
27.2631,4137,Vehicle,TX_Throughput,4560,0
27.2631,4137,Vehicle,TX_ObjectCount,0,0
27.2632,4599,Vehicle,TX_Throughput,7760,0
27.2632,4599,Vehicle,TX_ObjectCount,1,0
27.2634,4672,Vehicle,TX_Throughput,4560,0
27.2634,4672,Vehicle,TX_ObjectCount,0,0
27.2637,9721,Vehicle,ChannelLoad,0.0704,0
27.2637,9721,Vehicle,ChannelLoad,0.0704,0
27.2637,3095,Vehicle,ChannelLoad,0.06648,0
27.2637,3095,Vehicle,ChannelLoad,0.06648,0
27.2638,9208,Vehicle,TX_Throughput,4560,0
27.2638,9208,Vehicle,TX_ObjectCount,0,0
27.2647,2126,RSU,ChannelLoad,0.07392,0
27.2647,2126,RSU,ChannelLoad,0.07392,0
27.2649,1311,RSU,ChannelLoad,0.07152,0
27.2649,1311,RSU,ChannelLoad,0.07152,0
27.2652,4892,Vehicle,ChannelLoad,0.04632,0
27.2652,4892,Vehicle,ChannelLoad,0.04632,0
27.2654,2200,Vehicle,ChannelLoad,0.07448,0
27.2654,2200,Vehicle,ChannelLoad,0.07448,0
27.2663,4287,Vehicle,ChannelLoad,0.06288,0
27.2663,4287,Vehicle,ChannelLoad,0.06288,0
27.2669,4439,Vehicle,TX_Throughput,4560,0
27.2669,4439,Vehicle,TX_ObjectCount,0,0
27.267,4967,Vehicle,TX_Throughput,4560,0
27.267,4967,Vehicle,TX_ObjectCount,0,0
27.2672,6298,RSU,TX_Throughput,2080,0
27.2672,6298,RSU,TX_ObjectCount,0,0
27.2674,8914,Vehicle,TX_Throughput,4560,0
27.2674,8914,Vehicle,TX_ObjectCount,0,0
27.2674,6747,Vehicle,ChannelLoad,0.07488,0
27.2674,6747,Vehicle,ChannelLoad,0.07488,0
27.268,4967,Vehicle,ChannelLoad,0.0472,0
27.268,4967,Vehicle,ChannelLoad,0.0472,0
27.2682,3168,Vehicle,ChannelLoad,0.0504,0
27.2682,3168,Vehicle,ChannelLoad,0.0504,0
27.2684,5040,Vehicle,ChannelLoad,0.05048,0
27.2684,5040,Vehicle,ChannelLoad,0.05048,0
27.2687,4360,Vehicle,ChannelLoad,0.08936,0
27.2687,4360,Vehicle,ChannelLoad,0.08936,0
27.2688,1605,Vehicle,TX_Throughput,4560,0
27.2688,1605,Vehicle,TX_ObjectCount,0,0
27.2696,5113,RSU,ChannelLoad,0.09152,0
27.2696,5113,RSU,ChannelLoad,0.09152,0
27.2697,8987,Vehicle,TX_Throughput,7760,0
27.2697,8987,Vehicle,TX_ObjectCount,1,0
27.2698,3243,RSU,ChannelLoad,0.08456,0
27.2698,3243,RSU,ChannelLoad,0.08456,0
27.2698,9794,Vehicle,ChannelLoad,0.04392,0
27.2698,9794,Vehicle,ChannelLoad,0.04392,0
27.27,2273,RSU,ChannelLoad,0.11152,0
27.27,2273,RSU,ChannelLoad,0.11152,0
27.2701,8470,Vehicle,ChannelLoad,0.05664,0
27.2701,8470,Vehicle,ChannelLoad,0.05664,0
27.2702,5187,Vehicle,ChannelLoad,0.0676,0
27.2702,5187,Vehicle,ChannelLoad,0.0676,0
27.2709,1385,Vehicle,ChannelLoad,0.04272,0
27.2709,1385,Vehicle,ChannelLoad,0.04272,0
27.271,270,Vehicle,ChannelLoad,0.06176,0
27.271,270,Vehicle,ChannelLoad,0.06176,0
27.2719,9867,Vehicle,ChannelLoad,0.06056,0
27.2719,9867,Vehicle,ChannelLoad,0.06056,0
27.2722,9647,RSU,TX_Throughput,10880,0
27.2722,9647,RSU,TX_ObjectCount,3,0
27.2723,5260,RSU,ChannelLoad,0.1064,0
27.2723,5260,RSU,ChannelLoad,0.1064,0
27.2725,5925,Vehicle,TX_Throughput,7760,0
27.2725,5925,Vehicle,TX_ObjectCount,1,0
27.2727,2347,Vehicle,ChannelLoad,0.0692,0
27.2727,2347,Vehicle,ChannelLoad,0.0692,0
27.2727,7202,RSU,TX_Throughput,8080,0
27.2727,7202,RSU,TX_ObjectCount,2,0
27.2735,787,Vehicle,TX_Throughput,4560,0
27.2735,787,Vehicle,TX_ObjectCount,0,0
27.2742,7647,Vehicle,ChannelLoad,0.04888,0
27.2742,7647,Vehicle,ChannelLoad,0.04888,0
27.2756,8841,Vehicle,TX_Throughput,4560,0
27.2756,8841,Vehicle,TX_ObjectCount,0,0
27.2759,5334,Vehicle,ChannelLoad,0.09776,0
27.2759,5334,Vehicle,ChannelLoad,0.09776,0
27.2762,5407,RSU,ChannelLoad,0.07288,0
27.2762,5407,RSU,ChannelLoad,0.07288,0
27.2765,9940,Vehicle,ChannelLoad,0.10256,0
27.2765,9940,Vehicle,ChannelLoad,0.10256,0
27.2771,5554,Vehicle,TX_Throughput,4560,0
27.2771,5554,Vehicle,TX_ObjectCount,0,0
27.2777,4439,Vehicle,ChannelLoad,0.08976,0
27.2777,4439,Vehicle,ChannelLoad,0.08976,0
27.2777,2420,Vehicle,ChannelLoad,0.0508,0
27.2777,2420,Vehicle,ChannelLoad,0.0508,0
27.2778,6826,RSU,ChannelLoad,0.11128,0
27.2778,6826,RSU,ChannelLoad,0.11128,0
27.2781,2495,RSU,TX_Throughput,5280,0
27.2781,2495,RSU,TX_ObjectCount,1,0
27.2782,7720,Vehicle,ChannelLoad,0.0672,0
27.2782,7720,Vehicle,ChannelLoad,0.0672,0
27.2782,8543,Vehicle,ChannelLoad,0.05744,0
27.2782,8543,Vehicle,ChannelLoad,0.05744,0
27.2782,3095,Vehicle,TX_Throughput,7760,0
27.2782,3095,Vehicle,TX_ObjectCount,1,0
27.2784,7500,RSU,TX_Throughput,2080,0
27.2784,7500,RSU,TX_ObjectCount,0,0
27.2786,10015,Vehicle,ChannelLoad,0.08144,0
27.2786,10015,Vehicle,ChannelLoad,0.08144,0
27.2794,3392,Vehicle,TX_Throughput,4560,0
27.2794,3392,Vehicle,TX_ObjectCount,0,0
27.28,4512,Vehicle,ChannelLoad,0.06944,0
27.28,4512,Vehicle,ChannelLoad,0.06944,0
27.2801,6902,RSU,ChannelLoad,0.0704,0
27.2801,6902,RSU,ChannelLoad,0.0704,0
27.2805,7795,Vehicle,ChannelLoad,0.05208,0
27.2805,7795,Vehicle,ChannelLoad,0.05208,0
27.2814,5775,Vehicle,TX_Throughput,4560,0
27.2814,5775,Vehicle,TX_ObjectCount,0,0
27.2816,1311,RSU,TX_Throughput,5280,0
27.2816,1311,RSU,TX_ObjectCount,1,0
27.2817,1089,RSU,TX_Throughput,13680,0
27.2817,1089,RSU,TX_ObjectCount,4,0
27.2818,6976,Vehicle,ChannelLoad,0.0696,0
27.2818,6976,Vehicle,ChannelLoad,0.0696,0
27.2819,5481,Vehicle,ChannelLoad,0.09944,0
27.2819,5481,Vehicle,ChannelLoad,0.09944,0
27.282,5554,Vehicle,ChannelLoad,0.06968,0
27.282,5554,Vehicle,ChannelLoad,0.06968,0
27.2824,4212,Vehicle,TX_Throughput,4560,0
27.2824,4212,Vehicle,TX_ObjectCount,0,0
27.2825,7278,RSU,TX_Throughput,2080,0
27.2825,7278,RSU,TX_ObjectCount,0,0
27.2831,343,Vehicle,ChannelLoad,0.0708,0
27.2831,343,Vehicle,ChannelLoad,0.0708,0
27.2832,1458,RSU,ChannelLoad,0.09824,0
27.2832,1458,RSU,ChannelLoad,0.09824,0
27.2843,8165,Vehicle,TX_Throughput,4560,0
27.2843,8165,Vehicle,TX_ObjectCount,0,0
27.2844,6902,RSU,TX_Throughput,8080,0
27.2844,6902,RSU,TX_ObjectCount,2,0
27.2844,3319,Vehicle,ChannelLoad,0.06744,0
27.2844,3319,Vehicle,ChannelLoad,0.06744,0
27.2853,7352,Vehicle,TX_Throughput,4560,0
27.2853,7352,Vehicle,TX_ObjectCount,0,0
27.2855,3541,RSU,TX_Throughput,5280,0
27.2855,3541,RSU,TX_ObjectCount,1,0
27.2857,2126,RSU,TX_Throughput,13680,0
27.2857,2126,RSU,TX_ObjectCount,4,0
27.2863,1532,Vehicle,ChannelLoad,0.05824,0
27.2863,1532,Vehicle,ChannelLoad,0.05824,0
27.2863,107,Vehicle,TX_Throughput,4560,0
27.2863,107,Vehicle,TX_ObjectCount,0,0
27.2865,3392,Vehicle,ChannelLoad,0.06464,0
27.2865,3392,Vehicle,ChannelLoad,0.06464,0
27.2865,5627,RSU,ChannelLoad,0.0976,0
27.2865,5627,RSU,ChannelLoad,0.0976,0
27.2871,416,Vehicle,ChannelLoad,0.06064,0
27.2871,416,Vehicle,ChannelLoad,0.06064,0
27.2873,2200,Vehicle,TX_Throughput,7760,0
27.2873,2200,Vehicle,TX_ObjectCount,1,0
27.2873,7129,Vehicle,TX_Throughput,4560,0
27.2873,7129,Vehicle,TX_ObjectCount,0,0
27.2885,2495,RSU,ChannelLoad,0.09248,0
27.2885,2495,RSU,ChannelLoad,0.09248,0
27.2891,8384,RSU,TX_Throughput,8080,0
27.2891,8384,RSU,TX_ObjectCount,2,0
27.2894,2569,RSU,ChannelLoad,0.09728,0
27.2894,2569,RSU,ChannelLoad,0.09728,0
27.2902,7647,Vehicle,TX_Throughput,4560,0
27.2902,7647,Vehicle,TX_ObjectCount,0,0
27.2916,8618,RSU,ChannelLoad,0.08488,0
27.2916,8618,RSU,ChannelLoad,0.08488,0
27.2917,7868,Vehicle,ChannelLoad,0.05064,0
27.2917,7868,Vehicle,ChannelLoad,0.05064,0
27.292,3619,Vehicle,TX_Throughput,4560,0
27.292,3619,Vehicle,TX_ObjectCount,0,0
27.292,5701,RSU,ChannelLoad,0.1096,0
27.292,5701,RSU,ChannelLoad,0.1096,0
27.2928,5775,Vehicle,ChannelLoad,0.07552,0
27.2928,5775,Vehicle,ChannelLoad,0.07552,0
27.2932,1532,Vehicle,TX_Throughput,4560,0
27.2932,1532,Vehicle,TX_ObjectCount,0,0
27.2939,489,Vehicle,ChannelLoad,0.04832,0
27.2939,489,Vehicle,ChannelLoad,0.04832,0
27.2941,1014,Vehicle,TX_Throughput,4560,0
27.2941,1014,Vehicle,TX_ObjectCount,0,0
27.2955,9133,Vehicle,TX_Throughput,4560,0
27.2955,9133,Vehicle,TX_ObjectCount,0,0
27.296,8694,RSU,ChannelLoad,0.10496,0
27.296,8694,RSU,ChannelLoad,0.10496,0
27.2961,3467,RSU,ChannelLoad,0.1152,0
27.2961,3467,RSU,ChannelLoad,0.1152,0
27.2961,562,Vehicle,ChannelLoad,0.05192,0
27.2961,562,Vehicle,ChannelLoad,0.05192,0
27.2962,4892,Vehicle,TX_Throughput,4560,0
27.2962,4892,Vehicle,TX_ObjectCount,0,0
27.2966,1605,Vehicle,ChannelLoad,0.06456,0
27.2966,1605,Vehicle,ChannelLoad,0.06456,0
27.297,2649,Vehicle,TX_Throughput,10560,0
27.297,2649,Vehicle,TX_ObjectCount,2,0
27.2972,1458,RSU,TX_Throughput,5280,0
27.2972,1458,RSU,TX_ObjectCount,1,0
27.2978,3541,RSU,ChannelLoad,0.07096,0
27.2978,3541,RSU,ChannelLoad,0.07096,0
27.2981,2347,Vehicle,TX_Throughput,4560,0
27.2981,2347,Vehicle,TX_ObjectCount,0,0
27.2987,10015,Vehicle,TX_Throughput,7760,0
27.2987,10015,Vehicle,TX_ObjectCount,1,0
27.2997,5040,Vehicle,TX_Throughput,4560,0
27.2997,5040,Vehicle,TX_ObjectCount,0,0
27.3009,7943,Vehicle,ChannelLoad,0.058,0
27.3009,7943,Vehicle,ChannelLoad,0.058,0
27.3017,1828,Vehicle,TX_Throughput,7760,0
27.3017,1828,Vehicle,TX_ObjectCount,1,0
27.302,639,Vehicle,ChannelLoad,0.06816,0
27.302,639,Vehicle,ChannelLoad,0.06816,0
27.3023,8768,Vehicle,ChannelLoad,0.05864,0
27.3023,8768,Vehicle,ChannelLoad,0.05864,0
27.3025,3467,RSU,TX_Throughput,10880,0
27.3025,3467,RSU,TX_ObjectCount,3,0
27.3026,8841,Vehicle,ChannelLoad,0.07432,0
27.3026,8841,Vehicle,ChannelLoad,0.07432,0
27.3035,8470,Vehicle,TX_Throughput,4560,0
27.3035,8470,Vehicle,TX_ObjectCount,0,0
27.3037,7055,RSU,ChannelLoad,0.10016,0
27.3037,7055,RSU,ChannelLoad,0.10016,0
27.3038,3168,Vehicle,TX_Throughput,4560,0
27.3038,3168,Vehicle,TX_ObjectCount,0,0
27.3039,2799,Vehicle,TX_Throughput,4560,0
27.3039,2799,Vehicle,TX_ObjectCount,0,0
27.3047,5481,Vehicle,TX_Throughput,7760,0
27.3047,5481,Vehicle,TX_ObjectCount,1,0
27.3047,29,RSU,ChannelLoad,0.10584,0
27.3047,29,RSU,ChannelLoad,0.10584,0
27.3053,3319,Vehicle,TX_Throughput,4560,0
27.3053,3319,Vehicle,TX_ObjectCount,0,0
27.3054,7425,Vehicle,TX_Throughput,10560,0
27.3054,7425,Vehicle,TX_ObjectCount,2,0
27.3059,712,Vehicle,ChannelLoad,0.11168,0
27.3059,712,Vehicle,ChannelLoad,0.11168,0
27.3067,6664,Vehicle,TX_Throughput,7760,0
27.3067,6664,Vehicle,TX_ObjectCount,1,0
27.3072,9940,Vehicle,TX_Throughput,4560,0
27.3072,9940,Vehicle,TX_ObjectCount,0,0
27.3078,5852,Vehicle,ChannelLoad,0.06776,0
27.3078,5852,Vehicle,ChannelLoad,0.06776,0
27.3083,6223,Vehicle,TX_Throughput,7760,0
27.3083,6223,Vehicle,TX_ObjectCount,1,0
27.3084,6747,Vehicle,TX_Throughput,4560,0
27.3084,6747,Vehicle,TX_ObjectCount,0,0
27.3089,1678,Vehicle,ChannelLoad,0.04464,0
27.3089,1678,Vehicle,ChannelLoad,0.04464,0
27.3091,5998,Vehicle,TX_Throughput,4560,0
27.3091,5998,Vehicle,TX_ObjectCount,0,0
27.3092,2874,Vehicle,TX_Throughput,4560,0
27.3092,2874,Vehicle,TX_ObjectCount,0,0
27.3094,6518,Vehicle,TX_Throughput,7760,0
27.3094,6518,Vehicle,TX_ObjectCount,1,0
27.3105,270,Vehicle,TX_Throughput,7760,0
27.3105,270,Vehicle,TX_ObjectCount,1,0
27.311,6372,Vehicle,TX_Throughput,4560,0
27.311,6372,Vehicle,TX_ObjectCount,0,0
27.3121,5925,Vehicle,ChannelLoad,0.03976,0
27.3121,5925,Vehicle,ChannelLoad,0.03976,0
27.3131,5998,Vehicle,ChannelLoad,0.09344,0
27.3131,5998,Vehicle,ChannelLoad,0.09344,0
27.3136,9794,Vehicle,TX_Throughput,7760,0
27.3136,9794,Vehicle,TX_ObjectCount,1,0
27.3138,2724,Vehicle,TX_Throughput,7760,0
27.3138,2724,Vehicle,TX_ObjectCount,1,0
27.3147,5260,RSU,TX_Throughput,10880,0
27.3147,5260,RSU,TX_ObjectCount,3,0
27.3147,3619,Vehicle,ChannelLoad,0.03368,0
27.3147,3619,Vehicle,ChannelLoad,0.03368,0
27.3151,712,Vehicle,TX_Throughput,4560,0
27.3151,712,Vehicle,TX_ObjectCount,0,0
27.3152,7129,Vehicle,ChannelLoad,0.06552,0
27.3152,7129,Vehicle,ChannelLoad,0.06552,0
27.3156,639,Vehicle,TX_Throughput,4560,0
27.3156,639,Vehicle,TX_ObjectCount,0,0
27.316,3020,Vehicle,TX_Throughput,4560,0
27.316,3020,Vehicle,TX_ObjectCount,0,0
27.3163,7202,RSU,ChannelLoad,0.07856,0
27.3163,7202,RSU,ChannelLoad,0.07856,0
27.3166,182,RSU,TX_Throughput,8080,0
27.3166,182,RSU,TX_ObjectCount,2,0
27.3167,8914,Vehicle,ChannelLoad,0.03048,0
27.3167,8914,Vehicle,ChannelLoad,0.03048,0
27.3168,1755,Vehicle,ChannelLoad,0.04464,0
27.3168,1755,Vehicle,ChannelLoad,0.04464,0
27.3169,6071,Vehicle,ChannelLoad,0.07256,0
27.3169,6071,Vehicle,ChannelLoad,0.07256,0
27.3171,862,Vehicle,TX_Throughput,4560,0
27.3171,862,Vehicle,TX_ObjectCount,0,0
27.3172,2649,Vehicle,ChannelLoad,0.0592,0
27.3172,2649,Vehicle,ChannelLoad,0.0592,0
27.3175,1901,RSU,TX_Throughput,8080,0
27.3175,1901,RSU,TX_ObjectCount,2,0
27.3182,8987,Vehicle,ChannelLoad,0.07384,0
27.3182,8987,Vehicle,ChannelLoad,0.07384,0
27.3183,787,Vehicle,ChannelLoad,0.05472,0
27.3183,787,Vehicle,ChannelLoad,0.05472,0
27.3186,2724,Vehicle,ChannelLoad,0.06184,0
27.3186,2724,Vehicle,ChannelLoad,0.06184,0
27.3188,107,Vehicle,ChannelLoad,0.07312,0
27.3188,107,Vehicle,ChannelLoad,0.07312,0
27.3191,2273,RSU,TX_Throughput,8080,0
27.3191,2273,RSU,TX_ObjectCount,2,0
27.3197,7720,Vehicle,TX_Throughput,4560,0
27.3197,7720,Vehicle,TX_ObjectCount,0,0
27.3201,182,RSU,ChannelLoad,0.0776,0
27.3201,182,RSU,ChannelLoad,0.0776,0
27.3202,862,Vehicle,ChannelLoad,0.07744,0
27.3202,862,Vehicle,ChannelLoad,0.07744,0
27.3207,6976,Vehicle,TX_Throughput,7760,0
27.3207,6976,Vehicle,TX_ObjectCount,1,0
27.321,8018,Vehicle,ChannelLoad,0.0604,0
27.321,8018,Vehicle,ChannelLoad,0.0604,0
27.3212,2051,Vehicle,TX_Throughput,4560,0
27.3212,2051,Vehicle,TX_ObjectCount,0,0
27.3223,1828,Vehicle,ChannelLoad,0.0456,0
27.3223,1828,Vehicle,ChannelLoad,0.0456,0
27.3228,6146,Vehicle,ChannelLoad,0.06952,0
27.3228,6146,Vehicle,ChannelLoad,0.06952,0
27.3231,1901,RSU,ChannelLoad,0.0716,0
27.3231,1901,RSU,ChannelLoad,0.0716,0
27.3231,7795,Vehicle,TX_Throughput,4560,0
27.3231,7795,Vehicle,TX_ObjectCount,0,0
27.3237,3692,Vehicle,ChannelLoad,0.07816,0
27.3237,3692,Vehicle,ChannelLoad,0.07816,0
27.3238,9281,Vehicle,TX_Throughput,4560,0
27.3238,9281,Vehicle,TX_ObjectCount,0,0
27.3244,5627,RSU,TX_Throughput,8080,0
27.3244,5627,RSU,TX_ObjectCount,2,0
27.325,2799,Vehicle,ChannelLoad,0.0568,0
27.325,2799,Vehicle,ChannelLoad,0.0568,0
27.3251,8694,RSU,TX_Throughput,2080,0
27.3251,8694,RSU,TX_ObjectCount,0,0
27.3256,9133,Vehicle,ChannelLoad,0.06792,0
27.3256,9133,Vehicle,ChannelLoad,0.06792,0
27.3281,6826,RSU,TX_Throughput,5280,0
27.3281,6826,RSU,TX_ObjectCount,1,0
27.3282,3989,RSU,TX_Throughput,5280,0
27.3282,3989,RSU,TX_ObjectCount,1,0
27.3286,2947,Vehicle,TX_Throughput,10560,0
27.3286,2947,Vehicle,TX_ObjectCount,2,0
27.3289,8091,RSU,ChannelLoad,0.08136,0
27.3289,8091,RSU,ChannelLoad,0.08136,0
27.329,9574,Vehicle,TX_Throughput,4560,0
27.329,9574,Vehicle,TX_ObjectCount,0,0
27.3294,3765,RSU,TX_Throughput,5280,0
27.3294,3765,RSU,TX_ObjectCount,1,0
27.3315,8091,RSU,TX_Throughput,5280,0
27.3315,8091,RSU,TX_ObjectCount,1,0
27.3317,8311,Vehicle,TX_Throughput,4560,0
27.3317,8311,Vehicle,TX_ObjectCount,0,0
27.3318,937,Vehicle,ChannelLoad,0.11848,0
27.3318,937,Vehicle,ChannelLoad,0.11848,0
27.3319,4512,Vehicle,TX_Throughput,7760,0
27.3319,4512,Vehicle,TX_ObjectCount,1,0
27.3326,8165,Vehicle,ChannelLoad,0.07024,0
27.3326,8165,Vehicle,ChannelLoad,0.07024,0
27.3333,3765,RSU,ChannelLoad,0.06472,0
27.3333,3765,RSU,ChannelLoad,0.06472,0
27.3334,3692,Vehicle,TX_Throughput,4560,0
27.3334,3692,Vehicle,TX_ObjectCount,0,0
27.3336,5187,Vehicle,TX_Throughput,13360,0
27.3336,5187,Vehicle,TX_ObjectCount,3,0
27.334,8768,Vehicle,TX_Throughput,4560,0
27.334,8768,Vehicle,TX_ObjectCount,0,0
27.3341,416,Vehicle,TX_Throughput,10560,0
27.3341,416,Vehicle,TX_ObjectCount,2,0
27.3342,7055,RSU,TX_Throughput,8080,0
27.3342,7055,RSU,TX_ObjectCount,2,0
27.3343,6223,Vehicle,ChannelLoad,0.05856,0
27.3343,6223,Vehicle,ChannelLoad,0.05856,0
27.3344,29,RSU,TX_Throughput,13680,0
27.3344,29,RSU,TX_ObjectCount,4,0
27.3344,562,Vehicle,TX_Throughput,4560,0
27.3344,562,Vehicle,TX_ObjectCount,0,0
27.3346,9501,Vehicle,TX_Throughput,4560,0
27.3346,9501,Vehicle,TX_ObjectCount,0,0
27.3348,1755,Vehicle,TX_Throughput,4560,0
27.3348,1755,Vehicle,TX_ObjectCount,0,0
27.335,2569,RSU,TX_Throughput,13680,0
27.335,2569,RSU,TX_ObjectCount,4,0
27.3352,7278,RSU,ChannelLoad,0.08136,0
27.3352,7278,RSU,ChannelLoad,0.08136,0
27.3359,5113,RSU,TX_Throughput,10880,0
27.3359,5113,RSU,TX_ObjectCount,3,0
27.3369,7352,Vehicle,ChannelLoad,0.0536,0
27.3369,7352,Vehicle,ChannelLoad,0.0536,0
27.337,5701,RSU,TX_Throughput,5280,0
27.337,5701,RSU,TX_ObjectCount,1,0
27.337,3839,Vehicle,ChannelLoad,0.07016,0
27.337,3839,Vehicle,ChannelLoad,0.07016,0
27.3374,4599,Vehicle,ChannelLoad,0.08472,0
27.3374,4599,Vehicle,ChannelLoad,0.08472,0
27.3376,3912,Vehicle,ChannelLoad,0.05552,0
27.3376,3912,Vehicle,ChannelLoad,0.05552,0
27.3379,8311,Vehicle,ChannelLoad,0.0576,0
27.3379,8311,Vehicle,ChannelLoad,0.0576,0
27.338,2874,Vehicle,ChannelLoad,0.02656,0
27.338,2874,Vehicle,ChannelLoad,0.02656,0
27.3384,4360,Vehicle,TX_Throughput,4560,0
27.3384,4360,Vehicle,TX_ObjectCount,0,0
27.3385,6071,Vehicle,TX_Throughput,4560,0
27.3385,6071,Vehicle,TX_ObjectCount,0,0
27.3389,6298,RSU,ChannelLoad,0.0996,0
27.3389,6298,RSU,ChannelLoad,0.0996,0
27.3393,7425,Vehicle,ChannelLoad,0.06336,0
27.3393,7425,Vehicle,ChannelLoad,0.06336,0
27.3399,6372,Vehicle,ChannelLoad,0.07208,0
27.3399,6372,Vehicle,ChannelLoad,0.07208,0
27.3404,1014,Vehicle,ChannelLoad,0.0556,0
27.3404,1014,Vehicle,ChannelLoad,0.0556,0
27.3414,8384,RSU,ChannelLoad,0.09072,0
27.3414,8384,RSU,ChannelLoad,0.09072,0
27.3417,4745,Vehicle,TX_Throughput,4560,0
27.3417,4745,Vehicle,TX_ObjectCount,0,0
27.3422,1977,RSU,TX_Throughput,2080,0
27.3422,1977,RSU,TX_ObjectCount,0,0
27.3429,3912,Vehicle,TX_Throughput,4560,0
27.3429,3912,Vehicle,TX_ObjectCount,0,0
27.3431,1165,Vehicle,TX_Throughput,10560,0
27.3431,1165,Vehicle,TX_ObjectCount,2,0
27.3436,7943,Vehicle,TX_Throughput,7760,0
27.3436,7943,Vehicle,TX_ObjectCount,1,0
27.3437,9208,Vehicle,ChannelLoad,0.036,0
27.3437,9208,Vehicle,ChannelLoad,0.036,0
27.3438,343,Vehicle,TX_Throughput,4560,0
27.3438,343,Vehicle,TX_ObjectCount,0,0
27.3447,9281,Vehicle,ChannelLoad,0.06184,0
27.3447,9281,Vehicle,ChannelLoad,0.06184,0
27.3449,4672,Vehicle,ChannelLoad,0.07664,0
27.3449,4672,Vehicle,ChannelLoad,0.07664,0
27.3452,4287,Vehicle,TX_Throughput,7760,0
27.3452,4287,Vehicle,TX_ObjectCount,1,0
27.3454,1678,Vehicle,TX_Throughput,4560,0
27.3454,1678,Vehicle,TX_ObjectCount,0,0
27.3459,6445,Vehicle,ChannelLoad,0.1044,0
27.3459,6445,Vehicle,ChannelLoad,0.1044,0
27.3461,9354,Vehicle,TX_Throughput,7760,0
27.3461,9354,Vehicle,TX_ObjectCount,1,0
27.3464,1089,RSU,ChannelLoad,0.1008,0
27.3464,1089,RSU,ChannelLoad,0.1008,0
27.3466,5334,Vehicle,TX_Throughput,4560,0
27.3466,5334,Vehicle,TX_ObjectCount,0,0
27.3469,9427,RSU,TX_Throughput,10880,0
27.3469,9427,RSU,TX_ObjectCount,3,0
27.3471,3989,RSU,ChannelLoad,0.07552,0
27.3471,3989,RSU,ChannelLoad,0.07552,0
27.3472,6518,Vehicle,ChannelLoad,0.05504,0
27.3472,6518,Vehicle,ChannelLoad,0.05504,0
27.3474,2420,Vehicle,TX_Throughput,4560,0
27.3474,2420,Vehicle,TX_ObjectCount,0,0
27.3477,6146,Vehicle,TX_Throughput,7760,0
27.3477,6146,Vehicle,TX_ObjectCount,1,0
27.3481,1238,Vehicle,TX_Throughput,4560,0
27.3481,1238,Vehicle,TX_ObjectCount,0,0
27.3482,6591,Vehicle,ChannelLoad,0.04528,0
27.3482,6591,Vehicle,ChannelLoad,0.04528,0
27.3483,6445,Vehicle,TX_Throughput,4560,0
27.3483,6445,Vehicle,TX_ObjectCount,0,0
27.3488,1977,RSU,ChannelLoad,0.10464,0
27.3488,1977,RSU,ChannelLoad,0.10464,0
27.3488,4745,Vehicle,ChannelLoad,0.06368,0
27.3488,4745,Vehicle,ChannelLoad,0.06368,0
27.3492,4063,RSU,ChannelLoad,0.0608,0
27.3492,4063,RSU,ChannelLoad,0.0608,0
27.3496,9354,Vehicle,ChannelLoad,0.10568,0
27.3496,9354,Vehicle,ChannelLoad,0.10568,0
27.3496,5852,Vehicle,TX_Throughput,10560,0
27.3496,5852,Vehicle,TX_ObjectCount,2,0
27.3499,4137,Vehicle,ChannelLoad,0.07392,0
27.3499,4137,Vehicle,ChannelLoad,0.07392,0
27.3511,8543,Vehicle,TX_Throughput,7760,0
27.3511,8543,Vehicle,TX_ObjectCount,1,0
27.3527,9427,RSU,ChannelLoad,0.08752,0
27.3527,9427,RSU,ChannelLoad,0.08752,0
27.3528,6664,Vehicle,ChannelLoad,0.04848,0
27.3528,6664,Vehicle,ChannelLoad,0.04848,0
27.3528,4818,RSU,ChannelLoad,0.07608,0
27.3528,4818,RSU,ChannelLoad,0.07608,0
27.3533,2051,Vehicle,ChannelLoad,0.09104,0
27.3533,2051,Vehicle,ChannelLoad,0.09104,0
27.3539,937,Vehicle,TX_Throughput,4560,0
27.3539,937,Vehicle,TX_ObjectCount,0,0
27.3557,1385,Vehicle,TX_Throughput,7760,0
27.3557,1385,Vehicle,TX_ObjectCount,1,0
27.3561,7500,RSU,ChannelLoad,0.06952,0
27.3561,7500,RSU,ChannelLoad,0.06952,0
27.3562,4212,Vehicle,ChannelLoad,0.0552,0
27.3562,4212,Vehicle,ChannelLoad,0.0552,0
27.3572,9501,Vehicle,ChannelLoad,0.07352,0
27.3572,9501,Vehicle,ChannelLoad,0.07352,0
27.3582,2947,Vehicle,ChannelLoad,0.04976,0
27.3582,2947,Vehicle,ChannelLoad,0.04976,0
27.3586,7574,Vehicle,ChannelLoad,0.0788,0
27.3586,7574,Vehicle,ChannelLoad,0.0788,0
27.3589,4063,RSU,TX_Throughput,5280,0
27.3589,4063,RSU,TX_ObjectCount,1,0
27.3589,9574,Vehicle,ChannelLoad,0.04,0
27.3589,9574,Vehicle,ChannelLoad,0.04,0
27.359,1165,Vehicle,ChannelLoad,0.0448,0
27.359,1165,Vehicle,ChannelLoad,0.0448,0
27.359,5407,RSU,TX_Throughput,8080,0
27.359,5407,RSU,TX_ObjectCount,2,0
27.3594,3020,Vehicle,ChannelLoad,0.05408,0
27.3594,3020,Vehicle,ChannelLoad,0.05408,0
27.3595,7574,Vehicle,TX_Throughput,4560,0
27.3595,7574,Vehicle,TX_ObjectCount,0,0
27.3597,6591,Vehicle,TX_Throughput,4560,0
27.3597,6591,Vehicle,TX_ObjectCount,0,0
27.36,489,Vehicle,TX_Throughput,4560,0
27.36,489,Vehicle,TX_ObjectCount,0,0
27.3602,3243,RSU,TX_Throughput,5280,0
27.3602,3243,RSU,TX_ObjectCount,1,0
27.3603,3839,Vehicle,TX_Throughput,4560,0
27.3603,3839,Vehicle,TX_ObjectCount,0,0
27.3603,7868,Vehicle,TX_Throughput,4560,0
27.3603,7868,Vehicle,TX_ObjectCount,0,0
27.3604,9721,Vehicle,TX_Throughput,7760,0
27.3604,9721,Vehicle,TX_ObjectCount,1,0
27.3613,8018,Vehicle,TX_Throughput,4560,0
27.3613,8018,Vehicle,TX_ObjectCount,0,0
27.3613,1238,Vehicle,ChannelLoad,0.06136,0
27.3613,1238,Vehicle,ChannelLoad,0.06136,0
27.3615,9867,Vehicle,TX_Throughput,7760,0
27.3615,9867,Vehicle,TX_ObjectCount,1,0
27.3621,8618,RSU,TX_Throughput,10880,0
27.3621,8618,RSU,TX_ObjectCount,3,0
27.3622,9647,RSU,ChannelLoad,0.10544,0
27.3622,9647,RSU,ChannelLoad,0.10544,0
27.3627,4818,RSU,TX_Throughput,5280,0
27.3627,4818,RSU,TX_ObjectCount,1,0
27.3631,4137,Vehicle,TX_Throughput,10560,0
27.3631,4137,Vehicle,TX_ObjectCount,2,0
27.3632,4599,Vehicle,TX_Throughput,4560,0
27.3632,4599,Vehicle,TX_ObjectCount,0,0
27.3634,4672,Vehicle,TX_Throughput,10560,0
27.3634,4672,Vehicle,TX_ObjectCount,2,0
27.3637,9721,Vehicle,ChannelLoad,0.07832,0
27.3637,9721,Vehicle,ChannelLoad,0.07832,0
27.3637,3095,Vehicle,ChannelLoad,0.0976,0
27.3637,3095,Vehicle,ChannelLoad,0.0976,0
27.3638,9208,Vehicle,TX_Throughput,4560,0
27.3638,9208,Vehicle,TX_ObjectCount,0,0
27.3647,2126,RSU,ChannelLoad,0.08128,0
27.3647,2126,RSU,ChannelLoad,0.08128,0
27.3649,1311,RSU,ChannelLoad,0.07704,0
27.3649,1311,RSU,ChannelLoad,0.07704,0
27.3652,4892,Vehicle,ChannelLoad,0.0496,0
27.3652,4892,Vehicle,ChannelLoad,0.0496,0
27.3654,2200,Vehicle,ChannelLoad,0.06976,0
27.3654,2200,Vehicle,ChannelLoad,0.06976,0
27.3663,4287,Vehicle,ChannelLoad,0.06928,0
27.3663,4287,Vehicle,ChannelLoad,0.06928,0
27.3669,4439,Vehicle,TX_Throughput,4560,0
27.3669,4439,Vehicle,TX_ObjectCount,0,0
27.367,4967,Vehicle,TX_Throughput,7760,0
27.367,4967,Vehicle,TX_ObjectCount,1,0
27.3672,6298,RSU,TX_Throughput,5280,0
27.3672,6298,RSU,TX_ObjectCount,1,0
27.3674,8914,Vehicle,TX_Throughput,4560,0
27.3674,8914,Vehicle,TX_ObjectCount,0,0
27.3674,6747,Vehicle,ChannelLoad,0.0572,0
27.3674,6747,Vehicle,ChannelLoad,0.0572,0
27.368,4967,Vehicle,ChannelLoad,0.05568,0
27.368,4967,Vehicle,ChannelLoad,0.05568,0
27.3682,3168,Vehicle,ChannelLoad,0.05488,0
27.3682,3168,Vehicle,ChannelLoad,0.05488,0
27.3684,5040,Vehicle,ChannelLoad,0.06256,0
27.3684,5040,Vehicle,ChannelLoad,0.06256,0
27.3687,4360,Vehicle,ChannelLoad,0.10408,0
27.3687,4360,Vehicle,ChannelLoad,0.10408,0
27.3688,1605,Vehicle,TX_Throughput,7760,0
27.3688,1605,Vehicle,TX_ObjectCount,1,0
27.3696,5113,RSU,ChannelLoad,0.08776,0
27.3696,5113,RSU,ChannelLoad,0.08776,0
27.3697,8987,Vehicle,TX_Throughput,4560,0
27.3697,8987,Vehicle,TX_ObjectCount,0,0
27.3698,3243,RSU,ChannelLoad,0.08232,0
27.3698,3243,RSU,ChannelLoad,0.08232,0
27.3698,9794,Vehicle,ChannelLoad,0.0336,0
27.3698,9794,Vehicle,ChannelLoad,0.0336,0
27.37,2273,RSU,ChannelLoad,0.11096,0
27.37,2273,RSU,ChannelLoad,0.11096,0
27.3701,8470,Vehicle,ChannelLoad,0.06248,0
27.3701,8470,Vehicle,ChannelLoad,0.06248,0
27.3702,5187,Vehicle,ChannelLoad,0.08296,0
27.3702,5187,Vehicle,ChannelLoad,0.08296,0
27.3709,1385,Vehicle,ChannelLoad,0.05408,0
27.3709,1385,Vehicle,ChannelLoad,0.05408,0
27.371,270,Vehicle,ChannelLoad,0.0664,0
27.371,270,Vehicle,ChannelLoad,0.0664,0
27.3719,9867,Vehicle,ChannelLoad,0.05832,0
27.3719,9867,Vehicle,ChannelLoad,0.05832,0
27.3722,9647,RSU,TX_Throughput,5280,0
27.3722,9647,RSU,TX_ObjectCount,1,0
27.3723,5260,RSU,ChannelLoad,0.10624,0
27.3723,5260,RSU,ChannelLoad,0.10624,0
27.3725,5925,Vehicle,TX_Throughput,7760,0
27.3725,5925,Vehicle,TX_ObjectCount,1,0
27.3727,2347,Vehicle,ChannelLoad,0.06096,0
27.3727,2347,Vehicle,ChannelLoad,0.06096,0
27.3727,7202,RSU,TX_Throughput,8080,0
27.3727,7202,RSU,TX_ObjectCount,2,0
27.3735,787,Vehicle,TX_Throughput,4560,0
27.3735,787,Vehicle,TX_ObjectCount,0,0
27.3742,7647,Vehicle,ChannelLoad,0.04696,0
27.3742,7647,Vehicle,ChannelLoad,0.04696,0
27.3756,8841,Vehicle,TX_Throughput,7760,0
27.3756,8841,Vehicle,TX_ObjectCount,1,0
27.3759,5334,Vehicle,ChannelLoad,0.1112,0
27.3759,5334,Vehicle,ChannelLoad,0.1112,0
27.3762,5407,RSU,ChannelLoad,0.10512,0
27.3762,5407,RSU,ChannelLoad,0.10512,0
27.3765,9940,Vehicle,ChannelLoad,0.1076,0
27.3765,9940,Vehicle,ChannelLoad,0.1076,0
27.3771,5554,Vehicle,TX_Throughput,4560,0
27.3771,5554,Vehicle,TX_ObjectCount,0,0
27.3777,4439,Vehicle,ChannelLoad,0.08536,0
27.3777,4439,Vehicle,ChannelLoad,0.08536,0
27.3777,2420,Vehicle,ChannelLoad,0.0564,0
27.3777,2420,Vehicle,ChannelLoad,0.0564,0
27.3778,6826,RSU,ChannelLoad,0.12504,0
27.3778,6826,RSU,ChannelLoad,0.12504,0
27.3781,2495,RSU,TX_Throughput,8080,0
27.3781,2495,RSU,TX_ObjectCount,2,0
27.3782,7720,Vehicle,ChannelLoad,0.08608,0
27.3782,7720,Vehicle,ChannelLoad,0.08608,0
27.3782,8543,Vehicle,ChannelLoad,0.04872,0
27.3782,8543,Vehicle,ChannelLoad,0.04872,0
27.3782,3095,Vehicle,TX_Throughput,7760,0
27.3782,3095,Vehicle,TX_ObjectCount,1,0
27.3784,7500,RSU,TX_Throughput,2080,0
27.3784,7500,RSU,TX_ObjectCount,0,0
27.3786,10015,Vehicle,ChannelLoad,0.08736,0
27.3786,10015,Vehicle,ChannelLoad,0.08736,0
27.3794,3392,Vehicle,TX_Throughput,4560,0
27.3794,3392,Vehicle,TX_ObjectCount,0,0
27.38,4512,Vehicle,ChannelLoad,0.06752,0
27.38,4512,Vehicle,ChannelLoad,0.06752,0
27.3801,6902,RSU,ChannelLoad,0.06992,0
27.3801,6902,RSU,ChannelLoad,0.06992,0
27.3805,7795,Vehicle,ChannelLoad,0.0648,0
27.3805,7795,Vehicle,ChannelLoad,0.0648,0
27.3814,5775,Vehicle,TX_Throughput,7760,0
27.3814,5775,Vehicle,TX_ObjectCount,1,0
27.3816,1311,RSU,TX_Throughput,2080,0
27.3816,1311,RSU,TX_ObjectCount,0,0
27.3817,1089,RSU,TX_Throughput,10880,0
27.3817,1089,RSU,TX_ObjectCount,3,0
27.3818,6976,Vehicle,ChannelLoad,0.09648,0
27.3818,6976,Vehicle,ChannelLoad,0.09648,0
27.3819,5481,Vehicle,ChannelLoad,0.09456,0
27.3819,5481,Vehicle,ChannelLoad,0.09456,0
27.382,5554,Vehicle,ChannelLoad,0.0888,0
27.382,5554,Vehicle,ChannelLoad,0.0888,0
27.3824,4212,Vehicle,TX_Throughput,7760,0
27.3824,4212,Vehicle,TX_ObjectCount,1,0
27.3825,7278,RSU,TX_Throughput,8080,0
27.3825,7278,RSU,TX_ObjectCount,2,0
27.3831,343,Vehicle,ChannelLoad,0.07336,0
27.3831,343,Vehicle,ChannelLoad,0.07336,0
27.3832,1458,RSU,ChannelLoad,0.10672,0
27.3832,1458,RSU,ChannelLoad,0.10672,0
27.3843,8165,Vehicle,TX_Throughput,4560,0
27.3843,8165,Vehicle,TX_ObjectCount,0,0
27.3844,6902,RSU,TX_Throughput,5280,0
27.3844,6902,RSU,TX_ObjectCount,1,0
27.3844,3319,Vehicle,ChannelLoad,0.08064,0
27.3844,3319,Vehicle,ChannelLoad,0.08064,0
27.3853,7352,Vehicle,TX_Throughput,4560,0
27.3853,7352,Vehicle,TX_ObjectCount,0,0
27.3855,3541,RSU,TX_Throughput,10880,0
27.3855,3541,RSU,TX_ObjectCount,3,0
27.3857,2126,RSU,TX_Throughput,8080,0
27.3857,2126,RSU,TX_ObjectCount,2,0
27.3863,1532,Vehicle,ChannelLoad,0.06464,0
27.3863,1532,Vehicle,ChannelLoad,0.06464,0
27.3863,107,Vehicle,TX_Throughput,4560,0
27.3863,107,Vehicle,TX_ObjectCount,0,0
27.3865,3392,Vehicle,ChannelLoad,0.0768,0
27.3865,3392,Vehicle,ChannelLoad,0.0768,0
27.3865,5627,RSU,ChannelLoad,0.11544,0
27.3865,5627,RSU,ChannelLoad,0.11544,0
27.3871,416,Vehicle,ChannelLoad,0.07032,0
27.3871,416,Vehicle,ChannelLoad,0.07032,0
27.3873,2200,Vehicle,TX_Throughput,4560,0
27.3873,2200,Vehicle,TX_ObjectCount,0,0
27.3873,7129,Vehicle,TX_Throughput,4560,0
27.3873,7129,Vehicle,TX_ObjectCount,0,0
27.3885,2495,RSU,ChannelLoad,0.08664,0
27.3885,2495,RSU,ChannelLoad,0.08664,0
27.3891,8384,RSU,TX_Throughput,13680,0
27.3891,8384,RSU,TX_ObjectCount,4,0
27.3894,2569,RSU,ChannelLoad,0.10456,0
27.3894,2569,RSU,ChannelLoad,0.10456,0
27.3902,7647,Vehicle,TX_Throughput,7760,0
27.3902,7647,Vehicle,TX_ObjectCount,1,0
27.3916,8618,RSU,ChannelLoad,0.07744,0
27.3916,8618,RSU,ChannelLoad,0.07744,0
27.3917,7868,Vehicle,ChannelLoad,0.05064,0
27.3917,7868,Vehicle,ChannelLoad,0.05064,0
27.392,3619,Vehicle,TX_Throughput,4560,0
27.392,3619,Vehicle,TX_ObjectCount,0,0
27.392,5701,RSU,ChannelLoad,0.10432,0
27.392,5701,RSU,ChannelLoad,0.10432,0
27.3928,5775,Vehicle,ChannelLoad,0.0708,0
27.3928,5775,Vehicle,ChannelLoad,0.0708,0
27.3932,1532,Vehicle,TX_Throughput,10560,0
27.3932,1532,Vehicle,TX_ObjectCount,2,0
27.3939,489,Vehicle,ChannelLoad,0.04464,0
27.3939,489,Vehicle,ChannelLoad,0.04464,0
27.3941,1014,Vehicle,TX_Throughput,4560,0
27.3941,1014,Vehicle,TX_ObjectCount,0,0
27.3955,9133,Vehicle,TX_Throughput,10560,0
27.3955,9133,Vehicle,TX_ObjectCount,2,0
27.396,8694,RSU,ChannelLoad,0.09936,0
27.396,8694,RSU,ChannelLoad,0.09936,0
27.3961,3467,RSU,ChannelLoad,0.10856,0
27.3961,3467,RSU,ChannelLoad,0.10856,0
27.3961,562,Vehicle,ChannelLoad,0.04872,0
27.3961,562,Vehicle,ChannelLoad,0.04872,0
27.3962,4892,Vehicle,TX_Throughput,7760,0
27.3962,4892,Vehicle,TX_ObjectCount,1,0
27.3966,1605,Vehicle,ChannelLoad,0.05448,0
27.3966,1605,Vehicle,ChannelLoad,0.05448,0
27.397,2649,Vehicle,TX_Throughput,10560,0
27.397,2649,Vehicle,TX_ObjectCount,2,0
27.3972,1458,RSU,TX_Throughput,8080,0
27.3972,1458,RSU,TX_ObjectCount,2,0
27.3978,3541,RSU,ChannelLoad,0.0672,0
27.3978,3541,RSU,ChannelLoad,0.0672,0
27.3981,2347,Vehicle,TX_Throughput,4560,0
27.3981,2347,Vehicle,TX_ObjectCount,0,0
27.3987,10015,Vehicle,TX_Throughput,4560,0
27.3987,10015,Vehicle,TX_ObjectCount,0,0
27.3997,5040,Vehicle,TX_Throughput,4560,0
27.3997,5040,Vehicle,TX_ObjectCount,0,0
27.4009,7943,Vehicle,ChannelLoad,0.05832,0
27.4009,7943,Vehicle,ChannelLoad,0.05832,0
27.4017,1828,Vehicle,TX_Throughput,7760,0
27.4017,1828,Vehicle,TX_ObjectCount,1,0
27.402,639,Vehicle,ChannelLoad,0.05752,0
27.402,639,Vehicle,ChannelLoad,0.05752,0
27.4023,8768,Vehicle,ChannelLoad,0.05824,0
27.4023,8768,Vehicle,ChannelLoad,0.05824,0
27.4025,3467,RSU,TX_Throughput,5280,0
27.4025,3467,RSU,TX_ObjectCount,1,0
27.4026,8841,Vehicle,ChannelLoad,0.07176,0
27.4026,8841,Vehicle,ChannelLoad,0.07176,0
27.4035,8470,Vehicle,TX_Throughput,4560,0
27.4035,8470,Vehicle,TX_ObjectCount,0,0
27.4037,7055,RSU,ChannelLoad,0.07984,0
27.4037,7055,RSU,ChannelLoad,0.07984,0
27.4038,3168,Vehicle,TX_Throughput,7760,0
27.4038,3168,Vehicle,TX_ObjectCount,1,0
27.4039,2799,Vehicle,TX_Throughput,4560,0
27.4039,2799,Vehicle,TX_ObjectCount,0,0
27.4047,5481,Vehicle,TX_Throughput,7760,0
27.4047,5481,Vehicle,TX_ObjectCount,1,0
27.4047,29,RSU,ChannelLoad,0.1008,0
27.4047,29,RSU,ChannelLoad,0.1008,0
27.4053,3319,Vehicle,TX_Throughput,7760,0
27.4053,3319,Vehicle,TX_ObjectCount,1,0
27.4054,7425,Vehicle,TX_Throughput,7760,0
27.4054,7425,Vehicle,TX_ObjectCount,1,0
27.4059,712,Vehicle,ChannelLoad,0.0904,0
27.4059,712,Vehicle,ChannelLoad,0.0904,0
27.4067,6664,Vehicle,TX_Throughput,4560,0
27.4067,6664,Vehicle,TX_ObjectCount,0,0
27.4072,9940,Vehicle,TX_Throughput,7760,0
27.4072,9940,Vehicle,TX_ObjectCount,1,0
27.4078,5852,Vehicle,ChannelLoad,0.05288,0
27.4078,5852,Vehicle,ChannelLoad,0.05288,0
27.4083,6223,Vehicle,TX_Throughput,4560,0
27.4083,6223,Vehicle,TX_ObjectCount,0,0
27.4084,6747,Vehicle,TX_Throughput,7760,0
27.4084,6747,Vehicle,TX_ObjectCount,1,0
27.4089,1678,Vehicle,ChannelLoad,0.03552,0
27.4089,1678,Vehicle,ChannelLoad,0.03552,0
27.4091,5998,Vehicle,TX_Throughput,7760,0
27.4091,5998,Vehicle,TX_ObjectCount,1,0
27.4092,2874,Vehicle,TX_Throughput,4560,0
27.4092,2874,Vehicle,TX_ObjectCount,0,0
27.4094,6518,Vehicle,TX_Throughput,7760,0
27.4094,6518,Vehicle,TX_ObjectCount,1,0
27.4105,270,Vehicle,TX_Throughput,7760,0
27.4105,270,Vehicle,TX_ObjectCount,1,0
27.411,6372,Vehicle,TX_Throughput,4560,0
27.411,6372,Vehicle,TX_ObjectCount,0,0
27.4121,5925,Vehicle,ChannelLoad,0.0436,0
27.4121,5925,Vehicle,ChannelLoad,0.0436,0
27.4131,5998,Vehicle,ChannelLoad,0.06808,0
27.4131,5998,Vehicle,ChannelLoad,0.06808,0
27.4136,9794,Vehicle,TX_Throughput,7760,0
27.4136,9794,Vehicle,TX_ObjectCount,1,0
27.4138,2724,Vehicle,TX_Throughput,4560,0
27.4138,2724,Vehicle,TX_ObjectCount,0,0
27.4147,5260,RSU,TX_Throughput,8080,0
27.4147,5260,RSU,TX_ObjectCount,2,0
27.4147,3619,Vehicle,ChannelLoad,0.03112,0
27.4147,3619,Vehicle,ChannelLoad,0.03112,0
27.4151,712,Vehicle,TX_Throughput,4560,0
27.4151,712,Vehicle,TX_ObjectCount,0,0
27.4152,7129,Vehicle,ChannelLoad,0.06136,0
27.4152,7129,Vehicle,ChannelLoad,0.06136,0
27.4156,639,Vehicle,TX_Throughput,4560,0
27.4156,639,Vehicle,TX_ObjectCount,0,0
27.416,3020,Vehicle,TX_Throughput,4560,0
27.416,3020,Vehicle,TX_ObjectCount,0,0
27.4163,7202,RSU,ChannelLoad,0.078,0
27.4163,7202,RSU,ChannelLoad,0.078,0
27.4166,182,RSU,TX_Throughput,2080,0
27.4166,182,RSU,TX_ObjectCount,0,0
27.4167,8914,Vehicle,ChannelLoad,0.02744,0
27.4167,8914,Vehicle,ChannelLoad,0.02744,0
27.4168,1755,Vehicle,ChannelLoad,0.05224,0
27.4168,1755,Vehicle,ChannelLoad,0.05224,0
27.4169,6071,Vehicle,ChannelLoad,0.05464,0
27.4169,6071,Vehicle,ChannelLoad,0.05464,0
27.4171,862,Vehicle,TX_Throughput,7760,0
27.4171,862,Vehicle,TX_ObjectCount,1,0
27.4172,2649,Vehicle,ChannelLoad,0.04872,0
27.4172,2649,Vehicle,ChannelLoad,0.04872,0
27.4175,1901,RSU,TX_Throughput,5280,0
27.4175,1901,RSU,TX_ObjectCount,1,0
27.4182,8987,Vehicle,ChannelLoad,0.06984,0
27.4182,8987,Vehicle,ChannelLoad,0.06984,0
27.4183,787,Vehicle,ChannelLoad,0.0428,0
27.4183,787,Vehicle,ChannelLoad,0.0428,0
27.4186,2724,Vehicle,ChannelLoad,0.05792,0
27.4186,2724,Vehicle,ChannelLoad,0.05792,0
27.4188,107,Vehicle,ChannelLoad,0.07416,0
27.4188,107,Vehicle,ChannelLoad,0.07416,0
27.4191,2273,RSU,TX_Throughput,8080,0
27.4191,2273,RSU,TX_ObjectCount,2,0
27.4197,7720,Vehicle,TX_Throughput,4560,0
27.4197,7720,Vehicle,TX_ObjectCount,0,0
27.4201,182,RSU,ChannelLoad,0.07728,0
27.4201,182,RSU,ChannelLoad,0.07728,0
27.4202,862,Vehicle,ChannelLoad,0.06704,0
27.4202,862,Vehicle,ChannelLoad,0.06704,0
27.4207,6976,Vehicle,TX_Throughput,7760,0
27.4207,6976,Vehicle,TX_ObjectCount,1,0
27.421,8018,Vehicle,ChannelLoad,0.05368,0
27.421,8018,Vehicle,ChannelLoad,0.05368,0
27.4212,2051,Vehicle,TX_Throughput,4560,0
27.4212,2051,Vehicle,TX_ObjectCount,0,0
27.4223,1828,Vehicle,ChannelLoad,0.04192,0
27.4223,1828,Vehicle,ChannelLoad,0.04192,0
27.4228,6146,Vehicle,ChannelLoad,0.07464,0
27.4228,6146,Vehicle,ChannelLoad,0.07464,0
27.4231,1901,RSU,ChannelLoad,0.06672,0
27.4231,1901,RSU,ChannelLoad,0.06672,0
27.4231,7795,Vehicle,TX_Throughput,10560,0
27.4231,7795,Vehicle,TX_ObjectCount,2,0
27.4237,3692,Vehicle,ChannelLoad,0.10104,0
27.4237,3692,Vehicle,ChannelLoad,0.10104,0
27.4238,9281,Vehicle,TX_Throughput,7760,0
27.4238,9281,Vehicle,TX_ObjectCount,1,0
27.4244,5627,RSU,TX_Throughput,8080,0
27.4244,5627,RSU,TX_ObjectCount,2,0
27.425,2799,Vehicle,ChannelLoad,0.06688,0
27.425,2799,Vehicle,ChannelLoad,0.06688,0
27.4251,8694,RSU,TX_Throughput,8080,0
27.4251,8694,RSU,TX_ObjectCount,2,0
27.4256,9133,Vehicle,ChannelLoad,0.09208,0
27.4256,9133,Vehicle,ChannelLoad,0.09208,0
27.4281,6826,RSU,TX_Throughput,5280,0
27.4281,6826,RSU,TX_ObjectCount,1,0
27.4282,3989,RSU,TX_Throughput,8080,0
27.4282,3989,RSU,TX_ObjectCount,2,0
27.4286,2947,Vehicle,TX_Throughput,4560,0
27.4286,2947,Vehicle,TX_ObjectCount,0,0
27.4289,8091,RSU,ChannelLoad,0.09672,0
27.4289,8091,RSU,ChannelLoad,0.09672,0
27.429,9574,Vehicle,TX_Throughput,4560,0
27.429,9574,Vehicle,TX_ObjectCount,0,0
27.4294,3765,RSU,TX_Throughput,5280,0
27.4294,3765,RSU,TX_ObjectCount,1,0
27.4315,8091,RSU,TX_Throughput,8080,0
27.4315,8091,RSU,TX_ObjectCount,2,0
27.4317,8311,Vehicle,TX_Throughput,4560,0
27.4317,8311,Vehicle,TX_ObjectCount,0,0
27.4318,937,Vehicle,ChannelLoad,0.11128,0
27.4318,937,Vehicle,ChannelLoad,0.11128,0
27.4319,4512,Vehicle,TX_Throughput,7760,0
27.4319,4512,Vehicle,TX_ObjectCount,1,0
27.4326,8165,Vehicle,ChannelLoad,0.07856,0
27.4326,8165,Vehicle,ChannelLoad,0.07856,0
27.4333,3765,RSU,ChannelLoad,0.05432,0
27.4333,3765,RSU,ChannelLoad,0.05432,0
27.4334,3692,Vehicle,TX_Throughput,10560,0
27.4334,3692,Vehicle,TX_ObjectCount,2,0
27.4336,5187,Vehicle,TX_Throughput,13360,0
27.4336,5187,Vehicle,TX_ObjectCount,3,0
27.434,8768,Vehicle,TX_Throughput,4560,0
27.434,8768,Vehicle,TX_ObjectCount,0,0
27.4341,416,Vehicle,TX_Throughput,4560,0
27.4341,416,Vehicle,TX_ObjectCount,0,0
27.4342,7055,RSU,TX_Throughput,8080,0
27.4342,7055,RSU,TX_ObjectCount,2,0
27.4343,6223,Vehicle,ChannelLoad,0.07608,0
27.4343,6223,Vehicle,ChannelLoad,0.07608,0
27.4344,29,RSU,TX_Throughput,8080,0
27.4344,29,RSU,TX_ObjectCount,2,0
27.4344,562,Vehicle,TX_Throughput,7760,0
27.4344,562,Vehicle,TX_ObjectCount,1,0
27.4346,9501,Vehicle,TX_Throughput,7760,0
27.4346,9501,Vehicle,TX_ObjectCount,1,0
27.4348,1755,Vehicle,TX_Throughput,4560,0
27.4348,1755,Vehicle,TX_ObjectCount,0,0
27.435,2569,RSU,TX_Throughput,5280,0
27.435,2569,RSU,TX_ObjectCount,1,0
27.4352,7278,RSU,ChannelLoad,0.09064,0
27.4352,7278,RSU,ChannelLoad,0.09064,0
27.4359,5113,RSU,TX_Throughput,8080,0
27.4359,5113,RSU,TX_ObjectCount,2,0
27.4369,7352,Vehicle,ChannelLoad,0.06496,0
27.4369,7352,Vehicle,ChannelLoad,0.06496,0
27.437,5701,RSU,TX_Throughput,8080,0
27.437,5701,RSU,TX_ObjectCount,2,0
27.437,3839,Vehicle,ChannelLoad,0.07288,0
27.437,3839,Vehicle,ChannelLoad,0.07288,0
27.4374,4599,Vehicle,ChannelLoad,0.06232,0
27.4374,4599,Vehicle,ChannelLoad,0.06232,0
27.4376,3912,Vehicle,ChannelLoad,0.044,0
27.4376,3912,Vehicle,ChannelLoad,0.044,0
27.4379,8311,Vehicle,ChannelLoad,0.05424,0
27.4379,8311,Vehicle,ChannelLoad,0.05424,0
27.438,2874,Vehicle,ChannelLoad,0.03656,0
27.438,2874,Vehicle,ChannelLoad,0.03656,0
27.4384,4360,Vehicle,TX_Throughput,4560,0
27.4384,4360,Vehicle,TX_ObjectCount,0,0
27.4385,6071,Vehicle,TX_Throughput,4560,0
27.4385,6071,Vehicle,TX_ObjectCount,0,0
27.4389,6298,RSU,ChannelLoad,0.09264,0
27.4389,6298,RSU,ChannelLoad,0.09264,0
27.4393,7425,Vehicle,ChannelLoad,0.04928,0
27.4393,7425,Vehicle,ChannelLoad,0.04928,0
27.4399,6372,Vehicle,ChannelLoad,0.0668,0
27.4399,6372,Vehicle,ChannelLoad,0.0668,0
27.4404,1014,Vehicle,ChannelLoad,0.04904,0
27.4404,1014,Vehicle,ChannelLoad,0.04904,0
27.4414,8384,RSU,ChannelLoad,0.0844,0
27.4414,8384,RSU,ChannelLoad,0.0844,0
27.4417,4745,Vehicle,TX_Throughput,4560,0
27.4417,4745,Vehicle,TX_ObjectCount,0,0
27.4422,1977,RSU,TX_Throughput,2080,0
27.4422,1977,RSU,TX_ObjectCount,0,0
27.4429,3912,Vehicle,TX_Throughput,4560,0
27.4429,3912,Vehicle,TX_ObjectCount,0,0
27.4431,1165,Vehicle,TX_Throughput,7760,0
27.4431,1165,Vehicle,TX_ObjectCount,1,0
27.4436,7943,Vehicle,TX_Throughput,4560,0
27.4436,7943,Vehicle,TX_ObjectCount,0,0
27.4437,9208,Vehicle,ChannelLoad,0.04472,0
27.4437,9208,Vehicle,ChannelLoad,0.04472,0
27.4438,343,Vehicle,TX_Throughput,7760,0
27.4438,343,Vehicle,TX_ObjectCount,1,0
27.4447,9281,Vehicle,ChannelLoad,0.0452,0
27.4447,9281,Vehicle,ChannelLoad,0.0452,0
27.4449,4672,Vehicle,ChannelLoad,0.0812,0
27.4449,4672,Vehicle,ChannelLoad,0.0812,0
27.4452,4287,Vehicle,TX_Throughput,4560,0
27.4452,4287,Vehicle,TX_ObjectCount,0,0
27.4454,1678,Vehicle,TX_Throughput,4560,0
27.4454,1678,Vehicle,TX_ObjectCount,0,0
27.4459,6445,Vehicle,ChannelLoad,0.11016,0
27.4459,6445,Vehicle,ChannelLoad,0.11016,0
27.4461,9354,Vehicle,TX_Throughput,4560,0
27.4461,9354,Vehicle,TX_ObjectCount,0,0
27.4464,1089,RSU,ChannelLoad,0.11008,0
27.4464,1089,RSU,ChannelLoad,0.11008,0
27.4466,5334,Vehicle,TX_Throughput,7760,0
27.4466,5334,Vehicle,TX_ObjectCount,1,0
27.4469,9427,RSU,TX_Throughput,5280,0
27.4469,9427,RSU,TX_ObjectCount,1,0
27.4471,3989,RSU,ChannelLoad,0.06864,0
27.4471,3989,RSU,ChannelLoad,0.06864,0
27.4472,6518,Vehicle,ChannelLoad,0.04352,0
27.4472,6518,Vehicle,ChannelLoad,0.04352,0
27.4474,2420,Vehicle,TX_Throughput,7760,0
27.4474,2420,Vehicle,TX_ObjectCount,1,0
27.4477,6146,Vehicle,TX_Throughput,4560,0
27.4477,6146,Vehicle,TX_ObjectCount,0,0
27.4481,1238,Vehicle,TX_Throughput,7760,0
27.4481,1238,Vehicle,TX_ObjectCount,1,0
27.4482,6591,Vehicle,ChannelLoad,0.04944,0
27.4482,6591,Vehicle,ChannelLoad,0.04944,0
27.4483,6445,Vehicle,TX_Throughput,7760,0
27.4483,6445,Vehicle,TX_ObjectCount,1,0
27.4488,1977,RSU,ChannelLoad,0.08088,0
27.4488,1977,RSU,ChannelLoad,0.08088,0
27.4488,4745,Vehicle,ChannelLoad,0.06544,0
27.4488,4745,Vehicle,ChannelLoad,0.06544,0
27.4492,4063,RSU,ChannelLoad,0.06008,0
27.4492,4063,RSU,ChannelLoad,0.06008,0
27.4496,9354,Vehicle,ChannelLoad,0.088,0
27.4496,9354,Vehicle,ChannelLoad,0.088,0
27.4496,5852,Vehicle,TX_Throughput,16160,0
27.4496,5852,Vehicle,TX_ObjectCount,4,0
27.4499,4137,Vehicle,ChannelLoad,0.08896,0
27.4499,4137,Vehicle,ChannelLoad,0.08896,0
27.4511,8543,Vehicle,TX_Throughput,7760,0
27.4511,8543,Vehicle,TX_ObjectCount,1,0
27.4527,9427,RSU,ChannelLoad,0.09456,0
27.4527,9427,RSU,ChannelLoad,0.09456,0
27.4528,6664,Vehicle,ChannelLoad,0.04936,0
27.4528,6664,Vehicle,ChannelLoad,0.04936,0
27.4528,4818,RSU,ChannelLoad,0.07336,0
27.4528,4818,RSU,ChannelLoad,0.07336,0
27.4533,2051,Vehicle,ChannelLoad,0.112,0
27.4533,2051,Vehicle,ChannelLoad,0.112,0
27.4539,937,Vehicle,TX_Throughput,4560,0
27.4539,937,Vehicle,TX_ObjectCount,0,0
27.4557,1385,Vehicle,TX_Throughput,4560,0
27.4557,1385,Vehicle,TX_ObjectCount,0,0
27.4561,7500,RSU,ChannelLoad,0.07616,0
27.4561,7500,RSU,ChannelLoad,0.07616,0
27.4562,4212,Vehicle,ChannelLoad,0.05288,0
27.4562,4212,Vehicle,ChannelLoad,0.05288,0
27.4572,9501,Vehicle,ChannelLoad,0.06592,0
27.4572,9501,Vehicle,ChannelLoad,0.06592,0
27.4582,2947,Vehicle,ChannelLoad,0.05128,0
27.4582,2947,Vehicle,ChannelLoad,0.05128,0
27.4586,7574,Vehicle,ChannelLoad,0.08488,0
27.4586,7574,Vehicle,ChannelLoad,0.08488,0
27.4589,4063,RSU,TX_Throughput,2080,0
27.4589,4063,RSU,TX_ObjectCount,0,0
27.4589,9574,Vehicle,ChannelLoad,0.05872,0
27.4589,9574,Vehicle,ChannelLoad,0.05872,0
27.459,1165,Vehicle,ChannelLoad,0.05232,0
27.459,1165,Vehicle,ChannelLoad,0.05232,0
27.459,5407,RSU,TX_Throughput,5280,0
27.459,5407,RSU,TX_ObjectCount,1,0
27.4594,3020,Vehicle,ChannelLoad,0.04528,0
27.4594,3020,Vehicle,ChannelLoad,0.04528,0
27.4595,7574,Vehicle,TX_Throughput,7760,0
27.4595,7574,Vehicle,TX_ObjectCount,1,0
27.4597,6591,Vehicle,TX_Throughput,4560,0
27.4597,6591,Vehicle,TX_ObjectCount,0,0
27.46,489,Vehicle,TX_Throughput,4560,0
27.46,489,Vehicle,TX_ObjectCount,0,0
27.4602,3243,RSU,TX_Throughput,2080,0
27.4602,3243,RSU,TX_ObjectCount,0,0
27.4603,3839,Vehicle,TX_Throughput,13360,0
27.4603,3839,Vehicle,TX_ObjectCount,3,0
27.4603,7868,Vehicle,TX_Throughput,4560,0
27.4603,7868,Vehicle,TX_ObjectCount,0,0
27.4604,9721,Vehicle,TX_Throughput,4560,0
27.4604,9721,Vehicle,TX_ObjectCount,0,0
27.4613,8018,Vehicle,TX_Throughput,7760,0
27.4613,8018,Vehicle,TX_ObjectCount,1,0
27.4613,1238,Vehicle,ChannelLoad,0.06168,0
27.4613,1238,Vehicle,ChannelLoad,0.06168,0
27.4615,9867,Vehicle,TX_Throughput,7760,0
27.4615,9867,Vehicle,TX_ObjectCount,1,0
27.4621,8618,RSU,TX_Throughput,5280,0
27.4621,8618,RSU,TX_ObjectCount,1,0
27.4622,9647,RSU,ChannelLoad,0.1028,0
27.4622,9647,RSU,ChannelLoad,0.1028,0
27.4627,4818,RSU,TX_Throughput,8080,0
27.4627,4818,RSU,TX_ObjectCount,2,0
27.4631,4137,Vehicle,TX_Throughput,4560,0
27.4631,4137,Vehicle,TX_ObjectCount,0,0
27.4632,4599,Vehicle,TX_Throughput,7760,0
27.4632,4599,Vehicle,TX_ObjectCount,1,0
27.4634,4672,Vehicle,TX_Throughput,4560,0
27.4634,4672,Vehicle,TX_ObjectCount,0,0
27.4637,9721,Vehicle,ChannelLoad,0.07296,0
27.4637,9721,Vehicle,ChannelLoad,0.07296,0
27.4637,3095,Vehicle,ChannelLoad,0.09376,0
27.4637,3095,Vehicle,ChannelLoad,0.09376,0
27.4638,9208,Vehicle,TX_Throughput,4560,0
27.4638,9208,Vehicle,TX_ObjectCount,0,0
27.4647,2126,RSU,ChannelLoad,0.07976,0
27.4647,2126,RSU,ChannelLoad,0.07976,0
27.4649,1311,RSU,ChannelLoad,0.07264,0
27.4649,1311,RSU,ChannelLoad,0.07264,0
27.4652,4892,Vehicle,ChannelLoad,0.0372,0
27.4652,4892,Vehicle,ChannelLoad,0.0372,0
27.4654,2200,Vehicle,ChannelLoad,0.08056,0
27.4654,2200,Vehicle,ChannelLoad,0.08056,0
27.4663,4287,Vehicle,ChannelLoad,0.07528,0
27.4663,4287,Vehicle,ChannelLoad,0.07528,0
27.4669,4439,Vehicle,TX_Throughput,4560,0
27.4669,4439,Vehicle,TX_ObjectCount,0,0
27.467,4967,Vehicle,TX_Throughput,4560,0
27.467,4967,Vehicle,TX_ObjectCount,0,0
27.4672,6298,RSU,TX_Throughput,5280,0
27.4672,6298,RSU,TX_ObjectCount,1,0
27.4674,8914,Vehicle,TX_Throughput,4560,0
27.4674,8914,Vehicle,TX_ObjectCount,0,0
27.4674,6747,Vehicle,ChannelLoad,0.0752,0
27.4674,6747,Vehicle,ChannelLoad,0.0752,0
27.468,4967,Vehicle,ChannelLoad,0.05328,0
27.468,4967,Vehicle,ChannelLoad,0.05328,0
27.4682,3168,Vehicle,ChannelLoad,0.04408,0
27.4682,3168,Vehicle,ChannelLoad,0.04408,0
27.4684,5040,Vehicle,ChannelLoad,0.07344,0
27.4684,5040,Vehicle,ChannelLoad,0.07344,0
27.4687,4360,Vehicle,ChannelLoad,0.0984,0
27.4687,4360,Vehicle,ChannelLoad,0.0984,0
27.4688,1605,Vehicle,TX_Throughput,4560,0
27.4688,1605,Vehicle,TX_ObjectCount,0,0
27.4696,5113,RSU,ChannelLoad,0.09176,0
27.4696,5113,RSU,ChannelLoad,0.09176,0
27.4697,8987,Vehicle,TX_Throughput,4560,0
27.4697,8987,Vehicle,TX_ObjectCount,0,0
27.4698,3243,RSU,ChannelLoad,0.07744,0
27.4698,3243,RSU,ChannelLoad,0.07744,0
27.4698,9794,Vehicle,ChannelLoad,0.042,0
27.4698,9794,Vehicle,ChannelLoad,0.042,0
27.47,2273,RSU,ChannelLoad,0.09792,0
27.47,2273,RSU,ChannelLoad,0.09792,0
27.4701,8470,Vehicle,ChannelLoad,0.05488,0
27.4701,8470,Vehicle,ChannelLoad,0.05488,0
27.4702,5187,Vehicle,ChannelLoad,0.05976,0
27.4702,5187,Vehicle,ChannelLoad,0.05976,0
27.4709,1385,Vehicle,ChannelLoad,0.05064,0
27.4709,1385,Vehicle,ChannelLoad,0.05064,0
27.471,270,Vehicle,ChannelLoad,0.05936,0
27.471,270,Vehicle,ChannelLoad,0.05936,0
27.4719,9867,Vehicle,ChannelLoad,0.05736,0
27.4719,9867,Vehicle,ChannelLoad,0.05736,0
27.4722,9647,RSU,TX_Throughput,10880,0
27.4722,9647,RSU,TX_ObjectCount,3,0
27.4723,5260,RSU,ChannelLoad,0.0824,0
27.4723,5260,RSU,ChannelLoad,0.0824,0
27.4725,5925,Vehicle,TX_Throughput,7760,0
27.4725,5925,Vehicle,TX_ObjectCount,1,0
27.4727,2347,Vehicle,ChannelLoad,0.07344,0
27.4727,2347,Vehicle,ChannelLoad,0.07344,0
27.4727,7202,RSU,TX_Throughput,5280,0
27.4727,7202,RSU,TX_ObjectCount,1,0
27.4735,787,Vehicle,TX_Throughput,4560,0
27.4735,787,Vehicle,TX_ObjectCount,0,0
27.4742,7647,Vehicle,ChannelLoad,0.03976,0
27.4742,7647,Vehicle,ChannelLoad,0.03976,0
27.4756,8841,Vehicle,TX_Throughput,4560,0
27.4756,8841,Vehicle,TX_ObjectCount,0,0
27.4759,5334,Vehicle,ChannelLoad,0.08792,0
27.4759,5334,Vehicle,ChannelLoad,0.08792,0
27.4762,5407,RSU,ChannelLoad,0.0828,0
27.4762,5407,RSU,ChannelLoad,0.0828,0
27.4765,9940,Vehicle,ChannelLoad,0.10008,0
27.4765,9940,Vehicle,ChannelLoad,0.10008,0
27.4771,5554,Vehicle,TX_Throughput,4560,0
27.4771,5554,Vehicle,TX_ObjectCount,0,0
27.4777,4439,Vehicle,ChannelLoad,0.0828,0
27.4777,4439,Vehicle,ChannelLoad,0.0828,0
27.4777,2420,Vehicle,ChannelLoad,0.04456,0
27.4777,2420,Vehicle,ChannelLoad,0.04456,0
27.4778,6826,RSU,ChannelLoad,0.11704,0
27.4778,6826,RSU,ChannelLoad,0.11704,0
27.4781,2495,RSU,TX_Throughput,5280,0
27.4781,2495,RSU,TX_ObjectCount,1,0
27.4782,7720,Vehicle,ChannelLoad,0.0684,0
27.4782,7720,Vehicle,ChannelLoad,0.0684,0
27.4782,8543,Vehicle,ChannelLoad,0.06208,0
27.4782,8543,Vehicle,ChannelLoad,0.06208,0
27.4782,3095,Vehicle,TX_Throughput,7760,0
27.4782,3095,Vehicle,TX_ObjectCount,1,0
27.4784,7500,RSU,TX_Throughput,2080,0
27.4784,7500,RSU,TX_ObjectCount,0,0
27.4786,10015,Vehicle,ChannelLoad,0.08032,0
27.4786,10015,Vehicle,ChannelLoad,0.08032,0
27.4794,3392,Vehicle,TX_Throughput,4560,0
27.4794,3392,Vehicle,TX_ObjectCount,0,0
27.48,4512,Vehicle,ChannelLoad,0.0576,0
27.48,4512,Vehicle,ChannelLoad,0.0576,0
27.4801,6902,RSU,ChannelLoad,0.05696,0
27.4801,6902,RSU,ChannelLoad,0.05696,0
27.4805,7795,Vehicle,ChannelLoad,0.06584,0
27.4805,7795,Vehicle,ChannelLoad,0.06584,0
27.4814,5775,Vehicle,TX_Throughput,4560,0
27.4814,5775,Vehicle,TX_ObjectCount,0,0
27.4816,1311,RSU,TX_Throughput,5280,0
27.4816,1311,RSU,TX_ObjectCount,1,0
27.4817,1089,RSU,TX_Throughput,10880,0
27.4817,1089,RSU,TX_ObjectCount,3,0
27.4818,6976,Vehicle,ChannelLoad,0.06776,0
27.4818,6976,Vehicle,ChannelLoad,0.06776,0
27.4819,5481,Vehicle,ChannelLoad,0.08608,0
27.4819,5481,Vehicle,ChannelLoad,0.08608,0
27.482,5554,Vehicle,ChannelLoad,0.0748,0
27.482,5554,Vehicle,ChannelLoad,0.0748,0
27.4824,4212,Vehicle,TX_Throughput,4560,0
27.4824,4212,Vehicle,TX_ObjectCount,0,0
27.4825,7278,RSU,TX_Throughput,8080,0
27.4825,7278,RSU,TX_ObjectCount,2,0
27.4831,343,Vehicle,ChannelLoad,0.07136,0
27.4831,343,Vehicle,ChannelLoad,0.07136,0
27.4832,1458,RSU,ChannelLoad,0.10416,0
27.4832,1458,RSU,ChannelLoad,0.10416,0
27.4843,8165,Vehicle,TX_Throughput,4560,0
27.4843,8165,Vehicle,TX_ObjectCount,0,0
27.4844,6902,RSU,TX_Throughput,8080,0
27.4844,6902,RSU,TX_ObjectCount,2,0
27.4844,3319,Vehicle,ChannelLoad,0.0764,0
27.4844,3319,Vehicle,ChannelLoad,0.0764,0
27.4853,7352,Vehicle,TX_Throughput,4560,0
27.4853,7352,Vehicle,TX_ObjectCount,0,0
27.4855,3541,RSU,TX_Throughput,5280,0
27.4855,3541,RSU,TX_ObjectCount,1,0
27.4857,2126,RSU,TX_Throughput,16480,0
27.4857,2126,RSU,TX_ObjectCount,5,0
27.4863,1532,Vehicle,ChannelLoad,0.06472,0
27.4863,1532,Vehicle,ChannelLoad,0.06472,0
27.4863,107,Vehicle,TX_Throughput,4560,0
27.4863,107,Vehicle,TX_ObjectCount,0,0
27.4865,3392,Vehicle,ChannelLoad,0.06864,0
27.4865,3392,Vehicle,ChannelLoad,0.06864,0
27.4865,5627,RSU,ChannelLoad,0.0988,0
27.4865,5627,RSU,ChannelLoad,0.0988,0
27.4871,416,Vehicle,ChannelLoad,0.0608,0
27.4871,416,Vehicle,ChannelLoad,0.0608,0
27.4873,2200,Vehicle,TX_Throughput,7760,0
27.4873,2200,Vehicle,TX_ObjectCount,1,0
27.4873,7129,Vehicle,TX_Throughput,4560,0
27.4873,7129,Vehicle,TX_ObjectCount,0,0
27.4885,2495,RSU,ChannelLoad,0.09048,0
27.4885,2495,RSU,ChannelLoad,0.09048,0
27.4891,8384,RSU,TX_Throughput,8080,0
27.4891,8384,RSU,TX_ObjectCount,2,0
27.4894,2569,RSU,ChannelLoad,0.0996,0
27.4894,2569,RSU,ChannelLoad,0.0996,0
27.4902,7647,Vehicle,TX_Throughput,4560,0
27.4902,7647,Vehicle,TX_ObjectCount,0,0
27.4916,8618,RSU,ChannelLoad,0.08424,0
27.4916,8618,RSU,ChannelLoad,0.08424,0
27.4917,7868,Vehicle,ChannelLoad,0.04488,0
27.4917,7868,Vehicle,ChannelLoad,0.04488,0
27.492,3619,Vehicle,TX_Throughput,7760,0
27.492,3619,Vehicle,TX_ObjectCount,1,0
27.492,5701,RSU,ChannelLoad,0.10768,0
27.492,5701,RSU,ChannelLoad,0.10768,0
27.4928,5775,Vehicle,ChannelLoad,0.06344,0
27.4928,5775,Vehicle,ChannelLoad,0.06344,0
27.4932,1532,Vehicle,TX_Throughput,4560,0
27.4932,1532,Vehicle,TX_ObjectCount,0,0
27.4939,489,Vehicle,ChannelLoad,0.0552,0
27.4939,489,Vehicle,ChannelLoad,0.0552,0
27.4941,1014,Vehicle,TX_Throughput,4560,0
27.4941,1014,Vehicle,TX_ObjectCount,0,0
27.4955,9133,Vehicle,TX_Throughput,4560,0
27.4955,9133,Vehicle,TX_ObjectCount,0,0
27.496,8694,RSU,ChannelLoad,0.0984,0
27.496,8694,RSU,ChannelLoad,0.0984,0
27.4961,3467,RSU,ChannelLoad,0.106,0
27.4961,3467,RSU,ChannelLoad,0.106,0
27.4961,562,Vehicle,ChannelLoad,0.0508,0
27.4961,562,Vehicle,ChannelLoad,0.0508,0
27.4962,4892,Vehicle,TX_Throughput,4560,0
27.4962,4892,Vehicle,TX_ObjectCount,0,0
27.4966,1605,Vehicle,ChannelLoad,0.05272,0
27.4966,1605,Vehicle,ChannelLoad,0.05272,0
27.497,2649,Vehicle,TX_Throughput,10560,0
27.497,2649,Vehicle,TX_ObjectCount,2,0
27.4972,1458,RSU,TX_Throughput,8080,0
27.4972,1458,RSU,TX_ObjectCount,2,0
27.4978,3541,RSU,ChannelLoad,0.07416,0
27.4978,3541,RSU,ChannelLoad,0.07416,0
27.4981,2347,Vehicle,TX_Throughput,4560,0
27.4981,2347,Vehicle,TX_ObjectCount,0,0
27.4987,10015,Vehicle,TX_Throughput,10560,0
27.4987,10015,Vehicle,TX_ObjectCount,2,0
27.4997,5040,Vehicle,TX_Throughput,4560,0
27.4997,5040,Vehicle,TX_ObjectCount,0,0
27.5009,7943,Vehicle,ChannelLoad,0.04736,0
27.5009,7943,Vehicle,ChannelLoad,0.04736,0
27.5017,1828,Vehicle,TX_Throughput,7760,0
27.5017,1828,Vehicle,TX_ObjectCount,1,0
27.502,639,Vehicle,ChannelLoad,0.0712,0
27.502,639,Vehicle,ChannelLoad,0.0712,0
27.5023,8768,Vehicle,ChannelLoad,0.06016,0
27.5023,8768,Vehicle,ChannelLoad,0.06016,0
27.5025,3467,RSU,TX_Throughput,8080,0
27.5025,3467,RSU,TX_ObjectCount,2,0
27.5026,8841,Vehicle,ChannelLoad,0.06672,0
27.5026,8841,Vehicle,ChannelLoad,0.06672,0
27.5035,8470,Vehicle,TX_Throughput,4560,0
27.5035,8470,Vehicle,TX_ObjectCount,0,0
27.5037,7055,RSU,ChannelLoad,0.0864,0
27.5037,7055,RSU,ChannelLoad,0.0864,0
27.5038,3168,Vehicle,TX_Throughput,4560,0
27.5038,3168,Vehicle,TX_ObjectCount,0,0
27.5039,2799,Vehicle,TX_Throughput,7760,0
27.5039,2799,Vehicle,TX_ObjectCount,1,0
27.5047,5481,Vehicle,TX_Throughput,7760,0
27.5047,5481,Vehicle,TX_ObjectCount,1,0
27.5047,29,RSU,ChannelLoad,0.10592,0
27.5047,29,RSU,ChannelLoad,0.10592,0
27.5053,3319,Vehicle,TX_Throughput,4560,0
27.5053,3319,Vehicle,TX_ObjectCount,0,0
27.5054,7425,Vehicle,TX_Throughput,10560,0
27.5054,7425,Vehicle,TX_ObjectCount,2,0
27.5059,712,Vehicle,ChannelLoad,0.0884,0
27.5059,712,Vehicle,ChannelLoad,0.0884,0
27.5067,6664,Vehicle,TX_Throughput,7760,0
27.5067,6664,Vehicle,TX_ObjectCount,1,0
27.5072,9940,Vehicle,TX_Throughput,4560,0
27.5072,9940,Vehicle,TX_ObjectCount,0,0
27.5078,5852,Vehicle,ChannelLoad,0.05208,0
27.5078,5852,Vehicle,ChannelLoad,0.05208,0
27.5083,6223,Vehicle,TX_Throughput,7760,0
27.5083,6223,Vehicle,TX_ObjectCount,1,0
27.5084,6747,Vehicle,TX_Throughput,7760,0
27.5084,6747,Vehicle,TX_ObjectCount,1,0
27.5089,1678,Vehicle,ChannelLoad,0.03528,0
27.5089,1678,Vehicle,ChannelLoad,0.03528,0
27.5091,5998,Vehicle,TX_Throughput,4560,0
27.5091,5998,Vehicle,TX_ObjectCount,0,0
27.5092,2874,Vehicle,TX_Throughput,4560,0
27.5092,2874,Vehicle,TX_ObjectCount,0,0
27.5094,6518,Vehicle,TX_Throughput,10560,0
27.5094,6518,Vehicle,TX_ObjectCount,2,0
27.5105,270,Vehicle,TX_Throughput,7760,0
27.5105,270,Vehicle,TX_ObjectCount,1,0
27.511,6372,Vehicle,TX_Throughput,4560,0
27.511,6372,Vehicle,TX_ObjectCount,0,0
27.5121,5925,Vehicle,ChannelLoad,0.03656,0
27.5121,5925,Vehicle,ChannelLoad,0.03656,0
27.5131,5998,Vehicle,ChannelLoad,0.0776,0
27.5131,5998,Vehicle,ChannelLoad,0.0776,0
27.5136,9794,Vehicle,TX_Throughput,7760,0
27.5136,9794,Vehicle,TX_ObjectCount,1,0
27.5138,2724,Vehicle,TX_Throughput,4560,0
27.5138,2724,Vehicle,TX_ObjectCount,0,0
27.5147,5260,RSU,TX_Throughput,16480,0
27.5147,5260,RSU,TX_ObjectCount,5,0
27.5147,3619,Vehicle,ChannelLoad,0.03264,0
27.5147,3619,Vehicle,ChannelLoad,0.03264,0
27.5151,712,Vehicle,TX_Throughput,4560,0
27.5151,712,Vehicle,TX_ObjectCount,0,0
27.5152,7129,Vehicle,ChannelLoad,0.05768,0
27.5152,7129,Vehicle,ChannelLoad,0.05768,0
27.5156,639,Vehicle,TX_Throughput,4560,0
27.5156,639,Vehicle,TX_ObjectCount,0,0
27.516,3020,Vehicle,TX_Throughput,10560,0
27.516,3020,Vehicle,TX_ObjectCount,2,0
27.5163,7202,RSU,ChannelLoad,0.09632,0
27.5163,7202,RSU,ChannelLoad,0.09632,0
27.5166,182,RSU,TX_Throughput,10880,0
27.5166,182,RSU,TX_ObjectCount,3,0
27.5167,8914,Vehicle,ChannelLoad,0.03448,0
27.5167,8914,Vehicle,ChannelLoad,0.03448,0
27.5168,1755,Vehicle,ChannelLoad,0.04992,0
27.5168,1755,Vehicle,ChannelLoad,0.04992,0
27.5169,6071,Vehicle,ChannelLoad,0.05512,0
27.5169,6071,Vehicle,ChannelLoad,0.05512,0
27.5171,862,Vehicle,TX_Throughput,4560,0
27.5171,862,Vehicle,TX_ObjectCount,0,0
27.5172,2649,Vehicle,ChannelLoad,0.04808,0
27.5172,2649,Vehicle,ChannelLoad,0.04808,0
27.5175,1901,RSU,TX_Throughput,5280,0
27.5175,1901,RSU,TX_ObjectCount,1,0
27.5182,8987,Vehicle,ChannelLoad,0.06336,0
27.5182,8987,Vehicle,ChannelLoad,0.06336,0
27.5183,787,Vehicle,ChannelLoad,0.04944,0
27.5183,787,Vehicle,ChannelLoad,0.04944,0
27.5186,2724,Vehicle,ChannelLoad,0.06016,0
27.5186,2724,Vehicle,ChannelLoad,0.06016,0
27.5188,107,Vehicle,ChannelLoad,0.0768,0
27.5188,107,Vehicle,ChannelLoad,0.0768,0
27.5191,2273,RSU,TX_Throughput,13680,0
27.5191,2273,RSU,TX_ObjectCount,4,0
27.5197,7720,Vehicle,TX_Throughput,4560,0
27.5197,7720,Vehicle,TX_ObjectCount,0,0
27.5201,182,RSU,ChannelLoad,0.07512,0
27.5201,182,RSU,ChannelLoad,0.07512,0
27.5202,862,Vehicle,ChannelLoad,0.0572,0
27.5202,862,Vehicle,ChannelLoad,0.0572,0
27.5207,6976,Vehicle,TX_Throughput,10560,0
27.5207,6976,Vehicle,TX_ObjectCount,2,0
27.521,8018,Vehicle,ChannelLoad,0.04984,0
27.521,8018,Vehicle,ChannelLoad,0.04984,0
27.5212,2051,Vehicle,TX_Throughput,4560,0
27.5212,2051,Vehicle,TX_ObjectCount,0,0
27.5223,1828,Vehicle,ChannelLoad,0.05368,0
27.5223,1828,Vehicle,ChannelLoad,0.05368,0
27.5228,6146,Vehicle,ChannelLoad,0.06496,0
27.5228,6146,Vehicle,ChannelLoad,0.06496,0
27.5231,1901,RSU,ChannelLoad,0.0732,0
27.5231,1901,RSU,ChannelLoad,0.0732,0
27.5231,7795,Vehicle,TX_Throughput,4560,0
27.5231,7795,Vehicle,TX_ObjectCount,0,0
27.5237,3692,Vehicle,ChannelLoad,0.08288,0
27.5237,3692,Vehicle,ChannelLoad,0.08288,0
27.5238,9281,Vehicle,TX_Throughput,4560,0
27.5238,9281,Vehicle,TX_ObjectCount,0,0
27.5244,5627,RSU,TX_Throughput,10880,0
27.5244,5627,RSU,TX_ObjectCount,3,0
27.525,2799,Vehicle,ChannelLoad,0.048,0
27.525,2799,Vehicle,ChannelLoad,0.048,0
27.5251,8694,RSU,TX_Throughput,10880,0
27.5251,8694,RSU,TX_ObjectCount,3,0
27.5256,9133,Vehicle,ChannelLoad,0.07752,0
27.5256,9133,Vehicle,ChannelLoad,0.07752,0
27.5281,6826,RSU,TX_Throughput,8080,0
27.5281,6826,RSU,TX_ObjectCount,2,0
27.5282,3989,RSU,TX_Throughput,5280,0
27.5282,3989,RSU,TX_ObjectCount,1,0
27.5286,2947,Vehicle,TX_Throughput,10560,0
27.5286,2947,Vehicle,TX_ObjectCount,2,0
27.5289,8091,RSU,ChannelLoad,0.09024,0
27.5289,8091,RSU,ChannelLoad,0.09024,0
27.529,9574,Vehicle,TX_Throughput,7760,0
27.529,9574,Vehicle,TX_ObjectCount,1,0
27.5294,3765,RSU,TX_Throughput,8080,0
27.5294,3765,RSU,TX_ObjectCount,2,0
27.5315,8091,RSU,TX_Throughput,5280,0
27.5315,8091,RSU,TX_ObjectCount,1,0
27.5317,8311,Vehicle,TX_Throughput,4560,0
27.5317,8311,Vehicle,TX_ObjectCount,0,0
27.5318,937,Vehicle,ChannelLoad,0.06792,0
27.5318,937,Vehicle,ChannelLoad,0.06792,0
27.5319,4512,Vehicle,TX_Throughput,7760,0
27.5319,4512,Vehicle,TX_ObjectCount,1,0
27.5326,8165,Vehicle,ChannelLoad,0.06928,0
27.5326,8165,Vehicle,ChannelLoad,0.06928,0
27.5333,3765,RSU,ChannelLoad,0.06888,0
27.5333,3765,RSU,ChannelLoad,0.06888,0
27.5334,3692,Vehicle,TX_Throughput,4560,0
27.5334,3692,Vehicle,TX_ObjectCount,0,0
27.5336,5187,Vehicle,TX_Throughput,10560,0
27.5336,5187,Vehicle,TX_ObjectCount,2,0
27.534,8768,Vehicle,TX_Throughput,4560,0
27.534,8768,Vehicle,TX_ObjectCount,0,0
27.5341,416,Vehicle,TX_Throughput,10560,0
27.5341,416,Vehicle,TX_ObjectCount,2,0
27.5342,7055,RSU,TX_Throughput,8080,0
27.5342,7055,RSU,TX_ObjectCount,2,0
27.5343,6223,Vehicle,ChannelLoad,0.0548,0
27.5343,6223,Vehicle,ChannelLoad,0.0548,0
27.5344,29,RSU,TX_Throughput,5280,0
27.5344,29,RSU,TX_ObjectCount,1,0
27.5344,562,Vehicle,TX_Throughput,7760,0
27.5344,562,Vehicle,TX_ObjectCount,1,0
27.5346,9501,Vehicle,TX_Throughput,7760,0
27.5346,9501,Vehicle,TX_ObjectCount,1,0
27.5348,1755,Vehicle,TX_Throughput,4560,0
27.5348,1755,Vehicle,TX_ObjectCount,0,0
27.535,2569,RSU,TX_Throughput,13680,0
27.535,2569,RSU,TX_ObjectCount,4,0
27.5352,7278,RSU,ChannelLoad,0.08744,0
27.5352,7278,RSU,ChannelLoad,0.08744,0
27.5359,5113,RSU,TX_Throughput,10880,0
27.5359,5113,RSU,TX_ObjectCount,3,0
27.5369,7352,Vehicle,ChannelLoad,0.05712,0
27.5369,7352,Vehicle,ChannelLoad,0.05712,0
27.537,5701,RSU,TX_Throughput,13680,0
27.537,5701,RSU,TX_ObjectCount,4,0
27.537,3839,Vehicle,ChannelLoad,0.07432,0
27.537,3839,Vehicle,ChannelLoad,0.07432,0
27.5374,4599,Vehicle,ChannelLoad,0.0696,0
27.5374,4599,Vehicle,ChannelLoad,0.0696,0
27.5376,3912,Vehicle,ChannelLoad,0.046,0
27.5376,3912,Vehicle,ChannelLoad,0.046,0
27.5379,8311,Vehicle,ChannelLoad,0.04896,0
27.5379,8311,Vehicle,ChannelLoad,0.04896,0
27.538,2874,Vehicle,ChannelLoad,0.03096,0
27.538,2874,Vehicle,ChannelLoad,0.03096,0
27.5384,4360,Vehicle,TX_Throughput,4560,0
27.5384,4360,Vehicle,TX_ObjectCount,0,0
27.5385,6071,Vehicle,TX_Throughput,7760,0
27.5385,6071,Vehicle,TX_ObjectCount,1,0
27.5389,6298,RSU,ChannelLoad,0.09832,0
27.5389,6298,RSU,ChannelLoad,0.09832,0
27.5393,7425,Vehicle,ChannelLoad,0.0588,0
27.5393,7425,Vehicle,ChannelLoad,0.0588,0
27.5399,6372,Vehicle,ChannelLoad,0.07056,0
27.5399,6372,Vehicle,ChannelLoad,0.07056,0
27.5404,1014,Vehicle,ChannelLoad,0.05136,0
27.5404,1014,Vehicle,ChannelLoad,0.05136,0
27.5414,8384,RSU,ChannelLoad,0.1,0
27.5414,8384,RSU,ChannelLoad,0.1,0
27.5417,4745,Vehicle,TX_Throughput,4560,0
27.5417,4745,Vehicle,TX_ObjectCount,0,0
27.5422,1977,RSU,TX_Throughput,5280,0
27.5422,1977,RSU,TX_ObjectCount,1,0
27.5429,3912,Vehicle,TX_Throughput,4560,0
27.5429,3912,Vehicle,TX_ObjectCount,0,0
27.5431,1165,Vehicle,TX_Throughput,7760,0
27.5431,1165,Vehicle,TX_ObjectCount,1,0
27.5436,7943,Vehicle,TX_Throughput,4560,0
27.5436,7943,Vehicle,TX_ObjectCount,0,0
27.5437,9208,Vehicle,ChannelLoad,0.04304,0
27.5437,9208,Vehicle,ChannelLoad,0.04304,0
27.5438,343,Vehicle,TX_Throughput,4560,0
27.5438,343,Vehicle,TX_ObjectCount,0,0
27.5447,9281,Vehicle,ChannelLoad,0.05512,0
27.5447,9281,Vehicle,ChannelLoad,0.05512,0
27.5449,4672,Vehicle,ChannelLoad,0.07088,0
27.5449,4672,Vehicle,ChannelLoad,0.07088,0
27.5452,4287,Vehicle,TX_Throughput,7760,0
27.5452,4287,Vehicle,TX_ObjectCount,1,0
27.5454,1678,Vehicle,TX_Throughput,4560,0
27.5454,1678,Vehicle,TX_ObjectCount,0,0
27.5459,6445,Vehicle,ChannelLoad,0.10288,0
27.5459,6445,Vehicle,ChannelLoad,0.10288,0
27.5461,9354,Vehicle,TX_Throughput,7760,0
27.5461,9354,Vehicle,TX_ObjectCount,1,0
27.5464,1089,RSU,ChannelLoad,0.10008,0
27.5464,1089,RSU,ChannelLoad,0.10008,0
27.5466,5334,Vehicle,TX_Throughput,4560,0
27.5466,5334,Vehicle,TX_ObjectCount,0,0
27.5469,9427,RSU,TX_Throughput,5280,0
27.5469,9427,RSU,TX_ObjectCount,1,0
27.5471,3989,RSU,ChannelLoad,0.07288,0
27.5471,3989,RSU,ChannelLoad,0.07288,0
27.5472,6518,Vehicle,ChannelLoad,0.05456,0
27.5472,6518,Vehicle,ChannelLoad,0.05456,0
27.5474,2420,Vehicle,TX_Throughput,4560,0
27.5474,2420,Vehicle,TX_ObjectCount,0,0
27.5477,6146,Vehicle,TX_Throughput,7760,0
27.5477,6146,Vehicle,TX_ObjectCount,1,0
27.5481,1238,Vehicle,TX_Throughput,4560,0
27.5481,1238,Vehicle,TX_ObjectCount,0,0
27.5482,6591,Vehicle,ChannelLoad,0.048,0
27.5482,6591,Vehicle,ChannelLoad,0.048,0
27.5483,6445,Vehicle,TX_Throughput,7760,0
27.5483,6445,Vehicle,TX_ObjectCount,1,0
27.5488,1977,RSU,ChannelLoad,0.09632,0
27.5488,1977,RSU,ChannelLoad,0.09632,0
27.5488,4745,Vehicle,ChannelLoad,0.06368,0
27.5488,4745,Vehicle,ChannelLoad,0.06368,0
27.5492,4063,RSU,ChannelLoad,0.06136,0
27.5492,4063,RSU,ChannelLoad,0.06136,0
27.5496,9354,Vehicle,ChannelLoad,0.07128,0
27.5496,9354,Vehicle,ChannelLoad,0.07128,0
27.5496,5852,Vehicle,TX_Throughput,7760,0
27.5496,5852,Vehicle,TX_ObjectCount,1,0
27.5499,4137,Vehicle,ChannelLoad,0.07536,0
27.5499,4137,Vehicle,ChannelLoad,0.07536,0
27.5511,8543,Vehicle,TX_Throughput,7760,0
27.5511,8543,Vehicle,TX_ObjectCount,1,0
27.5527,9427,RSU,ChannelLoad,0.07592,0
27.5527,9427,RSU,ChannelLoad,0.07592,0
27.5528,6664,Vehicle,ChannelLoad,0.0508,0
27.5528,6664,Vehicle,ChannelLoad,0.0508,0
27.5528,4818,RSU,ChannelLoad,0.07448,0
27.5528,4818,RSU,ChannelLoad,0.07448,0
27.5533,2051,Vehicle,ChannelLoad,0.10816,0
27.5533,2051,Vehicle,ChannelLoad,0.10816,0
27.5539,937,Vehicle,TX_Throughput,4560,0
27.5539,937,Vehicle,TX_ObjectCount,0,0
27.5557,1385,Vehicle,TX_Throughput,7760,0
27.5557,1385,Vehicle,TX_ObjectCount,1,0
27.5561,7500,RSU,ChannelLoad,0.06608,0
27.5561,7500,RSU,ChannelLoad,0.06608,0
27.5562,4212,Vehicle,ChannelLoad,0.04624,0
27.5562,4212,Vehicle,ChannelLoad,0.04624,0
27.5572,9501,Vehicle,ChannelLoad,0.06408,0
27.5572,9501,Vehicle,ChannelLoad,0.06408,0
27.5582,2947,Vehicle,ChannelLoad,0.0436,0
27.5582,2947,Vehicle,ChannelLoad,0.0436,0
27.5586,7574,Vehicle,ChannelLoad,0.07736,0
27.5586,7574,Vehicle,ChannelLoad,0.07736,0
27.5589,4063,RSU,TX_Throughput,5280,0
27.5589,4063,RSU,TX_ObjectCount,1,0
27.5589,9574,Vehicle,ChannelLoad,0.05072,0
27.5589,9574,Vehicle,ChannelLoad,0.05072,0
27.559,1165,Vehicle,ChannelLoad,0.04672,0
27.559,1165,Vehicle,ChannelLoad,0.04672,0
27.559,5407,RSU,TX_Throughput,10880,0
27.559,5407,RSU,TX_ObjectCount,3,0
27.5594,3020,Vehicle,ChannelLoad,0.05272,0
27.5594,3020,Vehicle,ChannelLoad,0.05272,0
27.5595,7574,Vehicle,TX_Throughput,4560,0
27.5595,7574,Vehicle,TX_ObjectCount,0,0
27.5597,6591,Vehicle,TX_Throughput,4560,0
27.5597,6591,Vehicle,TX_ObjectCount,0,0
27.56,489,Vehicle,TX_Throughput,4560,0
27.56,489,Vehicle,TX_ObjectCount,0,0
27.5602,3243,RSU,TX_Throughput,2080,0
27.5602,3243,RSU,TX_ObjectCount,0,0
27.5603,3839,Vehicle,TX_Throughput,4560,0
27.5603,3839,Vehicle,TX_ObjectCount,0,0
27.5603,7868,Vehicle,TX_Throughput,4560,0
27.5603,7868,Vehicle,TX_ObjectCount,0,0
27.5604,9721,Vehicle,TX_Throughput,7760,0
27.5604,9721,Vehicle,TX_ObjectCount,1,0
27.5613,8018,Vehicle,TX_Throughput,4560,0
27.5613,8018,Vehicle,TX_ObjectCount,0,0
27.5613,1238,Vehicle,ChannelLoad,0.06632,0
27.5613,1238,Vehicle,ChannelLoad,0.06632,0
27.5615,9867,Vehicle,TX_Throughput,4560,0
27.5615,9867,Vehicle,TX_ObjectCount,0,0
27.5621,8618,RSU,TX_Throughput,2080,0
27.5621,8618,RSU,TX_ObjectCount,0,0
27.5622,9647,RSU,ChannelLoad,0.09768,0
27.5622,9647,RSU,ChannelLoad,0.09768,0
27.5627,4818,RSU,TX_Throughput,8080,0
27.5627,4818,RSU,TX_ObjectCount,2,0
27.5631,4137,Vehicle,TX_Throughput,10560,0
27.5631,4137,Vehicle,TX_ObjectCount,2,0
27.5632,4599,Vehicle,TX_Throughput,4560,0
27.5632,4599,Vehicle,TX_ObjectCount,0,0
27.5634,4672,Vehicle,TX_Throughput,10560,0
27.5634,4672,Vehicle,TX_ObjectCount,2,0
27.5637,9721,Vehicle,ChannelLoad,0.06872,0
27.5637,9721,Vehicle,ChannelLoad,0.06872,0
27.5637,3095,Vehicle,ChannelLoad,0.07584,0
27.5637,3095,Vehicle,ChannelLoad,0.07584,0
27.5638,9208,Vehicle,TX_Throughput,4560,0
27.5638,9208,Vehicle,TX_ObjectCount,0,0
27.5647,2126,RSU,ChannelLoad,0.07328,0
27.5647,2126,RSU,ChannelLoad,0.07328,0
27.5649,1311,RSU,ChannelLoad,0.07056,0
27.5649,1311,RSU,ChannelLoad,0.07056,0
27.5652,4892,Vehicle,ChannelLoad,0.04176,0
27.5652,4892,Vehicle,ChannelLoad,0.04176,0
27.5654,2200,Vehicle,ChannelLoad,0.06696,0
27.5654,2200,Vehicle,ChannelLoad,0.06696,0
27.5663,4287,Vehicle,ChannelLoad,0.06744,0
27.5663,4287,Vehicle,ChannelLoad,0.06744,0
27.5669,4439,Vehicle,TX_Throughput,4560,0
27.5669,4439,Vehicle,TX_ObjectCount,0,0
27.567,4967,Vehicle,TX_Throughput,7760,0
27.567,4967,Vehicle,TX_ObjectCount,1,0
27.5672,6298,RSU,TX_Throughput,5280,0
27.5672,6298,RSU,TX_ObjectCount,1,0
27.5674,8914,Vehicle,TX_Throughput,4560,0
27.5674,8914,Vehicle,TX_ObjectCount,0,0
27.5674,6747,Vehicle,ChannelLoad,0.05256,0
27.5674,6747,Vehicle,ChannelLoad,0.05256,0
27.568,4967,Vehicle,ChannelLoad,0.04704,0
27.568,4967,Vehicle,ChannelLoad,0.04704,0
27.5682,3168,Vehicle,ChannelLoad,0.05848,0
27.5682,3168,Vehicle,ChannelLoad,0.05848,0
27.5684,5040,Vehicle,ChannelLoad,0.04768,0
27.5684,5040,Vehicle,ChannelLoad,0.04768,0
27.5687,4360,Vehicle,ChannelLoad,0.09744,0
27.5687,4360,Vehicle,ChannelLoad,0.09744,0
27.5688,1605,Vehicle,TX_Throughput,10560,0
27.5688,1605,Vehicle,TX_ObjectCount,2,0
27.5696,5113,RSU,ChannelLoad,0.0916,0
27.5696,5113,RSU,ChannelLoad,0.0916,0
27.5697,8987,Vehicle,TX_Throughput,7760,0
27.5697,8987,Vehicle,TX_ObjectCount,1,0
27.5698,3243,RSU,ChannelLoad,0.07016,0
27.5698,3243,RSU,ChannelLoad,0.07016,0
27.5698,9794,Vehicle,ChannelLoad,0.04272,0
27.5698,9794,Vehicle,ChannelLoad,0.04272,0
27.57,2273,RSU,ChannelLoad,0.0896,0
27.57,2273,RSU,ChannelLoad,0.0896,0
27.5701,8470,Vehicle,ChannelLoad,0.05664,0
27.5701,8470,Vehicle,ChannelLoad,0.05664,0
27.5702,5187,Vehicle,ChannelLoad,0.06352,0
27.5702,5187,Vehicle,ChannelLoad,0.06352,0
27.5709,1385,Vehicle,ChannelLoad,0.04512,0
27.5709,1385,Vehicle,ChannelLoad,0.04512,0
27.571,270,Vehicle,ChannelLoad,0.04656,0
27.571,270,Vehicle,ChannelLoad,0.04656,0
27.5719,9867,Vehicle,ChannelLoad,0.05672,0
27.5719,9867,Vehicle,ChannelLoad,0.05672,0
27.5722,9647,RSU,TX_Throughput,8080,0
27.5722,9647,RSU,TX_ObjectCount,2,0
27.5723,5260,RSU,ChannelLoad,0.09504,0
27.5723,5260,RSU,ChannelLoad,0.09504,0
27.5725,5925,Vehicle,TX_Throughput,7760,0
27.5725,5925,Vehicle,TX_ObjectCount,1,0
27.5727,2347,Vehicle,ChannelLoad,0.07224,0
27.5727,2347,Vehicle,ChannelLoad,0.07224,0
27.5727,7202,RSU,TX_Throughput,5280,0
27.5727,7202,RSU,TX_ObjectCount,1,0
27.5735,787,Vehicle,TX_Throughput,4560,0
27.5735,787,Vehicle,TX_ObjectCount,0,0
27.5742,7647,Vehicle,ChannelLoad,0.0468,0
27.5742,7647,Vehicle,ChannelLoad,0.0468,0
27.5756,8841,Vehicle,TX_Throughput,7760,0
27.5756,8841,Vehicle,TX_ObjectCount,1,0
27.5759,5334,Vehicle,ChannelLoad,0.09296,0
27.5759,5334,Vehicle,ChannelLoad,0.09296,0
27.5762,5407,RSU,ChannelLoad,0.08176,0
27.5762,5407,RSU,ChannelLoad,0.08176,0
27.5765,9940,Vehicle,ChannelLoad,0.10664,0
27.5765,9940,Vehicle,ChannelLoad,0.10664,0
27.5771,5554,Vehicle,TX_Throughput,4560,0
27.5771,5554,Vehicle,TX_ObjectCount,0,0
27.5777,4439,Vehicle,ChannelLoad,0.08384,0
27.5777,4439,Vehicle,ChannelLoad,0.08384,0
27.5777,2420,Vehicle,ChannelLoad,0.04552,0
27.5777,2420,Vehicle,ChannelLoad,0.04552,0
27.5778,6826,RSU,ChannelLoad,0.0992,0
27.5778,6826,RSU,ChannelLoad,0.0992,0
27.5781,2495,RSU,TX_Throughput,2080,0
27.5781,2495,RSU,TX_ObjectCount,0,0
27.5782,7720,Vehicle,ChannelLoad,0.07344,0
27.5782,7720,Vehicle,ChannelLoad,0.07344,0
27.5782,8543,Vehicle,ChannelLoad,0.05432,0
27.5782,8543,Vehicle,ChannelLoad,0.05432,0
27.5782,3095,Vehicle,TX_Throughput,10560,0
27.5782,3095,Vehicle,TX_ObjectCount,2,0
27.5784,7500,RSU,TX_Throughput,2080,0
27.5784,7500,RSU,TX_ObjectCount,0,0
27.5786,10015,Vehicle,ChannelLoad,0.07216,0
27.5786,10015,Vehicle,ChannelLoad,0.07216,0
27.5794,3392,Vehicle,TX_Throughput,4560,0
27.5794,3392,Vehicle,TX_ObjectCount,0,0
27.58,4512,Vehicle,ChannelLoad,0.06072,0
27.58,4512,Vehicle,ChannelLoad,0.06072,0
27.5801,6902,RSU,ChannelLoad,0.07264,0
27.5801,6902,RSU,ChannelLoad,0.07264,0
27.5805,7795,Vehicle,ChannelLoad,0.0592,0
27.5805,7795,Vehicle,ChannelLoad,0.0592,0
27.5814,5775,Vehicle,TX_Throughput,7760,0
27.5814,5775,Vehicle,TX_ObjectCount,1,0
27.5816,1311,RSU,TX_Throughput,8080,0
27.5816,1311,RSU,TX_ObjectCount,2,0
27.5817,1089,RSU,TX_Throughput,5280,0
27.5817,1089,RSU,TX_ObjectCount,1,0
27.5818,6976,Vehicle,ChannelLoad,0.076,0
27.5818,6976,Vehicle,ChannelLoad,0.076,0
27.5819,5481,Vehicle,ChannelLoad,0.09608,0
27.5819,5481,Vehicle,ChannelLoad,0.09608,0
27.582,5554,Vehicle,ChannelLoad,0.08624,0
27.582,5554,Vehicle,ChannelLoad,0.08624,0
27.5824,4212,Vehicle,TX_Throughput,4560,0
27.5824,4212,Vehicle,TX_ObjectCount,0,0
27.5825,7278,RSU,TX_Throughput,2080,0
27.5825,7278,RSU,TX_ObjectCount,0,0
27.5831,343,Vehicle,ChannelLoad,0.05336,0
27.5831,343,Vehicle,ChannelLoad,0.05336,0
27.5832,1458,RSU,ChannelLoad,0.09072,0
27.5832,1458,RSU,ChannelLoad,0.09072,0
27.5843,8165,Vehicle,TX_Throughput,4560,0
27.5843,8165,Vehicle,TX_ObjectCount,0,0
27.5844,6902,RSU,TX_Throughput,8080,0
27.5844,6902,RSU,TX_ObjectCount,2,0
27.5844,3319,Vehicle,ChannelLoad,0.07912,0
27.5844,3319,Vehicle,ChannelLoad,0.07912,0
27.5853,7352,Vehicle,TX_Throughput,4560,0
27.5853,7352,Vehicle,TX_ObjectCount,0,0
27.5855,3541,RSU,TX_Throughput,8080,0
27.5855,3541,RSU,TX_ObjectCount,2,0
27.5857,2126,RSU,TX_Throughput,8080,0
27.5857,2126,RSU,TX_ObjectCount,2,0
27.5863,1532,Vehicle,ChannelLoad,0.05408,0
27.5863,1532,Vehicle,ChannelLoad,0.05408,0
27.5863,107,Vehicle,TX_Throughput,4560,0
27.5863,107,Vehicle,TX_ObjectCount,0,0
27.5865,3392,Vehicle,ChannelLoad,0.07856,0
27.5865,3392,Vehicle,ChannelLoad,0.07856,0
27.5865,5627,RSU,ChannelLoad,0.10048,0
27.5865,5627,RSU,ChannelLoad,0.10048,0
27.5871,416,Vehicle,ChannelLoad,0.07152,0
27.5871,416,Vehicle,ChannelLoad,0.07152,0
27.5873,2200,Vehicle,TX_Throughput,4560,0
27.5873,2200,Vehicle,TX_ObjectCount,0,0
27.5873,7129,Vehicle,TX_Throughput,4560,0
27.5873,7129,Vehicle,TX_ObjectCount,0,0
27.5885,2495,RSU,ChannelLoad,0.08648,0
27.5885,2495,RSU,ChannelLoad,0.08648,0
27.5891,8384,RSU,TX_Throughput,8080,0
27.5891,8384,RSU,TX_ObjectCount,2,0
27.5894,2569,RSU,ChannelLoad,0.10936,0
27.5894,2569,RSU,ChannelLoad,0.10936,0
27.5902,7647,Vehicle,TX_Throughput,4560,0
27.5902,7647,Vehicle,TX_ObjectCount,0,0
27.5916,8618,RSU,ChannelLoad,0.0824,0
27.5916,8618,RSU,ChannelLoad,0.0824,0
27.5917,7868,Vehicle,ChannelLoad,0.0428,0
27.5917,7868,Vehicle,ChannelLoad,0.0428,0
27.592,3619,Vehicle,TX_Throughput,4560,0
27.592,3619,Vehicle,TX_ObjectCount,0,0
27.592,5701,RSU,ChannelLoad,0.11352,0
27.592,5701,RSU,ChannelLoad,0.11352,0
27.5928,5775,Vehicle,ChannelLoad,0.0716,0
27.5928,5775,Vehicle,ChannelLoad,0.0716,0
27.5932,1532,Vehicle,TX_Throughput,7760,0
27.5932,1532,Vehicle,TX_ObjectCount,1,0
27.5939,489,Vehicle,ChannelLoad,0.03712,0
27.5939,489,Vehicle,ChannelLoad,0.03712,0
27.5941,1014,Vehicle,TX_Throughput,4560,0
27.5941,1014,Vehicle,TX_ObjectCount,0,0
27.5955,9133,Vehicle,TX_Throughput,4560,0
27.5955,9133,Vehicle,TX_ObjectCount,0,0
27.596,8694,RSU,ChannelLoad,0.10616,0
27.596,8694,RSU,ChannelLoad,0.10616,0
27.5961,3467,RSU,ChannelLoad,0.12328,0
27.5961,3467,RSU,ChannelLoad,0.12328,0
27.5961,562,Vehicle,ChannelLoad,0.0408,0
27.5961,562,Vehicle,ChannelLoad,0.0408,0
27.5962,4892,Vehicle,TX_Throughput,7760,0
27.5962,4892,Vehicle,TX_ObjectCount,1,0
27.5966,1605,Vehicle,ChannelLoad,0.05016,0
27.5966,1605,Vehicle,ChannelLoad,0.05016,0
27.597,2649,Vehicle,TX_Throughput,7760,0
27.597,2649,Vehicle,TX_ObjectCount,1,0
27.5972,1458,RSU,TX_Throughput,8080,0
27.5972,1458,RSU,TX_ObjectCount,2,0
27.5978,3541,RSU,ChannelLoad,0.06232,0
27.5978,3541,RSU,ChannelLoad,0.06232,0
27.5981,2347,Vehicle,TX_Throughput,4560,0
27.5981,2347,Vehicle,TX_ObjectCount,0,0
27.5987,10015,Vehicle,TX_Throughput,4560,0
27.5987,10015,Vehicle,TX_ObjectCount,0,0
27.5997,5040,Vehicle,TX_Throughput,4560,0
27.5997,5040,Vehicle,TX_ObjectCount,0,0
27.6009,7943,Vehicle,ChannelLoad,0.04984,0
27.6009,7943,Vehicle,ChannelLoad,0.04984,0
27.6017,1828,Vehicle,TX_Throughput,7760,0
27.6017,1828,Vehicle,TX_ObjectCount,1,0
27.602,639,Vehicle,ChannelLoad,0.07648,0
27.602,639,Vehicle,ChannelLoad,0.07648,0
27.6023,8768,Vehicle,ChannelLoad,0.05552,0
27.6023,8768,Vehicle,ChannelLoad,0.05552,0
27.6025,3467,RSU,TX_Throughput,5280,0
27.6025,3467,RSU,TX_ObjectCount,1,0
27.6026,8841,Vehicle,ChannelLoad,0.06144,0
27.6026,8841,Vehicle,ChannelLoad,0.06144,0
27.6035,8470,Vehicle,TX_Throughput,4560,0
27.6035,8470,Vehicle,TX_ObjectCount,0,0
27.6037,7055,RSU,ChannelLoad,0.08416,0
27.6037,7055,RSU,ChannelLoad,0.08416,0
27.6038,3168,Vehicle,TX_Throughput,7760,0
27.6038,3168,Vehicle,TX_ObjectCount,1,0
27.6039,2799,Vehicle,TX_Throughput,4560,0
27.6039,2799,Vehicle,TX_ObjectCount,0,0
27.6047,5481,Vehicle,TX_Throughput,4560,0
27.6047,5481,Vehicle,TX_ObjectCount,0,0
27.6047,29,RSU,ChannelLoad,0.10016,0
27.6047,29,RSU,ChannelLoad,0.10016,0
27.6053,3319,Vehicle,TX_Throughput,7760,0
27.6053,3319,Vehicle,TX_ObjectCount,1,0
27.6054,7425,Vehicle,TX_Throughput,7760,0
27.6054,7425,Vehicle,TX_ObjectCount,1,0
27.6059,712,Vehicle,ChannelLoad,0.10176,0
27.6059,712,Vehicle,ChannelLoad,0.10176,0
27.6067,6664,Vehicle,TX_Throughput,7760,0
27.6067,6664,Vehicle,TX_ObjectCount,1,0
27.6072,9940,Vehicle,TX_Throughput,7760,0
27.6072,9940,Vehicle,TX_ObjectCount,1,0
27.6078,5852,Vehicle,ChannelLoad,0.06808,0
27.6078,5852,Vehicle,ChannelLoad,0.06808,0
27.6083,6223,Vehicle,TX_Throughput,4560,0
27.6083,6223,Vehicle,TX_ObjectCount,0,0
27.6084,6747,Vehicle,TX_Throughput,7760,0
27.6084,6747,Vehicle,TX_ObjectCount,1,0
27.6089,1678,Vehicle,ChannelLoad,0.02944,0
27.6089,1678,Vehicle,ChannelLoad,0.02944,0
27.6091,5998,Vehicle,TX_Throughput,4560,0
27.6091,5998,Vehicle,TX_ObjectCount,0,0
27.6092,2874,Vehicle,TX_Throughput,4560,0
27.6092,2874,Vehicle,TX_ObjectCount,0,0
27.6094,6518,Vehicle,TX_Throughput,7760,0
27.6094,6518,Vehicle,TX_ObjectCount,1,0
27.6105,270,Vehicle,TX_Throughput,10560,0
27.6105,270,Vehicle,TX_ObjectCount,2,0
27.611,6372,Vehicle,TX_Throughput,4560,0
27.611,6372,Vehicle,TX_ObjectCount,0,0
27.6121,5925,Vehicle,ChannelLoad,0.04216,0
27.6121,5925,Vehicle,ChannelLoad,0.04216,0
27.6131,5998,Vehicle,ChannelLoad,0.07248,0
27.6131,5998,Vehicle,ChannelLoad,0.07248,0
27.6136,9794,Vehicle,TX_Throughput,7760,0
27.6136,9794,Vehicle,TX_ObjectCount,1,0
27.6138,2724,Vehicle,TX_Throughput,4560,0
27.6138,2724,Vehicle,TX_ObjectCount,0,0
27.6147,5260,RSU,TX_Throughput,8080,0
27.6147,5260,RSU,TX_ObjectCount,2,0
27.6147,3619,Vehicle,ChannelLoad,0.02608,0
27.6147,3619,Vehicle,ChannelLoad,0.02608,0
27.6151,712,Vehicle,TX_Throughput,4560,0
27.6151,712,Vehicle,TX_ObjectCount,0,0
27.6152,7129,Vehicle,ChannelLoad,0.06208,0
27.6152,7129,Vehicle,ChannelLoad,0.06208,0
27.6156,639,Vehicle,TX_Throughput,4560,0
27.6156,639,Vehicle,TX_ObjectCount,0,0
27.616,3020,Vehicle,TX_Throughput,7760,0
27.616,3020,Vehicle,TX_ObjectCount,1,0
27.6163,7202,RSU,ChannelLoad,0.07672,0
27.6163,7202,RSU,ChannelLoad,0.07672,0
27.6166,182,RSU,TX_Throughput,5280,0
27.6166,182,RSU,TX_ObjectCount,1,0
27.6167,8914,Vehicle,ChannelLoad,0.0356,0
27.6167,8914,Vehicle,ChannelLoad,0.0356,0
27.6168,1755,Vehicle,ChannelLoad,0.04448,0
27.6168,1755,Vehicle,ChannelLoad,0.04448,0
27.6169,6071,Vehicle,ChannelLoad,0.05432,0
27.6169,6071,Vehicle,ChannelLoad,0.05432,0
27.6171,862,Vehicle,TX_Throughput,7760,0
27.6171,862,Vehicle,TX_ObjectCount,1,0
27.6172,2649,Vehicle,ChannelLoad,0.06632,0
27.6172,2649,Vehicle,ChannelLoad,0.06632,0
27.6175,1901,RSU,TX_Throughput,8080,0
27.6175,1901,RSU,TX_ObjectCount,2,0
27.6182,8987,Vehicle,ChannelLoad,0.06504,0
27.6182,8987,Vehicle,ChannelLoad,0.06504,0
27.6183,787,Vehicle,ChannelLoad,0.04992,0
27.6183,787,Vehicle,ChannelLoad,0.04992,0
27.6186,2724,Vehicle,ChannelLoad,0.06664,0
27.6186,2724,Vehicle,ChannelLoad,0.06664,0
27.6188,107,Vehicle,ChannelLoad,0.07512,0
27.6188,107,Vehicle,ChannelLoad,0.07512,0
27.6191,2273,RSU,TX_Throughput,5280,0
27.6191,2273,RSU,TX_ObjectCount,1,0
27.6197,7720,Vehicle,TX_Throughput,4560,0
27.6197,7720,Vehicle,TX_ObjectCount,0,0
27.6201,182,RSU,ChannelLoad,0.084,0
27.6201,182,RSU,ChannelLoad,0.084,0
27.6202,862,Vehicle,ChannelLoad,0.062,0
27.6202,862,Vehicle,ChannelLoad,0.062,0
27.6207,6976,Vehicle,TX_Throughput,7760,0
27.6207,6976,Vehicle,TX_ObjectCount,1,0
27.621,8018,Vehicle,ChannelLoad,0.05064,0
27.621,8018,Vehicle,ChannelLoad,0.05064,0
27.6212,2051,Vehicle,TX_Throughput,4560,0
27.6212,2051,Vehicle,TX_ObjectCount,0,0
27.6223,1828,Vehicle,ChannelLoad,0.04928,0
27.6223,1828,Vehicle,ChannelLoad,0.04928,0
27.6228,6146,Vehicle,ChannelLoad,0.072,0
27.6228,6146,Vehicle,ChannelLoad,0.072,0
27.6231,1901,RSU,ChannelLoad,0.0732,0
27.6231,1901,RSU,ChannelLoad,0.0732,0
27.6231,7795,Vehicle,TX_Throughput,7760,0
27.6231,7795,Vehicle,TX_ObjectCount,1,0
27.6237,3692,Vehicle,ChannelLoad,0.08784,0
27.6237,3692,Vehicle,ChannelLoad,0.08784,0
27.6238,9281,Vehicle,TX_Throughput,4560,0
27.6238,9281,Vehicle,TX_ObjectCount,0,0
27.6244,5627,RSU,TX_Throughput,2080,0
27.6244,5627,RSU,TX_ObjectCount,0,0
27.625,2799,Vehicle,ChannelLoad,0.06376,0
27.625,2799,Vehicle,ChannelLoad,0.06376,0
27.6251,8694,RSU,TX_Throughput,8080,0
27.6251,8694,RSU,TX_ObjectCount,2,0
27.6256,9133,Vehicle,ChannelLoad,0.07304,0
27.6256,9133,Vehicle,ChannelLoad,0.07304,0
27.6281,6826,RSU,TX_Throughput,5280,0
27.6281,6826,RSU,TX_ObjectCount,1,0
27.6282,3989,RSU,TX_Throughput,8080,0
27.6282,3989,RSU,TX_ObjectCount,2,0
27.6286,2947,Vehicle,TX_Throughput,4560,0
27.6286,2947,Vehicle,TX_ObjectCount,0,0
27.6289,8091,RSU,ChannelLoad,0.08104,0
27.6289,8091,RSU,ChannelLoad,0.08104,0
27.629,9574,Vehicle,TX_Throughput,4560,0
27.629,9574,Vehicle,TX_ObjectCount,0,0
27.6294,3765,RSU,TX_Throughput,5280,0
27.6294,3765,RSU,TX_ObjectCount,1,0
27.6315,8091,RSU,TX_Throughput,5280,0
27.6315,8091,RSU,TX_ObjectCount,1,0
27.6317,8311,Vehicle,TX_Throughput,4560,0
27.6317,8311,Vehicle,TX_ObjectCount,0,0
27.6318,937,Vehicle,ChannelLoad,0.06368,0
27.6318,937,Vehicle,ChannelLoad,0.06368,0
27.6319,4512,Vehicle,TX_Throughput,4560,0
27.6319,4512,Vehicle,TX_ObjectCount,0,0
27.6326,8165,Vehicle,ChannelLoad,0.08152,0
27.6326,8165,Vehicle,ChannelLoad,0.08152,0
27.6333,3765,RSU,ChannelLoad,0.06696,0
27.6333,3765,RSU,ChannelLoad,0.06696,0
27.6334,3692,Vehicle,TX_Throughput,7760,0
27.6334,3692,Vehicle,TX_ObjectCount,1,0
27.6336,5187,Vehicle,TX_Throughput,16160,0
27.6336,5187,Vehicle,TX_ObjectCount,4,0
27.634,8768,Vehicle,TX_Throughput,7760,0
27.634,8768,Vehicle,TX_ObjectCount,1,0
27.6341,416,Vehicle,TX_Throughput,7760,0
27.6341,416,Vehicle,TX_ObjectCount,1,0
27.6342,7055,RSU,TX_Throughput,8080,0
27.6342,7055,RSU,TX_ObjectCount,2,0
27.6343,6223,Vehicle,ChannelLoad,0.05696,0
27.6343,6223,Vehicle,ChannelLoad,0.05696,0
27.6344,29,RSU,TX_Throughput,13680,0
27.6344,29,RSU,TX_ObjectCount,4,0
27.6344,562,Vehicle,TX_Throughput,4560,0
27.6344,562,Vehicle,TX_ObjectCount,0,0
27.6346,9501,Vehicle,TX_Throughput,7760,0
27.6346,9501,Vehicle,TX_ObjectCount,1,0
27.6348,1755,Vehicle,TX_Throughput,4560,0
27.6348,1755,Vehicle,TX_ObjectCount,0,0
27.635,2569,RSU,TX_Throughput,8080,0
27.635,2569,RSU,TX_ObjectCount,2,0
27.6352,7278,RSU,ChannelLoad,0.09272,0
27.6352,7278,RSU,ChannelLoad,0.09272,0
27.6359,5113,RSU,TX_Throughput,8080,0
27.6359,5113,RSU,TX_ObjectCount,2,0
27.6369,7352,Vehicle,ChannelLoad,0.06816,0
27.6369,7352,Vehicle,ChannelLoad,0.06816,0
27.637,5701,RSU,TX_Throughput,8080,0
27.637,5701,RSU,TX_ObjectCount,2,0
27.637,3839,Vehicle,ChannelLoad,0.05504,0
27.637,3839,Vehicle,ChannelLoad,0.05504,0
27.6374,4599,Vehicle,ChannelLoad,0.07712,0
27.6374,4599,Vehicle,ChannelLoad,0.07712,0
27.6376,3912,Vehicle,ChannelLoad,0.0492,0
27.6376,3912,Vehicle,ChannelLoad,0.0492,0
27.6379,8311,Vehicle,ChannelLoad,0.05208,0
27.6379,8311,Vehicle,ChannelLoad,0.05208,0
27.638,2874,Vehicle,ChannelLoad,0.02792,0
27.638,2874,Vehicle,ChannelLoad,0.02792,0
27.6384,4360,Vehicle,TX_Throughput,4560,0
27.6384,4360,Vehicle,TX_ObjectCount,0,0
27.6385,6071,Vehicle,TX_Throughput,4560,0
27.6385,6071,Vehicle,TX_ObjectCount,0,0
27.6389,6298,RSU,ChannelLoad,0.09096,0
27.6389,6298,RSU,ChannelLoad,0.09096,0
27.6393,7425,Vehicle,ChannelLoad,0.06288,0
27.6393,7425,Vehicle,ChannelLoad,0.06288,0
27.6399,6372,Vehicle,ChannelLoad,0.05952,0
27.6399,6372,Vehicle,ChannelLoad,0.05952,0
27.6404,1014,Vehicle,ChannelLoad,0.0572,0
27.6404,1014,Vehicle,ChannelLoad,0.0572,0
27.6414,8384,RSU,ChannelLoad,0.08128,0
27.6414,8384,RSU,ChannelLoad,0.08128,0
27.6417,4745,Vehicle,TX_Throughput,4560,0
27.6417,4745,Vehicle,TX_ObjectCount,0,0
27.6422,1977,RSU,TX_Throughput,2080,0
27.6422,1977,RSU,TX_ObjectCount,0,0
27.6429,3912,Vehicle,TX_Throughput,4560,0
27.6429,3912,Vehicle,TX_ObjectCount,0,0
27.6431,1165,Vehicle,TX_Throughput,7760,0
27.6431,1165,Vehicle,TX_ObjectCount,1,0
27.6436,7943,Vehicle,TX_Throughput,4560,0
27.6436,7943,Vehicle,TX_ObjectCount,0,0
27.6437,9208,Vehicle,ChannelLoad,0.04104,0
27.6437,9208,Vehicle,ChannelLoad,0.04104,0
27.6438,343,Vehicle,TX_Throughput,7760,0
27.6438,343,Vehicle,TX_ObjectCount,1,0
27.6447,9281,Vehicle,ChannelLoad,0.05864,0
27.6447,9281,Vehicle,ChannelLoad,0.05864,0
27.6449,4672,Vehicle,ChannelLoad,0.08024,0
27.6449,4672,Vehicle,ChannelLoad,0.08024,0
27.6452,4287,Vehicle,TX_Throughput,4560,0
27.6452,4287,Vehicle,TX_ObjectCount,0,0
27.6454,1678,Vehicle,TX_Throughput,4560,0
27.6454,1678,Vehicle,TX_ObjectCount,0,0
27.6459,6445,Vehicle,ChannelLoad,0.10408,0
27.6459,6445,Vehicle,ChannelLoad,0.10408,0
27.6461,9354,Vehicle,TX_Throughput,4560,0
27.6461,9354,Vehicle,TX_ObjectCount,0,0
27.6464,1089,RSU,ChannelLoad,0.10312,0
27.6464,1089,RSU,ChannelLoad,0.10312,0
27.6466,5334,Vehicle,TX_Throughput,7760,0
27.6466,5334,Vehicle,TX_ObjectCount,1,0
27.6469,9427,RSU,TX_Throughput,10880,0
27.6469,9427,RSU,TX_ObjectCount,3,0
27.6471,3989,RSU,ChannelLoad,0.08088,0
27.6471,3989,RSU,ChannelLoad,0.08088,0
27.6472,6518,Vehicle,ChannelLoad,0.0524,0
27.6472,6518,Vehicle,ChannelLoad,0.0524,0
27.6474,2420,Vehicle,TX_Throughput,7760,0
27.6474,2420,Vehicle,TX_ObjectCount,1,0
27.6477,6146,Vehicle,TX_Throughput,4560,0
27.6477,6146,Vehicle,TX_ObjectCount,0,0
27.6481,1238,Vehicle,TX_Throughput,7760,0
27.6481,1238,Vehicle,TX_ObjectCount,1,0
27.6482,6591,Vehicle,ChannelLoad,0.04464,0
27.6482,6591,Vehicle,ChannelLoad,0.04464,0
27.6483,6445,Vehicle,TX_Throughput,7760,0
27.6483,6445,Vehicle,TX_ObjectCount,1,0
27.6488,1977,RSU,ChannelLoad,0.09624,0
27.6488,1977,RSU,ChannelLoad,0.09624,0
27.6488,4745,Vehicle,ChannelLoad,0.06448,0
27.6488,4745,Vehicle,ChannelLoad,0.06448,0
27.6492,4063,RSU,ChannelLoad,0.0672,0
27.6492,4063,RSU,ChannelLoad,0.0672,0
27.6496,9354,Vehicle,ChannelLoad,0.06104,0
27.6496,9354,Vehicle,ChannelLoad,0.06104,0
27.6496,5852,Vehicle,TX_Throughput,21760,0
27.6496,5852,Vehicle,TX_ObjectCount,6,0
27.6499,4137,Vehicle,ChannelLoad,0.08952,0
27.6499,4137,Vehicle,ChannelLoad,0.08952,0
27.6511,8543,Vehicle,TX_Throughput,4560,0
27.6511,8543,Vehicle,TX_ObjectCount,0,0
27.6527,9427,RSU,ChannelLoad,0.08752,0
27.6527,9427,RSU,ChannelLoad,0.08752,0
27.6528,6664,Vehicle,ChannelLoad,0.0484,0
27.6528,6664,Vehicle,ChannelLoad,0.0484,0
27.6528,4818,RSU,ChannelLoad,0.06472,0
27.6528,4818,RSU,ChannelLoad,0.06472,0
27.6533,2051,Vehicle,ChannelLoad,0.08592,0
27.6533,2051,Vehicle,ChannelLoad,0.08592,0
27.6539,937,Vehicle,TX_Throughput,4560,0
27.6539,937,Vehicle,TX_ObjectCount,0,0
27.6557,1385,Vehicle,TX_Throughput,7760,0
27.6557,1385,Vehicle,TX_ObjectCount,1,0
27.6561,7500,RSU,ChannelLoad,0.07536,0
27.6561,7500,RSU,ChannelLoad,0.07536,0
27.6562,4212,Vehicle,ChannelLoad,0.05064,0
27.6562,4212,Vehicle,ChannelLoad,0.05064,0
27.6572,9501,Vehicle,ChannelLoad,0.06752,0
27.6572,9501,Vehicle,ChannelLoad,0.06752,0
27.6582,2947,Vehicle,ChannelLoad,0.05112,0
27.6582,2947,Vehicle,ChannelLoad,0.05112,0
27.6586,7574,Vehicle,ChannelLoad,0.07224,0
27.6586,7574,Vehicle,ChannelLoad,0.07224,0
27.6589,4063,RSU,TX_Throughput,2080,0
27.6589,4063,RSU,TX_ObjectCount,0,0
27.6589,9574,Vehicle,ChannelLoad,0.0568,0
27.6589,9574,Vehicle,ChannelLoad,0.0568,0
27.659,1165,Vehicle,ChannelLoad,0.05864,0
27.659,1165,Vehicle,ChannelLoad,0.05864,0
27.659,5407,RSU,TX_Throughput,5280,0
27.659,5407,RSU,TX_ObjectCount,1,0
27.6594,3020,Vehicle,ChannelLoad,0.06168,0
27.6594,3020,Vehicle,ChannelLoad,0.06168,0
27.6595,7574,Vehicle,TX_Throughput,10560,0
27.6595,7574,Vehicle,TX_ObjectCount,2,0
27.6597,6591,Vehicle,TX_Throughput,4560,0
27.6597,6591,Vehicle,TX_ObjectCount,0,0
27.66,489,Vehicle,TX_Throughput,4560,0
27.66,489,Vehicle,TX_ObjectCount,0,0
27.6602,3243,RSU,TX_Throughput,5280,0
27.6602,3243,RSU,TX_ObjectCount,1,0
27.6603,3839,Vehicle,TX_Throughput,13360,0
27.6603,3839,Vehicle,TX_ObjectCount,3,0
27.6603,7868,Vehicle,TX_Throughput,4560,0
27.6603,7868,Vehicle,TX_ObjectCount,0,0
27.6604,9721,Vehicle,TX_Throughput,7760,0
27.6604,9721,Vehicle,TX_ObjectCount,1,0
27.6613,8018,Vehicle,TX_Throughput,7760,0
27.6613,8018,Vehicle,TX_ObjectCount,1,0
27.6613,1238,Vehicle,ChannelLoad,0.05648,0
27.6613,1238,Vehicle,ChannelLoad,0.05648,0
27.6615,9867,Vehicle,TX_Throughput,7760,0
27.6615,9867,Vehicle,TX_ObjectCount,1,0
27.6621,8618,RSU,TX_Throughput,10880,0
27.6621,8618,RSU,TX_ObjectCount,3,0
27.6622,9647,RSU,ChannelLoad,0.09976,0
27.6622,9647,RSU,ChannelLoad,0.09976,0
27.6627,4818,RSU,TX_Throughput,5280,0
27.6627,4818,RSU,TX_ObjectCount,1,0
27.6631,4137,Vehicle,TX_Throughput,4560,0
27.6631,4137,Vehicle,TX_ObjectCount,0,0
27.6632,4599,Vehicle,TX_Throughput,7760,0
27.6632,4599,Vehicle,TX_ObjectCount,1,0
27.6634,4672,Vehicle,TX_Throughput,4560,0
27.6634,4672,Vehicle,TX_ObjectCount,0,0
27.6637,9721,Vehicle,ChannelLoad,0.06648,0
27.6637,9721,Vehicle,ChannelLoad,0.06648,0
27.6637,3095,Vehicle,ChannelLoad,0.08744,0
27.6637,3095,Vehicle,ChannelLoad,0.08744,0
27.6638,9208,Vehicle,TX_Throughput,4560,0
27.6638,9208,Vehicle,TX_ObjectCount,0,0
27.6647,2126,RSU,ChannelLoad,0.07424,0
27.6647,2126,RSU,ChannelLoad,0.07424,0
27.6649,1311,RSU,ChannelLoad,0.0732,0
27.6649,1311,RSU,ChannelLoad,0.0732,0
27.6652,4892,Vehicle,ChannelLoad,0.0376,0
27.6652,4892,Vehicle,ChannelLoad,0.0376,0
27.6654,2200,Vehicle,ChannelLoad,0.07736,0
27.6654,2200,Vehicle,ChannelLoad,0.07736,0
27.6663,4287,Vehicle,ChannelLoad,0.05488,0
27.6663,4287,Vehicle,ChannelLoad,0.05488,0
27.6669,4439,Vehicle,TX_Throughput,4560,0
27.6669,4439,Vehicle,TX_ObjectCount,0,0
27.667,4967,Vehicle,TX_Throughput,4560,0
27.667,4967,Vehicle,TX_ObjectCount,0,0
27.6672,6298,RSU,TX_Throughput,2080,0
27.6672,6298,RSU,TX_ObjectCount,0,0
27.6674,8914,Vehicle,TX_Throughput,4560,0
27.6674,8914,Vehicle,TX_ObjectCount,0,0
27.6674,6747,Vehicle,ChannelLoad,0.04768,0
27.6674,6747,Vehicle,ChannelLoad,0.04768,0
27.668,4967,Vehicle,ChannelLoad,0.058,0
27.668,4967,Vehicle,ChannelLoad,0.058,0
27.6682,3168,Vehicle,ChannelLoad,0.05384,0
27.6682,3168,Vehicle,ChannelLoad,0.05384,0
27.6684,5040,Vehicle,ChannelLoad,0.04432,0
27.6684,5040,Vehicle,ChannelLoad,0.04432,0
27.6687,4360,Vehicle,ChannelLoad,0.1176,0
27.6687,4360,Vehicle,ChannelLoad,0.1176,0
27.6688,1605,Vehicle,TX_Throughput,4560,0
27.6688,1605,Vehicle,TX_ObjectCount,0,0
27.6696,5113,RSU,ChannelLoad,0.09088,0
27.6696,5113,RSU,ChannelLoad,0.09088,0
27.6697,8987,Vehicle,TX_Throughput,4560,0
27.6697,8987,Vehicle,TX_ObjectCount,0,0
27.6698,3243,RSU,ChannelLoad,0.0844,0
27.6698,3243,RSU,ChannelLoad,0.0844,0
27.6698,9794,Vehicle,ChannelLoad,0.0404,0
27.6698,9794,Vehicle,ChannelLoad,0.0404,0
27.67,2273,RSU,ChannelLoad,0.11104,0
27.67,2273,RSU,ChannelLoad,0.11104,0
27.6701,8470,Vehicle,ChannelLoad,0.05216,0
27.6701,8470,Vehicle,ChannelLoad,0.05216,0
27.6702,5187,Vehicle,ChannelLoad,0.07776,0
27.6702,5187,Vehicle,ChannelLoad,0.07776,0
27.6709,1385,Vehicle,ChannelLoad,0.06112,0
27.6709,1385,Vehicle,ChannelLoad,0.06112,0
27.671,270,Vehicle,ChannelLoad,0.06248,0
27.671,270,Vehicle,ChannelLoad,0.06248,0
27.6719,9867,Vehicle,ChannelLoad,0.0648,0
27.6719,9867,Vehicle,ChannelLoad,0.0648,0
27.6722,9647,RSU,TX_Throughput,10880,0
27.6722,9647,RSU,TX_ObjectCount,3,0
27.6723,5260,RSU,ChannelLoad,0.10464,0
27.6723,5260,RSU,ChannelLoad,0.10464,0
27.6725,5925,Vehicle,TX_Throughput,7760,0
27.6725,5925,Vehicle,TX_ObjectCount,1,0
27.6727,2347,Vehicle,ChannelLoad,0.06584,0
27.6727,2347,Vehicle,ChannelLoad,0.06584,0
27.6727,7202,RSU,TX_Throughput,5280,0
27.6727,7202,RSU,TX_ObjectCount,1,0
27.6735,787,Vehicle,TX_Throughput,4560,0
27.6735,787,Vehicle,TX_ObjectCount,0,0
27.6742,7647,Vehicle,ChannelLoad,0.04712,0
27.6742,7647,Vehicle,ChannelLoad,0.04712,0
27.6756,8841,Vehicle,TX_Throughput,4560,0
27.6756,8841,Vehicle,TX_ObjectCount,0,0
27.6759,5334,Vehicle,ChannelLoad,0.08464,0
27.6759,5334,Vehicle,ChannelLoad,0.08464,0
27.6762,5407,RSU,ChannelLoad,0.09544,0
27.6762,5407,RSU,ChannelLoad,0.09544,0
27.6765,9940,Vehicle,ChannelLoad,0.10408,0
27.6765,9940,Vehicle,ChannelLoad,0.10408,0
27.6771,5554,Vehicle,TX_Throughput,7760,0
27.6771,5554,Vehicle,TX_ObjectCount,1,0
27.6777,4439,Vehicle,ChannelLoad,0.06936,0
27.6777,4439,Vehicle,ChannelLoad,0.06936,0
27.6777,2420,Vehicle,ChannelLoad,0.07088,0
27.6777,2420,Vehicle,ChannelLoad,0.07088,0
27.6778,6826,RSU,ChannelLoad,0.12048,0
27.6778,6826,RSU,ChannelLoad,0.12048,0
27.6781,2495,RSU,TX_Throughput,10880,0
27.6781,2495,RSU,TX_ObjectCount,3,0
27.6782,7720,Vehicle,ChannelLoad,0.082,0
27.6782,7720,Vehicle,ChannelLoad,0.082,0
27.6782,8543,Vehicle,ChannelLoad,0.07024,0
27.6782,8543,Vehicle,ChannelLoad,0.07024,0
27.6782,3095,Vehicle,TX_Throughput,7760,0
27.6782,3095,Vehicle,TX_ObjectCount,1,0
27.6784,7500,RSU,TX_Throughput,2080,0
27.6784,7500,RSU,TX_ObjectCount,0,0
27.6786,10015,Vehicle,ChannelLoad,0.07688,0
27.6786,10015,Vehicle,ChannelLoad,0.07688,0
27.6794,3392,Vehicle,TX_Throughput,4560,0
27.6794,3392,Vehicle,TX_ObjectCount,0,0
27.68,4512,Vehicle,ChannelLoad,0.07368,0
27.68,4512,Vehicle,ChannelLoad,0.07368,0
27.6801,6902,RSU,ChannelLoad,0.07008,0
27.6801,6902,RSU,ChannelLoad,0.07008,0
27.6805,7795,Vehicle,ChannelLoad,0.06912,0
27.6805,7795,Vehicle,ChannelLoad,0.06912,0
27.6814,5775,Vehicle,TX_Throughput,4560,0
27.6814,5775,Vehicle,TX_ObjectCount,0,0
27.6816,1311,RSU,TX_Throughput,2080,0
27.6816,1311,RSU,TX_ObjectCount,0,0
27.6817,1089,RSU,TX_Throughput,16480,0
27.6817,1089,RSU,TX_ObjectCount,5,0
27.6818,6976,Vehicle,ChannelLoad,0.08392,0
27.6818,6976,Vehicle,ChannelLoad,0.08392,0
27.6819,5481,Vehicle,ChannelLoad,0.10536,0
27.6819,5481,Vehicle,ChannelLoad,0.10536,0
27.682,5554,Vehicle,ChannelLoad,0.0768,0
27.682,5554,Vehicle,ChannelLoad,0.0768,0
27.6824,4212,Vehicle,TX_Throughput,7760,0
27.6824,4212,Vehicle,TX_ObjectCount,1,0
27.6825,7278,RSU,TX_Throughput,10880,0
27.6825,7278,RSU,TX_ObjectCount,3,0
27.6831,343,Vehicle,ChannelLoad,0.06448,0
27.6831,343,Vehicle,ChannelLoad,0.06448,0
27.6832,1458,RSU,ChannelLoad,0.10568,0
27.6832,1458,RSU,ChannelLoad,0.10568,0
27.6843,8165,Vehicle,TX_Throughput,4560,0
27.6843,8165,Vehicle,TX_ObjectCount,0,0
27.6844,6902,RSU,TX_Throughput,5280,0
27.6844,6902,RSU,TX_ObjectCount,1,0
27.6844,3319,Vehicle,ChannelLoad,0.0792,0
27.6844,3319,Vehicle,ChannelLoad,0.0792,0
27.6853,7352,Vehicle,TX_Throughput,4560,0
27.6853,7352,Vehicle,TX_ObjectCount,0,0
27.6855,3541,RSU,TX_Throughput,8080,0
27.6855,3541,RSU,TX_ObjectCount,2,0
27.6857,2126,RSU,TX_Throughput,10880,0
27.6857,2126,RSU,TX_ObjectCount,3,0
27.6863,1532,Vehicle,ChannelLoad,0.06336,0
27.6863,1532,Vehicle,ChannelLoad,0.06336,0
27.6863,107,Vehicle,TX_Throughput,4560,0
27.6863,107,Vehicle,TX_ObjectCount,0,0
27.6865,3392,Vehicle,ChannelLoad,0.08264,0
27.6865,3392,Vehicle,ChannelLoad,0.08264,0
27.6865,5627,RSU,ChannelLoad,0.10208,0
27.6865,5627,RSU,ChannelLoad,0.10208,0
27.6871,416,Vehicle,ChannelLoad,0.06792,0
27.6871,416,Vehicle,ChannelLoad,0.06792,0
27.6873,2200,Vehicle,TX_Throughput,7760,0
27.6873,2200,Vehicle,TX_ObjectCount,1,0
27.6873,7129,Vehicle,TX_Throughput,4560,0
27.6873,7129,Vehicle,TX_ObjectCount,0,0
27.6885,2495,RSU,ChannelLoad,0.07792,0
27.6885,2495,RSU,ChannelLoad,0.07792,0
27.6891,8384,RSU,TX_Throughput,13680,0
27.6891,8384,RSU,TX_ObjectCount,4,0
27.6894,2569,RSU,ChannelLoad,0.10096,0
27.6894,2569,RSU,ChannelLoad,0.10096,0
27.6902,7647,Vehicle,TX_Throughput,4560,0
27.6902,7647,Vehicle,TX_ObjectCount,0,0
27.6916,8618,RSU,ChannelLoad,0.0772,0
27.6916,8618,RSU,ChannelLoad,0.0772,0
27.6917,7868,Vehicle,ChannelLoad,0.05872,0
27.6917,7868,Vehicle,ChannelLoad,0.05872,0
27.692,3619,Vehicle,TX_Throughput,4560,0
27.692,3619,Vehicle,TX_ObjectCount,0,0
27.692,5701,RSU,ChannelLoad,0.11008,0
27.692,5701,RSU,ChannelLoad,0.11008,0
27.6928,5775,Vehicle,ChannelLoad,0.08152,0
27.6928,5775,Vehicle,ChannelLoad,0.08152,0
27.6932,1532,Vehicle,TX_Throughput,7760,0
27.6932,1532,Vehicle,TX_ObjectCount,1,0
27.6939,489,Vehicle,ChannelLoad,0.0588,0
27.6939,489,Vehicle,ChannelLoad,0.0588,0
27.6941,1014,Vehicle,TX_Throughput,4560,0
27.6941,1014,Vehicle,TX_ObjectCount,0,0
27.6955,9133,Vehicle,TX_Throughput,4560,0
27.6955,9133,Vehicle,TX_ObjectCount,0,0
27.696,8694,RSU,ChannelLoad,0.08976,0
27.696,8694,RSU,ChannelLoad,0.08976,0
27.6961,3467,RSU,ChannelLoad,0.09064,0
27.6961,3467,RSU,ChannelLoad,0.09064,0
27.6961,562,Vehicle,ChannelLoad,0.04976,0
27.6961,562,Vehicle,ChannelLoad,0.04976,0
27.6962,4892,Vehicle,TX_Throughput,4560,0
27.6962,4892,Vehicle,TX_ObjectCount,0,0
27.6966,1605,Vehicle,ChannelLoad,0.06232,0
27.6966,1605,Vehicle,ChannelLoad,0.06232,0
27.697,2649,Vehicle,TX_Throughput,13360,0
27.697,2649,Vehicle,TX_ObjectCount,3,0
27.6972,1458,RSU,TX_Throughput,2080,0
27.6972,1458,RSU,TX_ObjectCount,0,0
27.6978,3541,RSU,ChannelLoad,0.07984,0
27.6978,3541,RSU,ChannelLoad,0.07984,0
27.6981,2347,Vehicle,TX_Throughput,4560,0
27.6981,2347,Vehicle,TX_ObjectCount,0,0
27.6987,10015,Vehicle,TX_Throughput,7760,0
27.6987,10015,Vehicle,TX_ObjectCount,1,0
27.6997,5040,Vehicle,TX_Throughput,7760,0
27.6997,5040,Vehicle,TX_ObjectCount,1,0
27.7009,7943,Vehicle,ChannelLoad,0.05968,0
27.7009,7943,Vehicle,ChannelLoad,0.05968,0
27.7017,1828,Vehicle,TX_Throughput,4560,0
27.7017,1828,Vehicle,TX_ObjectCount,0,0
27.702,639,Vehicle,ChannelLoad,0.074,0
27.702,639,Vehicle,ChannelLoad,0.074,0
27.7023,8768,Vehicle,ChannelLoad,0.07632,0
27.7023,8768,Vehicle,ChannelLoad,0.07632,0
27.7025,3467,RSU,TX_Throughput,8080,0
27.7025,3467,RSU,TX_ObjectCount,2,0
27.7026,8841,Vehicle,ChannelLoad,0.06632,0
27.7026,8841,Vehicle,ChannelLoad,0.06632,0
27.7035,8470,Vehicle,TX_Throughput,4560,0
27.7035,8470,Vehicle,TX_ObjectCount,0,0
27.7037,7055,RSU,ChannelLoad,0.102,0
27.7037,7055,RSU,ChannelLoad,0.102,0
27.7038,3168,Vehicle,TX_Throughput,4560,0
27.7038,3168,Vehicle,TX_ObjectCount,0,0
27.7039,2799,Vehicle,TX_Throughput,4560,0
27.7039,2799,Vehicle,TX_ObjectCount,0,0
27.7047,5481,Vehicle,TX_Throughput,10560,0
27.7047,5481,Vehicle,TX_ObjectCount,2,0
27.7047,29,RSU,ChannelLoad,0.10784,0
27.7047,29,RSU,ChannelLoad,0.10784,0
27.7053,3319,Vehicle,TX_Throughput,7760,0
27.7053,3319,Vehicle,TX_ObjectCount,1,0
27.7054,7425,Vehicle,TX_Throughput,7760,0
27.7054,7425,Vehicle,TX_ObjectCount,1,0
27.7059,712,Vehicle,ChannelLoad,0.07304,0
27.7059,712,Vehicle,ChannelLoad,0.07304,0
27.7067,6664,Vehicle,TX_Throughput,4560,0
27.7067,6664,Vehicle,TX_ObjectCount,0,0
27.7072,9940,Vehicle,TX_Throughput,10560,0
27.7072,9940,Vehicle,TX_ObjectCount,2,0
27.7078,5852,Vehicle,ChannelLoad,0.04944,0
27.7078,5852,Vehicle,ChannelLoad,0.04944,0
27.7083,6223,Vehicle,TX_Throughput,7760,0
27.7083,6223,Vehicle,TX_ObjectCount,1,0
27.7084,6747,Vehicle,TX_Throughput,4560,0
27.7084,6747,Vehicle,TX_ObjectCount,0,0
27.7089,1678,Vehicle,ChannelLoad,0.04032,0
27.7089,1678,Vehicle,ChannelLoad,0.04032,0
27.7091,5998,Vehicle,TX_Throughput,7760,0
27.7091,5998,Vehicle,TX_ObjectCount,1,0
27.7092,2874,Vehicle,TX_Throughput,4560,0
27.7092,2874,Vehicle,TX_ObjectCount,0,0
27.7094,6518,Vehicle,TX_Throughput,7760,0
27.7094,6518,Vehicle,TX_ObjectCount,1,0
27.7105,270,Vehicle,TX_Throughput,7760,0
27.7105,270,Vehicle,TX_ObjectCount,1,0
27.711,6372,Vehicle,TX_Throughput,4560,0
27.711,6372,Vehicle,TX_ObjectCount,0,0
27.7121,5925,Vehicle,ChannelLoad,0.0404,0
27.7121,5925,Vehicle,ChannelLoad,0.0404,0
27.7131,5998,Vehicle,ChannelLoad,0.0392,0
27.7131,5998,Vehicle,ChannelLoad,0.0392,0
27.7136,9794,Vehicle,TX_Throughput,7760,0
27.7136,9794,Vehicle,TX_ObjectCount,1,0
27.7138,2724,Vehicle,TX_Throughput,7760,0
27.7138,2724,Vehicle,TX_ObjectCount,1,0
27.7147,5260,RSU,TX_Throughput,8080,0
27.7147,5260,RSU,TX_ObjectCount,2,0
27.7147,3619,Vehicle,ChannelLoad,0.03952,0
27.7147,3619,Vehicle,ChannelLoad,0.03952,0
27.7151,712,Vehicle,TX_Throughput,4560,0
27.7151,712,Vehicle,TX_ObjectCount,0,0
27.7152,7129,Vehicle,ChannelLoad,0.06392,0
27.7152,7129,Vehicle,ChannelLoad,0.06392,0
27.7156,639,Vehicle,TX_Throughput,4560,0
27.7156,639,Vehicle,TX_ObjectCount,0,0
27.716,3020,Vehicle,TX_Throughput,13360,0
27.716,3020,Vehicle,TX_ObjectCount,3,0
27.7163,7202,RSU,ChannelLoad,0.08272,0
27.7163,7202,RSU,ChannelLoad,0.08272,0
27.7166,182,RSU,TX_Throughput,5280,0
27.7166,182,RSU,TX_ObjectCount,1,0
27.7167,8914,Vehicle,ChannelLoad,0.03152,0
27.7167,8914,Vehicle,ChannelLoad,0.03152,0
27.7168,1755,Vehicle,ChannelLoad,0.04632,0
27.7168,1755,Vehicle,ChannelLoad,0.04632,0
27.7169,6071,Vehicle,ChannelLoad,0.05832,0
27.7169,6071,Vehicle,ChannelLoad,0.05832,0
27.7171,862,Vehicle,TX_Throughput,4560,0
27.7171,862,Vehicle,TX_ObjectCount,0,0
27.7172,2649,Vehicle,ChannelLoad,0.05056,0
27.7172,2649,Vehicle,ChannelLoad,0.05056,0
27.7175,1901,RSU,TX_Throughput,8080,0
27.7175,1901,RSU,TX_ObjectCount,2,0
27.7182,8987,Vehicle,ChannelLoad,0.07312,0
27.7182,8987,Vehicle,ChannelLoad,0.07312,0
27.7183,787,Vehicle,ChannelLoad,0.03488,0
27.7183,787,Vehicle,ChannelLoad,0.03488,0
27.7186,2724,Vehicle,ChannelLoad,0.06184,0
27.7186,2724,Vehicle,ChannelLoad,0.06184,0
27.7188,107,Vehicle,ChannelLoad,0.0696,0
27.7188,107,Vehicle,ChannelLoad,0.0696,0
27.7191,2273,RSU,TX_Throughput,10880,0
27.7191,2273,RSU,TX_ObjectCount,3,0
27.7197,7720,Vehicle,TX_Throughput,7760,0
27.7197,7720,Vehicle,TX_ObjectCount,1,0
27.7201,182,RSU,ChannelLoad,0.08112,0
27.7201,182,RSU,ChannelLoad,0.08112,0
27.7202,862,Vehicle,ChannelLoad,0.06192,0
27.7202,862,Vehicle,ChannelLoad,0.06192,0
27.7207,6976,Vehicle,TX_Throughput,7760,0
27.7207,6976,Vehicle,TX_ObjectCount,1,0
27.721,8018,Vehicle,ChannelLoad,0.06856,0
27.721,8018,Vehicle,ChannelLoad,0.06856,0
27.7212,2051,Vehicle,TX_Throughput,4560,0
27.7212,2051,Vehicle,TX_ObjectCount,0,0
27.7223,1828,Vehicle,ChannelLoad,0.05056,0
27.7223,1828,Vehicle,ChannelLoad,0.05056,0
27.7228,6146,Vehicle,ChannelLoad,0.06496,0
27.7228,6146,Vehicle,ChannelLoad,0.06496,0
27.7231,1901,RSU,ChannelLoad,0.06592,0
27.7231,1901,RSU,ChannelLoad,0.06592,0
27.7231,7795,Vehicle,TX_Throughput,7760,0
27.7231,7795,Vehicle,TX_ObjectCount,1,0
27.7237,3692,Vehicle,ChannelLoad,0.09056,0
27.7237,3692,Vehicle,ChannelLoad,0.09056,0
27.7238,9281,Vehicle,TX_Throughput,7760,0
27.7238,9281,Vehicle,TX_ObjectCount,1,0
27.7244,5627,RSU,TX_Throughput,16480,0
27.7244,5627,RSU,TX_ObjectCount,5,0
27.725,2799,Vehicle,ChannelLoad,0.06808,0
27.725,2799,Vehicle,ChannelLoad,0.06808,0
27.7251,8694,RSU,TX_Throughput,2080,0
27.7251,8694,RSU,TX_ObjectCount,0,0
27.7256,9133,Vehicle,ChannelLoad,0.07136,0
27.7256,9133,Vehicle,ChannelLoad,0.07136,0
27.7281,6826,RSU,TX_Throughput,5280,0
27.7281,6826,RSU,TX_ObjectCount,1,0
27.7282,3989,RSU,TX_Throughput,5280,0
27.7282,3989,RSU,TX_ObjectCount,1,0
27.7286,2947,Vehicle,TX_Throughput,10560,0
27.7286,2947,Vehicle,TX_ObjectCount,2,0
27.7289,8091,RSU,ChannelLoad,0.09696,0
27.7289,8091,RSU,ChannelLoad,0.09696,0
27.729,9574,Vehicle,TX_Throughput,4560,0
27.729,9574,Vehicle,TX_ObjectCount,0,0
27.7294,3765,RSU,TX_Throughput,2080,0
27.7294,3765,RSU,TX_ObjectCount,0,0
27.7315,8091,RSU,TX_Throughput,8080,0
27.7315,8091,RSU,TX_ObjectCount,2,0
27.7317,8311,Vehicle,TX_Throughput,4560,0
27.7317,8311,Vehicle,TX_ObjectCount,0,0
27.7318,937,Vehicle,ChannelLoad,0.04936,0
27.7318,937,Vehicle,ChannelLoad,0.04936,0
27.7319,4512,Vehicle,TX_Throughput,7760,0
27.7319,4512,Vehicle,TX_ObjectCount,1,0
27.7326,8165,Vehicle,ChannelLoad,0.07792,0
27.7326,8165,Vehicle,ChannelLoad,0.07792,0
27.7333,3765,RSU,ChannelLoad,0.05384,0
27.7333,3765,RSU,ChannelLoad,0.05384,0
27.7334,3692,Vehicle,TX_Throughput,7760,0
27.7334,3692,Vehicle,TX_ObjectCount,1,0
27.7336,5187,Vehicle,TX_Throughput,10560,0
27.7336,5187,Vehicle,TX_ObjectCount,2,0
27.734,8768,Vehicle,TX_Throughput,4560,0
27.734,8768,Vehicle,TX_ObjectCount,0,0
27.7341,416,Vehicle,TX_Throughput,10560,0
27.7341,416,Vehicle,TX_ObjectCount,2,0
27.7342,7055,RSU,TX_Throughput,8080,0
27.7342,7055,RSU,TX_ObjectCount,2,0
27.7343,6223,Vehicle,ChannelLoad,0.07984,0
27.7343,6223,Vehicle,ChannelLoad,0.07984,0
27.7344,29,RSU,TX_Throughput,8080,0
27.7344,29,RSU,TX_ObjectCount,2,0
27.7344,562,Vehicle,TX_Throughput,7760,0
27.7344,562,Vehicle,TX_ObjectCount,1,0
27.7346,9501,Vehicle,TX_Throughput,7760,0
27.7346,9501,Vehicle,TX_ObjectCount,1,0
27.7348,1755,Vehicle,TX_Throughput,4560,0
27.7348,1755,Vehicle,TX_ObjectCount,0,0
27.735,2569,RSU,TX_Throughput,13680,0
27.735,2569,RSU,TX_ObjectCount,4,0
27.7352,7278,RSU,ChannelLoad,0.08208,0
27.7352,7278,RSU,ChannelLoad,0.08208,0
27.7359,5113,RSU,TX_Throughput,8080,0
27.7359,5113,RSU,TX_ObjectCount,2,0
27.7369,7352,Vehicle,ChannelLoad,0.07288,0
27.7369,7352,Vehicle,ChannelLoad,0.07288,0
27.737,5701,RSU,TX_Throughput,8080,0
27.737,5701,RSU,TX_ObjectCount,2,0
27.737,3839,Vehicle,ChannelLoad,0.05992,0
27.737,3839,Vehicle,ChannelLoad,0.05992,0
27.7374,4599,Vehicle,ChannelLoad,0.06848,0
27.7374,4599,Vehicle,ChannelLoad,0.06848,0
27.7376,3912,Vehicle,ChannelLoad,0.04432,0
27.7376,3912,Vehicle,ChannelLoad,0.04432,0
27.7379,8311,Vehicle,ChannelLoad,0.05216,0
27.7379,8311,Vehicle,ChannelLoad,0.05216,0
27.738,2874,Vehicle,ChannelLoad,0.02912,0
27.738,2874,Vehicle,ChannelLoad,0.02912,0
27.7384,4360,Vehicle,TX_Throughput,7760,0
27.7384,4360,Vehicle,TX_ObjectCount,1,0
27.7385,6071,Vehicle,TX_Throughput,4560,0
27.7385,6071,Vehicle,TX_ObjectCount,0,0
27.7389,6298,RSU,ChannelLoad,0.10384,0
27.7389,6298,RSU,ChannelLoad,0.10384,0
27.7393,7425,Vehicle,ChannelLoad,0.05024,0
27.7393,7425,Vehicle,ChannelLoad,0.05024,0
27.7399,6372,Vehicle,ChannelLoad,0.04704,0
27.7399,6372,Vehicle,ChannelLoad,0.04704,0
27.7404,1014,Vehicle,ChannelLoad,0.04632,0
27.7404,1014,Vehicle,ChannelLoad,0.04632,0
27.7414,8384,RSU,ChannelLoad,0.08072,0
27.7414,8384,RSU,ChannelLoad,0.08072,0
27.7417,4745,Vehicle,TX_Throughput,4560,0
27.7417,4745,Vehicle,TX_ObjectCount,0,0
27.7422,1977,RSU,TX_Throughput,2080,0
27.7422,1977,RSU,TX_ObjectCount,0,0
27.7429,3912,Vehicle,TX_Throughput,4560,0
27.7429,3912,Vehicle,TX_ObjectCount,0,0
27.7431,1165,Vehicle,TX_Throughput,7760,0
27.7431,1165,Vehicle,TX_ObjectCount,1,0
27.7436,7943,Vehicle,TX_Throughput,4560,0
27.7436,7943,Vehicle,TX_ObjectCount,0,0
27.7437,9208,Vehicle,ChannelLoad,0.05192,0
27.7437,9208,Vehicle,ChannelLoad,0.05192,0
27.7438,343,Vehicle,TX_Throughput,4560,0
27.7438,343,Vehicle,TX_ObjectCount,0,0
27.7447,9281,Vehicle,ChannelLoad,0.0484,0
27.7447,9281,Vehicle,ChannelLoad,0.0484,0
27.7449,4672,Vehicle,ChannelLoad,0.0744,0
27.7449,4672,Vehicle,ChannelLoad,0.0744,0
27.7452,4287,Vehicle,TX_Throughput,7760,0
27.7452,4287,Vehicle,TX_ObjectCount,1,0
27.7454,1678,Vehicle,TX_Throughput,4560,0
27.7454,1678,Vehicle,TX_ObjectCount,0,0
27.7459,6445,Vehicle,ChannelLoad,0.10192,0
27.7459,6445,Vehicle,ChannelLoad,0.10192,0
27.7461,9354,Vehicle,TX_Throughput,4560,0
27.7461,9354,Vehicle,TX_ObjectCount,0,0
27.7464,1089,RSU,ChannelLoad,0.10072,0
27.7464,1089,RSU,ChannelLoad,0.10072,0
27.7466,5334,Vehicle,TX_Throughput,4560,0
27.7466,5334,Vehicle,TX_ObjectCount,0,0
27.7469,9427,RSU,TX_Throughput,5280,0
27.7469,9427,RSU,TX_ObjectCount,1,0
27.7471,3989,RSU,ChannelLoad,0.05488,0
27.7471,3989,RSU,ChannelLoad,0.05488,0
27.7472,6518,Vehicle,ChannelLoad,0.04696,0
27.7472,6518,Vehicle,ChannelLoad,0.04696,0
27.7474,2420,Vehicle,TX_Throughput,4560,0
27.7474,2420,Vehicle,TX_ObjectCount,0,0
27.7477,6146,Vehicle,TX_Throughput,7760,0
27.7477,6146,Vehicle,TX_ObjectCount,1,0
27.7481,1238,Vehicle,TX_Throughput,4560,0
27.7481,1238,Vehicle,TX_ObjectCount,0,0
27.7482,6591,Vehicle,ChannelLoad,0.04272,0
27.7482,6591,Vehicle,ChannelLoad,0.04272,0
27.7483,6445,Vehicle,TX_Throughput,7760,0
27.7483,6445,Vehicle,TX_ObjectCount,1,0
27.7488,1977,RSU,ChannelLoad,0.07336,0
27.7488,1977,RSU,ChannelLoad,0.07336,0
27.7488,4745,Vehicle,ChannelLoad,0.06536,0
27.7488,4745,Vehicle,ChannelLoad,0.06536,0
27.7492,4063,RSU,ChannelLoad,0.06224,0
27.7492,4063,RSU,ChannelLoad,0.06224,0
27.7496,9354,Vehicle,ChannelLoad,0.05824,0
27.7496,9354,Vehicle,ChannelLoad,0.05824,0
27.7496,5852,Vehicle,TX_Throughput,4560,0
27.7496,5852,Vehicle,TX_ObjectCount,0,0
27.7499,4137,Vehicle,ChannelLoad,0.0876,0
27.7499,4137,Vehicle,ChannelLoad,0.0876,0
27.7511,8543,Vehicle,TX_Throughput,7760,0
27.7511,8543,Vehicle,TX_ObjectCount,1,0
27.7527,9427,RSU,ChannelLoad,0.10288,0
27.7527,9427,RSU,ChannelLoad,0.10288,0
27.7528,6664,Vehicle,ChannelLoad,0.04896,0
27.7528,6664,Vehicle,ChannelLoad,0.04896,0
27.7528,4818,RSU,ChannelLoad,0.06672,0
27.7528,4818,RSU,ChannelLoad,0.06672,0
27.7533,2051,Vehicle,ChannelLoad,0.08928,0
27.7533,2051,Vehicle,ChannelLoad,0.08928,0
27.7539,937,Vehicle,TX_Throughput,4560,0
27.7539,937,Vehicle,TX_ObjectCount,0,0
27.7557,1385,Vehicle,TX_Throughput,10560,0
27.7557,1385,Vehicle,TX_ObjectCount,2,0
27.7561,7500,RSU,ChannelLoad,0.07824,0
27.7561,7500,RSU,ChannelLoad,0.07824,0
27.7562,4212,Vehicle,ChannelLoad,0.05536,0
27.7562,4212,Vehicle,ChannelLoad,0.05536,0
27.7572,9501,Vehicle,ChannelLoad,0.06592,0
27.7572,9501,Vehicle,ChannelLoad,0.06592,0
27.7582,2947,Vehicle,ChannelLoad,0.0432,0
27.7582,2947,Vehicle,ChannelLoad,0.0432,0
27.7586,7574,Vehicle,ChannelLoad,0.06456,0
27.7586,7574,Vehicle,ChannelLoad,0.06456,0
27.7589,4063,RSU,TX_Throughput,5280,0
27.7589,4063,RSU,TX_ObjectCount,1,0
27.7589,9574,Vehicle,ChannelLoad,0.0648,0
27.7589,9574,Vehicle,ChannelLoad,0.0648,0
27.759,1165,Vehicle,ChannelLoad,0.04824,0
27.759,1165,Vehicle,ChannelLoad,0.04824,0
27.759,5407,RSU,TX_Throughput,5280,0
27.759,5407,RSU,TX_ObjectCount,1,0
27.7594,3020,Vehicle,ChannelLoad,0.05368,0
27.7594,3020,Vehicle,ChannelLoad,0.05368,0
27.7595,7574,Vehicle,TX_Throughput,4560,0
27.7595,7574,Vehicle,TX_ObjectCount,0,0
27.7597,6591,Vehicle,TX_Throughput,4560,0
27.7597,6591,Vehicle,TX_ObjectCount,0,0
27.76,489,Vehicle,TX_Throughput,4560,0
27.76,489,Vehicle,TX_ObjectCount,0,0
27.7602,3243,RSU,TX_Throughput,2080,0
27.7602,3243,RSU,TX_ObjectCount,0,0
27.7603,3839,Vehicle,TX_Throughput,4560,0
27.7603,3839,Vehicle,TX_ObjectCount,0,0
27.7603,7868,Vehicle,TX_Throughput,4560,0
27.7603,7868,Vehicle,TX_ObjectCount,0,0
27.7604,9721,Vehicle,TX_Throughput,7760,0
27.7604,9721,Vehicle,TX_ObjectCount,1,0
27.7613,8018,Vehicle,TX_Throughput,4560,0
27.7613,8018,Vehicle,TX_ObjectCount,0,0
27.7613,1238,Vehicle,ChannelLoad,0.06504,0
27.7613,1238,Vehicle,ChannelLoad,0.06504,0
27.7615,9867,Vehicle,TX_Throughput,4560,0
27.7615,9867,Vehicle,TX_ObjectCount,0,0
27.7621,8618,RSU,TX_Throughput,2080,0
27.7621,8618,RSU,TX_ObjectCount,0,0
27.7622,9647,RSU,ChannelLoad,0.10176,0
27.7622,9647,RSU,ChannelLoad,0.10176,0
27.7627,4818,RSU,TX_Throughput,5280,0
27.7627,4818,RSU,TX_ObjectCount,1,0
27.7631,4137,Vehicle,TX_Throughput,10560,0
27.7631,4137,Vehicle,TX_ObjectCount,2,0
27.7632,4599,Vehicle,TX_Throughput,4560,0
27.7632,4599,Vehicle,TX_ObjectCount,0,0
27.7634,4672,Vehicle,TX_Throughput,7760,0
27.7634,4672,Vehicle,TX_ObjectCount,1,0
27.7637,9721,Vehicle,ChannelLoad,0.07512,0
27.7637,9721,Vehicle,ChannelLoad,0.07512,0
27.7637,3095,Vehicle,ChannelLoad,0.07944,0
27.7637,3095,Vehicle,ChannelLoad,0.07944,0
27.7638,9208,Vehicle,TX_Throughput,4560,0
27.7638,9208,Vehicle,TX_ObjectCount,0,0
27.7647,2126,RSU,ChannelLoad,0.07784,0
27.7647,2126,RSU,ChannelLoad,0.07784,0
27.7649,1311,RSU,ChannelLoad,0.07952,0
27.7649,1311,RSU,ChannelLoad,0.07952,0
27.7652,4892,Vehicle,ChannelLoad,0.04872,0
27.7652,4892,Vehicle,ChannelLoad,0.04872,0
27.7654,2200,Vehicle,ChannelLoad,0.06584,0
27.7654,2200,Vehicle,ChannelLoad,0.06584,0
27.7663,4287,Vehicle,ChannelLoad,0.06056,0
27.7663,4287,Vehicle,ChannelLoad,0.06056,0
27.7669,4439,Vehicle,TX_Throughput,4560,0
27.7669,4439,Vehicle,TX_ObjectCount,0,0
27.767,4967,Vehicle,TX_Throughput,7760,0
27.767,4967,Vehicle,TX_ObjectCount,1,0
27.7672,6298,RSU,TX_Throughput,8080,0
27.7672,6298,RSU,TX_ObjectCount,2,0
27.7674,8914,Vehicle,TX_Throughput,4560,0
27.7674,8914,Vehicle,TX_ObjectCount,0,0
27.7674,6747,Vehicle,ChannelLoad,0.04808,0
27.7674,6747,Vehicle,ChannelLoad,0.04808,0
27.768,4967,Vehicle,ChannelLoad,0.06648,0
27.768,4967,Vehicle,ChannelLoad,0.06648,0
27.7682,3168,Vehicle,ChannelLoad,0.05688,0
27.7682,3168,Vehicle,ChannelLoad,0.05688,0
27.7684,5040,Vehicle,ChannelLoad,0.05128,0
27.7684,5040,Vehicle,ChannelLoad,0.05128,0
27.7687,4360,Vehicle,ChannelLoad,0.09904,0
27.7687,4360,Vehicle,ChannelLoad,0.09904,0
27.7688,1605,Vehicle,TX_Throughput,7760,0
27.7688,1605,Vehicle,TX_ObjectCount,1,0
27.7696,5113,RSU,ChannelLoad,0.08192,0
27.7696,5113,RSU,ChannelLoad,0.08192,0
27.7697,8987,Vehicle,TX_Throughput,4560,0
27.7697,8987,Vehicle,TX_ObjectCount,0,0
27.7698,3243,RSU,ChannelLoad,0.0872,0
27.7698,3243,RSU,ChannelLoad,0.0872,0
27.7698,9794,Vehicle,ChannelLoad,0.0416,0
27.7698,9794,Vehicle,ChannelLoad,0.0416,0
27.77,2273,RSU,ChannelLoad,0.0872,0
27.77,2273,RSU,ChannelLoad,0.0872,0
27.7701,8470,Vehicle,ChannelLoad,0.05064,0
27.7701,8470,Vehicle,ChannelLoad,0.05064,0
27.7702,5187,Vehicle,ChannelLoad,0.05144,0
27.7702,5187,Vehicle,ChannelLoad,0.05144,0
27.7709,1385,Vehicle,ChannelLoad,0.04824,0
27.7709,1385,Vehicle,ChannelLoad,0.04824,0
27.771,270,Vehicle,ChannelLoad,0.05656,0
27.771,270,Vehicle,ChannelLoad,0.05656,0
27.7719,9867,Vehicle,ChannelLoad,0.06688,0
27.7719,9867,Vehicle,ChannelLoad,0.06688,0
27.7722,9647,RSU,TX_Throughput,2080,0
27.7722,9647,RSU,TX_ObjectCount,0,0
27.7723,5260,RSU,ChannelLoad,0.0668,0
27.7723,5260,RSU,ChannelLoad,0.0668,0
27.7725,5925,Vehicle,TX_Throughput,7760,0
27.7725,5925,Vehicle,TX_ObjectCount,1,0
27.7727,2347,Vehicle,ChannelLoad,0.06096,0
27.7727,2347,Vehicle,ChannelLoad,0.06096,0
27.7727,7202,RSU,TX_Throughput,8080,0
27.7727,7202,RSU,TX_ObjectCount,2,0
27.7735,787,Vehicle,TX_Throughput,4560,0
27.7735,787,Vehicle,TX_ObjectCount,0,0
27.7742,7647,Vehicle,ChannelLoad,0.04632,0
27.7742,7647,Vehicle,ChannelLoad,0.04632,0
27.7756,8841,Vehicle,TX_Throughput,7760,0
27.7756,8841,Vehicle,TX_ObjectCount,1,0
27.7759,5334,Vehicle,ChannelLoad,0.05592,0
27.7759,5334,Vehicle,ChannelLoad,0.05592,0
27.7762,5407,RSU,ChannelLoad,0.0752,0
27.7762,5407,RSU,ChannelLoad,0.0752,0
27.7765,9940,Vehicle,ChannelLoad,0.09296,0
27.7765,9940,Vehicle,ChannelLoad,0.09296,0
27.7771,5554,Vehicle,TX_Throughput,4560,0
27.7771,5554,Vehicle,TX_ObjectCount,0,0
27.7777,4439,Vehicle,ChannelLoad,0.0744,0
27.7777,4439,Vehicle,ChannelLoad,0.0744,0
27.7777,2420,Vehicle,ChannelLoad,0.05088,0
27.7777,2420,Vehicle,ChannelLoad,0.05088,0
27.7778,6826,RSU,ChannelLoad,0.10888,0
27.7778,6826,RSU,ChannelLoad,0.10888,0
27.7781,2495,RSU,TX_Throughput,5280,0
27.7781,2495,RSU,TX_ObjectCount,1,0
27.7782,7720,Vehicle,ChannelLoad,0.07312,0
27.7782,7720,Vehicle,ChannelLoad,0.07312,0
27.7782,8543,Vehicle,ChannelLoad,0.06544,0
27.7782,8543,Vehicle,ChannelLoad,0.06544,0
27.7782,3095,Vehicle,TX_Throughput,7760,0
27.7782,3095,Vehicle,TX_ObjectCount,1,0
27.7784,7500,RSU,TX_Throughput,2080,0
27.7784,7500,RSU,TX_ObjectCount,0,0
27.7786,10015,Vehicle,ChannelLoad,0.0752,0
27.7786,10015,Vehicle,ChannelLoad,0.0752,0
27.7794,3392,Vehicle,TX_Throughput,4560,0
27.7794,3392,Vehicle,TX_ObjectCount,0,0
27.78,4512,Vehicle,ChannelLoad,0.05448,0
27.78,4512,Vehicle,ChannelLoad,0.05448,0
27.7801,6902,RSU,ChannelLoad,0.06112,0
27.7801,6902,RSU,ChannelLoad,0.06112,0
27.7805,7795,Vehicle,ChannelLoad,0.05672,0
27.7805,7795,Vehicle,ChannelLoad,0.05672,0
27.7814,5775,Vehicle,TX_Throughput,10560,0
27.7814,5775,Vehicle,TX_ObjectCount,2,0
27.7816,1311,RSU,TX_Throughput,2080,0
27.7816,1311,RSU,TX_ObjectCount,0,0
27.7817,1089,RSU,TX_Throughput,8080,0
27.7817,1089,RSU,TX_ObjectCount,2,0
27.7818,6976,Vehicle,ChannelLoad,0.07072,0
27.7818,6976,Vehicle,ChannelLoad,0.07072,0
27.7819,5481,Vehicle,ChannelLoad,0.072,0
27.7819,5481,Vehicle,ChannelLoad,0.072,0
27.782,5554,Vehicle,ChannelLoad,0.07552,0
27.782,5554,Vehicle,ChannelLoad,0.07552,0
27.7824,4212,Vehicle,TX_Throughput,4560,0
27.7824,4212,Vehicle,TX_ObjectCount,0,0
27.7825,7278,RSU,TX_Throughput,8080,0
27.7825,7278,RSU,TX_ObjectCount,2,0
27.7831,343,Vehicle,ChannelLoad,0.05056,0
27.7831,343,Vehicle,ChannelLoad,0.05056,0
27.7832,1458,RSU,ChannelLoad,0.09136,0
27.7832,1458,RSU,ChannelLoad,0.09136,0
27.7843,8165,Vehicle,TX_Throughput,4560,0
27.7843,8165,Vehicle,TX_ObjectCount,0,0
27.7844,6902,RSU,TX_Throughput,10880,0
27.7844,6902,RSU,TX_ObjectCount,3,0
27.7844,3319,Vehicle,ChannelLoad,0.07152,0
27.7844,3319,Vehicle,ChannelLoad,0.07152,0
27.7853,7352,Vehicle,TX_Throughput,4560,0
27.7853,7352,Vehicle,TX_ObjectCount,0,0
27.7855,3541,RSU,TX_Throughput,8080,0
27.7855,3541,RSU,TX_ObjectCount,2,0
27.7857,2126,RSU,TX_Throughput,13680,0
27.7857,2126,RSU,TX_ObjectCount,4,0
27.7863,1532,Vehicle,ChannelLoad,0.0508,0
27.7863,1532,Vehicle,ChannelLoad,0.0508,0
27.7863,107,Vehicle,TX_Throughput,4560,0
27.7863,107,Vehicle,TX_ObjectCount,0,0
27.7865,3392,Vehicle,ChannelLoad,0.08352,0
27.7865,3392,Vehicle,ChannelLoad,0.08352,0
27.7865,5627,RSU,ChannelLoad,0.10664,0
27.7865,5627,RSU,ChannelLoad,0.10664,0
27.7871,416,Vehicle,ChannelLoad,0.06416,0
27.7871,416,Vehicle,ChannelLoad,0.06416,0
27.7873,2200,Vehicle,TX_Throughput,4560,0
27.7873,2200,Vehicle,TX_ObjectCount,0,0
27.7873,7129,Vehicle,TX_Throughput,4560,0
27.7873,7129,Vehicle,TX_ObjectCount,0,0
27.7885,2495,RSU,ChannelLoad,0.07856,0
27.7885,2495,RSU,ChannelLoad,0.07856,0
27.7891,8384,RSU,TX_Throughput,5280,0
27.7891,8384,RSU,TX_ObjectCount,1,0
27.7894,2569,RSU,ChannelLoad,0.08832,0
27.7894,2569,RSU,ChannelLoad,0.08832,0
27.7902,7647,Vehicle,TX_Throughput,4560,0
27.7902,7647,Vehicle,TX_ObjectCount,0,0
27.7916,8618,RSU,ChannelLoad,0.07456,0
27.7916,8618,RSU,ChannelLoad,0.07456,0
27.7917,7868,Vehicle,ChannelLoad,0.05264,0
27.7917,7868,Vehicle,ChannelLoad,0.05264,0
27.792,3619,Vehicle,TX_Throughput,7760,0
27.792,3619,Vehicle,TX_ObjectCount,1,0
27.792,5701,RSU,ChannelLoad,0.09632,0
27.792,5701,RSU,ChannelLoad,0.09632,0
27.7928,5775,Vehicle,ChannelLoad,0.06648,0
27.7928,5775,Vehicle,ChannelLoad,0.06648,0
27.7932,1532,Vehicle,TX_Throughput,7760,0
27.7932,1532,Vehicle,TX_ObjectCount,1,0
27.7939,489,Vehicle,ChannelLoad,0.04608,0
27.7939,489,Vehicle,ChannelLoad,0.04608,0
27.7941,1014,Vehicle,TX_Throughput,4560,0
27.7941,1014,Vehicle,TX_ObjectCount,0,0
27.7955,9133,Vehicle,TX_Throughput,4560,0
27.7955,9133,Vehicle,TX_ObjectCount,0,0
27.796,8694,RSU,ChannelLoad,0.08448,0
27.796,8694,RSU,ChannelLoad,0.08448,0
27.7961,3467,RSU,ChannelLoad,0.11008,0
27.7961,3467,RSU,ChannelLoad,0.11008,0
27.7961,562,Vehicle,ChannelLoad,0.04352,0
27.7961,562,Vehicle,ChannelLoad,0.04352,0
27.7962,4892,Vehicle,TX_Throughput,7760,0
27.7962,4892,Vehicle,TX_ObjectCount,1,0
27.7966,1605,Vehicle,ChannelLoad,0.05032,0
27.7966,1605,Vehicle,ChannelLoad,0.05032,0
27.797,2649,Vehicle,TX_Throughput,4560,0
27.797,2649,Vehicle,TX_ObjectCount,0,0
27.7972,1458,RSU,TX_Throughput,13680,0
27.7972,1458,RSU,TX_ObjectCount,4,0
27.7978,3541,RSU,ChannelLoad,0.06256,0
27.7978,3541,RSU,ChannelLoad,0.06256,0
27.7981,2347,Vehicle,TX_Throughput,7760,0
27.7981,2347,Vehicle,TX_ObjectCount,1,0
27.7987,10015,Vehicle,TX_Throughput,7760,0
27.7987,10015,Vehicle,TX_ObjectCount,1,0
27.7997,5040,Vehicle,TX_Throughput,4560,0
27.7997,5040,Vehicle,TX_ObjectCount,0,0
27.8009,7943,Vehicle,ChannelLoad,0.04456,0
27.8009,7943,Vehicle,ChannelLoad,0.04456,0
27.8017,1828,Vehicle,TX_Throughput,7760,0
27.8017,1828,Vehicle,TX_ObjectCount,1,0
27.802,639,Vehicle,ChannelLoad,0.06848,0
27.802,639,Vehicle,ChannelLoad,0.06848,0
27.8023,8768,Vehicle,ChannelLoad,0.06512,0
27.8023,8768,Vehicle,ChannelLoad,0.06512,0
27.8025,3467,RSU,TX_Throughput,8080,0
27.8025,3467,RSU,TX_ObjectCount,2,0
27.8026,8841,Vehicle,ChannelLoad,0.05584,0
27.8026,8841,Vehicle,ChannelLoad,0.05584,0
27.8035,8470,Vehicle,TX_Throughput,4560,0
27.8035,8470,Vehicle,TX_ObjectCount,0,0
27.8037,7055,RSU,ChannelLoad,0.09104,0
27.8037,7055,RSU,ChannelLoad,0.09104,0
27.8038,3168,Vehicle,TX_Throughput,7760,0
27.8038,3168,Vehicle,TX_ObjectCount,1,0
27.8039,2799,Vehicle,TX_Throughput,4560,0
27.8039,2799,Vehicle,TX_ObjectCount,0,0
27.8047,5481,Vehicle,TX_Throughput,7760,0
27.8047,5481,Vehicle,TX_ObjectCount,1,0
27.8047,29,RSU,ChannelLoad,0.10224,0
27.8047,29,RSU,ChannelLoad,0.10224,0
27.8053,3319,Vehicle,TX_Throughput,7760,0
27.8053,3319,Vehicle,TX_ObjectCount,1,0
27.8054,7425,Vehicle,TX_Throughput,7760,0
27.8054,7425,Vehicle,TX_ObjectCount,1,0
27.8059,712,Vehicle,ChannelLoad,0.0672,0
27.8059,712,Vehicle,ChannelLoad,0.0672,0
27.8067,6664,Vehicle,TX_Throughput,7760,0
27.8067,6664,Vehicle,TX_ObjectCount,1,0
27.8072,9940,Vehicle,TX_Throughput,7760,0
27.8072,9940,Vehicle,TX_ObjectCount,1,0
27.8078,5852,Vehicle,ChannelLoad,0.05496,0
27.8078,5852,Vehicle,ChannelLoad,0.05496,0
27.8083,6223,Vehicle,TX_Throughput,4560,0
27.8083,6223,Vehicle,TX_ObjectCount,0,0
27.8084,6747,Vehicle,TX_Throughput,7760,0
27.8084,6747,Vehicle,TX_ObjectCount,1,0
27.8089,1678,Vehicle,ChannelLoad,0.03096,0
27.8089,1678,Vehicle,ChannelLoad,0.03096,0
27.8091,5998,Vehicle,TX_Throughput,4560,0
27.8091,5998,Vehicle,TX_ObjectCount,0,0
27.8092,2874,Vehicle,TX_Throughput,4560,0
27.8092,2874,Vehicle,TX_ObjectCount,0,0
27.8094,6518,Vehicle,TX_Throughput,10560,0
27.8094,6518,Vehicle,TX_ObjectCount,2,0
27.8105,270,Vehicle,TX_Throughput,10560,0
27.8105,270,Vehicle,TX_ObjectCount,2,0
27.811,6372,Vehicle,TX_Throughput,4560,0
27.811,6372,Vehicle,TX_ObjectCount,0,0
27.8121,5925,Vehicle,ChannelLoad,0.0312,0
27.8121,5925,Vehicle,ChannelLoad,0.0312,0
27.8131,5998,Vehicle,ChannelLoad,0.04216,0
27.8131,5998,Vehicle,ChannelLoad,0.04216,0
27.8136,9794,Vehicle,TX_Throughput,7760,0
27.8136,9794,Vehicle,TX_ObjectCount,1,0
27.8138,2724,Vehicle,TX_Throughput,4560,0
27.8138,2724,Vehicle,TX_ObjectCount,0,0
27.8147,5260,RSU,TX_Throughput,16480,0
27.8147,5260,RSU,TX_ObjectCount,5,0
27.8147,3619,Vehicle,ChannelLoad,0.04008,0
27.8147,3619,Vehicle,ChannelLoad,0.04008,0
27.8151,712,Vehicle,TX_Throughput,4560,0
27.8151,712,Vehicle,TX_ObjectCount,0,0
27.8152,7129,Vehicle,ChannelLoad,0.05544,0
27.8152,7129,Vehicle,ChannelLoad,0.05544,0
27.8156,639,Vehicle,TX_Throughput,4560,0
27.8156,639,Vehicle,TX_ObjectCount,0,0
27.816,3020,Vehicle,TX_Throughput,7760,0
27.816,3020,Vehicle,TX_ObjectCount,1,0
27.8163,7202,RSU,ChannelLoad,0.08304,0
27.8163,7202,RSU,ChannelLoad,0.08304,0
27.8166,182,RSU,TX_Throughput,2080,0
27.8166,182,RSU,TX_ObjectCount,0,0
27.8167,8914,Vehicle,ChannelLoad,0.03488,0
27.8167,8914,Vehicle,ChannelLoad,0.03488,0
27.8168,1755,Vehicle,ChannelLoad,0.04184,0
27.8168,1755,Vehicle,ChannelLoad,0.04184,0
27.8169,6071,Vehicle,ChannelLoad,0.0604,0
27.8169,6071,Vehicle,ChannelLoad,0.0604,0
27.8171,862,Vehicle,TX_Throughput,7760,0
27.8171,862,Vehicle,TX_ObjectCount,1,0
27.8172,2649,Vehicle,ChannelLoad,0.05264,0
27.8172,2649,Vehicle,ChannelLoad,0.05264,0
27.8175,1901,RSU,TX_Throughput,5280,0
27.8175,1901,RSU,TX_ObjectCount,1,0
27.8182,8987,Vehicle,ChannelLoad,0.07688,0
27.8182,8987,Vehicle,ChannelLoad,0.07688,0
27.8183,787,Vehicle,ChannelLoad,0.04432,0
27.8183,787,Vehicle,ChannelLoad,0.04432,0
27.8186,2724,Vehicle,ChannelLoad,0.07008,0
27.8186,2724,Vehicle,ChannelLoad,0.07008,0
27.8188,107,Vehicle,ChannelLoad,0.0764,0
27.8188,107,Vehicle,ChannelLoad,0.0764,0
27.8191,2273,RSU,TX_Throughput,8080,0
27.8191,2273,RSU,TX_ObjectCount,2,0
27.8197,7720,Vehicle,TX_Throughput,4560,0
27.8197,7720,Vehicle,TX_ObjectCount,0,0
27.8201,182,RSU,ChannelLoad,0.07536,0
27.8201,182,RSU,ChannelLoad,0.07536,0
27.8202,862,Vehicle,ChannelLoad,0.06224,0
27.8202,862,Vehicle,ChannelLoad,0.06224,0
27.8207,6976,Vehicle,TX_Throughput,7760,0
27.8207,6976,Vehicle,TX_ObjectCount,1,0
27.821,8018,Vehicle,ChannelLoad,0.05504,0
27.821,8018,Vehicle,ChannelLoad,0.05504,0
27.8212,2051,Vehicle,TX_Throughput,7760,0
27.8212,2051,Vehicle,TX_ObjectCount,1,0
27.8223,1828,Vehicle,ChannelLoad,0.06336,0
27.8223,1828,Vehicle,ChannelLoad,0.06336,0
27.8228,6146,Vehicle,ChannelLoad,0.0652,0
27.8228,6146,Vehicle,ChannelLoad,0.0652,0
27.8231,1901,RSU,ChannelLoad,0.0716,0
27.8231,1901,RSU,ChannelLoad,0.0716,0
27.8231,7795,Vehicle,TX_Throughput,7760,0
27.8231,7795,Vehicle,TX_ObjectCount,1,0
27.8237,3692,Vehicle,ChannelLoad,0.0736,0
27.8237,3692,Vehicle,ChannelLoad,0.0736,0
27.8238,9281,Vehicle,TX_Throughput,4560,0
27.8238,9281,Vehicle,TX_ObjectCount,0,0
27.8244,5627,RSU,TX_Throughput,2080,0
27.8244,5627,RSU,TX_ObjectCount,0,0
27.825,2799,Vehicle,ChannelLoad,0.06304,0
27.825,2799,Vehicle,ChannelLoad,0.06304,0
27.8251,8694,RSU,TX_Throughput,16480,0
27.8251,8694,RSU,TX_ObjectCount,5,0
27.8256,9133,Vehicle,ChannelLoad,0.08048,0
27.8256,9133,Vehicle,ChannelLoad,0.08048,0
27.8281,6826,RSU,TX_Throughput,8080,0
27.8281,6826,RSU,TX_ObjectCount,2,0
27.8282,3989,RSU,TX_Throughput,5280,0
27.8282,3989,RSU,TX_ObjectCount,1,0
27.8286,2947,Vehicle,TX_Throughput,4560,0
27.8286,2947,Vehicle,TX_ObjectCount,0,0
27.8289,8091,RSU,ChannelLoad,0.086,0
27.8289,8091,RSU,ChannelLoad,0.086,0
27.829,9574,Vehicle,TX_Throughput,4560,0
27.829,9574,Vehicle,TX_ObjectCount,0,0
27.8294,3765,RSU,TX_Throughput,8080,0
27.8294,3765,RSU,TX_ObjectCount,2,0
27.8315,8091,RSU,TX_Throughput,5280,0
27.8315,8091,RSU,TX_ObjectCount,1,0
27.8317,8311,Vehicle,TX_Throughput,4560,0
27.8317,8311,Vehicle,TX_ObjectCount,0,0
27.8318,937,Vehicle,ChannelLoad,0.04624,0
27.8318,937,Vehicle,ChannelLoad,0.04624,0
27.8319,4512,Vehicle,TX_Throughput,4560,0
27.8319,4512,Vehicle,TX_ObjectCount,0,0
27.8326,8165,Vehicle,ChannelLoad,0.07024,0
27.8326,8165,Vehicle,ChannelLoad,0.07024,0
27.8333,3765,RSU,ChannelLoad,0.0664,0
27.8333,3765,RSU,ChannelLoad,0.0664,0
27.8334,3692,Vehicle,TX_Throughput,7760,0
27.8334,3692,Vehicle,TX_ObjectCount,1,0
27.8336,5187,Vehicle,TX_Throughput,13360,0
27.8336,5187,Vehicle,TX_ObjectCount,3,0
27.834,8768,Vehicle,TX_Throughput,4560,0
27.834,8768,Vehicle,TX_ObjectCount,0,0
27.8341,416,Vehicle,TX_Throughput,7760,0
27.8341,416,Vehicle,TX_ObjectCount,1,0
27.8342,7055,RSU,TX_Throughput,8080,0
27.8342,7055,RSU,TX_ObjectCount,2,0
27.8343,6223,Vehicle,ChannelLoad,0.06016,0
27.8343,6223,Vehicle,ChannelLoad,0.06016,0
27.8344,29,RSU,TX_Throughput,8080,0
27.8344,29,RSU,TX_ObjectCount,2,0
27.8344,562,Vehicle,TX_Throughput,7760,0
27.8344,562,Vehicle,TX_ObjectCount,1,0
27.8346,9501,Vehicle,TX_Throughput,7760,0
27.8346,9501,Vehicle,TX_ObjectCount,1,0
27.8348,1755,Vehicle,TX_Throughput,4560,0
27.8348,1755,Vehicle,TX_ObjectCount,0,0
27.835,2569,RSU,TX_Throughput,2080,0
27.835,2569,RSU,TX_ObjectCount,0,0
27.8352,7278,RSU,ChannelLoad,0.08776,0
27.8352,7278,RSU,ChannelLoad,0.08776,0
27.8359,5113,RSU,TX_Throughput,8080,0
27.8359,5113,RSU,TX_ObjectCount,2,0
27.8369,7352,Vehicle,ChannelLoad,0.06472,0
27.8369,7352,Vehicle,ChannelLoad,0.06472,0
27.837,5701,RSU,TX_Throughput,16480,0
27.837,5701,RSU,TX_ObjectCount,5,0
27.837,3839,Vehicle,ChannelLoad,0.05664,0
27.837,3839,Vehicle,ChannelLoad,0.05664,0
27.8374,4599,Vehicle,ChannelLoad,0.05864,0
27.8374,4599,Vehicle,ChannelLoad,0.05864,0
27.8376,3912,Vehicle,ChannelLoad,0.03936,0
27.8376,3912,Vehicle,ChannelLoad,0.03936,0
27.8379,8311,Vehicle,ChannelLoad,0.03776,0
27.8379,8311,Vehicle,ChannelLoad,0.03776,0
27.838,2874,Vehicle,ChannelLoad,0.03248,0
27.838,2874,Vehicle,ChannelLoad,0.03248,0
27.8384,4360,Vehicle,TX_Throughput,4560,0
27.8384,4360,Vehicle,TX_ObjectCount,0,0
27.8385,6071,Vehicle,TX_Throughput,7760,0
27.8385,6071,Vehicle,TX_ObjectCount,1,0
27.8389,6298,RSU,ChannelLoad,0.0916,0
27.8389,6298,RSU,ChannelLoad,0.0916,0
27.8393,7425,Vehicle,ChannelLoad,0.05016,0
27.8393,7425,Vehicle,ChannelLoad,0.05016,0
27.8399,6372,Vehicle,ChannelLoad,0.04616,0
27.8399,6372,Vehicle,ChannelLoad,0.04616,0
27.8404,1014,Vehicle,ChannelLoad,0.0556,0
27.8404,1014,Vehicle,ChannelLoad,0.0556,0
27.8414,8384,RSU,ChannelLoad,0.07992,0
27.8414,8384,RSU,ChannelLoad,0.07992,0
27.8417,4745,Vehicle,TX_Throughput,4560,0
27.8417,4745,Vehicle,TX_ObjectCount,0,0
27.8422,1977,RSU,TX_Throughput,5280,0
27.8422,1977,RSU,TX_ObjectCount,1,0
27.8429,3912,Vehicle,TX_Throughput,4560,0
27.8429,3912,Vehicle,TX_ObjectCount,0,0
27.8431,1165,Vehicle,TX_Throughput,7760,0
27.8431,1165,Vehicle,TX_ObjectCount,1,0
27.8436,7943,Vehicle,TX_Throughput,4560,0
27.8436,7943,Vehicle,TX_ObjectCount,0,0
27.8437,9208,Vehicle,ChannelLoad,0.05,0
27.8437,9208,Vehicle,ChannelLoad,0.05,0
27.8438,343,Vehicle,TX_Throughput,7760,0
27.8438,343,Vehicle,TX_ObjectCount,1,0
27.8447,9281,Vehicle,ChannelLoad,0.04376,0
27.8447,9281,Vehicle,ChannelLoad,0.04376,0
27.8449,4672,Vehicle,ChannelLoad,0.07472,0
27.8449,4672,Vehicle,ChannelLoad,0.07472,0
27.8452,4287,Vehicle,TX_Throughput,4560,0
27.8452,4287,Vehicle,TX_ObjectCount,0,0
27.8454,1678,Vehicle,TX_Throughput,4560,0
27.8454,1678,Vehicle,TX_ObjectCount,0,0
27.8459,6445,Vehicle,ChannelLoad,0.1084,0
27.8459,6445,Vehicle,ChannelLoad,0.1084,0
27.8461,9354,Vehicle,TX_Throughput,4560,0
27.8461,9354,Vehicle,TX_ObjectCount,0,0
27.8464,1089,RSU,ChannelLoad,0.10272,0
27.8464,1089,RSU,ChannelLoad,0.10272,0
27.8466,5334,Vehicle,TX_Throughput,7760,0
27.8466,5334,Vehicle,TX_ObjectCount,1,0
27.8469,9427,RSU,TX_Throughput,8080,0
27.8469,9427,RSU,TX_ObjectCount,2,0
27.8471,3989,RSU,ChannelLoad,0.07024,0
27.8471,3989,RSU,ChannelLoad,0.07024,0
27.8472,6518,Vehicle,ChannelLoad,0.0512,0
27.8472,6518,Vehicle,ChannelLoad,0.0512,0
27.8474,2420,Vehicle,TX_Throughput,7760,0
27.8474,2420,Vehicle,TX_ObjectCount,1,0
27.8477,6146,Vehicle,TX_Throughput,4560,0
27.8477,6146,Vehicle,TX_ObjectCount,0,0
27.8481,1238,Vehicle,TX_Throughput,7760,0
27.8481,1238,Vehicle,TX_ObjectCount,1,0
27.8482,6591,Vehicle,ChannelLoad,0.03976,0
27.8482,6591,Vehicle,ChannelLoad,0.03976,0
27.8483,6445,Vehicle,TX_Throughput,7760,0
27.8483,6445,Vehicle,TX_ObjectCount,1,0
27.8488,1977,RSU,ChannelLoad,0.09072,0
27.8488,1977,RSU,ChannelLoad,0.09072,0
27.8488,4745,Vehicle,ChannelLoad,0.07744,0
27.8488,4745,Vehicle,ChannelLoad,0.07744,0
27.8492,4063,RSU,ChannelLoad,0.07168,0
27.8492,4063,RSU,ChannelLoad,0.07168,0
27.8496,9354,Vehicle,ChannelLoad,0.05016,0
27.8496,9354,Vehicle,ChannelLoad,0.05016,0
27.8496,5852,Vehicle,TX_Throughput,16160,0
27.8496,5852,Vehicle,TX_ObjectCount,4,0
27.8499,4137,Vehicle,ChannelLoad,0.06848,0
27.8499,4137,Vehicle,ChannelLoad,0.06848,0
27.8511,8543,Vehicle,TX_Throughput,4560,0
27.8511,8543,Vehicle,TX_ObjectCount,0,0
27.8527,9427,RSU,ChannelLoad,0.08592,0
27.8527,9427,RSU,ChannelLoad,0.08592,0
27.8528,6664,Vehicle,ChannelLoad,0.0416,0
27.8528,6664,Vehicle,ChannelLoad,0.0416,0
27.8528,4818,RSU,ChannelLoad,0.06072,0
27.8528,4818,RSU,ChannelLoad,0.06072,0
27.8533,2051,Vehicle,ChannelLoad,0.0864,0
27.8533,2051,Vehicle,ChannelLoad,0.0864,0
27.8539,937,Vehicle,TX_Throughput,4560,0
27.8539,937,Vehicle,TX_ObjectCount,0,0
27.8557,1385,Vehicle,TX_Throughput,7760,0
27.8557,1385,Vehicle,TX_ObjectCount,1,0
27.8561,7500,RSU,ChannelLoad,0.07256,0
27.8561,7500,RSU,ChannelLoad,0.07256,0
27.8562,4212,Vehicle,ChannelLoad,0.05304,0
27.8562,4212,Vehicle,ChannelLoad,0.05304,0
27.8572,9501,Vehicle,ChannelLoad,0.0716,0
27.8572,9501,Vehicle,ChannelLoad,0.0716,0
27.8582,2947,Vehicle,ChannelLoad,0.04448,0
27.8582,2947,Vehicle,ChannelLoad,0.04448,0
27.8586,7574,Vehicle,ChannelLoad,0.06472,0
27.8586,7574,Vehicle,ChannelLoad,0.06472,0
27.8589,4063,RSU,TX_Throughput,2080,0
27.8589,4063,RSU,TX_ObjectCount,0,0
27.8589,9574,Vehicle,ChannelLoad,0.05464,0
27.8589,9574,Vehicle,ChannelLoad,0.05464,0
27.859,1165,Vehicle,ChannelLoad,0.04376,0
27.859,1165,Vehicle,ChannelLoad,0.04376,0
27.859,5407,RSU,TX_Throughput,10880,0
27.859,5407,RSU,TX_ObjectCount,3,0
27.8594,3020,Vehicle,ChannelLoad,0.05536,0
27.8594,3020,Vehicle,ChannelLoad,0.05536,0
27.8595,7574,Vehicle,TX_Throughput,4560,0
27.8595,7574,Vehicle,TX_ObjectCount,0,0
27.8597,6591,Vehicle,TX_Throughput,4560,0
27.8597,6591,Vehicle,TX_ObjectCount,0,0
27.86,489,Vehicle,TX_Throughput,4560,0
27.86,489,Vehicle,TX_ObjectCount,0,0
27.8602,3243,RSU,TX_Throughput,2080,0
27.8602,3243,RSU,TX_ObjectCount,0,0
27.8603,3839,Vehicle,TX_Throughput,13360,0
27.8603,3839,Vehicle,TX_ObjectCount,3,0
27.8603,7868,Vehicle,TX_Throughput,4560,0
27.8603,7868,Vehicle,TX_ObjectCount,0,0
27.8604,9721,Vehicle,TX_Throughput,7760,0
27.8604,9721,Vehicle,TX_ObjectCount,1,0
27.8613,8018,Vehicle,TX_Throughput,7760,0
27.8613,8018,Vehicle,TX_ObjectCount,1,0
27.8613,1238,Vehicle,ChannelLoad,0.07384,0
27.8613,1238,Vehicle,ChannelLoad,0.07384,0
27.8615,9867,Vehicle,TX_Throughput,7760,0
27.8615,9867,Vehicle,TX_ObjectCount,1,0
27.8621,8618,RSU,TX_Throughput,5280,0
27.8621,8618,RSU,TX_ObjectCount,1,0
27.8622,9647,RSU,ChannelLoad,0.09936,0
27.8622,9647,RSU,ChannelLoad,0.09936,0
27.8627,4818,RSU,TX_Throughput,8080,0
27.8627,4818,RSU,TX_ObjectCount,2,0
27.8631,4137,Vehicle,TX_Throughput,4560,0
27.8631,4137,Vehicle,TX_ObjectCount,0,0
27.8632,4599,Vehicle,TX_Throughput,7760,0
27.8632,4599,Vehicle,TX_ObjectCount,1,0
27.8634,4672,Vehicle,TX_Throughput,4560,0
27.8634,4672,Vehicle,TX_ObjectCount,0,0
27.8637,9721,Vehicle,ChannelLoad,0.068,0
27.8637,9721,Vehicle,ChannelLoad,0.068,0
27.8637,3095,Vehicle,ChannelLoad,0.0736,0
27.8637,3095,Vehicle,ChannelLoad,0.0736,0
27.8638,9208,Vehicle,TX_Throughput,4560,0
27.8638,9208,Vehicle,TX_ObjectCount,0,0
27.8647,2126,RSU,ChannelLoad,0.0688,0
27.8647,2126,RSU,ChannelLoad,0.0688,0
27.8649,1311,RSU,ChannelLoad,0.05928,0
27.8649,1311,RSU,ChannelLoad,0.05928,0
27.8652,4892,Vehicle,ChannelLoad,0.04,0
27.8652,4892,Vehicle,ChannelLoad,0.04,0
27.8654,2200,Vehicle,ChannelLoad,0.07952,0
27.8654,2200,Vehicle,ChannelLoad,0.07952,0
27.8663,4287,Vehicle,ChannelLoad,0.0696,0
27.8663,4287,Vehicle,ChannelLoad,0.0696,0
27.8669,4439,Vehicle,TX_Throughput,4560,0
27.8669,4439,Vehicle,TX_ObjectCount,0,0
27.867,4967,Vehicle,TX_Throughput,4560,0
27.867,4967,Vehicle,TX_ObjectCount,0,0
27.8672,6298,RSU,TX_Throughput,2080,0
27.8672,6298,RSU,TX_ObjectCount,0,0
27.8674,8914,Vehicle,TX_Throughput,4560,0
27.8674,8914,Vehicle,TX_ObjectCount,0,0
27.8674,6747,Vehicle,ChannelLoad,0.04248,0
27.8674,6747,Vehicle,ChannelLoad,0.04248,0
27.868,4967,Vehicle,ChannelLoad,0.048,0
27.868,4967,Vehicle,ChannelLoad,0.048,0
27.8682,3168,Vehicle,ChannelLoad,0.05608,0
27.8682,3168,Vehicle,ChannelLoad,0.05608,0
27.8684,5040,Vehicle,ChannelLoad,0.04784,0
27.8684,5040,Vehicle,ChannelLoad,0.04784,0
27.8687,4360,Vehicle,ChannelLoad,0.09144,0
27.8687,4360,Vehicle,ChannelLoad,0.09144,0
27.8688,1605,Vehicle,TX_Throughput,4560,0
27.8688,1605,Vehicle,TX_ObjectCount,0,0
27.8696,5113,RSU,ChannelLoad,0.09376,0
27.8696,5113,RSU,ChannelLoad,0.09376,0
27.8697,8987,Vehicle,TX_Throughput,7760,0
27.8697,8987,Vehicle,TX_ObjectCount,1,0
27.8698,3243,RSU,ChannelLoad,0.0804,0
27.8698,3243,RSU,ChannelLoad,0.0804,0
27.8698,9794,Vehicle,ChannelLoad,0.0492,0
27.8698,9794,Vehicle,ChannelLoad,0.0492,0
27.87,2273,RSU,ChannelLoad,0.10224,0
27.87,2273,RSU,ChannelLoad,0.10224,0
27.8701,8470,Vehicle,ChannelLoad,0.05456,0
27.8701,8470,Vehicle,ChannelLoad,0.05456,0
27.8702,5187,Vehicle,ChannelLoad,0.0688,0
27.8702,5187,Vehicle,ChannelLoad,0.0688,0
27.8709,1385,Vehicle,ChannelLoad,0.04664,0
27.8709,1385,Vehicle,ChannelLoad,0.04664,0
27.871,270,Vehicle,ChannelLoad,0.06152,0
27.871,270,Vehicle,ChannelLoad,0.06152,0
27.8719,9867,Vehicle,ChannelLoad,0.06848,0
27.8719,9867,Vehicle,ChannelLoad,0.06848,0
27.8722,9647,RSU,TX_Throughput,13680,0
27.8722,9647,RSU,TX_ObjectCount,4,0
27.8723,5260,RSU,ChannelLoad,0.096,0
27.8723,5260,RSU,ChannelLoad,0.096,0
27.8725,5925,Vehicle,TX_Throughput,7760,0
27.8725,5925,Vehicle,TX_ObjectCount,1,0
27.8727,2347,Vehicle,ChannelLoad,0.062,0
27.8727,2347,Vehicle,ChannelLoad,0.062,0
27.8727,7202,RSU,TX_Throughput,5280,0
27.8727,7202,RSU,TX_ObjectCount,1,0
27.8735,787,Vehicle,TX_Throughput,4560,0
27.8735,787,Vehicle,TX_ObjectCount,0,0
27.8742,7647,Vehicle,ChannelLoad,0.04808,0
27.8742,7647,Vehicle,ChannelLoad,0.04808,0
27.8756,8841,Vehicle,TX_Throughput,4560,0
27.8756,8841,Vehicle,TX_ObjectCount,0,0
27.8759,5334,Vehicle,ChannelLoad,0.08352,0
27.8759,5334,Vehicle,ChannelLoad,0.08352,0
27.8762,5407,RSU,ChannelLoad,0.078,0
27.8762,5407,RSU,ChannelLoad,0.078,0
27.8765,9940,Vehicle,ChannelLoad,0.09912,0
27.8765,9940,Vehicle,ChannelLoad,0.09912,0
27.8771,5554,Vehicle,TX_Throughput,7760,0
27.8771,5554,Vehicle,TX_ObjectCount,1,0
27.8777,4439,Vehicle,ChannelLoad,0.07616,0
27.8777,4439,Vehicle,ChannelLoad,0.07616,0
27.8777,2420,Vehicle,ChannelLoad,0.06448,0
27.8777,2420,Vehicle,ChannelLoad,0.06448,0
27.8778,6826,RSU,ChannelLoad,0.12328,0
27.8778,6826,RSU,ChannelLoad,0.12328,0
27.8781,2495,RSU,TX_Throughput,5280,0
27.8781,2495,RSU,TX_ObjectCount,1,0
27.8782,7720,Vehicle,ChannelLoad,0.0712,0
27.8782,7720,Vehicle,ChannelLoad,0.0712,0
27.8782,8543,Vehicle,ChannelLoad,0.062,0
27.8782,8543,Vehicle,ChannelLoad,0.062,0
27.8782,3095,Vehicle,TX_Throughput,10560,0
27.8782,3095,Vehicle,TX_ObjectCount,2,0
27.8784,7500,RSU,TX_Throughput,2080,0
27.8784,7500,RSU,TX_ObjectCount,0,0
27.8786,10015,Vehicle,ChannelLoad,0.07176,0
27.8786,10015,Vehicle,ChannelLoad,0.07176,0
27.8794,3392,Vehicle,TX_Throughput,4560,0
27.8794,3392,Vehicle,TX_ObjectCount,0,0
27.88,4512,Vehicle,ChannelLoad,0.06096,0
27.88,4512,Vehicle,ChannelLoad,0.06096,0
27.8801,6902,RSU,ChannelLoad,0.06976,0
27.8801,6902,RSU,ChannelLoad,0.06976,0
27.8805,7795,Vehicle,ChannelLoad,0.06472,0
27.8805,7795,Vehicle,ChannelLoad,0.06472,0
27.8814,5775,Vehicle,TX_Throughput,4560,0
27.8814,5775,Vehicle,TX_ObjectCount,0,0
27.8816,1311,RSU,TX_Throughput,8080,0
27.8816,1311,RSU,TX_ObjectCount,2,0
27.8817,1089,RSU,TX_Throughput,13680,0
27.8817,1089,RSU,TX_ObjectCount,4,0
27.8818,6976,Vehicle,ChannelLoad,0.07216,0
27.8818,6976,Vehicle,ChannelLoad,0.07216,0
27.8819,5481,Vehicle,ChannelLoad,0.10392,0
27.8819,5481,Vehicle,ChannelLoad,0.10392,0
27.882,5554,Vehicle,ChannelLoad,0.0844,0
27.882,5554,Vehicle,ChannelLoad,0.0844,0
27.8824,4212,Vehicle,TX_Throughput,4560,0
27.8824,4212,Vehicle,TX_ObjectCount,0,0
27.8825,7278,RSU,TX_Throughput,2080,0
27.8825,7278,RSU,TX_ObjectCount,0,0
27.8831,343,Vehicle,ChannelLoad,0.0584,0
27.8831,343,Vehicle,ChannelLoad,0.0584,0
27.8832,1458,RSU,ChannelLoad,0.10176,0
27.8832,1458,RSU,ChannelLoad,0.10176,0
27.8843,8165,Vehicle,TX_Throughput,4560,0
27.8843,8165,Vehicle,TX_ObjectCount,0,0
27.8844,6902,RSU,TX_Throughput,5280,0
27.8844,6902,RSU,TX_ObjectCount,1,0
27.8844,3319,Vehicle,ChannelLoad,0.07464,0
27.8844,3319,Vehicle,ChannelLoad,0.07464,0
27.8853,7352,Vehicle,TX_Throughput,4560,0
27.8853,7352,Vehicle,TX_ObjectCount,0,0
27.8855,3541,RSU,TX_Throughput,8080,0
27.8855,3541,RSU,TX_ObjectCount,2,0
27.8857,2126,RSU,TX_Throughput,8080,0
27.8857,2126,RSU,TX_ObjectCount,2,0
27.8863,1532,Vehicle,ChannelLoad,0.06664,0
27.8863,1532,Vehicle,ChannelLoad,0.06664,0
27.8863,107,Vehicle,TX_Throughput,4560,0
27.8863,107,Vehicle,TX_ObjectCount,0,0
27.8865,3392,Vehicle,ChannelLoad,0.08088,0
27.8865,3392,Vehicle,ChannelLoad,0.08088,0
27.8865,5627,RSU,ChannelLoad,0.10112,0
27.8865,5627,RSU,ChannelLoad,0.10112,0
27.8871,416,Vehicle,ChannelLoad,0.0588,0
27.8871,416,Vehicle,ChannelLoad,0.0588,0
27.8873,2200,Vehicle,TX_Throughput,4560,0
27.8873,2200,Vehicle,TX_ObjectCount,0,0
27.8873,7129,Vehicle,TX_Throughput,4560,0
27.8873,7129,Vehicle,TX_ObjectCount,0,0
27.8885,2495,RSU,ChannelLoad,0.08288,0
27.8885,2495,RSU,ChannelLoad,0.08288,0
27.8891,8384,RSU,TX_Throughput,8080,0
27.8891,8384,RSU,TX_ObjectCount,2,0
27.8894,2569,RSU,ChannelLoad,0.1072,0
27.8894,2569,RSU,ChannelLoad,0.1072,0
27.8902,7647,Vehicle,TX_Throughput,4560,0
27.8902,7647,Vehicle,TX_ObjectCount,0,0
27.8916,8618,RSU,ChannelLoad,0.08304,0
27.8916,8618,RSU,ChannelLoad,0.08304,0
27.8917,7868,Vehicle,ChannelLoad,0.04912,0
27.8917,7868,Vehicle,ChannelLoad,0.04912,0
27.892,3619,Vehicle,TX_Throughput,4560,0
27.892,3619,Vehicle,TX_ObjectCount,0,0
27.892,5701,RSU,ChannelLoad,0.11272,0
27.892,5701,RSU,ChannelLoad,0.11272,0
27.8928,5775,Vehicle,ChannelLoad,0.08256,0
27.8928,5775,Vehicle,ChannelLoad,0.08256,0
27.8932,1532,Vehicle,TX_Throughput,4560,0
27.8932,1532,Vehicle,TX_ObjectCount,0,0
27.8939,489,Vehicle,ChannelLoad,0.05016,0
27.8939,489,Vehicle,ChannelLoad,0.05016,0
27.8941,1014,Vehicle,TX_Throughput,4560,0
27.8941,1014,Vehicle,TX_ObjectCount,0,0
27.8955,9133,Vehicle,TX_Throughput,7760,0
27.8955,9133,Vehicle,TX_ObjectCount,1,0
27.896,8694,RSU,ChannelLoad,0.08792,0
27.896,8694,RSU,ChannelLoad,0.08792,0
27.8961,3467,RSU,ChannelLoad,0.11032,0
27.8961,3467,RSU,ChannelLoad,0.11032,0
27.8961,562,Vehicle,ChannelLoad,0.03864,0
27.8961,562,Vehicle,ChannelLoad,0.03864,0
27.8962,4892,Vehicle,TX_Throughput,4560,0
27.8962,4892,Vehicle,TX_ObjectCount,0,0
27.8966,1605,Vehicle,ChannelLoad,0.05472,0
27.8966,1605,Vehicle,ChannelLoad,0.05472,0
27.897,2649,Vehicle,TX_Throughput,10560,0
27.897,2649,Vehicle,TX_ObjectCount,2,0
27.8972,1458,RSU,TX_Throughput,5280,0
27.8972,1458,RSU,TX_ObjectCount,1,0
27.8978,3541,RSU,ChannelLoad,0.05808,0
27.8978,3541,RSU,ChannelLoad,0.05808,0
27.8981,2347,Vehicle,TX_Throughput,4560,0
27.8981,2347,Vehicle,TX_ObjectCount,0,0
27.8987,10015,Vehicle,TX_Throughput,10560,0
27.8987,10015,Vehicle,TX_ObjectCount,2,0
27.8997,5040,Vehicle,TX_Throughput,4560,0
27.8997,5040,Vehicle,TX_ObjectCount,0,0
27.9009,7943,Vehicle,ChannelLoad,0.04848,0
27.9009,7943,Vehicle,ChannelLoad,0.04848,0
27.9017,1828,Vehicle,TX_Throughput,4560,0
27.9017,1828,Vehicle,TX_ObjectCount,0,0
27.902,639,Vehicle,ChannelLoad,0.08336,0
27.902,639,Vehicle,ChannelLoad,0.08336,0
27.9023,8768,Vehicle,ChannelLoad,0.06552,0
27.9023,8768,Vehicle,ChannelLoad,0.06552,0
27.9025,3467,RSU,TX_Throughput,5280,0
27.9025,3467,RSU,TX_ObjectCount,1,0
27.9026,8841,Vehicle,ChannelLoad,0.06512,0
27.9026,8841,Vehicle,ChannelLoad,0.06512,0
27.9035,8470,Vehicle,TX_Throughput,4560,0
27.9035,8470,Vehicle,TX_ObjectCount,0,0
27.9037,7055,RSU,ChannelLoad,0.0896,0
27.9037,7055,RSU,ChannelLoad,0.0896,0
27.9038,3168,Vehicle,TX_Throughput,4560,0
27.9038,3168,Vehicle,TX_ObjectCount,0,0
27.9039,2799,Vehicle,TX_Throughput,7760,0
27.9039,2799,Vehicle,TX_ObjectCount,1,0
27.9047,5481,Vehicle,TX_Throughput,7760,0
27.9047,5481,Vehicle,TX_ObjectCount,1,0
27.9047,29,RSU,ChannelLoad,0.11008,0
27.9047,29,RSU,ChannelLoad,0.11008,0
27.9053,3319,Vehicle,TX_Throughput,7760,0
27.9053,3319,Vehicle,TX_ObjectCount,1,0
27.9054,7425,Vehicle,TX_Throughput,13360,0
27.9054,7425,Vehicle,TX_ObjectCount,3,0
27.9059,712,Vehicle,ChannelLoad,0.07648,0
27.9059,712,Vehicle,ChannelLoad,0.07648,0
27.9067,6664,Vehicle,TX_Throughput,4560,0
27.9067,6664,Vehicle,TX_ObjectCount,0,0
27.9072,9940,Vehicle,TX_Throughput,7760,0
27.9072,9940,Vehicle,TX_ObjectCount,1,0
27.9078,5852,Vehicle,ChannelLoad,0.06496,0
27.9078,5852,Vehicle,ChannelLoad,0.06496,0
27.9083,6223,Vehicle,TX_Throughput,7760,0
27.9083,6223,Vehicle,TX_ObjectCount,1,0
27.9084,6747,Vehicle,TX_Throughput,4560,0
27.9084,6747,Vehicle,TX_ObjectCount,0,0
27.9089,1678,Vehicle,ChannelLoad,0.03528,0
27.9089,1678,Vehicle,ChannelLoad,0.03528,0
27.9091,5998,Vehicle,TX_Throughput,4560,0
27.9091,5998,Vehicle,TX_ObjectCount,0,0
27.9092,2874,Vehicle,TX_Throughput,4560,0
27.9092,2874,Vehicle,TX_ObjectCount,0,0
27.9094,6518,Vehicle,TX_Throughput,7760,0
27.9094,6518,Vehicle,TX_ObjectCount,1,0
27.9105,270,Vehicle,TX_Throughput,7760,0
27.9105,270,Vehicle,TX_ObjectCount,1,0
27.911,6372,Vehicle,TX_Throughput,4560,0
27.911,6372,Vehicle,TX_ObjectCount,0,0
27.9121,5925,Vehicle,ChannelLoad,0.03792,0
27.9121,5925,Vehicle,ChannelLoad,0.03792,0
27.9131,5998,Vehicle,ChannelLoad,0.0468,0
27.9131,5998,Vehicle,ChannelLoad,0.0468,0
27.9136,9794,Vehicle,TX_Throughput,7760,0
27.9136,9794,Vehicle,TX_ObjectCount,1,0
27.9138,2724,Vehicle,TX_Throughput,4560,0
27.9138,2724,Vehicle,TX_ObjectCount,0,0
27.9147,5260,RSU,TX_Throughput,5280,0
27.9147,5260,RSU,TX_ObjectCount,1,0
27.9147,3619,Vehicle,ChannelLoad,0.03096,0
27.9147,3619,Vehicle,ChannelLoad,0.03096,0
27.9151,712,Vehicle,TX_Throughput,4560,0
27.9151,712,Vehicle,TX_ObjectCount,0,0
27.9152,7129,Vehicle,ChannelLoad,0.07648,0
27.9152,7129,Vehicle,ChannelLoad,0.07648,0
27.9156,639,Vehicle,TX_Throughput,4560,0
27.9156,639,Vehicle,TX_ObjectCount,0,0
27.916,3020,Vehicle,TX_Throughput,13360,0
27.916,3020,Vehicle,TX_ObjectCount,3,0
27.9163,7202,RSU,ChannelLoad,0.0744,0
27.9163,7202,RSU,ChannelLoad,0.0744,0
27.9166,182,RSU,TX_Throughput,10880,0
27.9166,182,RSU,TX_ObjectCount,3,0
27.9167,8914,Vehicle,ChannelLoad,0.0316,0
27.9167,8914,Vehicle,ChannelLoad,0.0316,0
27.9168,1755,Vehicle,ChannelLoad,0.04488,0
27.9168,1755,Vehicle,ChannelLoad,0.04488,0
27.9169,6071,Vehicle,ChannelLoad,0.05904,0
27.9169,6071,Vehicle,ChannelLoad,0.05904,0
27.9171,862,Vehicle,TX_Throughput,4560,0
27.9171,862,Vehicle,TX_ObjectCount,0,0
27.9172,2649,Vehicle,ChannelLoad,0.05776,0
27.9172,2649,Vehicle,ChannelLoad,0.05776,0
27.9175,1901,RSU,TX_Throughput,8080,0
27.9175,1901,RSU,TX_ObjectCount,2,0
27.9182,8987,Vehicle,ChannelLoad,0.08056,0
27.9182,8987,Vehicle,ChannelLoad,0.08056,0
27.9183,787,Vehicle,ChannelLoad,0.0512,0
27.9183,787,Vehicle,ChannelLoad,0.0512,0
27.9186,2724,Vehicle,ChannelLoad,0.08376,0
27.9186,2724,Vehicle,ChannelLoad,0.08376,0
27.9188,107,Vehicle,ChannelLoad,0.07368,0
27.9188,107,Vehicle,ChannelLoad,0.07368,0
27.9191,2273,RSU,TX_Throughput,13680,0
27.9191,2273,RSU,TX_ObjectCount,4,0
27.9197,7720,Vehicle,TX_Throughput,7760,0
27.9197,7720,Vehicle,TX_ObjectCount,1,0
27.9201,182,RSU,ChannelLoad,0.08392,0
27.9201,182,RSU,ChannelLoad,0.08392,0
27.9202,862,Vehicle,ChannelLoad,0.07248,0
27.9202,862,Vehicle,ChannelLoad,0.07248,0
27.9207,6976,Vehicle,TX_Throughput,7760,0
27.9207,6976,Vehicle,TX_ObjectCount,1,0
27.921,8018,Vehicle,ChannelLoad,0.07008,0
27.921,8018,Vehicle,ChannelLoad,0.07008,0
27.9212,2051,Vehicle,TX_Throughput,10560,0
27.9212,2051,Vehicle,TX_ObjectCount,2,0
27.9223,1828,Vehicle,ChannelLoad,0.04904,0
27.9223,1828,Vehicle,ChannelLoad,0.04904,0
27.9228,6146,Vehicle,ChannelLoad,0.07096,0
27.9228,6146,Vehicle,ChannelLoad,0.07096,0
27.9231,1901,RSU,ChannelLoad,0.0728,0
27.9231,1901,RSU,ChannelLoad,0.0728,0
27.9231,7795,Vehicle,TX_Throughput,4560,0
27.9231,7795,Vehicle,TX_ObjectCount,0,0
27.9237,3692,Vehicle,ChannelLoad,0.08664,0
27.9237,3692,Vehicle,ChannelLoad,0.08664,0
27.9238,9281,Vehicle,TX_Throughput,4560,0
27.9238,9281,Vehicle,TX_ObjectCount,0,0
27.9244,5627,RSU,TX_Throughput,5280,0
27.9244,5627,RSU,TX_ObjectCount,1,0
27.925,2799,Vehicle,ChannelLoad,0.06328,0
27.925,2799,Vehicle,ChannelLoad,0.06328,0
27.9251,8694,RSU,TX_Throughput,2080,0
27.9251,8694,RSU,TX_ObjectCount,0,0
27.9256,9133,Vehicle,ChannelLoad,0.07352,0
27.9256,9133,Vehicle,ChannelLoad,0.07352,0
27.9281,6826,RSU,TX_Throughput,5280,0
27.9281,6826,RSU,TX_ObjectCount,1,0
27.9282,3989,RSU,TX_Throughput,8080,0
27.9282,3989,RSU,TX_ObjectCount,2,0
27.9286,2947,Vehicle,TX_Throughput,10560,0
27.9286,2947,Vehicle,TX_ObjectCount,2,0
27.9289,8091,RSU,ChannelLoad,0.07808,0
27.9289,8091,RSU,ChannelLoad,0.07808,0
27.929,9574,Vehicle,TX_Throughput,4560,0
27.929,9574,Vehicle,TX_ObjectCount,0,0
27.9294,3765,RSU,TX_Throughput,2080,0
27.9294,3765,RSU,TX_ObjectCount,0,0
27.9315,8091,RSU,TX_Throughput,5280,0
27.9315,8091,RSU,TX_ObjectCount,1,0
27.9317,8311,Vehicle,TX_Throughput,4560,0
27.9317,8311,Vehicle,TX_ObjectCount,0,0
27.9318,937,Vehicle,ChannelLoad,0.0472,0
27.9318,937,Vehicle,ChannelLoad,0.0472,0
27.9319,4512,Vehicle,TX_Throughput,7760,0
27.9319,4512,Vehicle,TX_ObjectCount,1,0
27.9326,8165,Vehicle,ChannelLoad,0.05888,0
27.9326,8165,Vehicle,ChannelLoad,0.05888,0
27.9333,3765,RSU,ChannelLoad,0.06944,0
27.9333,3765,RSU,ChannelLoad,0.06944,0
27.9334,3692,Vehicle,TX_Throughput,4560,0
27.9334,3692,Vehicle,TX_ObjectCount,0,0
27.9336,5187,Vehicle,TX_Throughput,13360,0
27.9336,5187,Vehicle,TX_ObjectCount,3,0
27.934,8768,Vehicle,TX_Throughput,7760,0
27.934,8768,Vehicle,TX_ObjectCount,1,0
27.9341,416,Vehicle,TX_Throughput,10560,0
27.9341,416,Vehicle,TX_ObjectCount,2,0
27.9342,7055,RSU,TX_Throughput,5280,0
27.9342,7055,RSU,TX_ObjectCount,1,0
27.9343,6223,Vehicle,ChannelLoad,0.06768,0
27.9343,6223,Vehicle,ChannelLoad,0.06768,0
27.9344,29,RSU,TX_Throughput,8080,0
27.9344,29,RSU,TX_ObjectCount,2,0
27.9344,562,Vehicle,TX_Throughput,4560,0
27.9344,562,Vehicle,TX_ObjectCount,0,0
27.9346,9501,Vehicle,TX_Throughput,7760,0
27.9346,9501,Vehicle,TX_ObjectCount,1,0
27.9348,1755,Vehicle,TX_Throughput,4560,0
27.9348,1755,Vehicle,TX_ObjectCount,0,0
27.935,2569,RSU,TX_Throughput,19280,0
27.935,2569,RSU,TX_ObjectCount,6,0
27.9352,7278,RSU,ChannelLoad,0.09584,0
27.9352,7278,RSU,ChannelLoad,0.09584,0
27.9359,5113,RSU,TX_Throughput,10880,0
27.9359,5113,RSU,TX_ObjectCount,3,0
27.9369,7352,Vehicle,ChannelLoad,0.0628,0
27.9369,7352,Vehicle,ChannelLoad,0.0628,0
27.937,5701,RSU,TX_Throughput,5280,0
27.937,5701,RSU,TX_ObjectCount,1,0
27.937,3839,Vehicle,ChannelLoad,0.06872,0
27.937,3839,Vehicle,ChannelLoad,0.06872,0
27.9374,4599,Vehicle,ChannelLoad,0.084,0
27.9374,4599,Vehicle,ChannelLoad,0.084,0
27.9376,3912,Vehicle,ChannelLoad,0.05048,0
27.9376,3912,Vehicle,ChannelLoad,0.05048,0
27.9379,8311,Vehicle,ChannelLoad,0.05264,0
27.9379,8311,Vehicle,ChannelLoad,0.05264,0
27.938,2874,Vehicle,ChannelLoad,0.02216,0
27.938,2874,Vehicle,ChannelLoad,0.02216,0
27.9384,4360,Vehicle,TX_Throughput,7760,0
27.9384,4360,Vehicle,TX_ObjectCount,1,0
27.9385,6071,Vehicle,TX_Throughput,4560,0
27.9385,6071,Vehicle,TX_ObjectCount,0,0
27.9389,6298,RSU,ChannelLoad,0.09296,0
27.9389,6298,RSU,ChannelLoad,0.09296,0
27.9393,7425,Vehicle,ChannelLoad,0.06264,0
27.9393,7425,Vehicle,ChannelLoad,0.06264,0
27.9399,6372,Vehicle,ChannelLoad,0.0516,0
27.9399,6372,Vehicle,ChannelLoad,0.0516,0
27.9404,1014,Vehicle,ChannelLoad,0.05552,0
27.9404,1014,Vehicle,ChannelLoad,0.05552,0
27.9414,8384,RSU,ChannelLoad,0.07904,0
27.9414,8384,RSU,ChannelLoad,0.07904,0
27.9417,4745,Vehicle,TX_Throughput,4560,0
27.9417,4745,Vehicle,TX_ObjectCount,0,0
27.9422,1977,RSU,TX_Throughput,2080,0
27.9422,1977,RSU,TX_ObjectCount,0,0
27.9429,3912,Vehicle,TX_Throughput,4560,0
27.9429,3912,Vehicle,TX_ObjectCount,0,0
27.9431,1165,Vehicle,TX_Throughput,7760,0
27.9431,1165,Vehicle,TX_ObjectCount,1,0
27.9436,7943,Vehicle,TX_Throughput,4560,0
27.9436,7943,Vehicle,TX_ObjectCount,0,0
27.9437,9208,Vehicle,ChannelLoad,0.04488,0
27.9437,9208,Vehicle,ChannelLoad,0.04488,0
27.9438,343,Vehicle,TX_Throughput,10560,0
27.9438,343,Vehicle,TX_ObjectCount,2,0
27.9447,9281,Vehicle,ChannelLoad,0.0556,0
27.9447,9281,Vehicle,ChannelLoad,0.0556,0
27.9449,4672,Vehicle,ChannelLoad,0.07408,0
27.9449,4672,Vehicle,ChannelLoad,0.07408,0
27.9452,4287,Vehicle,TX_Throughput,7760,0
27.9452,4287,Vehicle,TX_ObjectCount,1,0
27.9454,1678,Vehicle,TX_Throughput,4560,0
27.9454,1678,Vehicle,TX_ObjectCount,0,0
27.9459,6445,Vehicle,ChannelLoad,0.08904,0
27.9459,6445,Vehicle,ChannelLoad,0.08904,0
27.9461,9354,Vehicle,TX_Throughput,4560,0
27.9461,9354,Vehicle,TX_ObjectCount,0,0
27.9464,1089,RSU,ChannelLoad,0.10592,0
27.9464,1089,RSU,ChannelLoad,0.10592,0
27.9466,5334,Vehicle,TX_Throughput,4560,0
27.9466,5334,Vehicle,TX_ObjectCount,0,0
27.9469,9427,RSU,TX_Throughput,10880,0
27.9469,9427,RSU,TX_ObjectCount,3,0
27.9471,3989,RSU,ChannelLoad,0.0608,0
27.9471,3989,RSU,ChannelLoad,0.0608,0
27.9472,6518,Vehicle,ChannelLoad,0.05936,0
27.9472,6518,Vehicle,ChannelLoad,0.05936,0
27.9474,2420,Vehicle,TX_Throughput,4560,0
27.9474,2420,Vehicle,TX_ObjectCount,0,0
27.9477,6146,Vehicle,TX_Throughput,7760,0
27.9477,6146,Vehicle,TX_ObjectCount,1,0
27.9481,1238,Vehicle,TX_Throughput,4560,0
27.9481,1238,Vehicle,TX_ObjectCount,0,0
27.9482,6591,Vehicle,ChannelLoad,0.04512,0
27.9482,6591,Vehicle,ChannelLoad,0.04512,0
27.9483,6445,Vehicle,TX_Throughput,7760,0
27.9483,6445,Vehicle,TX_ObjectCount,1,0
27.9488,1977,RSU,ChannelLoad,0.1012,0
27.9488,1977,RSU,ChannelLoad,0.1012,0
27.9488,4745,Vehicle,ChannelLoad,0.06776,0
27.9488,4745,Vehicle,ChannelLoad,0.06776,0
27.9492,4063,RSU,ChannelLoad,0.05704,0
27.9492,4063,RSU,ChannelLoad,0.05704,0
27.9496,9354,Vehicle,ChannelLoad,0.06144,0
27.9496,9354,Vehicle,ChannelLoad,0.06144,0
27.9496,5852,Vehicle,TX_Throughput,7760,0
27.9496,5852,Vehicle,TX_ObjectCount,1,0
27.9499,4137,Vehicle,ChannelLoad,0.07792,0
27.9499,4137,Vehicle,ChannelLoad,0.07792,0
27.9511,8543,Vehicle,TX_Throughput,7760,0
27.9511,8543,Vehicle,TX_ObjectCount,1,0
27.9527,9427,RSU,ChannelLoad,0.08576,0
27.9527,9427,RSU,ChannelLoad,0.08576,0
27.9528,6664,Vehicle,ChannelLoad,0.05008,0
27.9528,6664,Vehicle,ChannelLoad,0.05008,0
27.9528,4818,RSU,ChannelLoad,0.06272,0
27.9528,4818,RSU,ChannelLoad,0.06272,0
27.9533,2051,Vehicle,ChannelLoad,0.09248,0
27.9533,2051,Vehicle,ChannelLoad,0.09248,0
27.9539,937,Vehicle,TX_Throughput,4560,0
27.9539,937,Vehicle,TX_ObjectCount,0,0
27.9557,1385,Vehicle,TX_Throughput,10560,0
27.9557,1385,Vehicle,TX_ObjectCount,2,0
27.9561,7500,RSU,ChannelLoad,0.0696,0
27.9561,7500,RSU,ChannelLoad,0.0696,0
27.9562,4212,Vehicle,ChannelLoad,0.05008,0
27.9562,4212,Vehicle,ChannelLoad,0.05008,0
27.9572,9501,Vehicle,ChannelLoad,0.07112,0
27.9572,9501,Vehicle,ChannelLoad,0.07112,0
27.9582,2947,Vehicle,ChannelLoad,0.06264,0
27.9582,2947,Vehicle,ChannelLoad,0.06264,0
27.9586,7574,Vehicle,ChannelLoad,0.0536,0
27.9586,7574,Vehicle,ChannelLoad,0.0536,0
27.9589,4063,RSU,TX_Throughput,5280,0
27.9589,4063,RSU,TX_ObjectCount,1,0
27.9589,9574,Vehicle,ChannelLoad,0.05472,0
27.9589,9574,Vehicle,ChannelLoad,0.05472,0
27.959,1165,Vehicle,ChannelLoad,0.04968,0
27.959,1165,Vehicle,ChannelLoad,0.04968,0
27.959,5407,RSU,TX_Throughput,5280,0
27.959,5407,RSU,TX_ObjectCount,1,0
27.9594,3020,Vehicle,ChannelLoad,0.06,0
27.9594,3020,Vehicle,ChannelLoad,0.06,0
27.9595,7574,Vehicle,TX_Throughput,7760,0
27.9595,7574,Vehicle,TX_ObjectCount,1,0
27.9597,6591,Vehicle,TX_Throughput,4560,0
27.9597,6591,Vehicle,TX_ObjectCount,0,0
27.96,489,Vehicle,TX_Throughput,4560,0
27.96,489,Vehicle,TX_ObjectCount,0,0
27.9602,3243,RSU,TX_Throughput,5280,0
27.9602,3243,RSU,TX_ObjectCount,1,0
27.9603,3839,Vehicle,TX_Throughput,7760,0
27.9603,3839,Vehicle,TX_ObjectCount,1,0
27.9603,7868,Vehicle,TX_Throughput,4560,0
27.9603,7868,Vehicle,TX_ObjectCount,0,0
27.9604,9721,Vehicle,TX_Throughput,13360,0
27.9604,9721,Vehicle,TX_ObjectCount,3,0
27.9613,8018,Vehicle,TX_Throughput,4560,0
27.9613,8018,Vehicle,TX_ObjectCount,0,0
27.9613,1238,Vehicle,ChannelLoad,0.05624,0
27.9613,1238,Vehicle,ChannelLoad,0.05624,0
27.9615,9867,Vehicle,TX_Throughput,4560,0
27.9615,9867,Vehicle,TX_ObjectCount,0,0
27.9621,8618,RSU,TX_Throughput,5280,0
27.9621,8618,RSU,TX_ObjectCount,1,0
27.9622,9647,RSU,ChannelLoad,0.10176,0
27.9622,9647,RSU,ChannelLoad,0.10176,0
27.9627,4818,RSU,TX_Throughput,8080,0
27.9627,4818,RSU,TX_ObjectCount,2,0
27.9631,4137,Vehicle,TX_Throughput,10560,0
27.9631,4137,Vehicle,TX_ObjectCount,2,0
27.9632,4599,Vehicle,TX_Throughput,4560,0
27.9632,4599,Vehicle,TX_ObjectCount,0,0
27.9634,4672,Vehicle,TX_Throughput,7760,0
27.9634,4672,Vehicle,TX_ObjectCount,1,0
27.9637,9721,Vehicle,ChannelLoad,0.07864,0
27.9637,9721,Vehicle,ChannelLoad,0.07864,0
27.9637,3095,Vehicle,ChannelLoad,0.0892,0
27.9637,3095,Vehicle,ChannelLoad,0.0892,0
27.9638,9208,Vehicle,TX_Throughput,4560,0
27.9638,9208,Vehicle,TX_ObjectCount,0,0
27.9647,2126,RSU,ChannelLoad,0.07592,0
27.9647,2126,RSU,ChannelLoad,0.07592,0
27.9649,1311,RSU,ChannelLoad,0.0604,0
27.9649,1311,RSU,ChannelLoad,0.0604,0
27.9652,4892,Vehicle,ChannelLoad,0.03752,0
27.9652,4892,Vehicle,ChannelLoad,0.03752,0
27.9654,2200,Vehicle,ChannelLoad,0.07232,0
27.9654,2200,Vehicle,ChannelLoad,0.07232,0
27.9663,4287,Vehicle,ChannelLoad,0.07008,0
27.9663,4287,Vehicle,ChannelLoad,0.07008,0
27.9669,4439,Vehicle,TX_Throughput,4560,0
27.9669,4439,Vehicle,TX_ObjectCount,0,0
27.967,4967,Vehicle,TX_Throughput,7760,0
27.967,4967,Vehicle,TX_ObjectCount,1,0
27.9672,6298,RSU,TX_Throughput,8080,0
27.9672,6298,RSU,TX_ObjectCount,2,0
27.9674,8914,Vehicle,TX_Throughput,4560,0
27.9674,8914,Vehicle,TX_ObjectCount,0,0
27.9674,6747,Vehicle,ChannelLoad,0.03784,0
27.9674,6747,Vehicle,ChannelLoad,0.03784,0
27.968,4967,Vehicle,ChannelLoad,0.0592,0
27.968,4967,Vehicle,ChannelLoad,0.0592,0
27.9682,3168,Vehicle,ChannelLoad,0.062,0
27.9682,3168,Vehicle,ChannelLoad,0.062,0
27.9684,5040,Vehicle,ChannelLoad,0.06312,0
27.9684,5040,Vehicle,ChannelLoad,0.06312,0
27.9687,4360,Vehicle,ChannelLoad,0.09184,0
27.9687,4360,Vehicle,ChannelLoad,0.09184,0
27.9688,1605,Vehicle,TX_Throughput,10560,0
27.9688,1605,Vehicle,TX_ObjectCount,2,0
27.9696,5113,RSU,ChannelLoad,0.09128,0
27.9696,5113,RSU,ChannelLoad,0.09128,0
27.9697,8987,Vehicle,TX_Throughput,4560,0
27.9697,8987,Vehicle,TX_ObjectCount,0,0
27.9698,3243,RSU,ChannelLoad,0.07304,0
27.9698,3243,RSU,ChannelLoad,0.07304,0
27.9698,9794,Vehicle,ChannelLoad,0.03024,0
27.9698,9794,Vehicle,ChannelLoad,0.03024,0
27.97,2273,RSU,ChannelLoad,0.10456,0
27.97,2273,RSU,ChannelLoad,0.10456,0
27.9701,8470,Vehicle,ChannelLoad,0.05392,0
27.9701,8470,Vehicle,ChannelLoad,0.05392,0
27.9702,5187,Vehicle,ChannelLoad,0.0812,0
27.9702,5187,Vehicle,ChannelLoad,0.0812,0
27.9709,1385,Vehicle,ChannelLoad,0.05488,0
27.9709,1385,Vehicle,ChannelLoad,0.05488,0
27.971,270,Vehicle,ChannelLoad,0.06208,0
27.971,270,Vehicle,ChannelLoad,0.06208,0
27.9719,9867,Vehicle,ChannelLoad,0.05832,0
27.9719,9867,Vehicle,ChannelLoad,0.05832,0
27.9722,9647,RSU,TX_Throughput,2080,0
27.9722,9647,RSU,TX_ObjectCount,0,0
27.9723,5260,RSU,ChannelLoad,0.11016,0
27.9723,5260,RSU,ChannelLoad,0.11016,0
27.9725,5925,Vehicle,TX_Throughput,7760,0
27.9725,5925,Vehicle,TX_ObjectCount,1,0
27.9727,2347,Vehicle,ChannelLoad,0.04968,0
27.9727,2347,Vehicle,ChannelLoad,0.04968,0
27.9727,7202,RSU,TX_Throughput,5280,0
27.9727,7202,RSU,TX_ObjectCount,1,0
27.9735,787,Vehicle,TX_Throughput,7760,0
27.9735,787,Vehicle,TX_ObjectCount,1,0
27.9742,7647,Vehicle,ChannelLoad,0.05016,0
27.9742,7647,Vehicle,ChannelLoad,0.05016,0
27.9756,8841,Vehicle,TX_Throughput,7760,0
27.9756,8841,Vehicle,TX_ObjectCount,1,0
27.9759,5334,Vehicle,ChannelLoad,0.07664,0
27.9759,5334,Vehicle,ChannelLoad,0.07664,0
27.9762,5407,RSU,ChannelLoad,0.10152,0
27.9762,5407,RSU,ChannelLoad,0.10152,0
27.9765,9940,Vehicle,ChannelLoad,0.11072,0
27.9765,9940,Vehicle,ChannelLoad,0.11072,0
27.9771,5554,Vehicle,TX_Throughput,4560,0
27.9771,5554,Vehicle,TX_ObjectCount,0,0
27.9777,4439,Vehicle,ChannelLoad,0.05912,0
27.9777,4439,Vehicle,ChannelLoad,0.05912,0
27.9777,2420,Vehicle,ChannelLoad,0.09864,0
27.9777,2420,Vehicle,ChannelLoad,0.09864,0
27.9778,6826,RSU,ChannelLoad,0.12512,0
27.9778,6826,RSU,ChannelLoad,0.12512,0
27.9781,2495,RSU,TX_Throughput,8080,0
27.9781,2495,RSU,TX_ObjectCount,2,0
27.9782,7720,Vehicle,ChannelLoad,0.07792,0
27.9782,7720,Vehicle,ChannelLoad,0.07792,0
27.9782,8543,Vehicle,ChannelLoad,0.0512,0
27.9782,8543,Vehicle,ChannelLoad,0.0512,0
27.9782,3095,Vehicle,TX_Throughput,7760,0
27.9782,3095,Vehicle,TX_ObjectCount,1,0
27.9784,7500,RSU,TX_Throughput,2080,0
27.9784,7500,RSU,TX_ObjectCount,0,0
27.9786,10015,Vehicle,ChannelLoad,0.0856,0
27.9786,10015,Vehicle,ChannelLoad,0.0856,0
27.9794,3392,Vehicle,TX_Throughput,4560,0
27.9794,3392,Vehicle,TX_ObjectCount,0,0
27.98,4512,Vehicle,ChannelLoad,0.06824,0
27.98,4512,Vehicle,ChannelLoad,0.06824,0
27.9801,6902,RSU,ChannelLoad,0.0736,0
27.9801,6902,RSU,ChannelLoad,0.0736,0
27.9805,7795,Vehicle,ChannelLoad,0.07048,0
27.9805,7795,Vehicle,ChannelLoad,0.07048,0
27.9814,5775,Vehicle,TX_Throughput,10560,0
27.9814,5775,Vehicle,TX_ObjectCount,2,0
27.9816,1311,RSU,TX_Throughput,5280,0
27.9816,1311,RSU,TX_ObjectCount,1,0
27.9817,1089,RSU,TX_Throughput,10880,0
27.9817,1089,RSU,TX_ObjectCount,3,0
27.9818,6976,Vehicle,ChannelLoad,0.09096,0
27.9818,6976,Vehicle,ChannelLoad,0.09096,0
27.9819,5481,Vehicle,ChannelLoad,0.0952,0
27.9819,5481,Vehicle,ChannelLoad,0.0952,0
27.982,5554,Vehicle,ChannelLoad,0.08808,0
27.982,5554,Vehicle,ChannelLoad,0.08808,0
27.9824,4212,Vehicle,TX_Throughput,7760,0
27.9824,4212,Vehicle,TX_ObjectCount,1,0
27.9825,7278,RSU,TX_Throughput,10880,0
27.9825,7278,RSU,TX_ObjectCount,3,0
27.9831,343,Vehicle,ChannelLoad,0.07784,0
27.9831,343,Vehicle,ChannelLoad,0.07784,0
27.9832,1458,RSU,ChannelLoad,0.10424,0
27.9832,1458,RSU,ChannelLoad,0.10424,0
27.9843,8165,Vehicle,TX_Throughput,4560,0
27.9843,8165,Vehicle,TX_ObjectCount,0,0
27.9844,6902,RSU,TX_Throughput,8080,0
27.9844,6902,RSU,TX_ObjectCount,2,0
27.9844,3319,Vehicle,ChannelLoad,0.084,0
27.9844,3319,Vehicle,ChannelLoad,0.084,0
27.9853,7352,Vehicle,TX_Throughput,4560,0
27.9853,7352,Vehicle,TX_ObjectCount,0,0
27.9855,3541,RSU,TX_Throughput,5280,0
27.9855,3541,RSU,TX_ObjectCount,1,0
27.9857,2126,RSU,TX_Throughput,8080,0
27.9857,2126,RSU,TX_ObjectCount,2,0
27.9863,1532,Vehicle,ChannelLoad,0.07016,0
27.9863,1532,Vehicle,ChannelLoad,0.07016,0
27.9863,107,Vehicle,TX_Throughput,4560,0
27.9863,107,Vehicle,TX_ObjectCount,0,0
27.9865,3392,Vehicle,ChannelLoad,0.09576,0
27.9865,3392,Vehicle,ChannelLoad,0.09576,0
27.9865,5627,RSU,ChannelLoad,0.11392,0
27.9865,5627,RSU,ChannelLoad,0.11392,0
27.9871,416,Vehicle,ChannelLoad,0.06808,0
27.9871,416,Vehicle,ChannelLoad,0.06808,0
27.9873,2200,Vehicle,TX_Throughput,4560,0
27.9873,2200,Vehicle,TX_ObjectCount,0,0
27.9873,7129,Vehicle,TX_Throughput,4560,0
27.9873,7129,Vehicle,TX_ObjectCount,0,0
27.9885,2495,RSU,ChannelLoad,0.08288,0
27.9885,2495,RSU,ChannelLoad,0.08288,0
27.9891,8384,RSU,TX_Throughput,10880,0
27.9891,8384,RSU,TX_ObjectCount,3,0
27.9894,2569,RSU,ChannelLoad,0.10392,0
27.9894,2569,RSU,ChannelLoad,0.10392,0
27.9902,7647,Vehicle,TX_Throughput,4560,0
27.9902,7647,Vehicle,TX_ObjectCount,0,0
27.9916,8618,RSU,ChannelLoad,0.07704,0
27.9916,8618,RSU,ChannelLoad,0.07704,0
27.9917,7868,Vehicle,ChannelLoad,0.04544,0
27.9917,7868,Vehicle,ChannelLoad,0.04544,0
27.992,3619,Vehicle,TX_Throughput,4560,0
27.992,3619,Vehicle,TX_ObjectCount,0,0
27.992,5701,RSU,ChannelLoad,0.10528,0
27.992,5701,RSU,ChannelLoad,0.10528,0
27.9928,5775,Vehicle,ChannelLoad,0.08552,0
27.9928,5775,Vehicle,ChannelLoad,0.08552,0
27.9932,1532,Vehicle,TX_Throughput,10560,0
27.9932,1532,Vehicle,TX_ObjectCount,2,0
27.9939,489,Vehicle,ChannelLoad,0.04968,0
27.9939,489,Vehicle,ChannelLoad,0.04968,0
27.9941,1014,Vehicle,TX_Throughput,4560,0
27.9941,1014,Vehicle,TX_ObjectCount,0,0
27.9955,9133,Vehicle,TX_Throughput,7760,0
27.9955,9133,Vehicle,TX_ObjectCount,1,0
27.996,8694,RSU,ChannelLoad,0.0912,0
27.996,8694,RSU,ChannelLoad,0.0912,0
27.9961,3467,RSU,ChannelLoad,0.10248,0
27.9961,3467,RSU,ChannelLoad,0.10248,0
27.9961,562,Vehicle,ChannelLoad,0.04456,0
27.9961,562,Vehicle,ChannelLoad,0.04456,0
27.9962,4892,Vehicle,TX_Throughput,7760,0
27.9962,4892,Vehicle,TX_ObjectCount,1,0
27.9966,1605,Vehicle,ChannelLoad,0.05608,0
27.9966,1605,Vehicle,ChannelLoad,0.05608,0
27.997,2649,Vehicle,TX_Throughput,4560,0
27.997,2649,Vehicle,TX_ObjectCount,0,0
27.9972,1458,RSU,TX_Throughput,8080,0
27.9972,1458,RSU,TX_ObjectCount,2,0
27.9978,3541,RSU,ChannelLoad,0.07016,0
27.9978,3541,RSU,ChannelLoad,0.07016,0
27.9981,2347,Vehicle,TX_Throughput,4560,0
27.9981,2347,Vehicle,TX_ObjectCount,0,0
27.9987,10015,Vehicle,TX_Throughput,4560,0
27.9987,10015,Vehicle,TX_ObjectCount,0,0
27.9997,5040,Vehicle,TX_Throughput,4560,0
27.9997,5040,Vehicle,TX_ObjectCount,0,0
