Timestamp,StationID,StationType,Metric,Value,ObjectID
25.1047,29,RSU,ChannelLoad,0,0
25.1047,29,RSU,ChannelLoad,0,0
25.1047,29,RSU,TX_Throughput,2080,0
25.1047,29,RSU,TX_ObjectCount,0,0
25.1188,107,Vehicle,ChannelLoad,0.00208,0
25.1188,107,Vehicle,ChannelLoad,0.00208,0
25.1188,107,Vehicle,TX_Throughput,4560,0
25.1188,107,Vehicle,TX_ObjectCount,0,0
25.1201,182,RSU,ChannelLoad,0,0
25.1201,182,RSU,ChannelLoad,0,0
25.1201,182,RSU,TX_Throughput,5280,0
25.1201,182,RSU,TX_ObjectCount,1,0
25.171,270,Vehicle,ChannelLoad,0,0
25.171,270,Vehicle,ChannelLoad,0,0
25.171,270,Vehicle,TX_Throughput,4560,0
25.171,270,Vehicle,TX_ObjectCount,0,0
25.1831,343,Vehicle,ChannelLoad,0,0
25.1831,343,Vehicle,ChannelLoad,0,0
25.1831,343,Vehicle,TX_Throughput,4560,0
25.1831,343,Vehicle,TX_ObjectCount,0,0
25.1871,416,Vehicle,ChannelLoad,0.00208,0
25.1871,416,Vehicle,ChannelLoad,0.00208,0
25.1871,416,Vehicle,TX_Throughput,4560,0
25.1871,416,Vehicle,TX_ObjectCount,0,0
25.1939,489,Vehicle,ChannelLoad,0.00248,0
25.1939,489,Vehicle,ChannelLoad,0.00248,0
25.1939,489,Vehicle,TX_Throughput,4560,0
25.1939,489,Vehicle,TX_ObjectCount,0,0
25.1961,562,Vehicle,ChannelLoad,0,0
25.1961,562,Vehicle,ChannelLoad,0,0
25.1961,562,Vehicle,TX_Throughput,4560,0
25.1961,562,Vehicle,TX_ObjectCount,0,0
25.202,639,Vehicle,ChannelLoad,0,0
25.202,639,Vehicle,ChannelLoad,0,0
25.202,639,Vehicle,TX_Throughput,4560,0
25.202,639,Vehicle,TX_ObjectCount,0,0
25.2047,29,RSU,ChannelLoad,0.00688,0
25.2047,29,RSU,ChannelLoad,0.00688,0
25.2047,29,RSU,TX_Throughput,2080,0
25.2047,29,RSU,TX_ObjectCount,0,0
25.2187,718,Vehicle,ChannelLoad,0.00208,0
25.2187,718,Vehicle,ChannelLoad,0.00208,0
25.2187,718,Vehicle,TX_Throughput,4560,0
25.2187,718,Vehicle,TX_ObjectCount,0,0
25.2188,107,Vehicle,ChannelLoad,0.00192,0
25.2188,107,Vehicle,ChannelLoad,0.00192,0
25.2188,107,Vehicle,TX_Throughput,7760,0
25.2188,107,Vehicle,TX_ObjectCount,1,0
25.2201,182,RSU,ChannelLoad,0.00208,0
25.2201,182,RSU,ChannelLoad,0.00208,0
25.2201,182,RSU,TX_Throughput,5280,0
25.2201,182,RSU,TX_ObjectCount,1,0
25.2202,791,Vehicle,ChannelLoad,0,0
25.2202,791,Vehicle,ChannelLoad,0,0
25.2202,791,Vehicle,TX_Throughput,4560,0
25.2202,791,Vehicle,TX_ObjectCount,0,0
25.2318,866,Vehicle,ChannelLoad,0,0
25.2318,866,Vehicle,ChannelLoad,0,0
25.2318,866,Vehicle,TX_Throughput,4560,0
25.2318,866,Vehicle,TX_ObjectCount,0,0
25.2382,941,Vehicle,ChannelLoad,0,0
25.2382,941,Vehicle,ChannelLoad,0,0
25.2382,941,Vehicle,TX_Throughput,4560,0
25.2382,941,Vehicle,TX_ObjectCount,0,0
25.2434,1016,Vehicle,ChannelLoad,0.00872,0
25.2434,1016,Vehicle,ChannelLoad,0.00872,0
25.2434,1016,Vehicle,TX_Throughput,4560,0
25.2434,1016,Vehicle,TX_ObjectCount,0,0
25.2464,1089,RSU,ChannelLoad,0.01496,0
25.2464,1089,RSU,ChannelLoad,0.01496,0
25.2464,1089,RSU,TX_Throughput,5280,0
25.2464,1089,RSU,TX_ObjectCount,1,0
25.2497,1163,Vehicle,ChannelLoad,0.00208,0
25.2497,1163,Vehicle,ChannelLoad,0.00208,0
25.2497,1163,Vehicle,TX_Throughput,4560,0
25.2497,1163,Vehicle,TX_ObjectCount,0,0
25.2613,1238,Vehicle,ChannelLoad,0.00688,0
25.2613,1238,Vehicle,ChannelLoad,0.00688,0
25.2613,1238,Vehicle,TX_Throughput,4560,0
25.2613,1238,Vehicle,TX_ObjectCount,0,0
25.2649,1311,RSU,ChannelLoad,0.00208,0
25.2649,1311,RSU,ChannelLoad,0.00208,0
25.2649,1311,RSU,TX_Throughput,2080,0
25.2649,1311,RSU,TX_ObjectCount,0,0
25.2709,1385,Vehicle,ChannelLoad,0.004,0
25.2709,1385,Vehicle,ChannelLoad,0.004,0
25.2709,1385,Vehicle,TX_Throughput,4560,0
25.2709,1385,Vehicle,TX_ObjectCount,0,0
25.271,270,Vehicle,ChannelLoad,0.00896,0
25.271,270,Vehicle,ChannelLoad,0.00896,0
25.271,270,Vehicle,TX_Throughput,4560,0
25.271,270,Vehicle,TX_ObjectCount,0,0
25.2831,343,Vehicle,ChannelLoad,0.00456,0
25.2831,343,Vehicle,ChannelLoad,0.00456,0
25.2831,343,Vehicle,TX_Throughput,4560,0
25.2831,343,Vehicle,TX_ObjectCount,0,0
25.2832,1458,RSU,ChannelLoad,0.01568,0
25.2832,1458,RSU,ChannelLoad,0.01568,0
25.2832,1458,RSU,TX_Throughput,2080,0
25.2832,1458,RSU,TX_ObjectCount,0,0
25.2871,416,Vehicle,ChannelLoad,0.00688,0
25.2871,416,Vehicle,ChannelLoad,0.00688,0
25.2871,416,Vehicle,TX_Throughput,4560,0
25.2871,416,Vehicle,TX_ObjectCount,0,0
25.2939,489,Vehicle,ChannelLoad,0.00424,0
25.2939,489,Vehicle,ChannelLoad,0.00424,0
25.2939,489,Vehicle,TX_Throughput,4560,0
25.2939,489,Vehicle,TX_ObjectCount,0,0
25.2961,562,Vehicle,ChannelLoad,0.00208,0
25.2961,562,Vehicle,ChannelLoad,0.00208,0
25.2961,562,Vehicle,TX_Throughput,4560,0
25.2961,562,Vehicle,TX_ObjectCount,0,0
25.302,639,Vehicle,ChannelLoad,0,0
25.302,639,Vehicle,ChannelLoad,0,0
25.302,639,Vehicle,TX_Throughput,4560,0
25.302,639,Vehicle,TX_ObjectCount,0,0
25.3047,29,RSU,ChannelLoad,0.0104,0
25.3047,29,RSU,ChannelLoad,0.0104,0
25.3047,29,RSU,TX_Throughput,2080,0
25.3047,29,RSU,TX_ObjectCount,0,0
25.3104,1538,Vehicle,ChannelLoad,0.00688,0
25.3104,1538,Vehicle,ChannelLoad,0.00688,0
25.3104,1538,Vehicle,TX_Throughput,4560,0
25.3104,1538,Vehicle,TX_ObjectCount,0,0
25.3166,1611,Vehicle,ChannelLoad,0.00888,0
25.3166,1611,Vehicle,ChannelLoad,0.00888,0
25.3166,1611,Vehicle,TX_Throughput,4560,0
25.3166,1611,Vehicle,TX_ObjectCount,0,0
25.3187,718,Vehicle,ChannelLoad,0.01136,0
25.3187,718,Vehicle,ChannelLoad,0.01136,0
25.3187,718,Vehicle,TX_Throughput,4560,0
25.3187,718,Vehicle,TX_ObjectCount,0,0
25.3188,107,Vehicle,ChannelLoad,0.0108,0
25.3188,107,Vehicle,ChannelLoad,0.0108,0
25.3188,107,Vehicle,TX_Throughput,4560,0
25.3188,107,Vehicle,TX_ObjectCount,0,0
25.3201,182,RSU,ChannelLoad,0.01248,0
25.3201,182,RSU,ChannelLoad,0.01248,0
25.3201,182,RSU,TX_Throughput,8080,0
25.3201,182,RSU,TX_ObjectCount,2,0
25.3202,791,Vehicle,ChannelLoad,0.0136,0
25.3202,791,Vehicle,ChannelLoad,0.0136,0
25.3202,791,Vehicle,TX_Throughput,4560,0
25.3202,791,Vehicle,TX_ObjectCount,0,0
25.3231,1688,RSU,ChannelLoad,0.022,0
25.3231,1688,RSU,ChannelLoad,0.022,0
25.3231,1688,RSU,TX_Throughput,5280,0
25.3231,1688,RSU,TX_ObjectCount,1,0
25.3318,866,Vehicle,ChannelLoad,0,0
25.3318,866,Vehicle,ChannelLoad,0,0
25.3318,866,Vehicle,TX_Throughput,4560,0
25.3318,866,Vehicle,TX_ObjectCount,0,0
25.3382,941,Vehicle,ChannelLoad,0.00896,0
25.3382,941,Vehicle,ChannelLoad,0.00896,0
25.3382,941,Vehicle,TX_Throughput,4560,0
25.3382,941,Vehicle,TX_ObjectCount,0,0
25.3434,1016,Vehicle,ChannelLoad,0.0088,0
25.3434,1016,Vehicle,ChannelLoad,0.0088,0
25.3434,1016,Vehicle,TX_Throughput,4560,0
25.3434,1016,Vehicle,TX_ObjectCount,0,0
25.3464,1089,RSU,ChannelLoad,0.02152,0
25.3464,1089,RSU,ChannelLoad,0.02152,0
25.3464,1089,RSU,TX_Throughput,2080,0
25.3464,1089,RSU,TX_ObjectCount,0,0
25.3488,1764,RSU,ChannelLoad,0.02544,0
25.3488,1764,RSU,ChannelLoad,0.02544,0
25.3488,1764,RSU,TX_Throughput,5280,0
25.3488,1764,RSU,TX_ObjectCount,1,0
25.3497,1163,Vehicle,ChannelLoad,0.01128,0
25.3497,1163,Vehicle,ChannelLoad,0.01128,0
25.3497,1163,Vehicle,TX_Throughput,4560,0
25.3497,1163,Vehicle,TX_ObjectCount,0,0
25.3613,1238,Vehicle,ChannelLoad,0.01344,0
25.3613,1238,Vehicle,ChannelLoad,0.01344,0
25.3613,1238,Vehicle,TX_Throughput,4560,0
25.3613,1238,Vehicle,TX_ObjectCount,0,0
25.3647,1842,RSU,ChannelLoad,0.0108,0
25.3647,1842,RSU,ChannelLoad,0.0108,0
25.3647,1842,RSU,TX_Throughput,8080,0
25.3647,1842,RSU,TX_ObjectCount,2,0
25.3649,1311,RSU,ChannelLoad,0.00688,0
25.3649,1311,RSU,ChannelLoad,0.00688,0
25.3649,1311,RSU,TX_Throughput,2080,0
25.3649,1311,RSU,TX_ObjectCount,0,0
25.37,1918,RSU,ChannelLoad,0.02288,0
25.37,1918,RSU,ChannelLoad,0.02288,0
25.37,1918,RSU,TX_Throughput,5280,0
25.37,1918,RSU,TX_ObjectCount,1,0
25.3709,1385,Vehicle,ChannelLoad,0.01608,0
25.3709,1385,Vehicle,ChannelLoad,0.01608,0
25.3709,1385,Vehicle,TX_Throughput,4560,0
25.3709,1385,Vehicle,TX_ObjectCount,0,0
25.371,270,Vehicle,ChannelLoad,0.0068,0
25.371,270,Vehicle,ChannelLoad,0.0068,0
25.371,270,Vehicle,TX_Throughput,4560,0
25.371,270,Vehicle,TX_ObjectCount,0,0
25.3727,1992,Vehicle,ChannelLoad,0.0048,0
25.3727,1992,Vehicle,ChannelLoad,0.0048,0
25.3727,1992,Vehicle,TX_Throughput,7760,0
25.3727,1992,Vehicle,TX_ObjectCount,1,0
25.3777,2065,Vehicle,ChannelLoad,0.01352,0
25.3777,2065,Vehicle,ChannelLoad,0.01352,0
25.3777,2065,Vehicle,TX_Throughput,7760,0
25.3777,2065,Vehicle,TX_ObjectCount,1,0
25.3831,343,Vehicle,ChannelLoad,0.01272,0
25.3831,343,Vehicle,ChannelLoad,0.01272,0
25.3831,343,Vehicle,TX_Throughput,4560,0
25.3831,343,Vehicle,TX_ObjectCount,0,0
25.3832,1458,RSU,ChannelLoad,0.01584,0
25.3832,1458,RSU,ChannelLoad,0.01584,0
25.3832,1458,RSU,TX_Throughput,2080,0
25.3832,1458,RSU,TX_ObjectCount,0,0
25.3871,416,Vehicle,ChannelLoad,0.01568,0
25.3871,416,Vehicle,ChannelLoad,0.01568,0
25.3871,416,Vehicle,TX_Throughput,4560,0
25.3871,416,Vehicle,TX_ObjectCount,0,0
25.3885,2140,RSU,ChannelLoad,0.02504,0
25.3885,2140,RSU,ChannelLoad,0.02504,0
25.3885,2140,RSU,TX_Throughput,2080,0
25.3885,2140,RSU,TX_ObjectCount,0,0
25.3894,2214,RSU,ChannelLoad,0.01672,0
25.3894,2214,RSU,ChannelLoad,0.01672,0
25.3894,2214,RSU,TX_Throughput,2080,0
25.3894,2214,RSU,TX_ObjectCount,0,0
25.3939,489,Vehicle,ChannelLoad,0.0088,0
25.3939,489,Vehicle,ChannelLoad,0.0088,0
25.3939,489,Vehicle,TX_Throughput,4560,0
25.3939,489,Vehicle,TX_ObjectCount,0,0
25.3961,562,Vehicle,ChannelLoad,0.01208,0
25.3961,562,Vehicle,ChannelLoad,0.01208,0
25.3961,562,Vehicle,TX_Throughput,4560,0
25.3961,562,Vehicle,TX_ObjectCount,0,0
25.402,639,Vehicle,ChannelLoad,0.0044,0
25.402,639,Vehicle,ChannelLoad,0.0044,0
25.402,639,Vehicle,TX_Throughput,4560,0
25.402,639,Vehicle,TX_ObjectCount,0,0
25.4047,29,RSU,ChannelLoad,0.01648,0
25.4047,29,RSU,ChannelLoad,0.01648,0
25.4047,29,RSU,TX_Throughput,5280,0
25.4047,29,RSU,TX_ObjectCount,1,0
25.4104,1538,Vehicle,ChannelLoad,0.002,0
25.4104,1538,Vehicle,ChannelLoad,0.002,0
25.4104,1538,Vehicle,TX_Throughput,4560,0
25.4104,1538,Vehicle,TX_ObjectCount,0,0
25.4154,2292,Vehicle,ChannelLoad,0.00608,0
25.4154,2292,Vehicle,ChannelLoad,0.00608,0
25.4154,2292,Vehicle,TX_Throughput,4560,0
25.4154,2292,Vehicle,TX_ObjectCount,0,0
25.4166,1611,Vehicle,ChannelLoad,0.01736,0
25.4166,1611,Vehicle,ChannelLoad,0.01736,0
25.4166,1611,Vehicle,TX_Throughput,4560,0
25.4166,1611,Vehicle,TX_ObjectCount,0,0
25.4172,2365,Vehicle,ChannelLoad,0.0156,0
25.4172,2365,Vehicle,ChannelLoad,0.0156,0
25.4172,2365,Vehicle,TX_Throughput,4560,0
25.4172,2365,Vehicle,TX_ObjectCount,0,0
25.4186,2440,Vehicle,ChannelLoad,0.0068,0
25.4186,2440,Vehicle,ChannelLoad,0.0068,0
25.4186,2440,Vehicle,TX_Throughput,7760,0
25.4186,2440,Vehicle,TX_ObjectCount,1,0
25.4187,718,Vehicle,ChannelLoad,0.016,0
25.4187,718,Vehicle,ChannelLoad,0.016,0
25.4187,718,Vehicle,TX_Throughput,4560,0
25.4187,718,Vehicle,TX_ObjectCount,0,0
25.4188,107,Vehicle,ChannelLoad,0.0124,0
25.4188,107,Vehicle,ChannelLoad,0.0124,0
25.4188,107,Vehicle,TX_Throughput,7760,0
25.4188,107,Vehicle,TX_ObjectCount,1,0
25.4201,182,RSU,ChannelLoad,0.02296,0
25.4201,182,RSU,ChannelLoad,0.02296,0
25.4201,182,RSU,TX_Throughput,10880,0
25.4201,182,RSU,TX_ObjectCount,3,0
25.4202,791,Vehicle,ChannelLoad,0.00928,0
25.4202,791,Vehicle,ChannelLoad,0.00928,0
25.4202,791,Vehicle,TX_Throughput,7760,0
25.4202,791,Vehicle,TX_ObjectCount,1,0
25.4231,1688,RSU,ChannelLoad,0.01,0
25.4231,1688,RSU,ChannelLoad,0.01,0
25.4231,1688,RSU,TX_Throughput,8080,0
25.4231,1688,RSU,TX_ObjectCount,2,0
25.4318,866,Vehicle,ChannelLoad,0.00688,0
25.4318,866,Vehicle,ChannelLoad,0.00688,0
25.4318,866,Vehicle,TX_Throughput,4560,0
25.4318,866,Vehicle,TX_ObjectCount,0,0
25.4382,941,Vehicle,ChannelLoad,0.0088,0
25.4382,941,Vehicle,ChannelLoad,0.0088,0
25.4382,941,Vehicle,TX_Throughput,4560,0
25.4382,941,Vehicle,TX_ObjectCount,0,0
25.4434,1016,Vehicle,ChannelLoad,0.01472,0
25.4434,1016,Vehicle,ChannelLoad,0.01472,0
25.4434,1016,Vehicle,TX_Throughput,4560,0
25.4434,1016,Vehicle,TX_ObjectCount,0,0
25.4464,1089,RSU,ChannelLoad,0.02456,0
25.4464,1089,RSU,ChannelLoad,0.02456,0
25.4464,1089,RSU,TX_Throughput,5280,0
25.4464,1089,RSU,TX_ObjectCount,1,0
25.4488,1764,RSU,ChannelLoad,0.0144,0
25.4488,1764,RSU,ChannelLoad,0.0144,0
25.4488,1764,RSU,TX_Throughput,2080,0
25.4488,1764,RSU,TX_ObjectCount,0,0
25.4497,1163,Vehicle,ChannelLoad,0.01,0
25.4497,1163,Vehicle,ChannelLoad,0.01,0
25.4497,1163,Vehicle,TX_Throughput,4560,0
25.4497,1163,Vehicle,TX_ObjectCount,0,0
25.4594,2523,Vehicle,ChannelLoad,0.02288,0
25.4594,2523,Vehicle,ChannelLoad,0.02288,0
25.4594,2523,Vehicle,TX_Throughput,4560,0
25.4594,2523,Vehicle,TX_ObjectCount,0,0
25.4595,2596,Vehicle,ChannelLoad,0.00872,0
25.4595,2596,Vehicle,ChannelLoad,0.00872,0
25.4595,2596,Vehicle,TX_Throughput,4560,0
25.4595,2596,Vehicle,TX_ObjectCount,0,0
25.4613,1238,Vehicle,ChannelLoad,0.02336,0
25.4613,1238,Vehicle,ChannelLoad,0.02336,0
25.4613,1238,Vehicle,TX_Throughput,4560,0
25.4613,1238,Vehicle,TX_ObjectCount,0,0
25.4637,2669,Vehicle,ChannelLoad,0.01592,0
25.4637,2669,Vehicle,ChannelLoad,0.01592,0
25.4637,2669,Vehicle,TX_Throughput,4560,0
25.4637,2669,Vehicle,TX_ObjectCount,0,0
25.4647,1842,RSU,ChannelLoad,0.02424,0
25.4647,1842,RSU,ChannelLoad,0.02424,0
25.4647,1842,RSU,TX_Throughput,2080,0
25.4647,1842,RSU,TX_ObjectCount,0,0
25.4649,1311,RSU,ChannelLoad,0.01416,0
25.4649,1311,RSU,ChannelLoad,0.01416,0
25.4649,1311,RSU,TX_Throughput,2080,0
25.4649,1311,RSU,TX_ObjectCount,0,0
25.4687,2744,Vehicle,ChannelLoad,0.02392,0
25.4687,2744,Vehicle,ChannelLoad,0.02392,0
25.4687,2744,Vehicle,TX_Throughput,4560,0
25.4687,2744,Vehicle,TX_ObjectCount,0,0
25.4698,2817,RSU,ChannelLoad,0.02168,0
25.4698,2817,RSU,ChannelLoad,0.02168,0
25.4698,2817,RSU,TX_Throughput,2080,0
25.4698,2817,RSU,TX_ObjectCount,0,0
25.47,1918,RSU,ChannelLoad,0.02008,0
25.47,1918,RSU,ChannelLoad,0.02008,0
25.47,1918,RSU,TX_Throughput,2080,0
25.47,1918,RSU,TX_ObjectCount,0,0
25.4709,1385,Vehicle,ChannelLoad,0.02008,0
25.4709,1385,Vehicle,ChannelLoad,0.02008,0
25.4709,1385,Vehicle,TX_Throughput,4560,0
25.4709,1385,Vehicle,TX_ObjectCount,0,0
25.471,270,Vehicle,ChannelLoad,0.01304,0
25.471,270,Vehicle,ChannelLoad,0.01304,0
25.471,270,Vehicle,TX_Throughput,4560,0
25.471,270,Vehicle,TX_ObjectCount,0,0
25.4727,1992,Vehicle,ChannelLoad,0.00792,0
25.4727,1992,Vehicle,ChannelLoad,0.00792,0
25.4727,1992,Vehicle,TX_Throughput,4560,0
25.4727,1992,Vehicle,TX_ObjectCount,0,0
25.4777,2065,Vehicle,ChannelLoad,0.0148,0
25.4777,2065,Vehicle,ChannelLoad,0.0148,0
25.4777,2065,Vehicle,TX_Throughput,7760,0
25.4777,2065,Vehicle,TX_ObjectCount,1,0
25.4831,343,Vehicle,ChannelLoad,0.01592,0
25.4831,343,Vehicle,ChannelLoad,0.01592,0
25.4831,343,Vehicle,TX_Throughput,7760,0
25.4831,343,Vehicle,TX_ObjectCount,1,0
25.4832,1458,RSU,ChannelLoad,0.0312,0
25.4832,1458,RSU,ChannelLoad,0.0312,0
25.4832,1458,RSU,TX_Throughput,2080,0
25.4832,1458,RSU,TX_ObjectCount,0,0
25.4834,2891,Vehicle,ChannelLoad,0.01888,0
25.4834,2891,Vehicle,ChannelLoad,0.01888,0
25.4834,2891,Vehicle,TX_Throughput,4560,0
25.4834,2891,Vehicle,TX_ObjectCount,0,0
25.4865,2966,Vehicle,ChannelLoad,0.01704,0
25.4865,2966,Vehicle,ChannelLoad,0.01704,0
25.4865,2966,Vehicle,TX_Throughput,4560,0
25.4865,2966,Vehicle,TX_ObjectCount,0,0
25.4871,416,Vehicle,ChannelLoad,0.01024,0
25.4871,416,Vehicle,ChannelLoad,0.01024,0
25.4871,416,Vehicle,TX_Throughput,4560,0
25.4871,416,Vehicle,TX_ObjectCount,0,0
25.4885,2140,RSU,ChannelLoad,0.02408,0
25.4885,2140,RSU,ChannelLoad,0.02408,0
25.4885,2140,RSU,TX_Throughput,8080,0
25.4885,2140,RSU,TX_ObjectCount,2,0
25.4894,2214,RSU,ChannelLoad,0.0192,0
25.4894,2214,RSU,ChannelLoad,0.0192,0
25.4894,2214,RSU,TX_Throughput,2080,0
25.4894,2214,RSU,TX_ObjectCount,0,0
25.4928,3039,Vehicle,ChannelLoad,0.01808,0
25.4928,3039,Vehicle,ChannelLoad,0.01808,0
25.4928,3039,Vehicle,TX_Throughput,4560,0
25.4928,3039,Vehicle,TX_ObjectCount,0,0
25.4939,489,Vehicle,ChannelLoad,0.00864,0
25.4939,489,Vehicle,ChannelLoad,0.00864,0
25.4939,489,Vehicle,TX_Throughput,4560,0
25.4939,489,Vehicle,TX_ObjectCount,0,0
25.4961,3112,RSU,ChannelLoad,0.02008,0
25.4961,3112,RSU,ChannelLoad,0.02008,0
25.4961,3112,RSU,TX_Throughput,2080,0
25.4961,3112,RSU,TX_ObjectCount,0,0
25.4961,562,Vehicle,ChannelLoad,0.01568,0
25.4961,562,Vehicle,ChannelLoad,0.01568,0
25.4961,562,Vehicle,TX_Throughput,4560,0
25.4961,562,Vehicle,TX_ObjectCount,0,0
25.4978,3186,RSU,ChannelLoad,0.01872,0
25.4978,3186,RSU,ChannelLoad,0.01872,0
25.4978,3186,RSU,TX_Throughput,2080,0
25.4978,3186,RSU,TX_ObjectCount,0,0
25.502,639,Vehicle,ChannelLoad,0.00896,0
25.502,639,Vehicle,ChannelLoad,0.00896,0
25.502,639,Vehicle,TX_Throughput,4560,0
25.502,639,Vehicle,TX_ObjectCount,0,0
25.5047,29,RSU,ChannelLoad,0.01704,0
25.5047,29,RSU,ChannelLoad,0.01704,0
25.5047,29,RSU,TX_Throughput,8080,0
25.5047,29,RSU,TX_ObjectCount,2,0
25.5104,1538,Vehicle,ChannelLoad,0.00616,0
25.5104,1538,Vehicle,ChannelLoad,0.00616,0
25.5104,1538,Vehicle,TX_Throughput,4560,0
25.5104,1538,Vehicle,TX_ObjectCount,0,0
25.5143,3260,Vehicle,ChannelLoad,0.02408,0
25.5143,3260,Vehicle,ChannelLoad,0.02408,0
25.5143,3260,Vehicle,TX_Throughput,7760,0
25.5143,3260,Vehicle,TX_ObjectCount,1,0
25.5144,3333,Vehicle,ChannelLoad,0.01736,0
25.5144,3333,Vehicle,ChannelLoad,0.01736,0
25.5144,3333,Vehicle,TX_Throughput,7760,0
25.5144,3333,Vehicle,TX_ObjectCount,1,0
25.5147,3406,Vehicle,ChannelLoad,0.01216,0
25.5147,3406,Vehicle,ChannelLoad,0.01216,0
25.5147,3406,Vehicle,TX_Throughput,4560,0
25.5147,3406,Vehicle,TX_ObjectCount,0,0
25.5154,2292,Vehicle,ChannelLoad,0.01912,0
25.5154,2292,Vehicle,ChannelLoad,0.01912,0
25.5154,2292,Vehicle,TX_Throughput,4560,0
25.5154,2292,Vehicle,TX_ObjectCount,0,0
25.5166,1611,Vehicle,ChannelLoad,0.01016,0
25.5166,1611,Vehicle,ChannelLoad,0.01016,0
25.5166,1611,Vehicle,TX_Throughput,4560,0
25.5166,1611,Vehicle,TX_ObjectCount,0,0
25.5172,2365,Vehicle,ChannelLoad,0.01232,0
25.5172,2365,Vehicle,ChannelLoad,0.01232,0
25.5172,2365,Vehicle,TX_Throughput,4560,0
25.5172,2365,Vehicle,TX_ObjectCount,0,0
25.5186,2440,Vehicle,ChannelLoad,0.02112,0
25.5186,2440,Vehicle,ChannelLoad,0.02112,0
25.5186,2440,Vehicle,TX_Throughput,4560,0
25.5186,2440,Vehicle,TX_ObjectCount,0,0
25.5187,718,Vehicle,ChannelLoad,0.02944,0
25.5187,718,Vehicle,ChannelLoad,0.02944,0
25.5187,718,Vehicle,TX_Throughput,4560,0
25.5187,718,Vehicle,TX_ObjectCount,0,0
25.5188,107,Vehicle,ChannelLoad,0.01496,0
25.5188,107,Vehicle,ChannelLoad,0.01496,0
25.5188,107,Vehicle,TX_Throughput,4560,0
25.5188,107,Vehicle,TX_ObjectCount,0,0
25.5201,182,RSU,ChannelLoad,0.02536,0
25.5201,182,RSU,ChannelLoad,0.02536,0
25.5201,182,RSU,TX_Throughput,5280,0
25.5201,182,RSU,TX_ObjectCount,1,0
25.5202,791,Vehicle,ChannelLoad,0.0224,0
25.5202,791,Vehicle,ChannelLoad,0.0224,0
25.5202,791,Vehicle,TX_Throughput,4560,0
25.5202,791,Vehicle,TX_ObjectCount,0,0
25.5231,1688,RSU,ChannelLoad,0.02384,0
25.5231,1688,RSU,ChannelLoad,0.02384,0
25.5231,1688,RSU,TX_Throughput,5280,0
25.5231,1688,RSU,TX_ObjectCount,1,0
25.5318,866,Vehicle,ChannelLoad,0.01128,0
25.5318,866,Vehicle,ChannelLoad,0.01128,0
25.5318,866,Vehicle,TX_Throughput,4560,0
25.5318,866,Vehicle,TX_ObjectCount,0,0
25.5333,3481,RSU,ChannelLoad,0.03432,0
25.5333,3481,RSU,ChannelLoad,0.03432,0
25.5333,3481,RSU,TX_Throughput,2080,0
25.5333,3481,RSU,TX_ObjectCount,0,0
25.5382,941,Vehicle,ChannelLoad,0.00608,0
25.5382,941,Vehicle,ChannelLoad,0.00608,0
25.5382,941,Vehicle,TX_Throughput,4560,0
25.5382,941,Vehicle,TX_ObjectCount,0,0
25.5417,3561,Vehicle,ChannelLoad,0.02056,0
25.5417,3561,Vehicle,ChannelLoad,0.02056,0
25.5417,3561,Vehicle,TX_Throughput,4560,0
25.5417,3561,Vehicle,TX_ObjectCount,0,0
25.5434,1016,Vehicle,ChannelLoad,0.02824,0
25.5434,1016,Vehicle,ChannelLoad,0.02824,0
25.5434,1016,Vehicle,TX_Throughput,4560,0
25.5434,1016,Vehicle,TX_ObjectCount,0,0
25.5464,1089,RSU,ChannelLoad,0.03736,0
25.5464,1089,RSU,ChannelLoad,0.03736,0
25.5464,1089,RSU,TX_Throughput,13680,0
25.5464,1089,RSU,TX_ObjectCount,4,0
25.5471,3634,RSU,ChannelLoad,0.02232,0
25.5471,3634,RSU,ChannelLoad,0.02232,0
25.5471,3634,RSU,TX_Throughput,8080,0
25.5471,3634,RSU,TX_ObjectCount,2,0
25.5488,1764,RSU,ChannelLoad,0.03736,0
25.5488,1764,RSU,ChannelLoad,0.03736,0
25.5488,1764,RSU,TX_Throughput,2080,0
25.5488,1764,RSU,TX_ObjectCount,0,0
25.5492,3708,RSU,ChannelLoad,0.01304,0
25.5492,3708,RSU,ChannelLoad,0.01304,0
25.5492,3708,RSU,TX_Throughput,8080,0
25.5492,3708,RSU,TX_ObjectCount,2,0
25.5497,1163,Vehicle,ChannelLoad,0.01784,0
25.5497,1163,Vehicle,ChannelLoad,0.01784,0
25.5497,1163,Vehicle,TX_Throughput,4560,0
25.5497,1163,Vehicle,TX_ObjectCount,0,0
25.5499,3782,Vehicle,ChannelLoad,0.02048,0
25.5499,3782,Vehicle,ChannelLoad,0.02048,0
25.5499,3782,Vehicle,TX_Throughput,4560,0
25.5499,3782,Vehicle,TX_ObjectCount,0,0
25.5512,3855,Vehicle,ChannelLoad,0.01216,0
25.5512,3855,Vehicle,ChannelLoad,0.01216,0
25.5512,3855,Vehicle,TX_Throughput,7760,0
25.5512,3855,Vehicle,TX_ObjectCount,1,0
25.5594,2523,Vehicle,ChannelLoad,0.03008,0
25.5594,2523,Vehicle,ChannelLoad,0.03008,0
25.5594,2523,Vehicle,TX_Throughput,4560,0
25.5594,2523,Vehicle,TX_ObjectCount,0,0
25.5595,2596,Vehicle,ChannelLoad,0.01288,0
25.5595,2596,Vehicle,ChannelLoad,0.01288,0
25.5595,2596,Vehicle,TX_Throughput,4560,0
25.5595,2596,Vehicle,TX_ObjectCount,0,0
25.5613,1238,Vehicle,ChannelLoad,0.02744,0
25.5613,1238,Vehicle,ChannelLoad,0.02744,0
25.5613,1238,Vehicle,TX_Throughput,4560,0
25.5613,1238,Vehicle,TX_ObjectCount,0,0
25.5615,3930,Vehicle,ChannelLoad,0.03632,0
25.5615,3930,Vehicle,ChannelLoad,0.03632,0
25.5615,3930,Vehicle,TX_Throughput,4560,0
25.5615,3930,Vehicle,TX_ObjectCount,0,0
25.5637,2669,Vehicle,ChannelLoad,0.02192,0
25.5637,2669,Vehicle,ChannelLoad,0.02192,0
25.5637,2669,Vehicle,TX_Throughput,4560,0
25.5637,2669,Vehicle,TX_ObjectCount,0,0
25.5647,1842,RSU,ChannelLoad,0.0264,0
25.5647,1842,RSU,ChannelLoad,0.0264,0
25.5647,1842,RSU,TX_Throughput,5280,0
25.5647,1842,RSU,TX_ObjectCount,1,0
25.5649,1311,RSU,ChannelLoad,0.02072,0
25.5649,1311,RSU,ChannelLoad,0.02072,0
25.5649,1311,RSU,TX_Throughput,8080,0
25.5649,1311,RSU,TX_ObjectCount,2,0
25.5663,4003,Vehicle,ChannelLoad,0.03728,0
25.5663,4003,Vehicle,ChannelLoad,0.03728,0
25.5663,4003,Vehicle,TX_Throughput,4560,0
25.5663,4003,Vehicle,TX_ObjectCount,0,0
25.5687,4076,Vehicle,ChannelLoad,0.0168,0
25.5687,4076,Vehicle,ChannelLoad,0.0168,0
25.5687,4076,Vehicle,TX_Throughput,10560,0
25.5687,4076,Vehicle,TX_ObjectCount,2,0
25.5687,2744,Vehicle,ChannelLoad,0.01544,0
25.5687,2744,Vehicle,ChannelLoad,0.01544,0
25.5687,2744,Vehicle,TX_Throughput,4560,0
25.5687,2744,Vehicle,TX_ObjectCount,0,0
25.5698,2817,RSU,ChannelLoad,0.02576,0
25.5698,2817,RSU,ChannelLoad,0.02576,0
25.5698,2817,RSU,TX_Throughput,5280,0
25.5698,2817,RSU,TX_ObjectCount,1,0
25.57,1918,RSU,ChannelLoad,0.03096,0
25.57,1918,RSU,ChannelLoad,0.03096,0
25.57,1918,RSU,TX_Throughput,2080,0
25.57,1918,RSU,TX_ObjectCount,0,0
25.5709,1385,Vehicle,ChannelLoad,0.024,0
25.5709,1385,Vehicle,ChannelLoad,0.024,0
25.5709,1385,Vehicle,TX_Throughput,4560,0
25.5709,1385,Vehicle,TX_ObjectCount,0,0
25.571,270,Vehicle,ChannelLoad,0.02264,0
25.571,270,Vehicle,ChannelLoad,0.02264,0
25.571,270,Vehicle,TX_Throughput,4560,0
25.571,270,Vehicle,TX_ObjectCount,0,0
25.5727,1992,Vehicle,ChannelLoad,0.0144,0
25.5727,1992,Vehicle,ChannelLoad,0.0144,0
25.5727,1992,Vehicle,TX_Throughput,4560,0
25.5727,1992,Vehicle,TX_ObjectCount,0,0
25.5747,4153,Vehicle,ChannelLoad,0.01808,0
25.5747,4153,Vehicle,ChannelLoad,0.01808,0
25.5747,4153,Vehicle,TX_Throughput,4560,0
25.5747,4153,Vehicle,TX_ObjectCount,0,0
25.5777,2065,Vehicle,ChannelLoad,0.02192,0
25.5777,2065,Vehicle,ChannelLoad,0.02192,0
25.5777,2065,Vehicle,TX_Throughput,4560,0
25.5777,2065,Vehicle,TX_ObjectCount,0,0
25.5809,4230,Vehicle,ChannelLoad,0.02776,0
25.5809,4230,Vehicle,ChannelLoad,0.02776,0
25.5809,4230,Vehicle,TX_Throughput,7760,0
25.5809,4230,Vehicle,TX_ObjectCount,1,0
25.5831,343,Vehicle,ChannelLoad,0.03304,0
25.5831,343,Vehicle,ChannelLoad,0.03304,0
25.5831,343,Vehicle,TX_Throughput,10560,0
25.5831,343,Vehicle,TX_ObjectCount,2,0
25.5832,1458,RSU,ChannelLoad,0.04744,0
25.5832,1458,RSU,ChannelLoad,0.04744,0
25.5832,1458,RSU,TX_Throughput,2080,0
25.5832,1458,RSU,TX_ObjectCount,0,0
25.5834,2891,Vehicle,ChannelLoad,0.03968,0
25.5834,2891,Vehicle,ChannelLoad,0.03968,0
25.5834,2891,Vehicle,TX_Throughput,7760,0
25.5834,2891,Vehicle,TX_ObjectCount,1,0
25.5865,2966,Vehicle,ChannelLoad,0.03272,0
25.5865,2966,Vehicle,ChannelLoad,0.03272,0
25.5865,2966,Vehicle,TX_Throughput,4560,0
25.5865,2966,Vehicle,TX_ObjectCount,0,0
25.5871,416,Vehicle,ChannelLoad,0.02616,0
25.5871,416,Vehicle,ChannelLoad,0.02616,0
25.5871,416,Vehicle,TX_Throughput,10560,0
25.5871,416,Vehicle,TX_ObjectCount,2,0
25.5885,2140,RSU,ChannelLoad,0.05712,0
25.5885,2140,RSU,ChannelLoad,0.05712,0
25.5885,2140,RSU,TX_Throughput,5280,0
25.5885,2140,RSU,TX_ObjectCount,1,0
25.5894,2214,RSU,ChannelLoad,0.02848,0
25.5894,2214,RSU,ChannelLoad,0.02848,0
25.5894,2214,RSU,TX_Throughput,2080,0
25.5894,2214,RSU,TX_ObjectCount,0,0
25.5928,3039,Vehicle,ChannelLoad,0.02768,0
25.5928,3039,Vehicle,ChannelLoad,0.02768,0
25.5928,3039,Vehicle,TX_Throughput,4560,0
25.5928,3039,Vehicle,TX_ObjectCount,0,0
25.5939,489,Vehicle,ChannelLoad,0.02392,0
25.5939,489,Vehicle,ChannelLoad,0.02392,0
25.5939,489,Vehicle,TX_Throughput,7760,0
25.5939,489,Vehicle,TX_ObjectCount,1,0
25.5961,3112,RSU,ChannelLoad,0.05368,0
25.5961,3112,RSU,ChannelLoad,0.05368,0
25.5961,3112,RSU,TX_Throughput,5280,0
25.5961,3112,RSU,TX_ObjectCount,1,0
25.5961,562,Vehicle,ChannelLoad,0.02368,0
25.5961,562,Vehicle,ChannelLoad,0.02368,0
25.5961,562,Vehicle,TX_Throughput,4560,0
25.5961,562,Vehicle,TX_ObjectCount,0,0
25.5978,3186,RSU,ChannelLoad,0.04064,0
25.5978,3186,RSU,ChannelLoad,0.04064,0
25.5978,3186,RSU,TX_Throughput,5280,0
25.5978,3186,RSU,TX_ObjectCount,1,0
25.602,639,Vehicle,ChannelLoad,0.02264,0
25.602,639,Vehicle,ChannelLoad,0.02264,0
25.602,639,Vehicle,TX_Throughput,4560,0
25.602,639,Vehicle,TX_ObjectCount,0,0
25.6047,29,RSU,ChannelLoad,0.03464,0
25.6047,29,RSU,ChannelLoad,0.03464,0
25.6047,29,RSU,TX_Throughput,5280,0
25.6047,29,RSU,TX_ObjectCount,1,0
25.609,4303,Vehicle,ChannelLoad,0.02072,0
25.609,4303,Vehicle,ChannelLoad,0.02072,0
25.609,4303,Vehicle,TX_Throughput,10560,0
25.609,4303,Vehicle,TX_ObjectCount,2,0
25.6104,1538,Vehicle,ChannelLoad,0.01432,0
25.6104,1538,Vehicle,ChannelLoad,0.01432,0
25.6104,1538,Vehicle,TX_Throughput,4560,0
25.6104,1538,Vehicle,TX_ObjectCount,0,0
25.6143,3260,Vehicle,ChannelLoad,0.02968,0
25.6143,3260,Vehicle,ChannelLoad,0.02968,0
25.6143,3260,Vehicle,TX_Throughput,4560,0
25.6143,3260,Vehicle,TX_ObjectCount,0,0
25.6144,3333,Vehicle,ChannelLoad,0.02536,0
25.6144,3333,Vehicle,ChannelLoad,0.02536,0
25.6144,3333,Vehicle,TX_Throughput,7760,0
25.6144,3333,Vehicle,TX_ObjectCount,1,0
25.6147,3406,Vehicle,ChannelLoad,0.02168,0
25.6147,3406,Vehicle,ChannelLoad,0.02168,0
25.6147,3406,Vehicle,TX_Throughput,4560,0
25.6147,3406,Vehicle,TX_ObjectCount,0,0
25.6154,2292,Vehicle,ChannelLoad,0.02752,0
25.6154,2292,Vehicle,ChannelLoad,0.02752,0
25.6154,2292,Vehicle,TX_Throughput,4560,0
25.6154,2292,Vehicle,TX_ObjectCount,0,0
25.6166,1611,Vehicle,ChannelLoad,0.02472,0
25.6166,1611,Vehicle,ChannelLoad,0.02472,0
25.6166,1611,Vehicle,TX_Throughput,4560,0
25.6166,1611,Vehicle,TX_ObjectCount,0,0
25.6172,2365,Vehicle,ChannelLoad,0.01888,0
25.6172,2365,Vehicle,ChannelLoad,0.01888,0
25.6172,2365,Vehicle,TX_Throughput,7760,0
25.6172,2365,Vehicle,TX_ObjectCount,1,0
25.6186,2440,Vehicle,ChannelLoad,0.0308,0
25.6186,2440,Vehicle,ChannelLoad,0.0308,0
25.6186,2440,Vehicle,TX_Throughput,4560,0
25.6186,2440,Vehicle,TX_ObjectCount,0,0
25.6187,718,Vehicle,ChannelLoad,0.0364,0
25.6187,718,Vehicle,ChannelLoad,0.0364,0
25.6187,718,Vehicle,TX_Throughput,4560,0
25.6187,718,Vehicle,TX_ObjectCount,0,0
25.6188,107,Vehicle,ChannelLoad,0.01768,0
25.6188,107,Vehicle,ChannelLoad,0.01768,0
25.6188,107,Vehicle,TX_Throughput,7760,0
25.6188,107,Vehicle,TX_ObjectCount,1,0
25.6201,182,RSU,ChannelLoad,0.0324,0
25.6201,182,RSU,ChannelLoad,0.0324,0
25.6201,182,RSU,TX_Throughput,5280,0
25.6201,182,RSU,TX_ObjectCount,1,0
25.6202,791,Vehicle,ChannelLoad,0.02872,0
25.6202,791,Vehicle,ChannelLoad,0.02872,0
25.6202,791,Vehicle,TX_Throughput,7760,0
25.6202,791,Vehicle,TX_ObjectCount,1,0
25.6218,4380,Vehicle,ChannelLoad,0.02848,0
25.6218,4380,Vehicle,ChannelLoad,0.02848,0
25.6218,4380,Vehicle,TX_Throughput,7760,0
25.6218,4380,Vehicle,TX_ObjectCount,1,0
25.6231,1688,RSU,ChannelLoad,0.02432,0
25.6231,1688,RSU,ChannelLoad,0.02432,0
25.6231,1688,RSU,TX_Throughput,5280,0
25.6231,1688,RSU,TX_ObjectCount,1,0
25.6289,4455,Vehicle,ChannelLoad,0.0268,0
25.6289,4455,Vehicle,ChannelLoad,0.0268,0
25.6289,4455,Vehicle,TX_Throughput,4560,0
25.6289,4455,Vehicle,TX_ObjectCount,0,0
25.6318,866,Vehicle,ChannelLoad,0.02888,0
25.6318,866,Vehicle,ChannelLoad,0.02888,0
25.6318,866,Vehicle,TX_Throughput,4560,0
25.6318,866,Vehicle,TX_ObjectCount,0,0
25.6333,3481,RSU,ChannelLoad,0.03456,0
25.6333,3481,RSU,ChannelLoad,0.03456,0
25.6333,3481,RSU,TX_Throughput,2080,0
25.6333,3481,RSU,TX_ObjectCount,0,0
25.6382,941,Vehicle,ChannelLoad,0.02032,0
25.6382,941,Vehicle,ChannelLoad,0.02032,0
25.6382,941,Vehicle,TX_Throughput,4560,0
25.6382,941,Vehicle,TX_ObjectCount,0,0
25.6417,3561,Vehicle,ChannelLoad,0.03112,0
25.6417,3561,Vehicle,ChannelLoad,0.03112,0
25.6417,3561,Vehicle,TX_Throughput,4560,0
25.6417,3561,Vehicle,TX_ObjectCount,0,0
25.6434,1016,Vehicle,ChannelLoad,0.04672,0
25.6434,1016,Vehicle,ChannelLoad,0.04672,0
25.6434,1016,Vehicle,TX_Throughput,4560,0
25.6434,1016,Vehicle,TX_ObjectCount,0,0
25.6464,1089,RSU,ChannelLoad,0.06352,0
25.6464,1089,RSU,ChannelLoad,0.06352,0
25.6464,1089,RSU,TX_Throughput,8080,0
25.6464,1089,RSU,TX_ObjectCount,2,0
25.6471,3634,RSU,ChannelLoad,0.04256,0
25.6471,3634,RSU,ChannelLoad,0.04256,0
25.6471,3634,RSU,TX_Throughput,2080,0
25.6471,3634,RSU,TX_ObjectCount,0,0
25.6488,1764,RSU,ChannelLoad,0.05224,0
25.6488,1764,RSU,ChannelLoad,0.05224,0
25.6488,1764,RSU,TX_Throughput,8080,0
25.6488,1764,RSU,TX_ObjectCount,2,0
25.6492,3708,RSU,ChannelLoad,0.0188,0
25.6492,3708,RSU,ChannelLoad,0.0188,0
25.6492,3708,RSU,TX_Throughput,2080,0
25.6492,3708,RSU,TX_ObjectCount,0,0
25.6497,1163,Vehicle,ChannelLoad,0.02832,0
25.6497,1163,Vehicle,ChannelLoad,0.02832,0
25.6497,1163,Vehicle,TX_Throughput,4560,0
25.6497,1163,Vehicle,TX_ObjectCount,0,0
25.6499,3782,Vehicle,ChannelLoad,0.03,0
25.6499,3782,Vehicle,ChannelLoad,0.03,0
25.6499,3782,Vehicle,TX_Throughput,4560,0
25.6499,3782,Vehicle,TX_ObjectCount,0,0
25.6512,3855,Vehicle,ChannelLoad,0.0268,0
25.6512,3855,Vehicle,ChannelLoad,0.0268,0
25.6512,3855,Vehicle,TX_Throughput,4560,0
25.6512,3855,Vehicle,TX_ObjectCount,0,0
25.6528,4534,RSU,ChannelLoad,0.04576,0
25.6528,4534,RSU,ChannelLoad,0.04576,0
25.6528,4534,RSU,TX_Throughput,8080,0
25.6528,4534,RSU,TX_ObjectCount,2,0
25.6594,2523,Vehicle,ChannelLoad,0.06864,0
25.6594,2523,Vehicle,ChannelLoad,0.06864,0
25.6594,2523,Vehicle,TX_Throughput,4560,0
25.6594,2523,Vehicle,TX_ObjectCount,0,0
25.6595,2596,Vehicle,ChannelLoad,0.01704,0
25.6595,2596,Vehicle,ChannelLoad,0.01704,0
25.6595,2596,Vehicle,TX_Throughput,4560,0
25.6595,2596,Vehicle,TX_ObjectCount,0,0
25.6613,1238,Vehicle,ChannelLoad,0.05208,0
25.6613,1238,Vehicle,ChannelLoad,0.05208,0
25.6613,1238,Vehicle,TX_Throughput,4560,0
25.6613,1238,Vehicle,TX_ObjectCount,0,0
25.6615,3930,Vehicle,ChannelLoad,0.0528,0
25.6615,3930,Vehicle,ChannelLoad,0.0528,0
25.6615,3930,Vehicle,TX_Throughput,4560,0
25.6615,3930,Vehicle,TX_ObjectCount,0,0
25.6637,2669,Vehicle,ChannelLoad,0.0472,0
25.6637,2669,Vehicle,ChannelLoad,0.0472,0
25.6637,2669,Vehicle,TX_Throughput,4560,0
25.6637,2669,Vehicle,TX_ObjectCount,0,0
25.6647,1842,RSU,ChannelLoad,0.04856,0
25.6647,1842,RSU,ChannelLoad,0.04856,0
25.6647,1842,RSU,TX_Throughput,5280,0
25.6647,1842,RSU,TX_ObjectCount,1,0
25.6649,1311,RSU,ChannelLoad,0.042,0
25.6649,1311,RSU,ChannelLoad,0.042,0
25.6649,1311,RSU,TX_Throughput,2080,0
25.6649,1311,RSU,TX_ObjectCount,0,0
25.6652,4608,Vehicle,ChannelLoad,0.03,0
25.6652,4608,Vehicle,ChannelLoad,0.03,0
25.6652,4608,Vehicle,TX_Throughput,4560,0
25.6652,4608,Vehicle,TX_ObjectCount,0,0
25.6663,4003,Vehicle,ChannelLoad,0.0568,0
25.6663,4003,Vehicle,ChannelLoad,0.0568,0
25.6663,4003,Vehicle,TX_Throughput,7760,0
25.6663,4003,Vehicle,TX_ObjectCount,1,0
25.6666,4681,Vehicle,ChannelLoad,0.0344,0
25.6666,4681,Vehicle,ChannelLoad,0.0344,0
25.6666,4681,Vehicle,TX_Throughput,4560,0
25.6666,4681,Vehicle,TX_ObjectCount,0,0
25.6684,4756,Vehicle,ChannelLoad,0.04656,0
25.6684,4756,Vehicle,ChannelLoad,0.04656,0
25.6684,4756,Vehicle,TX_Throughput,7760,0
25.6684,4756,Vehicle,TX_ObjectCount,1,0
25.6687,4076,Vehicle,ChannelLoad,0.03112,0
25.6687,4076,Vehicle,ChannelLoad,0.03112,0
25.6687,4076,Vehicle,TX_Throughput,4560,0
25.6687,4076,Vehicle,TX_ObjectCount,0,0
25.6687,2744,Vehicle,ChannelLoad,0.0384,0
25.6687,2744,Vehicle,ChannelLoad,0.0384,0
25.6687,2744,Vehicle,TX_Throughput,4560,0
25.6687,2744,Vehicle,TX_ObjectCount,0,0
25.6696,4829,RSU,ChannelLoad,0.0556,0
25.6696,4829,RSU,ChannelLoad,0.0556,0
25.6696,4829,RSU,TX_Throughput,8080,0
25.6696,4829,RSU,TX_ObjectCount,2,0
25.6698,2817,RSU,ChannelLoad,0.03816,0
25.6698,2817,RSU,ChannelLoad,0.03816,0
25.6698,2817,RSU,TX_Throughput,2080,0
25.6698,2817,RSU,TX_ObjectCount,0,0
25.67,1918,RSU,ChannelLoad,0.04736,0
25.67,1918,RSU,ChannelLoad,0.04736,0
25.67,1918,RSU,TX_Throughput,5280,0
25.67,1918,RSU,TX_ObjectCount,1,0
25.6709,1385,Vehicle,ChannelLoad,0.03648,0
25.6709,1385,Vehicle,ChannelLoad,0.03648,0
25.6709,1385,Vehicle,TX_Throughput,4560,0
25.6709,1385,Vehicle,TX_ObjectCount,0,0
25.671,270,Vehicle,ChannelLoad,0.03888,0
25.671,270,Vehicle,ChannelLoad,0.03888,0
25.671,270,Vehicle,TX_Throughput,4560,0
25.671,270,Vehicle,TX_ObjectCount,0,0
25.6723,4905,RSU,ChannelLoad,0.05048,0
25.6723,4905,RSU,ChannelLoad,0.05048,0
25.6723,4905,RSU,TX_Throughput,16480,0
25.6723,4905,RSU,TX_ObjectCount,5,0
25.6727,1992,Vehicle,ChannelLoad,0.02488,0
25.6727,1992,Vehicle,ChannelLoad,0.02488,0
25.6727,1992,Vehicle,TX_Throughput,7760,0
25.6727,1992,Vehicle,TX_ObjectCount,1,0
25.6747,4153,Vehicle,ChannelLoad,0.03216,0
25.6747,4153,Vehicle,ChannelLoad,0.03216,0
25.6747,4153,Vehicle,TX_Throughput,4560,0
25.6747,4153,Vehicle,TX_ObjectCount,0,0
25.6759,4979,Vehicle,ChannelLoad,0.05424,0
25.6759,4979,Vehicle,ChannelLoad,0.05424,0
25.6759,4979,Vehicle,TX_Throughput,4560,0
25.6759,4979,Vehicle,TX_ObjectCount,0,0
25.6762,5052,RSU,ChannelLoad,0.04752,0
25.6762,5052,RSU,ChannelLoad,0.04752,0
25.6762,5052,RSU,TX_Throughput,2080,0
25.6762,5052,RSU,TX_ObjectCount,0,0
25.6777,2065,Vehicle,ChannelLoad,0.02584,0
25.6777,2065,Vehicle,ChannelLoad,0.02584,0
25.6777,2065,Vehicle,TX_Throughput,7760,0
25.6777,2065,Vehicle,TX_ObjectCount,1,0
25.6809,4230,Vehicle,ChannelLoad,0.03632,0
25.6809,4230,Vehicle,ChannelLoad,0.03632,0
25.6809,4230,Vehicle,TX_Throughput,4560,0
25.6809,4230,Vehicle,TX_ObjectCount,0,0
25.6819,5126,Vehicle,ChannelLoad,0.03232,0
25.6819,5126,Vehicle,ChannelLoad,0.03232,0
25.6819,5126,Vehicle,TX_Throughput,10560,0
25.6819,5126,Vehicle,TX_ObjectCount,2,0
25.6831,343,Vehicle,ChannelLoad,0.0364,0
25.6831,343,Vehicle,ChannelLoad,0.0364,0
25.6831,343,Vehicle,TX_Throughput,10560,0
25.6831,343,Vehicle,TX_ObjectCount,2,0
25.6832,1458,RSU,ChannelLoad,0.04576,0
25.6832,1458,RSU,ChannelLoad,0.04576,0
25.6832,1458,RSU,TX_Throughput,5280,0
25.6832,1458,RSU,TX_ObjectCount,1,0
25.6834,2891,Vehicle,ChannelLoad,0.02704,0
25.6834,2891,Vehicle,ChannelLoad,0.02704,0
25.6834,2891,Vehicle,TX_Throughput,4560,0
25.6834,2891,Vehicle,TX_ObjectCount,0,0
25.6865,2966,Vehicle,ChannelLoad,0.02032,0
25.6865,2966,Vehicle,ChannelLoad,0.02032,0
25.6865,2966,Vehicle,TX_Throughput,4560,0
25.6865,2966,Vehicle,TX_ObjectCount,0,0
25.6865,5201,RSU,ChannelLoad,0.0436,0
25.6865,5201,RSU,ChannelLoad,0.0436,0
25.6865,5201,RSU,TX_Throughput,8080,0
25.6865,5201,RSU,TX_ObjectCount,2,0
25.6871,416,Vehicle,ChannelLoad,0.03512,0
25.6871,416,Vehicle,ChannelLoad,0.03512,0
25.6871,416,Vehicle,TX_Throughput,4560,0
25.6871,416,Vehicle,TX_ObjectCount,0,0
25.6885,2140,RSU,ChannelLoad,0.05192,0
25.6885,2140,RSU,ChannelLoad,0.05192,0
25.6885,2140,RSU,TX_Throughput,2080,0
25.6885,2140,RSU,TX_ObjectCount,0,0
25.6894,2214,RSU,ChannelLoad,0.028,0
25.6894,2214,RSU,ChannelLoad,0.028,0
25.6894,2214,RSU,TX_Throughput,5280,0
25.6894,2214,RSU,TX_ObjectCount,1,0
25.692,5275,RSU,ChannelLoad,0.0572,0
25.692,5275,RSU,ChannelLoad,0.0572,0
25.692,5275,RSU,TX_Throughput,10880,0
25.692,5275,RSU,TX_ObjectCount,3,0
25.6928,3039,Vehicle,ChannelLoad,0.03824,0
25.6928,3039,Vehicle,ChannelLoad,0.03824,0
25.6928,3039,Vehicle,TX_Throughput,7760,0
25.6928,3039,Vehicle,TX_ObjectCount,1,0
25.6928,5349,Vehicle,ChannelLoad,0.03032,0
25.6928,5349,Vehicle,ChannelLoad,0.03032,0
25.6928,5349,Vehicle,TX_Throughput,4560,0
25.6928,5349,Vehicle,TX_ObjectCount,0,0
25.6939,489,Vehicle,ChannelLoad,0.01984,0
25.6939,489,Vehicle,ChannelLoad,0.01984,0
25.6939,489,Vehicle,TX_Throughput,4560,0
25.6939,489,Vehicle,TX_ObjectCount,0,0
25.6961,3112,RSU,ChannelLoad,0.06272,0
25.6961,3112,RSU,ChannelLoad,0.06272,0
25.6961,3112,RSU,TX_Throughput,2080,0
25.6961,3112,RSU,TX_ObjectCount,0,0
25.6961,562,Vehicle,ChannelLoad,0.0264,0
25.6961,562,Vehicle,ChannelLoad,0.0264,0
25.6961,562,Vehicle,TX_Throughput,4560,0
25.6961,562,Vehicle,TX_ObjectCount,0,0
25.6978,3186,RSU,ChannelLoad,0.04288,0
25.6978,3186,RSU,ChannelLoad,0.04288,0
25.6978,3186,RSU,TX_Throughput,2080,0
25.6978,3186,RSU,TX_ObjectCount,0,0
25.702,639,Vehicle,ChannelLoad,0.01024,0
25.702,639,Vehicle,ChannelLoad,0.01024,0
25.702,639,Vehicle,TX_Throughput,4560,0
25.702,639,Vehicle,TX_ObjectCount,0,0
25.7028,5422,Vehicle,ChannelLoad,0.01456,0
25.7028,5422,Vehicle,ChannelLoad,0.01456,0
25.7028,5422,Vehicle,TX_Throughput,4560,0
25.7028,5422,Vehicle,TX_ObjectCount,0,0
25.7047,29,RSU,ChannelLoad,0.05056,0
25.7047,29,RSU,ChannelLoad,0.05056,0
25.7047,29,RSU,TX_Throughput,8080,0
25.7047,29,RSU,TX_ObjectCount,2,0
25.709,4303,Vehicle,ChannelLoad,0.04168,0
25.709,4303,Vehicle,ChannelLoad,0.04168,0
25.709,4303,Vehicle,TX_Throughput,4560,0
25.709,4303,Vehicle,TX_ObjectCount,0,0
25.7104,1538,Vehicle,ChannelLoad,0.014,0
25.7104,1538,Vehicle,ChannelLoad,0.014,0
25.7104,1538,Vehicle,TX_Throughput,4560,0
25.7104,1538,Vehicle,TX_ObjectCount,0,0
25.7131,5501,Vehicle,ChannelLoad,0.02504,0
25.7131,5501,Vehicle,ChannelLoad,0.02504,0
25.7131,5501,Vehicle,TX_Throughput,4560,0
25.7131,5501,Vehicle,TX_ObjectCount,0,0
25.7143,3260,Vehicle,ChannelLoad,0.03696,0
25.7143,3260,Vehicle,ChannelLoad,0.03696,0
25.7143,3260,Vehicle,TX_Throughput,7760,0
25.7143,3260,Vehicle,TX_ObjectCount,1,0
25.7144,3333,Vehicle,ChannelLoad,0.04096,0
25.7144,3333,Vehicle,ChannelLoad,0.04096,0
25.7144,3333,Vehicle,TX_Throughput,7760,0
25.7144,3333,Vehicle,TX_ObjectCount,1,0
25.7147,3406,Vehicle,ChannelLoad,0.0344,0
25.7147,3406,Vehicle,ChannelLoad,0.0344,0
25.7147,3406,Vehicle,TX_Throughput,4560,0
25.7147,3406,Vehicle,TX_ObjectCount,0,0
25.7154,2292,Vehicle,ChannelLoad,0.03352,0
25.7154,2292,Vehicle,ChannelLoad,0.03352,0
25.7154,2292,Vehicle,TX_Throughput,4560,0
25.7154,2292,Vehicle,TX_ObjectCount,0,0
25.7166,1611,Vehicle,ChannelLoad,0.03688,0
25.7166,1611,Vehicle,ChannelLoad,0.03688,0
25.7166,1611,Vehicle,TX_Throughput,4560,0
25.7166,1611,Vehicle,TX_ObjectCount,0,0
25.7172,2365,Vehicle,ChannelLoad,0.04624,0
25.7172,2365,Vehicle,ChannelLoad,0.04624,0
25.7172,2365,Vehicle,TX_Throughput,4560,0
25.7172,2365,Vehicle,TX_ObjectCount,0,0
25.7186,2440,Vehicle,ChannelLoad,0.036,0
25.7186,2440,Vehicle,ChannelLoad,0.036,0
25.7186,2440,Vehicle,TX_Throughput,4560,0
25.7186,2440,Vehicle,TX_ObjectCount,0,0
25.7187,718,Vehicle,ChannelLoad,0.05176,0
25.7187,718,Vehicle,ChannelLoad,0.05176,0
25.7187,718,Vehicle,TX_Throughput,7760,0
25.7187,718,Vehicle,TX_ObjectCount,1,0
25.7188,107,Vehicle,ChannelLoad,0.02472,0
25.7188,107,Vehicle,ChannelLoad,0.02472,0
25.7188,107,Vehicle,TX_Throughput,4560,0
25.7188,107,Vehicle,TX_ObjectCount,0,0
25.7201,182,RSU,ChannelLoad,0.05048,0
25.7201,182,RSU,ChannelLoad,0.05048,0
25.7201,182,RSU,TX_Throughput,10880,0
25.7201,182,RSU,TX_ObjectCount,3,0
25.7202,791,Vehicle,ChannelLoad,0.03544,0
25.7202,791,Vehicle,ChannelLoad,0.03544,0
25.7202,791,Vehicle,TX_Throughput,4560,0
25.7202,791,Vehicle,TX_ObjectCount,0,0
25.7218,4380,Vehicle,ChannelLoad,0.04072,0
25.7218,4380,Vehicle,ChannelLoad,0.04072,0
25.7218,4380,Vehicle,TX_Throughput,4560,0
25.7218,4380,Vehicle,TX_ObjectCount,0,0
25.7231,1688,RSU,ChannelLoad,0.03104,0
25.7231,1688,RSU,ChannelLoad,0.03104,0
25.7231,1688,RSU,TX_Throughput,10880,0
25.7231,1688,RSU,TX_ObjectCount,3,0
25.7235,5580,Vehicle,ChannelLoad,0.03824,0
25.7235,5580,Vehicle,ChannelLoad,0.03824,0
25.7235,5580,Vehicle,TX_Throughput,7760,0
25.7235,5580,Vehicle,TX_ObjectCount,1,0
25.7289,4455,Vehicle,ChannelLoad,0.04304,0
25.7289,4455,Vehicle,ChannelLoad,0.04304,0
25.7289,4455,Vehicle,TX_Throughput,7760,0
25.7289,4455,Vehicle,TX_ObjectCount,1,0
25.7318,866,Vehicle,ChannelLoad,0.02544,0
25.7318,866,Vehicle,ChannelLoad,0.02544,0
25.7318,866,Vehicle,TX_Throughput,7760,0
25.7318,866,Vehicle,TX_ObjectCount,1,0
25.7333,3481,RSU,ChannelLoad,0.04944,0
25.7333,3481,RSU,ChannelLoad,0.04944,0
25.7333,3481,RSU,TX_Throughput,5280,0
25.7333,3481,RSU,TX_ObjectCount,1,0
25.7343,5655,Vehicle,ChannelLoad,0.03592,0
25.7343,5655,Vehicle,ChannelLoad,0.03592,0
25.7343,5655,Vehicle,TX_Throughput,4560,0
25.7343,5655,Vehicle,TX_ObjectCount,0,0
25.7351,5728,Vehicle,ChannelLoad,0.03816,0
25.7351,5728,Vehicle,ChannelLoad,0.03816,0
25.7351,5728,Vehicle,TX_Throughput,7760,0
25.7351,5728,Vehicle,TX_ObjectCount,1,0
25.7382,941,Vehicle,ChannelLoad,0.02408,0
25.7382,941,Vehicle,ChannelLoad,0.02408,0
25.7382,941,Vehicle,TX_Throughput,4560,0
25.7382,941,Vehicle,TX_ObjectCount,0,0
25.7389,5801,RSU,ChannelLoad,0.06728,0
25.7389,5801,RSU,ChannelLoad,0.06728,0
25.7389,5801,RSU,TX_Throughput,8080,0
25.7389,5801,RSU,TX_ObjectCount,2,0
25.7399,5875,Vehicle,ChannelLoad,0.0364,0
25.7399,5875,Vehicle,ChannelLoad,0.0364,0
25.7399,5875,Vehicle,TX_Throughput,4560,0
25.7399,5875,Vehicle,TX_ObjectCount,0,0
25.7417,3561,Vehicle,ChannelLoad,0.02736,0
25.7417,3561,Vehicle,ChannelLoad,0.02736,0
25.7417,3561,Vehicle,TX_Throughput,4560,0
25.7417,3561,Vehicle,TX_ObjectCount,0,0
25.7434,1016,Vehicle,ChannelLoad,0.03584,0
25.7434,1016,Vehicle,ChannelLoad,0.03584,0
25.7434,1016,Vehicle,TX_Throughput,4560,0
25.7434,1016,Vehicle,TX_ObjectCount,0,0
25.7464,1089,RSU,ChannelLoad,0.05344,0
25.7464,1089,RSU,ChannelLoad,0.05344,0
25.7464,1089,RSU,TX_Throughput,13680,0
25.7464,1089,RSU,TX_ObjectCount,4,0
25.7471,3634,RSU,ChannelLoad,0.04272,0
25.7471,3634,RSU,ChannelLoad,0.04272,0
25.7471,3634,RSU,TX_Throughput,5280,0
25.7471,3634,RSU,TX_ObjectCount,1,0
25.7472,5950,Vehicle,ChannelLoad,0.03584,0
25.7472,5950,Vehicle,ChannelLoad,0.03584,0
25.7472,5950,Vehicle,TX_Throughput,7760,0
25.7472,5950,Vehicle,TX_ObjectCount,1,0
25.7488,1764,RSU,ChannelLoad,0.0672,0
25.7488,1764,RSU,ChannelLoad,0.0672,0
25.7488,1764,RSU,TX_Throughput,10880,0
25.7488,1764,RSU,TX_ObjectCount,3,0
25.7492,3708,RSU,ChannelLoad,0.02304,0
25.7492,3708,RSU,ChannelLoad,0.02304,0
25.7492,3708,RSU,TX_Throughput,5280,0
25.7492,3708,RSU,TX_ObjectCount,1,0
25.7497,1163,Vehicle,ChannelLoad,0.03608,0
25.7497,1163,Vehicle,ChannelLoad,0.03608,0
25.7497,1163,Vehicle,TX_Throughput,4560,0
25.7497,1163,Vehicle,TX_ObjectCount,0,0
25.7499,3782,Vehicle,ChannelLoad,0.0292,0
25.7499,3782,Vehicle,ChannelLoad,0.0292,0
25.7499,3782,Vehicle,TX_Throughput,4560,0
25.7499,3782,Vehicle,TX_ObjectCount,0,0
25.7512,3855,Vehicle,ChannelLoad,0.02536,0
25.7512,3855,Vehicle,ChannelLoad,0.02536,0
25.7512,3855,Vehicle,TX_Throughput,7760,0
25.7512,3855,Vehicle,TX_ObjectCount,1,0
25.7528,4534,RSU,ChannelLoad,0.0512,0
25.7528,4534,RSU,ChannelLoad,0.0512,0
25.7528,4534,RSU,TX_Throughput,8080,0
25.7528,4534,RSU,TX_ObjectCount,2,0
25.7594,2523,Vehicle,ChannelLoad,0.04616,0
25.7594,2523,Vehicle,ChannelLoad,0.04616,0
25.7594,2523,Vehicle,TX_Throughput,4560,0
25.7594,2523,Vehicle,TX_ObjectCount,0,0
25.7595,2596,Vehicle,ChannelLoad,0.0156,0
25.7595,2596,Vehicle,ChannelLoad,0.0156,0
25.7595,2596,Vehicle,TX_Throughput,7760,0
25.7595,2596,Vehicle,TX_ObjectCount,1,0
25.7613,1238,Vehicle,ChannelLoad,0.06088,0
25.7613,1238,Vehicle,ChannelLoad,0.06088,0
25.7613,1238,Vehicle,TX_Throughput,4560,0
25.7613,1238,Vehicle,TX_ObjectCount,0,0
25.7615,3930,Vehicle,ChannelLoad,0.04952,0
25.7615,3930,Vehicle,ChannelLoad,0.04952,0
25.7615,3930,Vehicle,TX_Throughput,4560,0
25.7615,3930,Vehicle,TX_ObjectCount,0,0
25.7637,2669,Vehicle,ChannelLoad,0.0416,0
25.7637,2669,Vehicle,ChannelLoad,0.0416,0
25.7637,2669,Vehicle,TX_Throughput,4560,0
25.7637,2669,Vehicle,TX_ObjectCount,0,0
25.7647,1842,RSU,ChannelLoad,0.0356,0
25.7647,1842,RSU,ChannelLoad,0.0356,0
25.7647,1842,RSU,TX_Throughput,8080,0
25.7647,1842,RSU,TX_ObjectCount,2,0
25.7649,1311,RSU,ChannelLoad,0.03912,0
25.7649,1311,RSU,ChannelLoad,0.03912,0
25.7649,1311,RSU,TX_Throughput,5280,0
25.7649,1311,RSU,TX_ObjectCount,1,0
25.7652,4608,Vehicle,ChannelLoad,0.05656,0
25.7652,4608,Vehicle,ChannelLoad,0.05656,0
25.7652,4608,Vehicle,TX_Throughput,4560,0
25.7652,4608,Vehicle,TX_ObjectCount,0,0
25.7663,4003,Vehicle,ChannelLoad,0.066,0
25.7663,4003,Vehicle,ChannelLoad,0.066,0
25.7663,4003,Vehicle,TX_Throughput,4560,0
25.7663,4003,Vehicle,TX_ObjectCount,0,0
25.7666,4681,Vehicle,ChannelLoad,0.04456,0
25.7666,4681,Vehicle,ChannelLoad,0.04456,0
25.7666,4681,Vehicle,TX_Throughput,7760,0
25.7666,4681,Vehicle,TX_ObjectCount,1,0
25.7684,4756,Vehicle,ChannelLoad,0.03776,0
25.7684,4756,Vehicle,ChannelLoad,0.03776,0
25.7684,4756,Vehicle,TX_Throughput,4560,0
25.7684,4756,Vehicle,TX_ObjectCount,0,0
25.7687,4076,Vehicle,ChannelLoad,0.0528,0
25.7687,4076,Vehicle,ChannelLoad,0.0528,0
25.7687,4076,Vehicle,TX_Throughput,13360,0
25.7687,4076,Vehicle,TX_ObjectCount,3,0
25.7687,2744,Vehicle,ChannelLoad,0.05552,0
25.7687,2744,Vehicle,ChannelLoad,0.05552,0
25.7687,2744,Vehicle,TX_Throughput,4560,0
25.7687,2744,Vehicle,TX_ObjectCount,0,0
25.7696,4829,RSU,ChannelLoad,0.04632,0
25.7696,4829,RSU,ChannelLoad,0.04632,0
25.7696,4829,RSU,TX_Throughput,5280,0
25.7696,4829,RSU,TX_ObjectCount,1,0
25.7698,2817,RSU,ChannelLoad,0.05064,0
25.7698,2817,RSU,ChannelLoad,0.05064,0
25.7698,2817,RSU,TX_Throughput,2080,0
25.7698,2817,RSU,TX_ObjectCount,0,0
25.77,1918,RSU,ChannelLoad,0.06984,0
25.77,1918,RSU,ChannelLoad,0.06984,0
25.77,1918,RSU,TX_Throughput,5280,0
25.77,1918,RSU,TX_ObjectCount,1,0
25.7709,1385,Vehicle,ChannelLoad,0.04584,0
25.7709,1385,Vehicle,ChannelLoad,0.04584,0
25.7709,1385,Vehicle,TX_Throughput,7760,0
25.7709,1385,Vehicle,TX_ObjectCount,1,0
25.771,270,Vehicle,ChannelLoad,0.02384,0
25.771,270,Vehicle,ChannelLoad,0.02384,0
25.771,270,Vehicle,TX_Throughput,10560,0
25.771,270,Vehicle,TX_ObjectCount,2,0
25.7723,4905,RSU,ChannelLoad,0.07432,0
25.7723,4905,RSU,ChannelLoad,0.07432,0
25.7723,4905,RSU,TX_Throughput,5280,0
25.7723,4905,RSU,TX_ObjectCount,1,0
25.7727,1992,Vehicle,ChannelLoad,0.02096,0
25.7727,1992,Vehicle,ChannelLoad,0.02096,0
25.7727,1992,Vehicle,TX_Throughput,4560,0
25.7727,1992,Vehicle,TX_ObjectCount,0,0
25.7747,4153,Vehicle,ChannelLoad,0.02896,0
25.7747,4153,Vehicle,ChannelLoad,0.02896,0
25.7747,4153,Vehicle,TX_Throughput,4560,0
25.7747,4153,Vehicle,TX_ObjectCount,0,0
25.7748,6043,Vehicle,ChannelLoad,0.0224,0
25.7748,6043,Vehicle,ChannelLoad,0.0224,0
25.7748,6043,Vehicle,TX_Throughput,7760,0
25.7748,6043,Vehicle,TX_ObjectCount,1,0
25.7759,4979,Vehicle,ChannelLoad,0.06936,0
25.7759,4979,Vehicle,ChannelLoad,0.06936,0
25.7759,4979,Vehicle,TX_Throughput,4560,0
25.7759,4979,Vehicle,TX_ObjectCount,0,0
25.7762,5052,RSU,ChannelLoad,0.05112,0
25.7762,5052,RSU,ChannelLoad,0.05112,0
25.7762,5052,RSU,TX_Throughput,5280,0
25.7762,5052,RSU,TX_ObjectCount,1,0
25.7777,2065,Vehicle,ChannelLoad,0.04416,0
25.7777,2065,Vehicle,ChannelLoad,0.04416,0
25.7777,2065,Vehicle,TX_Throughput,4560,0
25.7777,2065,Vehicle,TX_ObjectCount,0,0
25.7778,6116,RSU,ChannelLoad,0.06216,0
25.7778,6116,RSU,ChannelLoad,0.06216,0
25.7778,6116,RSU,TX_Throughput,10880,0
25.7778,6116,RSU,TX_ObjectCount,3,0
25.7801,6192,RSU,ChannelLoad,0.04504,0
25.7801,6192,RSU,ChannelLoad,0.04504,0
25.7801,6192,RSU,TX_Throughput,5280,0
25.7801,6192,RSU,TX_ObjectCount,1,0
25.7809,4230,Vehicle,ChannelLoad,0.0468,0
25.7809,4230,Vehicle,ChannelLoad,0.0468,0
25.7809,4230,Vehicle,TX_Throughput,10560,0
25.7809,4230,Vehicle,TX_ObjectCount,2,0
25.7818,6266,Vehicle,ChannelLoad,0.03504,0
25.7818,6266,Vehicle,ChannelLoad,0.03504,0
25.7818,6266,Vehicle,TX_Throughput,7760,0
25.7818,6266,Vehicle,TX_ObjectCount,1,0
25.7819,5126,Vehicle,ChannelLoad,0.04776,0
25.7819,5126,Vehicle,ChannelLoad,0.04776,0
25.7819,5126,Vehicle,TX_Throughput,7760,0
25.7819,5126,Vehicle,TX_ObjectCount,1,0
25.7831,343,Vehicle,ChannelLoad,0.0364,0
25.7831,343,Vehicle,ChannelLoad,0.0364,0
25.7831,343,Vehicle,TX_Throughput,13360,0
25.7831,343,Vehicle,TX_ObjectCount,3,0
25.7832,1458,RSU,ChannelLoad,0.06896,0
25.7832,1458,RSU,ChannelLoad,0.06896,0
25.7832,1458,RSU,TX_Throughput,5280,0
25.7832,1458,RSU,TX_ObjectCount,1,0
25.7834,2891,Vehicle,ChannelLoad,0.04192,0
25.7834,2891,Vehicle,ChannelLoad,0.04192,0
25.7834,2891,Vehicle,TX_Throughput,7760,0
25.7834,2891,Vehicle,TX_ObjectCount,1,0
25.7865,2966,Vehicle,ChannelLoad,0.03784,0
25.7865,2966,Vehicle,ChannelLoad,0.03784,0
25.7865,2966,Vehicle,TX_Throughput,4560,0
25.7865,2966,Vehicle,TX_ObjectCount,0,0
25.7865,5201,RSU,ChannelLoad,0.07376,0
25.7865,5201,RSU,ChannelLoad,0.07376,0
25.7865,5201,RSU,TX_Throughput,5280,0
25.7865,5201,RSU,TX_ObjectCount,1,0
25.7871,416,Vehicle,ChannelLoad,0.05352,0
25.7871,416,Vehicle,ChannelLoad,0.05352,0
25.7871,416,Vehicle,TX_Throughput,13360,0
25.7871,416,Vehicle,TX_ObjectCount,3,0
25.7885,2140,RSU,ChannelLoad,0.05848,0
25.7885,2140,RSU,ChannelLoad,0.05848,0
25.7885,2140,RSU,TX_Throughput,8080,0
25.7885,2140,RSU,TX_ObjectCount,2,0
25.7887,6339,Vehicle,ChannelLoad,0.06688,0
25.7887,6339,Vehicle,ChannelLoad,0.06688,0
25.7887,6339,Vehicle,TX_Throughput,4560,0
25.7887,6339,Vehicle,TX_ObjectCount,0,0
25.7894,2214,RSU,ChannelLoad,0.0564,0
25.7894,2214,RSU,ChannelLoad,0.0564,0
25.7894,2214,RSU,TX_Throughput,2080,0
25.7894,2214,RSU,TX_ObjectCount,0,0
25.792,5275,RSU,ChannelLoad,0.06176,0
25.792,5275,RSU,ChannelLoad,0.06176,0
25.792,5275,RSU,TX_Throughput,8080,0
25.792,5275,RSU,TX_ObjectCount,2,0
25.7925,6412,Vehicle,ChannelLoad,0.06096,0
25.7925,6412,Vehicle,ChannelLoad,0.06096,0
25.7925,6412,Vehicle,TX_Throughput,4560,0
25.7925,6412,Vehicle,TX_ObjectCount,0,0
25.7928,3039,Vehicle,ChannelLoad,0.05184,0
25.7928,3039,Vehicle,ChannelLoad,0.05184,0
25.7928,3039,Vehicle,TX_Throughput,7760,0
25.7928,3039,Vehicle,TX_ObjectCount,1,0
25.7928,5349,Vehicle,ChannelLoad,0.042,0
25.7928,5349,Vehicle,ChannelLoad,0.042,0
25.7928,5349,Vehicle,TX_Throughput,4560,0
25.7928,5349,Vehicle,TX_ObjectCount,0,0
25.7939,489,Vehicle,ChannelLoad,0.03136,0
25.7939,489,Vehicle,ChannelLoad,0.03136,0
25.7939,489,Vehicle,TX_Throughput,7760,0
25.7939,489,Vehicle,TX_ObjectCount,1,0
25.7961,3112,RSU,ChannelLoad,0.08224,0
25.7961,3112,RSU,ChannelLoad,0.08224,0
25.7961,3112,RSU,TX_Throughput,5280,0
25.7961,3112,RSU,TX_ObjectCount,1,0
25.7961,562,Vehicle,ChannelLoad,0.03112,0
25.7961,562,Vehicle,ChannelLoad,0.03112,0
25.7961,562,Vehicle,TX_Throughput,4560,0
25.7961,562,Vehicle,TX_ObjectCount,0,0
25.7976,6485,Vehicle,ChannelLoad,0.04768,0
25.7976,6485,Vehicle,ChannelLoad,0.04768,0
25.7976,6485,Vehicle,TX_Throughput,4560,0
25.7976,6485,Vehicle,TX_ObjectCount,0,0
25.7978,3186,RSU,ChannelLoad,0.0464,0
25.7978,3186,RSU,ChannelLoad,0.0464,0
25.7978,3186,RSU,TX_Throughput,5280,0
25.7978,3186,RSU,TX_ObjectCount,1,0
25.802,639,Vehicle,ChannelLoad,0.02752,0
25.802,639,Vehicle,ChannelLoad,0.02752,0
25.802,639,Vehicle,TX_Throughput,4560,0
25.802,639,Vehicle,TX_ObjectCount,0,0
25.8028,5422,Vehicle,ChannelLoad,0.03992,0
25.8028,5422,Vehicle,ChannelLoad,0.03992,0
25.8028,5422,Vehicle,TX_Throughput,4560,0
25.8028,5422,Vehicle,TX_ObjectCount,0,0
25.8037,6558,RSU,ChannelLoad,0.0588,0
25.8037,6558,RSU,ChannelLoad,0.0588,0
25.8037,6558,RSU,TX_Throughput,5280,0
25.8037,6558,RSU,TX_ObjectCount,1,0
25.8047,29,RSU,ChannelLoad,0.05832,0
25.8047,29,RSU,ChannelLoad,0.05832,0
25.8047,29,RSU,TX_Throughput,8080,0
25.8047,29,RSU,TX_ObjectCount,2,0
25.809,4303,Vehicle,ChannelLoad,0.0556,0
25.809,4303,Vehicle,ChannelLoad,0.0556,0
25.809,4303,Vehicle,TX_Throughput,13360,0
25.809,4303,Vehicle,TX_ObjectCount,3,0
25.8104,1538,Vehicle,ChannelLoad,0.01584,0
25.8104,1538,Vehicle,ChannelLoad,0.01584,0
25.8104,1538,Vehicle,TX_Throughput,4560,0
25.8104,1538,Vehicle,TX_ObjectCount,0,0
25.8131,5501,Vehicle,ChannelLoad,0.04,0
25.8131,5501,Vehicle,ChannelLoad,0.04,0
25.8131,5501,Vehicle,TX_Throughput,4560,0
25.8131,5501,Vehicle,TX_ObjectCount,0,0
25.8143,3260,Vehicle,ChannelLoad,0.03776,0
25.8143,3260,Vehicle,ChannelLoad,0.03776,0
25.8143,3260,Vehicle,TX_Throughput,4560,0
25.8143,3260,Vehicle,TX_ObjectCount,0,0
25.8144,3333,Vehicle,ChannelLoad,0.0432,0
25.8144,3333,Vehicle,ChannelLoad,0.0432,0
25.8144,3333,Vehicle,TX_Throughput,7760,0
25.8144,3333,Vehicle,TX_ObjectCount,1,0
25.8147,3406,Vehicle,ChannelLoad,0.03768,0
25.8147,3406,Vehicle,ChannelLoad,0.03768,0
25.8147,3406,Vehicle,TX_Throughput,4560,0
25.8147,3406,Vehicle,TX_ObjectCount,0,0
25.8154,2292,Vehicle,ChannelLoad,0.04224,0
25.8154,2292,Vehicle,ChannelLoad,0.04224,0
25.8154,2292,Vehicle,TX_Throughput,4560,0
25.8154,2292,Vehicle,TX_ObjectCount,0,0
25.8163,6634,RSU,ChannelLoad,0.04416,0
25.8163,6634,RSU,ChannelLoad,0.04416,0
25.8163,6634,RSU,TX_Throughput,2080,0
25.8163,6634,RSU,TX_ObjectCount,0,0
25.8166,1611,Vehicle,ChannelLoad,0.0388,0
25.8166,1611,Vehicle,ChannelLoad,0.0388,0
25.8166,1611,Vehicle,TX_Throughput,4560,0
25.8166,1611,Vehicle,TX_ObjectCount,0,0
25.8172,2365,Vehicle,ChannelLoad,0.05088,0
25.8172,2365,Vehicle,ChannelLoad,0.05088,0
25.8172,2365,Vehicle,TX_Throughput,4560,0
25.8172,2365,Vehicle,TX_ObjectCount,0,0
25.8186,2440,Vehicle,ChannelLoad,0.03712,0
25.8186,2440,Vehicle,ChannelLoad,0.03712,0
25.8186,2440,Vehicle,TX_Throughput,4560,0
25.8186,2440,Vehicle,TX_ObjectCount,0,0
25.8187,718,Vehicle,ChannelLoad,0.04048,0
25.8187,718,Vehicle,ChannelLoad,0.04048,0
25.8187,718,Vehicle,TX_Throughput,7760,0
25.8187,718,Vehicle,TX_ObjectCount,1,0
25.8188,107,Vehicle,ChannelLoad,0.0364,0
25.8188,107,Vehicle,ChannelLoad,0.0364,0
25.8188,107,Vehicle,TX_Throughput,10560,0
25.8188,107,Vehicle,TX_ObjectCount,2,0
25.8201,182,RSU,ChannelLoad,0.06896,0
25.8201,182,RSU,ChannelLoad,0.06896,0
25.8201,182,RSU,TX_Throughput,8080,0
25.8201,182,RSU,TX_ObjectCount,2,0
25.8202,791,Vehicle,ChannelLoad,0.03392,0
25.8202,791,Vehicle,ChannelLoad,0.03392,0
25.8202,791,Vehicle,TX_Throughput,7760,0
25.8202,791,Vehicle,TX_ObjectCount,1,0
25.8206,6708,Vehicle,ChannelLoad,0.05416,0
25.8206,6708,Vehicle,ChannelLoad,0.05416,0
25.8206,6708,Vehicle,TX_Throughput,4560,0
25.8206,6708,Vehicle,TX_ObjectCount,0,0
25.8218,4380,Vehicle,ChannelLoad,0.04552,0
25.8218,4380,Vehicle,ChannelLoad,0.04552,0
25.8218,4380,Vehicle,TX_Throughput,7760,0
25.8218,4380,Vehicle,TX_ObjectCount,1,0
25.8231,1688,RSU,ChannelLoad,0.034,0
25.8231,1688,RSU,ChannelLoad,0.034,0
25.8231,1688,RSU,TX_Throughput,5280,0
25.8231,1688,RSU,TX_ObjectCount,1,0
25.8235,5580,Vehicle,ChannelLoad,0.05152,0
25.8235,5580,Vehicle,ChannelLoad,0.05152,0
25.8235,5580,Vehicle,TX_Throughput,4560,0
25.8235,5580,Vehicle,TX_ObjectCount,0,0
25.8289,4455,Vehicle,ChannelLoad,0.0668,0
25.8289,4455,Vehicle,ChannelLoad,0.0668,0
25.8289,4455,Vehicle,TX_Throughput,4560,0
25.8289,4455,Vehicle,TX_ObjectCount,0,0
25.8318,866,Vehicle,ChannelLoad,0.03224,0
25.8318,866,Vehicle,ChannelLoad,0.03224,0
25.8318,866,Vehicle,TX_Throughput,4560,0
25.8318,866,Vehicle,TX_ObjectCount,0,0
25.8333,3481,RSU,ChannelLoad,0.04696,0
25.8333,3481,RSU,ChannelLoad,0.04696,0
25.8333,3481,RSU,TX_Throughput,2080,0
25.8333,3481,RSU,TX_ObjectCount,0,0
25.8343,5655,Vehicle,ChannelLoad,0.0548,0
25.8343,5655,Vehicle,ChannelLoad,0.0548,0
25.8343,5655,Vehicle,TX_Throughput,4560,0
25.8343,5655,Vehicle,TX_ObjectCount,0,0
25.8351,5728,Vehicle,ChannelLoad,0.0328,0
25.8351,5728,Vehicle,ChannelLoad,0.0328,0
25.8351,5728,Vehicle,TX_Throughput,4560,0
25.8351,5728,Vehicle,TX_ObjectCount,0,0
25.8352,6781,RSU,ChannelLoad,0.06192,0
25.8352,6781,RSU,ChannelLoad,0.06192,0
25.8352,6781,RSU,TX_Throughput,10880,0
25.8352,6781,RSU,TX_ObjectCount,3,0
25.8382,941,Vehicle,ChannelLoad,0.0332,0
25.8382,941,Vehicle,ChannelLoad,0.0332,0
25.8382,941,Vehicle,TX_Throughput,4560,0
25.8382,941,Vehicle,TX_ObjectCount,0,0
25.8389,5801,RSU,ChannelLoad,0.05936,0
25.8389,5801,RSU,ChannelLoad,0.05936,0
25.8389,5801,RSU,TX_Throughput,2080,0
25.8389,5801,RSU,TX_ObjectCount,0,0
25.8399,5875,Vehicle,ChannelLoad,0.048,0
25.8399,5875,Vehicle,ChannelLoad,0.048,0
25.8399,5875,Vehicle,TX_Throughput,4560,0
25.8399,5875,Vehicle,TX_ObjectCount,0,0
25.8417,3561,Vehicle,ChannelLoad,0.04064,0
25.8417,3561,Vehicle,ChannelLoad,0.04064,0
25.8417,3561,Vehicle,TX_Throughput,4560,0
25.8417,3561,Vehicle,TX_ObjectCount,0,0
25.8434,1016,Vehicle,ChannelLoad,0.05448,0
25.8434,1016,Vehicle,ChannelLoad,0.05448,0
25.8434,1016,Vehicle,TX_Throughput,4560,0
25.8434,1016,Vehicle,TX_ObjectCount,0,0
25.8464,1089,RSU,ChannelLoad,0.06712,0
25.8464,1089,RSU,ChannelLoad,0.06712,0
25.8464,1089,RSU,TX_Throughput,8080,0
25.8464,1089,RSU,TX_ObjectCount,2,0
25.8471,3634,RSU,ChannelLoad,0.0548,0
25.8471,3634,RSU,ChannelLoad,0.0548,0
25.8471,3634,RSU,TX_Throughput,8080,0
25.8471,3634,RSU,TX_ObjectCount,2,0
25.8472,5950,Vehicle,ChannelLoad,0.05064,0
25.8472,5950,Vehicle,ChannelLoad,0.05064,0
25.8472,5950,Vehicle,TX_Throughput,4560,0
25.8472,5950,Vehicle,TX_ObjectCount,0,0
25.8488,1764,RSU,ChannelLoad,0.07128,0
25.8488,1764,RSU,ChannelLoad,0.07128,0
25.8488,1764,RSU,TX_Throughput,2080,0
25.8488,1764,RSU,TX_ObjectCount,0,0
25.8492,3708,RSU,ChannelLoad,0.0388,0
25.8492,3708,RSU,ChannelLoad,0.0388,0
25.8492,3708,RSU,TX_Throughput,8080,0
25.8492,3708,RSU,TX_ObjectCount,2,0
25.8497,1163,Vehicle,ChannelLoad,0.04928,0
25.8497,1163,Vehicle,ChannelLoad,0.04928,0
25.8497,1163,Vehicle,TX_Throughput,4560,0
25.8497,1163,Vehicle,TX_ObjectCount,0,0
25.8499,3782,Vehicle,ChannelLoad,0.04736,0
25.8499,3782,Vehicle,ChannelLoad,0.04736,0
25.8499,3782,Vehicle,TX_Throughput,4560,0
25.8499,3782,Vehicle,TX_ObjectCount,0,0
25.8507,6859,Vehicle,ChannelLoad,0.04352,0
25.8507,6859,Vehicle,ChannelLoad,0.04352,0
25.8507,6859,Vehicle,TX_Throughput,4560,0
25.8507,6859,Vehicle,TX_ObjectCount,0,0
25.8512,3855,Vehicle,ChannelLoad,0.03112,0
25.8512,3855,Vehicle,ChannelLoad,0.03112,0
25.8512,3855,Vehicle,TX_Throughput,7760,0
25.8512,3855,Vehicle,TX_ObjectCount,1,0
25.8528,4534,RSU,ChannelLoad,0.05728,0
25.8528,4534,RSU,ChannelLoad,0.05728,0
25.8528,4534,RSU,TX_Throughput,5280,0
25.8528,4534,RSU,TX_ObjectCount,1,0
25.8561,6932,RSU,ChannelLoad,0.06048,0
25.8561,6932,RSU,ChannelLoad,0.06048,0
25.8561,6932,RSU,TX_Throughput,8080,0
25.8561,6932,RSU,TX_ObjectCount,2,0
25.8586,7006,Vehicle,ChannelLoad,0.03912,0
25.8586,7006,Vehicle,ChannelLoad,0.03912,0
25.8586,7006,Vehicle,TX_Throughput,4560,0
25.8586,7006,Vehicle,TX_ObjectCount,0,0
25.8594,2523,Vehicle,ChannelLoad,0.08584,0
25.8594,2523,Vehicle,ChannelLoad,0.08584,0
25.8594,2523,Vehicle,TX_Throughput,4560,0
25.8594,2523,Vehicle,TX_ObjectCount,0,0
25.8595,2596,Vehicle,ChannelLoad,0.03256,0
25.8595,2596,Vehicle,ChannelLoad,0.03256,0
25.8595,2596,Vehicle,TX_Throughput,4560,0
25.8595,2596,Vehicle,TX_ObjectCount,0,0
25.8613,1238,Vehicle,ChannelLoad,0.04936,0
25.8613,1238,Vehicle,ChannelLoad,0.04936,0
25.8613,1238,Vehicle,TX_Throughput,4560,0
25.8613,1238,Vehicle,TX_ObjectCount,0,0
25.8615,3930,Vehicle,ChannelLoad,0.05584,0
25.8615,3930,Vehicle,ChannelLoad,0.05584,0
25.8615,3930,Vehicle,TX_Throughput,4560,0
25.8615,3930,Vehicle,TX_ObjectCount,0,0
25.8637,2669,Vehicle,ChannelLoad,0.05424,0
25.8637,2669,Vehicle,ChannelLoad,0.05424,0
25.8637,2669,Vehicle,TX_Throughput,4560,0
25.8637,2669,Vehicle,TX_ObjectCount,0,0
25.8647,1842,RSU,ChannelLoad,0.05448,0
25.8647,1842,RSU,ChannelLoad,0.05448,0
25.8647,1842,RSU,TX_Throughput,5280,0
25.8647,1842,RSU,TX_ObjectCount,1,0
25.8649,1311,RSU,ChannelLoad,0.05144,0
25.8649,1311,RSU,ChannelLoad,0.05144,0
25.8649,1311,RSU,TX_Throughput,5280,0
25.8649,1311,RSU,TX_ObjectCount,1,0
25.8652,4608,Vehicle,ChannelLoad,0.07072,0
25.8652,4608,Vehicle,ChannelLoad,0.07072,0
25.8652,4608,Vehicle,TX_Throughput,4560,0
25.8652,4608,Vehicle,TX_ObjectCount,0,0
25.8663,4003,Vehicle,ChannelLoad,0.07096,0
25.8663,4003,Vehicle,ChannelLoad,0.07096,0
25.8663,4003,Vehicle,TX_Throughput,4560,0
25.8663,4003,Vehicle,TX_ObjectCount,0,0
25.8666,4681,Vehicle,ChannelLoad,0.05288,0
25.8666,4681,Vehicle,ChannelLoad,0.05288,0
25.8666,4681,Vehicle,TX_Throughput,4560,0
25.8666,4681,Vehicle,TX_ObjectCount,0,0
25.8684,4756,Vehicle,ChannelLoad,0.04112,0
25.8684,4756,Vehicle,ChannelLoad,0.04112,0
25.8684,4756,Vehicle,TX_Throughput,7760,0
25.8684,4756,Vehicle,TX_ObjectCount,1,0
25.8687,4076,Vehicle,ChannelLoad,0.06544,0
25.8687,4076,Vehicle,ChannelLoad,0.06544,0
25.8687,4076,Vehicle,TX_Throughput,7760,0
25.8687,4076,Vehicle,TX_ObjectCount,1,0
25.8687,2744,Vehicle,ChannelLoad,0.0612,0
25.8687,2744,Vehicle,ChannelLoad,0.0612,0
25.8687,2744,Vehicle,TX_Throughput,4560,0
25.8687,2744,Vehicle,TX_ObjectCount,0,0
25.8696,4829,RSU,ChannelLoad,0.07216,0
25.8696,4829,RSU,ChannelLoad,0.07216,0
25.8696,4829,RSU,TX_Throughput,8080,0
25.8696,4829,RSU,TX_ObjectCount,2,0
25.8698,2817,RSU,ChannelLoad,0.0636,0
25.8698,2817,RSU,ChannelLoad,0.0636,0
25.8698,2817,RSU,TX_Throughput,5280,0
25.8698,2817,RSU,TX_ObjectCount,1,0
25.87,1918,RSU,ChannelLoad,0.07752,0
25.87,1918,RSU,ChannelLoad,0.07752,0
25.87,1918,RSU,TX_Throughput,8080,0
25.87,1918,RSU,TX_ObjectCount,2,0
25.8709,1385,Vehicle,ChannelLoad,0.0568,0
25.8709,1385,Vehicle,ChannelLoad,0.0568,0
25.8709,1385,Vehicle,TX_Throughput,4560,0
25.8709,1385,Vehicle,TX_ObjectCount,0,0
25.871,270,Vehicle,ChannelLoad,0.05072,0
25.871,270,Vehicle,ChannelLoad,0.05072,0
25.871,270,Vehicle,TX_Throughput,7760,0
25.871,270,Vehicle,TX_ObjectCount,1,0
25.8723,4905,RSU,ChannelLoad,0.08736,0
25.8723,4905,RSU,ChannelLoad,0.08736,0
25.8723,4905,RSU,TX_Throughput,10880,0
25.8723,4905,RSU,TX_ObjectCount,3,0
25.8727,1992,Vehicle,ChannelLoad,0.03536,0
25.8727,1992,Vehicle,ChannelLoad,0.03536,0
25.8727,1992,Vehicle,TX_Throughput,7760,0
25.8727,1992,Vehicle,TX_ObjectCount,1,0
25.8742,7079,Vehicle,ChannelLoad,0.04208,0
25.8742,7079,Vehicle,ChannelLoad,0.04208,0
25.8742,7079,Vehicle,TX_Throughput,4560,0
25.8742,7079,Vehicle,TX_ObjectCount,0,0
25.8747,4153,Vehicle,ChannelLoad,0.04136,0
25.8747,4153,Vehicle,ChannelLoad,0.04136,0
25.8747,4153,Vehicle,TX_Throughput,4560,0
25.8747,4153,Vehicle,TX_ObjectCount,0,0
25.8748,6043,Vehicle,ChannelLoad,0.03208,0
25.8748,6043,Vehicle,ChannelLoad,0.03208,0
25.8748,6043,Vehicle,TX_Throughput,4560,0
25.8748,6043,Vehicle,TX_ObjectCount,0,0
25.8759,4979,Vehicle,ChannelLoad,0.0964,0
25.8759,4979,Vehicle,ChannelLoad,0.0964,0
25.8759,4979,Vehicle,TX_Throughput,4560,0
25.8759,4979,Vehicle,TX_ObjectCount,0,0
25.8762,5052,RSU,ChannelLoad,0.0804,0
25.8762,5052,RSU,ChannelLoad,0.0804,0
25.8762,5052,RSU,TX_Throughput,5280,0
25.8762,5052,RSU,TX_ObjectCount,1,0
25.8777,2065,Vehicle,ChannelLoad,0.0584,0
25.8777,2065,Vehicle,ChannelLoad,0.0584,0
25.8777,2065,Vehicle,TX_Throughput,10560,0
25.8777,2065,Vehicle,TX_ObjectCount,2,0
25.8778,6116,RSU,ChannelLoad,0.08184,0
25.8778,6116,RSU,ChannelLoad,0.08184,0
25.8778,6116,RSU,TX_Throughput,5280,0
25.8778,6116,RSU,TX_ObjectCount,1,0
25.8782,7152,Vehicle,ChannelLoad,0.06064,0
25.8782,7152,Vehicle,ChannelLoad,0.06064,0
25.8782,7152,Vehicle,TX_Throughput,7760,0
25.8782,7152,Vehicle,TX_ObjectCount,1,0
25.8801,6192,RSU,ChannelLoad,0.05232,0
25.8801,6192,RSU,ChannelLoad,0.05232,0
25.8801,6192,RSU,TX_Throughput,2080,0
25.8801,6192,RSU,TX_ObjectCount,0,0
25.8805,7227,Vehicle,ChannelLoad,0.04248,0
25.8805,7227,Vehicle,ChannelLoad,0.04248,0
25.8805,7227,Vehicle,TX_Throughput,7760,0
25.8805,7227,Vehicle,TX_ObjectCount,1,0
25.8809,4230,Vehicle,ChannelLoad,0.064,0
25.8809,4230,Vehicle,ChannelLoad,0.064,0
25.8809,4230,Vehicle,TX_Throughput,7760,0
25.8809,4230,Vehicle,TX_ObjectCount,1,0
25.8818,6266,Vehicle,ChannelLoad,0.0516,0
25.8818,6266,Vehicle,ChannelLoad,0.0516,0
25.8818,6266,Vehicle,TX_Throughput,4560,0
25.8818,6266,Vehicle,TX_ObjectCount,0,0
25.8819,5126,Vehicle,ChannelLoad,0.05264,0
25.8819,5126,Vehicle,ChannelLoad,0.05264,0
25.8819,5126,Vehicle,TX_Throughput,10560,0
25.8819,5126,Vehicle,TX_ObjectCount,2,0
25.8831,343,Vehicle,ChannelLoad,0.04736,0
25.8831,343,Vehicle,ChannelLoad,0.04736,0
25.8831,343,Vehicle,TX_Throughput,10560,0
25.8831,343,Vehicle,TX_ObjectCount,2,0
25.8832,1458,RSU,ChannelLoad,0.08584,0
25.8832,1458,RSU,ChannelLoad,0.08584,0
25.8832,1458,RSU,TX_Throughput,2080,0
25.8832,1458,RSU,TX_ObjectCount,0,0
25.8834,2891,Vehicle,ChannelLoad,0.04168,0
25.8834,2891,Vehicle,ChannelLoad,0.04168,0
25.8834,2891,Vehicle,TX_Throughput,7760,0
25.8834,2891,Vehicle,TX_ObjectCount,1,0
25.8865,2966,Vehicle,ChannelLoad,0.0596,0
25.8865,2966,Vehicle,ChannelLoad,0.0596,0
25.8865,2966,Vehicle,TX_Throughput,4560,0
25.8865,2966,Vehicle,TX_ObjectCount,0,0
25.8865,5201,RSU,ChannelLoad,0.08792,0
25.8865,5201,RSU,ChannelLoad,0.08792,0
25.8865,5201,RSU,TX_Throughput,2080,0
25.8865,5201,RSU,TX_ObjectCount,0,0
25.8871,416,Vehicle,ChannelLoad,0.06096,0
25.8871,416,Vehicle,ChannelLoad,0.06096,0
25.8871,416,Vehicle,TX_Throughput,7760,0
25.8871,416,Vehicle,TX_ObjectCount,1,0
25.8885,2140,RSU,ChannelLoad,0.06408,0
25.8885,2140,RSU,ChannelLoad,0.06408,0
25.8885,2140,RSU,TX_Throughput,5280,0
25.8885,2140,RSU,TX_ObjectCount,1,0
25.8887,6339,Vehicle,ChannelLoad,0.08624,0
25.8887,6339,Vehicle,ChannelLoad,0.08624,0
25.8887,6339,Vehicle,TX_Throughput,4560,0
25.8887,6339,Vehicle,TX_ObjectCount,0,0
25.8894,2214,RSU,ChannelLoad,0.06664,0
25.8894,2214,RSU,ChannelLoad,0.06664,0
25.8894,2214,RSU,TX_Throughput,5280,0
25.8894,2214,RSU,TX_ObjectCount,1,0
25.892,5275,RSU,ChannelLoad,0.07416,0
25.892,5275,RSU,ChannelLoad,0.07416,0
25.892,5275,RSU,TX_Throughput,10880,0
25.892,5275,RSU,TX_ObjectCount,3,0
25.8925,6412,Vehicle,ChannelLoad,0.06384,0
25.8925,6412,Vehicle,ChannelLoad,0.06384,0
25.8925,6412,Vehicle,TX_Throughput,4560,0
25.8925,6412,Vehicle,TX_ObjectCount,0,0
25.8928,3039,Vehicle,ChannelLoad,0.0744,0
25.8928,3039,Vehicle,ChannelLoad,0.0744,0
25.8928,3039,Vehicle,TX_Throughput,4560,0
25.8928,3039,Vehicle,TX_ObjectCount,0,0
25.8928,5349,Vehicle,ChannelLoad,0.07504,0
25.8928,5349,Vehicle,ChannelLoad,0.07504,0
25.8928,5349,Vehicle,TX_Throughput,4560,0
25.8928,5349,Vehicle,TX_ObjectCount,0,0
25.8939,489,Vehicle,ChannelLoad,0.0336,0
25.8939,489,Vehicle,ChannelLoad,0.0336,0
25.8939,489,Vehicle,TX_Throughput,4560,0
25.8939,489,Vehicle,TX_ObjectCount,0,0
25.8961,3112,RSU,ChannelLoad,0.07592,0
25.8961,3112,RSU,ChannelLoad,0.07592,0
25.8961,3112,RSU,TX_Throughput,2080,0
25.8961,3112,RSU,TX_ObjectCount,0,0
25.8961,562,Vehicle,ChannelLoad,0.02128,0
25.8961,562,Vehicle,ChannelLoad,0.02128,0
25.8961,562,Vehicle,TX_Throughput,4560,0
25.8961,562,Vehicle,TX_ObjectCount,0,0
25.8976,6485,Vehicle,ChannelLoad,0.03256,0
25.8976,6485,Vehicle,ChannelLoad,0.03256,0
25.8976,6485,Vehicle,TX_Throughput,4560,0
25.8976,6485,Vehicle,TX_ObjectCount,0,0
25.8978,3186,RSU,ChannelLoad,0.0556,0
25.8978,3186,RSU,ChannelLoad,0.0556,0
25.8978,3186,RSU,TX_Throughput,2080,0
25.8978,3186,RSU,TX_ObjectCount,0,0
25.9009,7304,Vehicle,ChannelLoad,0.02568,0
25.9009,7304,Vehicle,ChannelLoad,0.02568,0
25.9009,7304,Vehicle,TX_Throughput,7760,0
25.9009,7304,Vehicle,TX_ObjectCount,1,0
25.902,639,Vehicle,ChannelLoad,0.02712,0
25.902,639,Vehicle,ChannelLoad,0.02712,0
25.902,639,Vehicle,TX_Throughput,4560,0
25.902,639,Vehicle,TX_ObjectCount,0,0
25.9028,5422,Vehicle,ChannelLoad,0.04712,0
25.9028,5422,Vehicle,ChannelLoad,0.04712,0
25.9028,5422,Vehicle,TX_Throughput,4560,0
25.9028,5422,Vehicle,TX_ObjectCount,0,0
25.9037,6558,RSU,ChannelLoad,0.0612,0
25.9037,6558,RSU,ChannelLoad,0.0612,0
25.9037,6558,RSU,TX_Throughput,2080,0
25.9037,6558,RSU,TX_ObjectCount,0,0
25.9047,29,RSU,ChannelLoad,0.07352,0
25.9047,29,RSU,ChannelLoad,0.07352,0
25.9047,29,RSU,TX_Throughput,5280,0
25.9047,29,RSU,TX_ObjectCount,1,0
25.909,4303,Vehicle,ChannelLoad,0.06496,0
25.909,4303,Vehicle,ChannelLoad,0.06496,0
25.909,4303,Vehicle,TX_Throughput,4560,0
25.909,4303,Vehicle,TX_ObjectCount,0,0
25.9104,1538,Vehicle,ChannelLoad,0.02776,0
25.9104,1538,Vehicle,ChannelLoad,0.02776,0
25.9104,1538,Vehicle,TX_Throughput,10560,0
25.9104,1538,Vehicle,TX_ObjectCount,2,0
25.9122,7377,Vehicle,ChannelLoad,0.02088,0
25.9122,7377,Vehicle,ChannelLoad,0.02088,0
25.9122,7377,Vehicle,TX_Throughput,7760,0
25.9122,7377,Vehicle,TX_ObjectCount,1,0
25.9131,5501,Vehicle,ChannelLoad,0.04992,0
25.9131,5501,Vehicle,ChannelLoad,0.04992,0
25.9131,5501,Vehicle,TX_Throughput,4560,0
25.9131,5501,Vehicle,TX_ObjectCount,0,0
25.9143,3260,Vehicle,ChannelLoad,0.04504,0
25.9143,3260,Vehicle,ChannelLoad,0.04504,0
25.9143,3260,Vehicle,TX_Throughput,7760,0
25.9143,3260,Vehicle,TX_ObjectCount,1,0
25.9144,3333,Vehicle,ChannelLoad,0.03568,0
25.9144,3333,Vehicle,ChannelLoad,0.03568,0
25.9144,3333,Vehicle,TX_Throughput,7760,0
25.9144,3333,Vehicle,TX_ObjectCount,1,0
25.9147,3406,Vehicle,ChannelLoad,0.04264,0
25.9147,3406,Vehicle,ChannelLoad,0.04264,0
25.9147,3406,Vehicle,TX_Throughput,4560,0
25.9147,3406,Vehicle,TX_ObjectCount,0,0
25.9154,2292,Vehicle,ChannelLoad,0.03512,0
25.9154,2292,Vehicle,ChannelLoad,0.03512,0
25.9154,2292,Vehicle,TX_Throughput,4560,0
25.9154,2292,Vehicle,TX_ObjectCount,0,0
25.9163,6634,RSU,ChannelLoad,0.05032,0
25.9163,6634,RSU,ChannelLoad,0.05032,0
25.9163,6634,RSU,TX_Throughput,2080,0
25.9163,6634,RSU,TX_ObjectCount,0,0
25.9166,1611,Vehicle,ChannelLoad,0.0488,0
25.9166,1611,Vehicle,ChannelLoad,0.0488,0
25.9166,1611,Vehicle,TX_Throughput,4560,0
25.9166,1611,Vehicle,TX_ObjectCount,0,0
25.9172,2365,Vehicle,ChannelLoad,0.04432,0
25.9172,2365,Vehicle,ChannelLoad,0.04432,0
25.9172,2365,Vehicle,TX_Throughput,10560,0
25.9172,2365,Vehicle,TX_ObjectCount,2,0
25.9186,2440,Vehicle,ChannelLoad,0.05752,0
25.9186,2440,Vehicle,ChannelLoad,0.05752,0
25.9186,2440,Vehicle,TX_Throughput,4560,0
25.9186,2440,Vehicle,TX_ObjectCount,0,0
25.9187,718,Vehicle,ChannelLoad,0.04064,0
25.9187,718,Vehicle,ChannelLoad,0.04064,0
25.9187,718,Vehicle,TX_Throughput,4560,0
25.9187,718,Vehicle,TX_ObjectCount,0,0
25.9188,107,Vehicle,ChannelLoad,0.05352,0
25.9188,107,Vehicle,ChannelLoad,0.05352,0
25.9188,107,Vehicle,TX_Throughput,4560,0
25.9188,107,Vehicle,TX_ObjectCount,0,0
25.9201,182,RSU,ChannelLoad,0.06112,0
25.9201,182,RSU,ChannelLoad,0.06112,0
25.9201,182,RSU,TX_Throughput,8080,0
25.9201,182,RSU,TX_ObjectCount,2,0
25.9202,791,Vehicle,ChannelLoad,0.05696,0
25.9202,791,Vehicle,ChannelLoad,0.05696,0
25.9202,791,Vehicle,TX_Throughput,4560,0
25.9202,791,Vehicle,TX_ObjectCount,0,0
25.9206,6708,Vehicle,ChannelLoad,0.07616,0
25.9206,6708,Vehicle,ChannelLoad,0.07616,0
25.9206,6708,Vehicle,TX_Throughput,4560,0
25.9206,6708,Vehicle,TX_ObjectCount,0,0
25.9218,4380,Vehicle,ChannelLoad,0.04376,0
25.9218,4380,Vehicle,ChannelLoad,0.04376,0
25.9218,4380,Vehicle,TX_Throughput,4560,0
25.9218,4380,Vehicle,TX_ObjectCount,0,0
25.9231,1688,RSU,ChannelLoad,0.07048,0
25.9231,1688,RSU,ChannelLoad,0.07048,0
25.9231,1688,RSU,TX_Throughput,8080,0
25.9231,1688,RSU,TX_ObjectCount,2,0
25.9235,5580,Vehicle,ChannelLoad,0.04216,0
25.9235,5580,Vehicle,ChannelLoad,0.04216,0
25.9235,5580,Vehicle,TX_Throughput,4560,0
25.9235,5580,Vehicle,TX_ObjectCount,0,0
25.9289,4455,Vehicle,ChannelLoad,0.06288,0
25.9289,4455,Vehicle,ChannelLoad,0.06288,0
25.9289,4455,Vehicle,TX_Throughput,7760,0
25.9289,4455,Vehicle,TX_ObjectCount,1,0
25.9289,7452,RSU,ChannelLoad,0.08096,0
25.9289,7452,RSU,ChannelLoad,0.08096,0
25.9289,7452,RSU,TX_Throughput,13680,0
25.9289,7452,RSU,TX_ObjectCount,4,0
25.9318,866,Vehicle,ChannelLoad,0.04608,0
25.9318,866,Vehicle,ChannelLoad,0.04608,0
25.9318,866,Vehicle,TX_Throughput,4560,0
25.9318,866,Vehicle,TX_ObjectCount,0,0
25.9326,7526,Vehicle,ChannelLoad,0.036,0
25.9326,7526,Vehicle,ChannelLoad,0.036,0
25.9326,7526,Vehicle,TX_Throughput,7760,0
25.9326,7526,Vehicle,TX_ObjectCount,1,0
25.9333,3481,RSU,ChannelLoad,0.06848,0
25.9333,3481,RSU,ChannelLoad,0.06848,0
25.9333,3481,RSU,TX_Throughput,5280,0
25.9333,3481,RSU,TX_ObjectCount,1,0
25.9343,5655,Vehicle,ChannelLoad,0.0476,0
25.9343,5655,Vehicle,ChannelLoad,0.0476,0
25.9343,5655,Vehicle,TX_Throughput,4560,0
25.9343,5655,Vehicle,TX_ObjectCount,0,0
25.9351,5728,Vehicle,ChannelLoad,0.04952,0
25.9351,5728,Vehicle,ChannelLoad,0.04952,0
25.9351,5728,Vehicle,TX_Throughput,7760,0
25.9351,5728,Vehicle,TX_ObjectCount,1,0
25.9352,6781,RSU,ChannelLoad,0.06904,0
25.9352,6781,RSU,ChannelLoad,0.06904,0
25.9352,6781,RSU,TX_Throughput,2080,0
25.9352,6781,RSU,TX_ObjectCount,0,0
25.9361,7599,Vehicle,ChannelLoad,0.05456,0
25.9361,7599,Vehicle,ChannelLoad,0.05456,0
25.9361,7599,Vehicle,TX_Throughput,7760,0
25.9361,7599,Vehicle,TX_ObjectCount,1,0
25.9382,941,Vehicle,ChannelLoad,0.05128,0
25.9382,941,Vehicle,ChannelLoad,0.05128,0
25.9382,941,Vehicle,TX_Throughput,4560,0
25.9382,941,Vehicle,TX_ObjectCount,0,0
25.9389,5801,RSU,ChannelLoad,0.0808,0
25.9389,5801,RSU,ChannelLoad,0.0808,0
25.9389,5801,RSU,TX_Throughput,5280,0
25.9389,5801,RSU,TX_ObjectCount,1,0
25.9399,5875,Vehicle,ChannelLoad,0.04576,0
25.9399,5875,Vehicle,ChannelLoad,0.04576,0
25.9399,5875,Vehicle,TX_Throughput,4560,0
25.9399,5875,Vehicle,TX_ObjectCount,0,0
25.9414,7674,RSU,ChannelLoad,0.05744,0
25.9414,7674,RSU,ChannelLoad,0.05744,0
25.9414,7674,RSU,TX_Throughput,8080,0
25.9414,7674,RSU,TX_ObjectCount,2,0
25.9417,3561,Vehicle,ChannelLoad,0.05136,0
25.9417,3561,Vehicle,ChannelLoad,0.05136,0
25.9417,3561,Vehicle,TX_Throughput,4560,0
25.9417,3561,Vehicle,TX_ObjectCount,0,0
25.9423,7748,Vehicle,ChannelLoad,0.05072,0
25.9423,7748,Vehicle,ChannelLoad,0.05072,0
25.9423,7748,Vehicle,TX_Throughput,7760,0
25.9423,7748,Vehicle,TX_ObjectCount,1,0
25.9434,1016,Vehicle,ChannelLoad,0.06208,0
25.9434,1016,Vehicle,ChannelLoad,0.06208,0
25.9434,1016,Vehicle,TX_Throughput,4560,0
25.9434,1016,Vehicle,TX_ObjectCount,0,0
25.9464,1089,RSU,ChannelLoad,0.07504,0
25.9464,1089,RSU,ChannelLoad,0.07504,0
25.9464,1089,RSU,TX_Throughput,13680,0
25.9464,1089,RSU,TX_ObjectCount,4,0
25.9471,3634,RSU,ChannelLoad,0.06264,0
25.9471,3634,RSU,ChannelLoad,0.06264,0
25.9471,3634,RSU,TX_Throughput,10880,0
25.9471,3634,RSU,TX_ObjectCount,3,0
25.9472,5950,Vehicle,ChannelLoad,0.06112,0
25.9472,5950,Vehicle,ChannelLoad,0.06112,0
25.9472,5950,Vehicle,TX_Throughput,7760,0
25.9472,5950,Vehicle,TX_ObjectCount,1,0
25.9488,1764,RSU,ChannelLoad,0.10632,0
25.9488,1764,RSU,ChannelLoad,0.10632,0
25.9488,1764,RSU,TX_Throughput,10880,0
25.9488,1764,RSU,TX_ObjectCount,3,0
25.9492,3708,RSU,ChannelLoad,0.05432,0
25.9492,3708,RSU,ChannelLoad,0.05432,0
25.9492,3708,RSU,TX_Throughput,5280,0
25.9492,3708,RSU,TX_ObjectCount,1,0
25.9497,1163,Vehicle,ChannelLoad,0.04912,0
25.9497,1163,Vehicle,ChannelLoad,0.04912,0
25.9497,1163,Vehicle,TX_Throughput,4560,0
25.9497,1163,Vehicle,TX_ObjectCount,0,0
25.9499,3782,Vehicle,ChannelLoad,0.0516,0
25.9499,3782,Vehicle,ChannelLoad,0.0516,0
25.9499,3782,Vehicle,TX_Throughput,4560,0
25.9499,3782,Vehicle,TX_ObjectCount,0,0
25.9507,6859,Vehicle,ChannelLoad,0.04832,0
25.9507,6859,Vehicle,ChannelLoad,0.04832,0
25.9507,6859,Vehicle,TX_Throughput,4560,0
25.9507,6859,Vehicle,TX_ObjectCount,0,0
25.9512,3855,Vehicle,ChannelLoad,0.02728,0
25.9512,3855,Vehicle,ChannelLoad,0.02728,0
25.9512,3855,Vehicle,TX_Throughput,7760,0
25.9512,3855,Vehicle,TX_ObjectCount,1,0
25.9528,4534,RSU,ChannelLoad,0.07,0
25.9528,4534,RSU,ChannelLoad,0.07,0
25.9528,4534,RSU,TX_Throughput,5280,0
25.9528,4534,RSU,TX_ObjectCount,1,0
25.9561,6932,RSU,ChannelLoad,0.06432,0
25.9561,6932,RSU,ChannelLoad,0.06432,0
25.9561,6932,RSU,TX_Throughput,2080,0
25.9561,6932,RSU,TX_ObjectCount,0,0
25.9579,7825,Vehicle,ChannelLoad,0.04272,0
25.9579,7825,Vehicle,ChannelLoad,0.04272,0
25.9579,7825,Vehicle,TX_Throughput,4560,0
25.9579,7825,Vehicle,TX_ObjectCount,0,0
25.9586,7006,Vehicle,ChannelLoad,0.04872,0
25.9586,7006,Vehicle,ChannelLoad,0.04872,0
25.9586,7006,Vehicle,TX_Throughput,4560,0
25.9586,7006,Vehicle,TX_ObjectCount,0,0
25.9594,2523,Vehicle,ChannelLoad,0.04872,0
25.9594,2523,Vehicle,ChannelLoad,0.04872,0
25.9594,2523,Vehicle,TX_Throughput,4560,0
25.9594,2523,Vehicle,TX_ObjectCount,0,0
25.9595,2596,Vehicle,ChannelLoad,0.03088,0
25.9595,2596,Vehicle,ChannelLoad,0.03088,0
25.9595,2596,Vehicle,TX_Throughput,7760,0
25.9595,2596,Vehicle,TX_ObjectCount,1,0
25.9613,1238,Vehicle,ChannelLoad,0.05608,0
25.9613,1238,Vehicle,ChannelLoad,0.05608,0
25.9613,1238,Vehicle,TX_Throughput,4560,0
25.9613,1238,Vehicle,TX_ObjectCount,0,0
25.9615,3930,Vehicle,ChannelLoad,0.05168,0
25.9615,3930,Vehicle,ChannelLoad,0.05168,0
25.9615,3930,Vehicle,TX_Throughput,4560,0
25.9615,3930,Vehicle,TX_ObjectCount,0,0
25.9637,2669,Vehicle,ChannelLoad,0.05816,0
25.9637,2669,Vehicle,ChannelLoad,0.05816,0
25.9637,2669,Vehicle,TX_Throughput,4560,0
25.9637,2669,Vehicle,TX_ObjectCount,0,0
25.9647,1842,RSU,ChannelLoad,0.052,0
25.9647,1842,RSU,ChannelLoad,0.052,0
25.9647,1842,RSU,TX_Throughput,8080,0
25.9647,1842,RSU,TX_ObjectCount,2,0
25.9649,1311,RSU,ChannelLoad,0.0516,0
25.9649,1311,RSU,ChannelLoad,0.0516,0
25.9649,1311,RSU,TX_Throughput,8080,0
25.9649,1311,RSU,TX_ObjectCount,2,0
25.9651,7898,Vehicle,ChannelLoad,0.05672,0
25.9651,7898,Vehicle,ChannelLoad,0.05672,0
25.9651,7898,Vehicle,TX_Throughput,4560,0
25.9651,7898,Vehicle,TX_ObjectCount,0,0
25.9652,4608,Vehicle,ChannelLoad,0.06088,0
25.9652,4608,Vehicle,ChannelLoad,0.06088,0
25.9652,4608,Vehicle,TX_Throughput,4560,0
25.9652,4608,Vehicle,TX_ObjectCount,0,0
25.9663,4003,Vehicle,ChannelLoad,0.0648,0
25.9663,4003,Vehicle,ChannelLoad,0.0648,0
25.9663,4003,Vehicle,TX_Throughput,7760,0
25.9663,4003,Vehicle,TX_ObjectCount,1,0
25.9666,4681,Vehicle,ChannelLoad,0.05232,0
25.9666,4681,Vehicle,ChannelLoad,0.05232,0
25.9666,4681,Vehicle,TX_Throughput,4560,0
25.9666,4681,Vehicle,TX_ObjectCount,0,0
25.9684,4756,Vehicle,ChannelLoad,0.03736,0
25.9684,4756,Vehicle,ChannelLoad,0.03736,0
25.9684,4756,Vehicle,TX_Throughput,4560,0
25.9684,4756,Vehicle,TX_ObjectCount,0,0
25.9687,4076,Vehicle,ChannelLoad,0.03936,0
25.9687,4076,Vehicle,ChannelLoad,0.03936,0
25.9687,4076,Vehicle,TX_Throughput,13360,0
25.9687,4076,Vehicle,TX_ObjectCount,3,0
25.9687,2744,Vehicle,ChannelLoad,0.0564,0
25.9687,2744,Vehicle,ChannelLoad,0.0564,0
25.9687,2744,Vehicle,TX_Throughput,4560,0
25.9687,2744,Vehicle,TX_ObjectCount,0,0
25.9696,4829,RSU,ChannelLoad,0.0636,0
25.9696,4829,RSU,ChannelLoad,0.0636,0
25.9696,4829,RSU,TX_Throughput,5280,0
25.9696,4829,RSU,TX_ObjectCount,1,0
25.9698,2817,RSU,ChannelLoad,0.0576,0
25.9698,2817,RSU,ChannelLoad,0.0576,0
25.9698,2817,RSU,TX_Throughput,2080,0
25.9698,2817,RSU,TX_ObjectCount,0,0
25.97,1918,RSU,ChannelLoad,0.10384,0
25.97,1918,RSU,ChannelLoad,0.10384,0
25.97,1918,RSU,TX_Throughput,5280,0
25.97,1918,RSU,TX_ObjectCount,1,0
25.97,7971,Vehicle,ChannelLoad,0.05008,0
25.97,7971,Vehicle,ChannelLoad,0.05008,0
25.97,7971,Vehicle,TX_Throughput,10560,0
25.97,7971,Vehicle,TX_ObjectCount,2,0
25.9701,8044,Vehicle,ChannelLoad,0.0476,0
25.9701,8044,Vehicle,ChannelLoad,0.0476,0
25.9701,8044,Vehicle,TX_Throughput,7760,0
25.9701,8044,Vehicle,TX_ObjectCount,1,0
25.9709,1385,Vehicle,ChannelLoad,0.06184,0
25.9709,1385,Vehicle,ChannelLoad,0.06184,0
25.9709,1385,Vehicle,TX_Throughput,7760,0
25.9709,1385,Vehicle,TX_ObjectCount,1,0
25.971,270,Vehicle,ChannelLoad,0.04816,0
25.971,270,Vehicle,ChannelLoad,0.04816,0
25.971,270,Vehicle,TX_Throughput,13360,0
25.971,270,Vehicle,TX_ObjectCount,3,0
25.9723,4905,RSU,ChannelLoad,0.09056,0
25.9723,4905,RSU,ChannelLoad,0.09056,0
25.9723,4905,RSU,TX_Throughput,10880,0
25.9723,4905,RSU,TX_ObjectCount,3,0
25.9727,1992,Vehicle,ChannelLoad,0.02992,0
25.9727,1992,Vehicle,ChannelLoad,0.02992,0
25.9727,1992,Vehicle,TX_Throughput,4560,0
25.9727,1992,Vehicle,TX_ObjectCount,0,0
25.9742,7079,Vehicle,ChannelLoad,0.0532,0
25.9742,7079,Vehicle,ChannelLoad,0.0532,0
25.9742,7079,Vehicle,TX_Throughput,10560,0
25.9742,7079,Vehicle,TX_ObjectCount,2,0
25.9747,4153,Vehicle,ChannelLoad,0.04248,0
25.9747,4153,Vehicle,ChannelLoad,0.04248,0
25.9747,4153,Vehicle,TX_Throughput,4560,0
25.9747,4153,Vehicle,TX_ObjectCount,0,0
25.9748,6043,Vehicle,ChannelLoad,0.03664,0
25.9748,6043,Vehicle,ChannelLoad,0.03664,0
25.9748,6043,Vehicle,TX_Throughput,7760,0
25.9748,6043,Vehicle,TX_ObjectCount,1,0
25.9759,4979,Vehicle,ChannelLoad,0.09384,0
25.9759,4979,Vehicle,ChannelLoad,0.09384,0
25.9759,4979,Vehicle,TX_Throughput,4560,0
25.9759,4979,Vehicle,TX_ObjectCount,0,0
25.9762,5052,RSU,ChannelLoad,0.07608,0
25.9762,5052,RSU,ChannelLoad,0.07608,0
25.9762,5052,RSU,TX_Throughput,5280,0
25.9762,5052,RSU,TX_ObjectCount,1,0
25.9777,2065,Vehicle,ChannelLoad,0.05112,0
25.9777,2065,Vehicle,ChannelLoad,0.05112,0
25.9777,2065,Vehicle,TX_Throughput,4560,0
25.9777,2065,Vehicle,TX_ObjectCount,0,0
25.9778,6116,RSU,ChannelLoad,0.08496,0
25.9778,6116,RSU,ChannelLoad,0.08496,0
25.9778,6116,RSU,TX_Throughput,8080,0
25.9778,6116,RSU,TX_ObjectCount,2,0
25.9782,7152,Vehicle,ChannelLoad,0.07296,0
25.9782,7152,Vehicle,ChannelLoad,0.07296,0
25.9782,7152,Vehicle,TX_Throughput,4560,0
25.9782,7152,Vehicle,TX_ObjectCount,0,0
25.9801,6192,RSU,ChannelLoad,0.07232,0
25.9801,6192,RSU,ChannelLoad,0.07232,0
25.9801,6192,RSU,TX_Throughput,13680,0
25.9801,6192,RSU,TX_ObjectCount,4,0
25.9805,8119,Vehicle,ChannelLoad,0.04768,0
25.9805,8119,Vehicle,ChannelLoad,0.04768,0
25.9805,8119,Vehicle,TX_Throughput,7760,0
25.9805,8119,Vehicle,TX_ObjectCount,1,0
25.9805,7227,Vehicle,ChannelLoad,0.04744,0
25.9805,7227,Vehicle,ChannelLoad,0.04744,0
25.9805,7227,Vehicle,TX_Throughput,4560,0
25.9805,7227,Vehicle,TX_ObjectCount,0,0
25.9809,4230,Vehicle,ChannelLoad,0.0636,0
25.9809,4230,Vehicle,ChannelLoad,0.0636,0
25.9809,4230,Vehicle,TX_Throughput,10560,0
25.9809,4230,Vehicle,TX_ObjectCount,2,0
25.9818,6266,Vehicle,ChannelLoad,0.05968,0
25.9818,6266,Vehicle,ChannelLoad,0.05968,0
25.9818,6266,Vehicle,TX_Throughput,7760,0
25.9818,6266,Vehicle,TX_ObjectCount,1,0
25.9819,5126,Vehicle,ChannelLoad,0.05328,0
25.9819,5126,Vehicle,ChannelLoad,0.05328,0
25.9819,5126,Vehicle,TX_Throughput,7760,0
25.9819,5126,Vehicle,TX_ObjectCount,1,0
25.9831,343,Vehicle,ChannelLoad,0.03224,0
25.9831,343,Vehicle,ChannelLoad,0.03224,0
25.9831,343,Vehicle,TX_Throughput,10560,0
25.9831,343,Vehicle,TX_ObjectCount,2,0
25.9832,1458,RSU,ChannelLoad,0.06848,0
25.9832,1458,RSU,ChannelLoad,0.06848,0
25.9832,1458,RSU,TX_Throughput,8080,0
25.9832,1458,RSU,TX_ObjectCount,2,0
25.9834,2891,Vehicle,ChannelLoad,0.05368,0
25.9834,2891,Vehicle,ChannelLoad,0.05368,0
25.9834,2891,Vehicle,TX_Throughput,4560,0
25.9834,2891,Vehicle,TX_ObjectCount,0,0
25.9865,2966,Vehicle,ChannelLoad,0.07168,0
25.9865,2966,Vehicle,ChannelLoad,0.07168,0
25.9865,2966,Vehicle,TX_Throughput,4560,0
25.9865,2966,Vehicle,TX_ObjectCount,0,0
25.9865,5201,RSU,ChannelLoad,0.0732,0
25.9865,5201,RSU,ChannelLoad,0.0732,0
25.9865,5201,RSU,TX_Throughput,10880,0
25.9865,5201,RSU,TX_ObjectCount,3,0
25.9871,416,Vehicle,ChannelLoad,0.06456,0
25.9871,416,Vehicle,ChannelLoad,0.06456,0
25.9871,416,Vehicle,TX_Throughput,13360,0
25.9871,416,Vehicle,TX_ObjectCount,3,0
25.9885,2140,RSU,ChannelLoad,0.07736,0
25.9885,2140,RSU,ChannelLoad,0.07736,0
25.9885,2140,RSU,TX_Throughput,2080,0
25.9885,2140,RSU,TX_ObjectCount,0,0
25.9887,6339,Vehicle,ChannelLoad,0.08456,0
25.9887,6339,Vehicle,ChannelLoad,0.08456,0
25.9887,6339,Vehicle,TX_Throughput,4560,0
25.9887,6339,Vehicle,TX_ObjectCount,0,0
25.9894,2214,RSU,ChannelLoad,0.06176,0
25.9894,2214,RSU,ChannelLoad,0.06176,0
25.9894,2214,RSU,TX_Throughput,5280,0
25.9894,2214,RSU,TX_ObjectCount,1,0
25.9916,8192,RSU,ChannelLoad,0.08144,0
25.9916,8192,RSU,ChannelLoad,0.08144,0
25.9916,8192,RSU,TX_Throughput,13680,0
25.9916,8192,RSU,TX_ObjectCount,4,0
25.992,5275,RSU,ChannelLoad,0.08152,0
25.992,5275,RSU,ChannelLoad,0.08152,0
25.992,5275,RSU,TX_Throughput,13680,0
25.992,5275,RSU,TX_ObjectCount,4,0
25.9925,6412,Vehicle,ChannelLoad,0.07352,0
25.9925,6412,Vehicle,ChannelLoad,0.07352,0
25.9925,6412,Vehicle,TX_Throughput,10560,0
25.9925,6412,Vehicle,TX_ObjectCount,2,0
25.9928,3039,Vehicle,ChannelLoad,0.06664,0
25.9928,3039,Vehicle,ChannelLoad,0.06664,0
25.9928,3039,Vehicle,TX_Throughput,7760,0
25.9928,3039,Vehicle,TX_ObjectCount,1,0
25.9928,5349,Vehicle,ChannelLoad,0.0652,0
25.9928,5349,Vehicle,ChannelLoad,0.0652,0
25.9928,5349,Vehicle,TX_Throughput,4560,0
25.9928,5349,Vehicle,TX_ObjectCount,0,0
25.9939,489,Vehicle,ChannelLoad,0.03288,0
25.9939,489,Vehicle,ChannelLoad,0.03288,0
25.9939,489,Vehicle,TX_Throughput,7760,0
25.9939,489,Vehicle,TX_ObjectCount,1,0
25.996,8268,RSU,ChannelLoad,0.09608,0
25.996,8268,RSU,ChannelLoad,0.09608,0
25.996,8268,RSU,TX_Throughput,16480,0
25.996,8268,RSU,TX_ObjectCount,5,0
25.9961,3112,RSU,ChannelLoad,0.09392,0
25.9961,3112,RSU,ChannelLoad,0.09392,0
25.9961,3112,RSU,TX_Throughput,2080,0
25.9961,3112,RSU,TX_ObjectCount,0,0
25.9961,562,Vehicle,ChannelLoad,0.03672,0
25.9961,562,Vehicle,ChannelLoad,0.03672,0
25.9961,562,Vehicle,TX_Throughput,4560,0
25.9961,562,Vehicle,TX_ObjectCount,0,0
25.9976,6485,Vehicle,ChannelLoad,0.03704,0
25.9976,6485,Vehicle,ChannelLoad,0.03704,0
25.9976,6485,Vehicle,TX_Throughput,4560,0
25.9976,6485,Vehicle,TX_ObjectCount,0,0
25.9978,3186,RSU,ChannelLoad,0.05936,0
25.9978,3186,RSU,ChannelLoad,0.05936,0
25.9978,3186,RSU,TX_Throughput,5280,0
25.9978,3186,RSU,TX_ObjectCount,1,0
26.0009,7304,Vehicle,ChannelLoad,0.05072,0
26.0009,7304,Vehicle,ChannelLoad,0.05072,0
26.0009,7304,Vehicle,TX_Throughput,4560,0
26.0009,7304,Vehicle,TX_ObjectCount,0,0
26.002,639,Vehicle,ChannelLoad,0.04888,0
26.002,639,Vehicle,ChannelLoad,0.04888,0
26.002,639,Vehicle,TX_Throughput,4560,0
26.002,639,Vehicle,TX_ObjectCount,0,0
26.0028,5422,Vehicle,ChannelLoad,0.0572,0
26.0028,5422,Vehicle,ChannelLoad,0.0572,0
26.0028,5422,Vehicle,TX_Throughput,4560,0
26.0028,5422,Vehicle,TX_ObjectCount,0,0
26.0037,6558,RSU,ChannelLoad,0.07256,0
26.0037,6558,RSU,ChannelLoad,0.07256,0
26.0037,6558,RSU,TX_Throughput,5280,0
26.0037,6558,RSU,TX_ObjectCount,1,0
26.0047,29,RSU,ChannelLoad,0.08552,0
26.0047,29,RSU,ChannelLoad,0.08552,0
26.0047,29,RSU,TX_Throughput,8080,0
26.0047,29,RSU,TX_ObjectCount,2,0
26.009,4303,Vehicle,ChannelLoad,0.06096,0
26.009,4303,Vehicle,ChannelLoad,0.06096,0
26.009,4303,Vehicle,TX_Throughput,13360,0
26.009,4303,Vehicle,TX_ObjectCount,3,0
26.0104,1538,Vehicle,ChannelLoad,0.03568,0
26.0104,1538,Vehicle,ChannelLoad,0.03568,0
26.0104,1538,Vehicle,TX_Throughput,4560,0
26.0104,1538,Vehicle,TX_ObjectCount,0,0
26.0122,7377,Vehicle,ChannelLoad,0.0332,0
26.0122,7377,Vehicle,ChannelLoad,0.0332,0
26.0122,7377,Vehicle,TX_Throughput,4560,0
26.0122,7377,Vehicle,TX_ObjectCount,0,0
26.0131,5501,Vehicle,ChannelLoad,0.04512,0
26.0131,5501,Vehicle,ChannelLoad,0.04512,0
26.0131,5501,Vehicle,TX_Throughput,4560,0
26.0131,5501,Vehicle,TX_ObjectCount,0,0
26.0143,3260,Vehicle,ChannelLoad,0.04456,0
26.0143,3260,Vehicle,ChannelLoad,0.04456,0
26.0143,3260,Vehicle,TX_Throughput,4560,0
26.0143,3260,Vehicle,TX_ObjectCount,0,0
26.0144,3333,Vehicle,ChannelLoad,0.04952,0
26.0144,3333,Vehicle,ChannelLoad,0.04952,0
26.0144,3333,Vehicle,TX_Throughput,7760,0
26.0144,3333,Vehicle,TX_ObjectCount,1,0
26.0147,3406,Vehicle,ChannelLoad,0.04752,0
26.0147,3406,Vehicle,ChannelLoad,0.04752,0
26.0147,3406,Vehicle,TX_Throughput,4560,0
26.0147,3406,Vehicle,TX_ObjectCount,0,0
26.0154,2292,Vehicle,ChannelLoad,0.05336,0
26.0154,2292,Vehicle,ChannelLoad,0.05336,0
26.0154,2292,Vehicle,TX_Throughput,4560,0
26.0154,2292,Vehicle,TX_ObjectCount,0,0
26.0163,6634,RSU,ChannelLoad,0.05368,0
26.0163,6634,RSU,ChannelLoad,0.05368,0
26.0163,6634,RSU,TX_Throughput,2080,0
26.0163,6634,RSU,TX_ObjectCount,0,0
26.0166,1611,Vehicle,ChannelLoad,0.04368,0
26.0166,1611,Vehicle,ChannelLoad,0.04368,0
26.0166,1611,Vehicle,TX_Throughput,4560,0
26.0166,1611,Vehicle,TX_ObjectCount,0,0
26.0172,2365,Vehicle,ChannelLoad,0.04024,0
26.0172,2365,Vehicle,ChannelLoad,0.04024,0
26.0172,2365,Vehicle,TX_Throughput,4560,0
26.0172,2365,Vehicle,TX_ObjectCount,0,0
26.0182,8348,Vehicle,ChannelLoad,0.03448,0
26.0182,8348,Vehicle,ChannelLoad,0.03448,0
26.0182,8348,Vehicle,TX_Throughput,4560,0
26.0182,8348,Vehicle,TX_ObjectCount,0,0
26.0186,2440,Vehicle,ChannelLoad,0.0432,0
26.0186,2440,Vehicle,ChannelLoad,0.0432,0
26.0186,2440,Vehicle,TX_Throughput,4560,0
26.0186,2440,Vehicle,TX_ObjectCount,0,0
26.0187,718,Vehicle,ChannelLoad,0.04904,0
26.0187,718,Vehicle,ChannelLoad,0.04904,0
26.0187,718,Vehicle,TX_Throughput,4560,0
26.0187,718,Vehicle,TX_ObjectCount,0,0
26.0188,107,Vehicle,ChannelLoad,0.05312,0
26.0188,107,Vehicle,ChannelLoad,0.05312,0
26.0188,107,Vehicle,TX_Throughput,10560,0
26.0188,107,Vehicle,TX_ObjectCount,2,0
26.0201,182,RSU,ChannelLoad,0.08104,0
26.0201,182,RSU,ChannelLoad,0.08104,0
26.0201,182,RSU,TX_Throughput,10880,0
26.0201,182,RSU,TX_ObjectCount,3,0
26.0202,791,Vehicle,ChannelLoad,0.04416,0
26.0202,791,Vehicle,ChannelLoad,0.04416,0
26.0202,791,Vehicle,TX_Throughput,7760,0
26.0202,791,Vehicle,TX_ObjectCount,1,0
26.0206,6708,Vehicle,ChannelLoad,0.09168,0
26.0206,6708,Vehicle,ChannelLoad,0.09168,0
26.0206,6708,Vehicle,TX_Throughput,4560,0
26.0206,6708,Vehicle,TX_ObjectCount,0,0
26.0212,8421,Vehicle,ChannelLoad,0.06352,0
26.0212,8421,Vehicle,ChannelLoad,0.06352,0
26.0212,8421,Vehicle,TX_Throughput,7760,0
26.0212,8421,Vehicle,TX_ObjectCount,1,0
26.0218,4380,Vehicle,ChannelLoad,0.05208,0
26.0218,4380,Vehicle,ChannelLoad,0.05208,0
26.0218,4380,Vehicle,TX_Throughput,10560,0
26.0218,4380,Vehicle,TX_ObjectCount,2,0
26.0231,1688,RSU,ChannelLoad,0.07568,0
26.0231,1688,RSU,ChannelLoad,0.07568,0
26.0231,1688,RSU,TX_Throughput,5280,0
26.0231,1688,RSU,TX_ObjectCount,1,0
26.0235,5580,Vehicle,ChannelLoad,0.05568,0
26.0235,5580,Vehicle,ChannelLoad,0.05568,0
26.0235,5580,Vehicle,TX_Throughput,7760,0
26.0235,5580,Vehicle,TX_ObjectCount,1,0
26.0256,8494,Vehicle,ChannelLoad,0.05624,0
26.0256,8494,Vehicle,ChannelLoad,0.05624,0
26.0256,8494,Vehicle,TX_Throughput,10560,0
26.0256,8494,Vehicle,TX_ObjectCount,2,0
26.0289,4455,Vehicle,ChannelLoad,0.08416,0
26.0289,4455,Vehicle,ChannelLoad,0.08416,0
26.0289,4455,Vehicle,TX_Throughput,4560,0
26.0289,4455,Vehicle,TX_ObjectCount,0,0
26.0289,7452,RSU,ChannelLoad,0.0952,0
26.0289,7452,RSU,ChannelLoad,0.0952,0
26.0289,7452,RSU,TX_Throughput,5280,0
26.0289,7452,RSU,TX_ObjectCount,1,0
26.0318,866,Vehicle,ChannelLoad,0.04616,0
26.0318,866,Vehicle,ChannelLoad,0.04616,0
26.0318,866,Vehicle,TX_Throughput,4560,0
26.0318,866,Vehicle,TX_ObjectCount,0,0
26.0326,7526,Vehicle,ChannelLoad,0.06024,0
26.0326,7526,Vehicle,ChannelLoad,0.06024,0
26.0326,7526,Vehicle,TX_Throughput,4560,0
26.0326,7526,Vehicle,TX_ObjectCount,0,0
26.0333,3481,RSU,ChannelLoad,0.06488,0
26.0333,3481,RSU,ChannelLoad,0.06488,0
26.0333,3481,RSU,TX_Throughput,5280,0
26.0333,3481,RSU,TX_ObjectCount,1,0
26.0343,5655,Vehicle,ChannelLoad,0.0556,0
26.0343,5655,Vehicle,ChannelLoad,0.0556,0
26.0343,5655,Vehicle,TX_Throughput,7760,0
26.0343,5655,Vehicle,TX_ObjectCount,1,0
26.0351,5728,Vehicle,ChannelLoad,0.05864,0
26.0351,5728,Vehicle,ChannelLoad,0.05864,0
26.0351,5728,Vehicle,TX_Throughput,4560,0
26.0351,5728,Vehicle,TX_ObjectCount,0,0
26.0352,6781,RSU,ChannelLoad,0.066,0
26.0352,6781,RSU,ChannelLoad,0.066,0
26.0352,6781,RSU,TX_Throughput,5280,0
26.0352,6781,RSU,TX_ObjectCount,1,0
26.0361,7599,Vehicle,ChannelLoad,0.06,0
26.0361,7599,Vehicle,ChannelLoad,0.06,0
26.0361,7599,Vehicle,TX_Throughput,4560,0
26.0361,7599,Vehicle,TX_ObjectCount,0,0
26.0382,941,Vehicle,ChannelLoad,0.06904,0
26.0382,941,Vehicle,ChannelLoad,0.06904,0
26.0382,941,Vehicle,TX_Throughput,4560,0
26.0382,941,Vehicle,TX_ObjectCount,0,0
26.0389,5801,RSU,ChannelLoad,0.07536,0
26.0389,5801,RSU,ChannelLoad,0.07536,0
26.0389,5801,RSU,TX_Throughput,5280,0
26.0389,5801,RSU,TX_ObjectCount,1,0
26.0399,5875,Vehicle,ChannelLoad,0.05072,0
26.0399,5875,Vehicle,ChannelLoad,0.05072,0
26.0399,5875,Vehicle,TX_Throughput,4560,0
26.0399,5875,Vehicle,TX_ObjectCount,0,0
26.0414,7674,RSU,ChannelLoad,0.05256,0
26.0414,7674,RSU,ChannelLoad,0.05256,0
26.0414,7674,RSU,TX_Throughput,2080,0
26.0414,7674,RSU,TX_ObjectCount,0,0
26.0417,3561,Vehicle,ChannelLoad,0.04904,0
26.0417,3561,Vehicle,ChannelLoad,0.04904,0
26.0417,3561,Vehicle,TX_Throughput,4560,0
26.0417,3561,Vehicle,TX_ObjectCount,0,0
26.0423,7748,Vehicle,ChannelLoad,0.08208,0
26.0423,7748,Vehicle,ChannelLoad,0.08208,0
26.0423,7748,Vehicle,TX_Throughput,4560,0
26.0423,7748,Vehicle,TX_ObjectCount,0,0
26.0434,1016,Vehicle,ChannelLoad,0.06376,0
26.0434,1016,Vehicle,ChannelLoad,0.06376,0
26.0434,1016,Vehicle,TX_Throughput,4560,0
26.0434,1016,Vehicle,TX_ObjectCount,0,0
26.0464,1089,RSU,ChannelLoad,0.07424,0
26.0464,1089,RSU,ChannelLoad,0.07424,0
26.0464,1089,RSU,TX_Throughput,10880,0
26.0464,1089,RSU,TX_ObjectCount,3,0
26.0471,3634,RSU,ChannelLoad,0.08992,0
26.0471,3634,RSU,ChannelLoad,0.08992,0
26.0471,3634,RSU,TX_Throughput,5280,0
26.0471,3634,RSU,TX_ObjectCount,1,0
26.0472,5950,Vehicle,ChannelLoad,0.05944,0
26.0472,5950,Vehicle,ChannelLoad,0.05944,0
26.0472,5950,Vehicle,TX_Throughput,7760,0
26.0472,5950,Vehicle,TX_ObjectCount,1,0
26.0488,1764,RSU,ChannelLoad,0.09208,0
26.0488,1764,RSU,ChannelLoad,0.09208,0
26.0488,1764,RSU,TX_Throughput,8080,0
26.0488,1764,RSU,TX_ObjectCount,2,0
26.0492,3708,RSU,ChannelLoad,0.07144,0
26.0492,3708,RSU,ChannelLoad,0.07144,0
26.0492,3708,RSU,TX_Throughput,5280,0
26.0492,3708,RSU,TX_ObjectCount,1,0
26.0497,1163,Vehicle,ChannelLoad,0.0484,0
26.0497,1163,Vehicle,ChannelLoad,0.0484,0
26.0497,1163,Vehicle,TX_Throughput,4560,0
26.0497,1163,Vehicle,TX_ObjectCount,0,0
26.0499,3782,Vehicle,ChannelLoad,0.056,0
26.0499,3782,Vehicle,ChannelLoad,0.056,0
26.0499,3782,Vehicle,TX_Throughput,4560,0
26.0499,3782,Vehicle,TX_ObjectCount,0,0
26.0507,6859,Vehicle,ChannelLoad,0.04808,0
26.0507,6859,Vehicle,ChannelLoad,0.04808,0
26.0507,6859,Vehicle,TX_Throughput,7760,0
26.0507,6859,Vehicle,TX_ObjectCount,1,0
26.0512,3855,Vehicle,ChannelLoad,0.03336,0
26.0512,3855,Vehicle,ChannelLoad,0.03336,0
26.0512,3855,Vehicle,TX_Throughput,7760,0
26.0512,3855,Vehicle,TX_ObjectCount,1,0
26.0527,8575,RSU,ChannelLoad,0.09808,0
26.0527,8575,RSU,ChannelLoad,0.09808,0
26.0527,8575,RSU,TX_Throughput,19280,0
26.0527,8575,RSU,TX_ObjectCount,6,0
26.0528,4534,RSU,ChannelLoad,0.05808,0
26.0528,4534,RSU,ChannelLoad,0.05808,0
26.0528,4534,RSU,TX_Throughput,8080,0
26.0528,4534,RSU,TX_ObjectCount,2,0
26.0561,6932,RSU,ChannelLoad,0.06208,0
26.0561,6932,RSU,ChannelLoad,0.06208,0
26.0561,6932,RSU,TX_Throughput,5280,0
26.0561,6932,RSU,TX_ObjectCount,1,0
26.0572,8649,Vehicle,ChannelLoad,0.04144,0
26.0572,8649,Vehicle,ChannelLoad,0.04144,0
26.0572,8649,Vehicle,TX_Throughput,4560,0
26.0572,8649,Vehicle,TX_ObjectCount,0,0
26.0579,7825,Vehicle,ChannelLoad,0.1012,0
26.0579,7825,Vehicle,ChannelLoad,0.1012,0
26.0579,7825,Vehicle,TX_Throughput,4560,0
26.0579,7825,Vehicle,TX_ObjectCount,0,0
26.0586,7006,Vehicle,ChannelLoad,0.05016,0
26.0586,7006,Vehicle,ChannelLoad,0.05016,0
26.0586,7006,Vehicle,TX_Throughput,4560,0
26.0586,7006,Vehicle,TX_ObjectCount,0,0
26.0594,2523,Vehicle,ChannelLoad,0.07376,0
26.0594,2523,Vehicle,ChannelLoad,0.07376,0
26.0594,2523,Vehicle,TX_Throughput,4560,0
26.0594,2523,Vehicle,TX_ObjectCount,0,0
26.0595,2596,Vehicle,ChannelLoad,0.05448,0
26.0595,2596,Vehicle,ChannelLoad,0.05448,0
26.0595,2596,Vehicle,TX_Throughput,4560,0
26.0595,2596,Vehicle,TX_ObjectCount,0,0
26.0613,1238,Vehicle,ChannelLoad,0.05656,0
26.0613,1238,Vehicle,ChannelLoad,0.05656,0
26.0613,1238,Vehicle,TX_Throughput,4560,0
26.0613,1238,Vehicle,TX_ObjectCount,0,0
26.0615,3930,Vehicle,ChannelLoad,0.05584,0
26.0615,3930,Vehicle,ChannelLoad,0.05584,0
26.0615,3930,Vehicle,TX_Throughput,4560,0
26.0615,3930,Vehicle,TX_ObjectCount,0,0
26.0622,8724,RSU,ChannelLoad,0.09096,0
26.0622,8724,RSU,ChannelLoad,0.09096,0
26.0622,8724,RSU,TX_Throughput,10880,0
26.0622,8724,RSU,TX_ObjectCount,3,0
26.0637,2669,Vehicle,ChannelLoad,0.04896,0
26.0637,2669,Vehicle,ChannelLoad,0.04896,0
26.0637,2669,Vehicle,TX_Throughput,4560,0
26.0637,2669,Vehicle,TX_ObjectCount,0,0
26.0647,1842,RSU,ChannelLoad,0.06088,0
26.0647,1842,RSU,ChannelLoad,0.06088,0
26.0647,1842,RSU,TX_Throughput,2080,0
26.0647,1842,RSU,TX_ObjectCount,0,0
26.0649,1311,RSU,ChannelLoad,0.04984,0
26.0649,1311,RSU,ChannelLoad,0.04984,0
26.0649,1311,RSU,TX_Throughput,5280,0
26.0649,1311,RSU,TX_ObjectCount,1,0
26.0651,7898,Vehicle,ChannelLoad,0.07568,0
26.0651,7898,Vehicle,ChannelLoad,0.07568,0
26.0651,7898,Vehicle,TX_Throughput,4560,0
26.0651,7898,Vehicle,TX_ObjectCount,0,0
26.0652,4608,Vehicle,ChannelLoad,0.06376,0
26.0652,4608,Vehicle,ChannelLoad,0.06376,0
26.0652,4608,Vehicle,TX_Throughput,4560,0
26.0652,4608,Vehicle,TX_ObjectCount,0,0
26.0663,4003,Vehicle,ChannelLoad,0.0608,0
26.0663,4003,Vehicle,ChannelLoad,0.0608,0
26.0663,4003,Vehicle,TX_Throughput,4560,0
26.0663,4003,Vehicle,TX_ObjectCount,0,0
26.0666,4681,Vehicle,ChannelLoad,0.06776,0
26.0666,4681,Vehicle,ChannelLoad,0.06776,0
26.0666,4681,Vehicle,TX_Throughput,4560,0
26.0666,4681,Vehicle,TX_ObjectCount,0,0
26.0684,4756,Vehicle,ChannelLoad,0.04504,0
26.0684,4756,Vehicle,ChannelLoad,0.04504,0
26.0684,4756,Vehicle,TX_Throughput,4560,0
26.0684,4756,Vehicle,TX_ObjectCount,0,0
26.0687,4076,Vehicle,ChannelLoad,0.06808,0
26.0687,4076,Vehicle,ChannelLoad,0.06808,0
26.0687,4076,Vehicle,TX_Throughput,7760,0
26.0687,4076,Vehicle,TX_ObjectCount,1,0
26.0687,2744,Vehicle,ChannelLoad,0.05848,0
26.0687,2744,Vehicle,ChannelLoad,0.05848,0
26.0687,2744,Vehicle,TX_Throughput,4560,0
26.0687,2744,Vehicle,TX_ObjectCount,0,0
26.0696,4829,RSU,ChannelLoad,0.08312,0
26.0696,4829,RSU,ChannelLoad,0.08312,0
26.0696,4829,RSU,TX_Throughput,8080,0
26.0696,4829,RSU,TX_ObjectCount,2,0
26.0698,2817,RSU,ChannelLoad,0.07296,0
26.0698,2817,RSU,ChannelLoad,0.07296,0
26.0698,2817,RSU,TX_Throughput,2080,0
26.0698,2817,RSU,TX_ObjectCount,0,0
26.07,1918,RSU,ChannelLoad,0.09416,0
26.07,1918,RSU,ChannelLoad,0.09416,0
26.07,1918,RSU,TX_Throughput,10880,0
26.07,1918,RSU,TX_ObjectCount,3,0
26.07,7971,Vehicle,ChannelLoad,0.06784,0
26.07,7971,Vehicle,ChannelLoad,0.06784,0
26.07,7971,Vehicle,TX_Throughput,4560,0
26.07,7971,Vehicle,TX_ObjectCount,0,0
26.0701,8044,Vehicle,ChannelLoad,0.04896,0
26.0701,8044,Vehicle,ChannelLoad,0.04896,0
26.0701,8044,Vehicle,TX_Throughput,4560,0
26.0701,8044,Vehicle,TX_ObjectCount,0,0
26.0709,1385,Vehicle,ChannelLoad,0.06096,0
26.0709,1385,Vehicle,ChannelLoad,0.06096,0
26.0709,1385,Vehicle,TX_Throughput,4560,0
26.0709,1385,Vehicle,TX_ObjectCount,0,0
26.071,270,Vehicle,ChannelLoad,0.0672,0
26.071,270,Vehicle,ChannelLoad,0.0672,0
26.071,270,Vehicle,TX_Throughput,7760,0
26.071,270,Vehicle,TX_ObjectCount,1,0
26.0723,4905,RSU,ChannelLoad,0.10288,0
26.0723,4905,RSU,ChannelLoad,0.10288,0
26.0723,4905,RSU,TX_Throughput,10880,0
26.0723,4905,RSU,TX_ObjectCount,3,0
26.0727,1992,Vehicle,ChannelLoad,0.03552,0
26.0727,1992,Vehicle,ChannelLoad,0.03552,0
26.0727,1992,Vehicle,TX_Throughput,4560,0
26.0727,1992,Vehicle,TX_ObjectCount,0,0
26.0742,7079,Vehicle,ChannelLoad,0.0632,0
26.0742,7079,Vehicle,ChannelLoad,0.0632,0
26.0742,7079,Vehicle,TX_Throughput,4560,0
26.0742,7079,Vehicle,TX_ObjectCount,0,0
26.0747,4153,Vehicle,ChannelLoad,0.06376,0
26.0747,4153,Vehicle,ChannelLoad,0.06376,0
26.0747,4153,Vehicle,TX_Throughput,4560,0
26.0747,4153,Vehicle,TX_ObjectCount,0,0
26.0748,6043,Vehicle,ChannelLoad,0.05112,0
26.0748,6043,Vehicle,ChannelLoad,0.05112,0
26.0748,6043,Vehicle,TX_Throughput,4560,0
26.0748,6043,Vehicle,TX_ObjectCount,0,0
26.0759,4979,Vehicle,ChannelLoad,0.09904,0
26.0759,4979,Vehicle,ChannelLoad,0.09904,0
26.0759,4979,Vehicle,TX_Throughput,4560,0
26.0759,4979,Vehicle,TX_ObjectCount,0,0
26.0762,5052,RSU,ChannelLoad,0.0732,0
26.0762,5052,RSU,ChannelLoad,0.0732,0
26.0762,5052,RSU,TX_Throughput,2080,0
26.0762,5052,RSU,TX_ObjectCount,0,0
26.0777,2065,Vehicle,ChannelLoad,0.06632,0
26.0777,2065,Vehicle,ChannelLoad,0.06632,0
26.0777,2065,Vehicle,TX_Throughput,10560,0
26.0777,2065,Vehicle,TX_ObjectCount,2,0
26.0778,6116,RSU,ChannelLoad,0.08392,0
26.0778,6116,RSU,ChannelLoad,0.08392,0
26.0778,6116,RSU,TX_Throughput,5280,0
26.0778,6116,RSU,TX_ObjectCount,1,0
26.0782,7152,Vehicle,ChannelLoad,0.07416,0
26.0782,7152,Vehicle,ChannelLoad,0.07416,0
26.0782,7152,Vehicle,TX_Throughput,7760,0
26.0782,7152,Vehicle,TX_ObjectCount,1,0
26.0786,8808,Vehicle,ChannelLoad,0.05736,0
26.0786,8808,Vehicle,ChannelLoad,0.05736,0
26.0786,8808,Vehicle,TX_Throughput,7760,0
26.0786,8808,Vehicle,TX_ObjectCount,1,0
26.0801,6192,RSU,ChannelLoad,0.086,0
26.0801,6192,RSU,ChannelLoad,0.086,0
26.0801,6192,RSU,TX_Throughput,5280,0
26.0801,6192,RSU,TX_ObjectCount,1,0
26.0805,8119,Vehicle,ChannelLoad,0.03848,0
26.0805,8119,Vehicle,ChannelLoad,0.03848,0
26.0805,8119,Vehicle,TX_Throughput,4560,0
26.0805,8119,Vehicle,TX_ObjectCount,0,0
26.0805,7227,Vehicle,ChannelLoad,0.04904,0
26.0805,7227,Vehicle,ChannelLoad,0.04904,0
26.0805,7227,Vehicle,TX_Throughput,7760,0
26.0805,7227,Vehicle,TX_ObjectCount,1,0
26.0809,4230,Vehicle,ChannelLoad,0.05032,0
26.0809,4230,Vehicle,ChannelLoad,0.05032,0
26.0809,4230,Vehicle,TX_Throughput,7760,0
26.0809,4230,Vehicle,TX_ObjectCount,1,0
26.0818,6266,Vehicle,ChannelLoad,0.05304,0
26.0818,6266,Vehicle,ChannelLoad,0.05304,0
26.0818,6266,Vehicle,TX_Throughput,7760,0
26.0818,6266,Vehicle,TX_ObjectCount,1,0
26.0819,5126,Vehicle,ChannelLoad,0.05448,0
26.0819,5126,Vehicle,ChannelLoad,0.05448,0
26.0819,5126,Vehicle,TX_Throughput,10560,0
26.0819,5126,Vehicle,TX_ObjectCount,2,0
26.0831,343,Vehicle,ChannelLoad,0.05416,0
26.0831,343,Vehicle,ChannelLoad,0.05416,0
26.0831,343,Vehicle,TX_Throughput,16160,0
26.0831,343,Vehicle,TX_ObjectCount,4,0
26.0832,1458,RSU,ChannelLoad,0.09896,0
26.0832,1458,RSU,ChannelLoad,0.09896,0
26.0832,1458,RSU,TX_Throughput,8080,0
26.0832,1458,RSU,TX_ObjectCount,2,0
26.0834,2891,Vehicle,ChannelLoad,0.05056,0
26.0834,2891,Vehicle,ChannelLoad,0.05056,0
26.0834,2891,Vehicle,TX_Throughput,7760,0
26.0834,2891,Vehicle,TX_ObjectCount,1,0
26.0865,2966,Vehicle,ChannelLoad,0.06696,0
26.0865,2966,Vehicle,ChannelLoad,0.06696,0
26.0865,2966,Vehicle,TX_Throughput,4560,0
26.0865,2966,Vehicle,TX_ObjectCount,0,0
26.0865,5201,RSU,ChannelLoad,0.09824,0
26.0865,5201,RSU,ChannelLoad,0.09824,0
26.0865,5201,RSU,TX_Throughput,5280,0
26.0865,5201,RSU,TX_ObjectCount,1,0
26.0871,416,Vehicle,ChannelLoad,0.05008,0
26.0871,416,Vehicle,ChannelLoad,0.05008,0
26.0871,416,Vehicle,TX_Throughput,7760,0
26.0871,416,Vehicle,TX_ObjectCount,1,0
26.0884,8883,Vehicle,ChannelLoad,0.0688,0
26.0884,8883,Vehicle,ChannelLoad,0.0688,0
26.0884,8883,Vehicle,TX_Throughput,7760,0
26.0884,8883,Vehicle,TX_ObjectCount,1,0
26.0885,2140,RSU,ChannelLoad,0.08496,0
26.0885,2140,RSU,ChannelLoad,0.08496,0
26.0885,2140,RSU,TX_Throughput,8080,0
26.0885,2140,RSU,TX_ObjectCount,2,0
26.0887,6339,Vehicle,ChannelLoad,0.05792,0
26.0887,6339,Vehicle,ChannelLoad,0.05792,0
26.0887,6339,Vehicle,TX_Throughput,4560,0
26.0887,6339,Vehicle,TX_ObjectCount,0,0
26.0894,2214,RSU,ChannelLoad,0.0732,0
26.0894,2214,RSU,ChannelLoad,0.0732,0
26.0894,2214,RSU,TX_Throughput,8080,0
26.0894,2214,RSU,TX_ObjectCount,2,0
26.0916,8192,RSU,ChannelLoad,0.08192,0
26.0916,8192,RSU,ChannelLoad,0.08192,0
26.0916,8192,RSU,TX_Throughput,5280,0
26.0916,8192,RSU,TX_ObjectCount,1,0
26.092,5275,RSU,ChannelLoad,0.08056,0
26.092,5275,RSU,ChannelLoad,0.08056,0
26.092,5275,RSU,TX_Throughput,10880,0
26.092,5275,RSU,TX_ObjectCount,3,0
26.0925,6412,Vehicle,ChannelLoad,0.06528,0
26.0925,6412,Vehicle,ChannelLoad,0.06528,0
26.0925,6412,Vehicle,TX_Throughput,4560,0
26.0925,6412,Vehicle,TX_ObjectCount,0,0
26.0928,3039,Vehicle,ChannelLoad,0.08432,0
26.0928,3039,Vehicle,ChannelLoad,0.08432,0
26.0928,3039,Vehicle,TX_Throughput,4560,0
26.0928,3039,Vehicle,TX_ObjectCount,0,0
26.0928,5349,Vehicle,ChannelLoad,0.07904,0
26.0928,5349,Vehicle,ChannelLoad,0.07904,0
26.0928,5349,Vehicle,TX_Throughput,4560,0
26.0928,5349,Vehicle,TX_ObjectCount,0,0
26.0939,489,Vehicle,ChannelLoad,0.05544,0
26.0939,489,Vehicle,ChannelLoad,0.05544,0
26.0939,489,Vehicle,TX_Throughput,4560,0
26.0939,489,Vehicle,TX_ObjectCount,0,0
26.0953,8956,Vehicle,ChannelLoad,0.05632,0
26.0953,8956,Vehicle,ChannelLoad,0.05632,0
26.0953,8956,Vehicle,TX_Throughput,4560,0
26.0953,8956,Vehicle,TX_ObjectCount,0,0
26.096,8268,RSU,ChannelLoad,0.0892,0
26.096,8268,RSU,ChannelLoad,0.0892,0
26.096,8268,RSU,TX_Throughput,5280,0
26.096,8268,RSU,TX_ObjectCount,1,0
26.0961,3112,RSU,ChannelLoad,0.086,0
26.0961,3112,RSU,ChannelLoad,0.086,0
26.0961,3112,RSU,TX_Throughput,2080,0
26.0961,3112,RSU,TX_ObjectCount,0,0
26.0961,562,Vehicle,ChannelLoad,0.04232,0
26.0961,562,Vehicle,ChannelLoad,0.04232,0
26.0961,562,Vehicle,TX_Throughput,4560,0
26.0961,562,Vehicle,TX_ObjectCount,0,0
26.0976,6485,Vehicle,ChannelLoad,0.03912,0
26.0976,6485,Vehicle,ChannelLoad,0.03912,0
26.0976,6485,Vehicle,TX_Throughput,4560,0
26.0976,6485,Vehicle,TX_ObjectCount,0,0
26.0978,3186,RSU,ChannelLoad,0.0576,0
26.0978,3186,RSU,ChannelLoad,0.0576,0
26.0978,3186,RSU,TX_Throughput,2080,0
26.0978,3186,RSU,TX_ObjectCount,0,0
26.1009,7304,Vehicle,ChannelLoad,0.05224,0
26.1009,7304,Vehicle,ChannelLoad,0.05224,0
26.1009,7304,Vehicle,TX_Throughput,7760,0
26.1009,7304,Vehicle,TX_ObjectCount,1,0
26.102,639,Vehicle,ChannelLoad,0.0572,0
26.102,639,Vehicle,ChannelLoad,0.0572,0
26.102,639,Vehicle,TX_Throughput,4560,0
26.102,639,Vehicle,TX_ObjectCount,0,0
26.1028,5422,Vehicle,ChannelLoad,0.04824,0
26.1028,5422,Vehicle,ChannelLoad,0.04824,0
26.1028,5422,Vehicle,TX_Throughput,4560,0
26.1028,5422,Vehicle,TX_ObjectCount,0,0
26.1037,6558,RSU,ChannelLoad,0.076,0
26.1037,6558,RSU,ChannelLoad,0.076,0
26.1037,6558,RSU,TX_Throughput,2080,0
26.1037,6558,RSU,TX_ObjectCount,0,0
26.1047,29,RSU,ChannelLoad,0.07704,0
26.1047,29,RSU,ChannelLoad,0.07704,0
26.1047,29,RSU,TX_Throughput,5280,0
26.1047,29,RSU,TX_ObjectCount,1,0
26.109,4303,Vehicle,ChannelLoad,0.05888,0
26.109,4303,Vehicle,ChannelLoad,0.05888,0
26.109,4303,Vehicle,TX_Throughput,7760,0
26.109,4303,Vehicle,TX_ObjectCount,1,0
26.1104,1538,Vehicle,ChannelLoad,0.05536,0
26.1104,1538,Vehicle,ChannelLoad,0.05536,0
26.1104,1538,Vehicle,TX_Throughput,10560,0
26.1104,1538,Vehicle,TX_ObjectCount,2,0
26.1122,7377,Vehicle,ChannelLoad,0.06608,0
26.1122,7377,Vehicle,ChannelLoad,0.06608,0
26.1122,7377,Vehicle,TX_Throughput,7760,0
26.1122,7377,Vehicle,TX_ObjectCount,1,0
26.1131,5501,Vehicle,ChannelLoad,0.04768,0
26.1131,5501,Vehicle,ChannelLoad,0.04768,0
26.1131,5501,Vehicle,TX_Throughput,4560,0
26.1131,5501,Vehicle,TX_ObjectCount,0,0
26.1143,3260,Vehicle,ChannelLoad,0.04648,0
26.1143,3260,Vehicle,ChannelLoad,0.04648,0
26.1143,3260,Vehicle,TX_Throughput,7760,0
26.1143,3260,Vehicle,TX_ObjectCount,1,0
26.1144,3333,Vehicle,ChannelLoad,0.04928,0
26.1144,3333,Vehicle,ChannelLoad,0.04928,0
26.1144,3333,Vehicle,TX_Throughput,4560,0
26.1144,3333,Vehicle,TX_ObjectCount,0,0
26.1147,3406,Vehicle,ChannelLoad,0.04064,0
26.1147,3406,Vehicle,ChannelLoad,0.04064,0
26.1147,3406,Vehicle,TX_Throughput,4560,0
26.1147,3406,Vehicle,TX_ObjectCount,0,0
26.1154,2292,Vehicle,ChannelLoad,0.0428,0
26.1154,2292,Vehicle,ChannelLoad,0.0428,0
26.1154,2292,Vehicle,TX_Throughput,4560,0
26.1154,2292,Vehicle,TX_ObjectCount,0,0
26.1163,6634,RSU,ChannelLoad,0.05896,0
26.1163,6634,RSU,ChannelLoad,0.05896,0
26.1163,6634,RSU,TX_Throughput,2080,0
26.1163,6634,RSU,TX_ObjectCount,0,0
26.1166,1611,Vehicle,ChannelLoad,0.05536,0
26.1166,1611,Vehicle,ChannelLoad,0.05536,0
26.1166,1611,Vehicle,TX_Throughput,4560,0
26.1166,1611,Vehicle,TX_ObjectCount,0,0
26.1172,2365,Vehicle,ChannelLoad,0.04088,0
26.1172,2365,Vehicle,ChannelLoad,0.04088,0
26.1172,2365,Vehicle,TX_Throughput,10560,0
26.1172,2365,Vehicle,TX_ObjectCount,2,0
26.1182,8348,Vehicle,ChannelLoad,0.04496,0
26.1182,8348,Vehicle,ChannelLoad,0.04496,0
26.1182,8348,Vehicle,TX_Throughput,4560,0
26.1182,8348,Vehicle,TX_ObjectCount,0,0
26.1186,2440,Vehicle,ChannelLoad,0.07312,0
26.1186,2440,Vehicle,ChannelLoad,0.07312,0
26.1186,2440,Vehicle,TX_Throughput,4560,0
26.1186,2440,Vehicle,TX_ObjectCount,0,0
26.1187,718,Vehicle,ChannelLoad,0.06448,0
26.1187,718,Vehicle,ChannelLoad,0.06448,0
26.1187,718,Vehicle,TX_Throughput,7760,0
26.1187,718,Vehicle,TX_ObjectCount,1,0
26.1188,107,Vehicle,ChannelLoad,0.05328,0
26.1188,107,Vehicle,ChannelLoad,0.05328,0
26.1188,107,Vehicle,TX_Throughput,7760,0
26.1188,107,Vehicle,TX_ObjectCount,1,0
26.1201,182,RSU,ChannelLoad,0.08832,0
26.1201,182,RSU,ChannelLoad,0.08832,0
26.1201,182,RSU,TX_Throughput,8080,0
26.1201,182,RSU,TX_ObjectCount,2,0
26.1202,791,Vehicle,ChannelLoad,0.07528,0
26.1202,791,Vehicle,ChannelLoad,0.07528,0
26.1202,791,Vehicle,TX_Throughput,4560,0
26.1202,791,Vehicle,TX_ObjectCount,0,0
26.1206,6708,Vehicle,ChannelLoad,0.08008,0
26.1206,6708,Vehicle,ChannelLoad,0.08008,0
26.1206,6708,Vehicle,TX_Throughput,4560,0
26.1206,6708,Vehicle,TX_ObjectCount,0,0
26.1212,8421,Vehicle,ChannelLoad,0.07608,0
26.1212,8421,Vehicle,ChannelLoad,0.07608,0
26.1212,8421,Vehicle,TX_Throughput,4560,0
26.1212,8421,Vehicle,TX_ObjectCount,0,0
26.1218,4380,Vehicle,ChannelLoad,0.05712,0
26.1218,4380,Vehicle,ChannelLoad,0.05712,0
26.1218,4380,Vehicle,TX_Throughput,4560,0
26.1218,4380,Vehicle,TX_ObjectCount,0,0
26.1231,1688,RSU,ChannelLoad,0.08312,0
26.1231,1688,RSU,ChannelLoad,0.08312,0
26.1231,1688,RSU,TX_Throughput,10880,0
26.1231,1688,RSU,TX_ObjectCount,3,0
26.1235,5580,Vehicle,ChannelLoad,0.0688,0
26.1235,5580,Vehicle,ChannelLoad,0.0688,0
26.1235,5580,Vehicle,TX_Throughput,4560,0
26.1235,5580,Vehicle,TX_ObjectCount,0,0
26.1256,8494,Vehicle,ChannelLoad,0.06352,0
26.1256,8494,Vehicle,ChannelLoad,0.06352,0
26.1256,8494,Vehicle,TX_Throughput,4560,0
26.1256,8494,Vehicle,TX_ObjectCount,0,0
26.1289,4455,Vehicle,ChannelLoad,0.07032,0
26.1289,4455,Vehicle,ChannelLoad,0.07032,0
26.1289,4455,Vehicle,TX_Throughput,7760,0
26.1289,4455,Vehicle,TX_ObjectCount,1,0
26.1289,7452,RSU,ChannelLoad,0.08168,0
26.1289,7452,RSU,ChannelLoad,0.08168,0
26.1289,7452,RSU,TX_Throughput,5280,0
26.1289,7452,RSU,TX_ObjectCount,1,0
26.1318,866,Vehicle,ChannelLoad,0.04368,0
26.1318,866,Vehicle,ChannelLoad,0.04368,0
26.1318,866,Vehicle,TX_Throughput,4560,0
26.1318,866,Vehicle,TX_ObjectCount,0,0
26.1326,7526,Vehicle,ChannelLoad,0.04568,0
26.1326,7526,Vehicle,ChannelLoad,0.04568,0
26.1326,7526,Vehicle,TX_Throughput,7760,0
26.1326,7526,Vehicle,TX_ObjectCount,1,0
26.1333,3481,RSU,ChannelLoad,0.0752,0
26.1333,3481,RSU,ChannelLoad,0.0752,0
26.1333,3481,RSU,TX_Throughput,5280,0
26.1333,3481,RSU,TX_ObjectCount,1,0
26.1343,5655,Vehicle,ChannelLoad,0.07344,0
26.1343,5655,Vehicle,ChannelLoad,0.07344,0
26.1343,5655,Vehicle,TX_Throughput,4560,0
26.1343,5655,Vehicle,TX_ObjectCount,0,0
26.1351,5728,Vehicle,ChannelLoad,0.04984,0
26.1351,5728,Vehicle,ChannelLoad,0.04984,0
26.1351,5728,Vehicle,TX_Throughput,7760,0
26.1351,5728,Vehicle,TX_ObjectCount,1,0
26.1352,6781,RSU,ChannelLoad,0.07768,0
26.1352,6781,RSU,ChannelLoad,0.07768,0
26.1352,6781,RSU,TX_Throughput,10880,0
26.1352,6781,RSU,TX_ObjectCount,3,0
26.1361,7599,Vehicle,ChannelLoad,0.05888,0
26.1361,7599,Vehicle,ChannelLoad,0.05888,0
26.1361,7599,Vehicle,TX_Throughput,4560,0
26.1361,7599,Vehicle,TX_ObjectCount,0,0
26.1382,941,Vehicle,ChannelLoad,0.05384,0
26.1382,941,Vehicle,ChannelLoad,0.05384,0
26.1382,941,Vehicle,TX_Throughput,4560,0
26.1382,941,Vehicle,TX_ObjectCount,0,0
26.1389,5801,RSU,ChannelLoad,0.06384,0
26.1389,5801,RSU,ChannelLoad,0.06384,0
26.1389,5801,RSU,TX_Throughput,5280,0
26.1389,5801,RSU,TX_ObjectCount,1,0
26.1399,5875,Vehicle,ChannelLoad,0.06256,0
26.1399,5875,Vehicle,ChannelLoad,0.06256,0
26.1399,5875,Vehicle,TX_Throughput,4560,0
26.1399,5875,Vehicle,TX_ObjectCount,0,0
26.1414,7674,RSU,ChannelLoad,0.05832,0
26.1414,7674,RSU,ChannelLoad,0.05832,0
26.1414,7674,RSU,TX_Throughput,5280,0
26.1414,7674,RSU,TX_ObjectCount,1,0
26.1417,3561,Vehicle,ChannelLoad,0.04576,0
26.1417,3561,Vehicle,ChannelLoad,0.04576,0
26.1417,3561,Vehicle,TX_Throughput,4560,0
26.1417,3561,Vehicle,TX_ObjectCount,0,0
26.1423,7748,Vehicle,ChannelLoad,0.06928,0
26.1423,7748,Vehicle,ChannelLoad,0.06928,0
26.1423,7748,Vehicle,TX_Throughput,7760,0
26.1423,7748,Vehicle,TX_ObjectCount,1,0
26.1434,1016,Vehicle,ChannelLoad,0.07224,0
26.1434,1016,Vehicle,ChannelLoad,0.07224,0
26.1434,1016,Vehicle,TX_Throughput,4560,0
26.1434,1016,Vehicle,TX_ObjectCount,0,0
26.1464,1089,RSU,ChannelLoad,0.08816,0
26.1464,1089,RSU,ChannelLoad,0.08816,0
26.1464,1089,RSU,TX_Throughput,8080,0
26.1464,1089,RSU,TX_ObjectCount,2,0
26.1471,3634,RSU,ChannelLoad,0.06696,0
26.1471,3634,RSU,ChannelLoad,0.06696,0
26.1471,3634,RSU,TX_Throughput,13680,0
26.1471,3634,RSU,TX_ObjectCount,4,0
26.1472,5950,Vehicle,ChannelLoad,0.05792,0
26.1472,5950,Vehicle,ChannelLoad,0.05792,0
26.1472,5950,Vehicle,TX_Throughput,7760,0
26.1472,5950,Vehicle,TX_ObjectCount,1,0
26.1488,1764,RSU,ChannelLoad,0.10552,0
26.1488,1764,RSU,ChannelLoad,0.10552,0
26.1488,1764,RSU,TX_Throughput,5280,0
26.1488,1764,RSU,TX_ObjectCount,1,0
26.1492,3708,RSU,ChannelLoad,0.05736,0
26.1492,3708,RSU,ChannelLoad,0.05736,0
26.1492,3708,RSU,TX_Throughput,5280,0
26.1492,3708,RSU,TX_ObjectCount,1,0
26.1497,1163,Vehicle,ChannelLoad,0.048,0
26.1497,1163,Vehicle,ChannelLoad,0.048,0
26.1497,1163,Vehicle,TX_Throughput,4560,0
26.1497,1163,Vehicle,TX_ObjectCount,0,0
26.1499,3782,Vehicle,ChannelLoad,0.05384,0
26.1499,3782,Vehicle,ChannelLoad,0.05384,0
26.1499,3782,Vehicle,TX_Throughput,4560,0
26.1499,3782,Vehicle,TX_ObjectCount,0,0
26.1507,6859,Vehicle,ChannelLoad,0.04312,0
26.1507,6859,Vehicle,ChannelLoad,0.04312,0
26.1507,6859,Vehicle,TX_Throughput,4560,0
26.1507,6859,Vehicle,TX_ObjectCount,0,0
26.1512,3855,Vehicle,ChannelLoad,0.03824,0
26.1512,3855,Vehicle,ChannelLoad,0.03824,0
26.1512,3855,Vehicle,TX_Throughput,7760,0
26.1512,3855,Vehicle,TX_ObjectCount,1,0
26.1527,8575,RSU,ChannelLoad,0.09448,0
26.1527,8575,RSU,ChannelLoad,0.09448,0
26.1527,8575,RSU,TX_Throughput,5280,0
26.1527,8575,RSU,TX_ObjectCount,1,0
26.1528,4534,RSU,ChannelLoad,0.08736,0
26.1528,4534,RSU,ChannelLoad,0.08736,0
26.1528,4534,RSU,TX_Throughput,8080,0
26.1528,4534,RSU,TX_ObjectCount,2,0
26.1561,6932,RSU,ChannelLoad,0.07528,0
26.1561,6932,RSU,ChannelLoad,0.07528,0
26.1561,6932,RSU,TX_Throughput,5280,0
26.1561,6932,RSU,TX_ObjectCount,1,0
26.1572,8649,Vehicle,ChannelLoad,0.04376,0
26.1572,8649,Vehicle,ChannelLoad,0.04376,0
26.1572,8649,Vehicle,TX_Throughput,4560,0
26.1572,8649,Vehicle,TX_ObjectCount,0,0
26.1579,7825,Vehicle,ChannelLoad,0.06176,0
26.1579,7825,Vehicle,ChannelLoad,0.06176,0
26.1579,7825,Vehicle,TX_Throughput,4560,0
26.1579,7825,Vehicle,TX_ObjectCount,0,0
26.1586,7006,Vehicle,ChannelLoad,0.06312,0
26.1586,7006,Vehicle,ChannelLoad,0.06312,0
26.1586,7006,Vehicle,TX_Throughput,4560,0
26.1586,7006,Vehicle,TX_ObjectCount,0,0
26.1594,2523,Vehicle,ChannelLoad,0.06296,0
26.1594,2523,Vehicle,ChannelLoad,0.06296,0
26.1594,2523,Vehicle,TX_Throughput,4560,0
26.1594,2523,Vehicle,TX_ObjectCount,0,0
26.1595,2596,Vehicle,ChannelLoad,0.03376,0
26.1595,2596,Vehicle,ChannelLoad,0.03376,0
26.1595,2596,Vehicle,TX_Throughput,7760,0
26.1595,2596,Vehicle,TX_ObjectCount,1,0
26.1613,1238,Vehicle,ChannelLoad,0.05672,0
26.1613,1238,Vehicle,ChannelLoad,0.05672,0
26.1613,1238,Vehicle,TX_Throughput,4560,0
26.1613,1238,Vehicle,TX_ObjectCount,0,0
26.1615,3930,Vehicle,ChannelLoad,0.06048,0
26.1615,3930,Vehicle,ChannelLoad,0.06048,0
26.1615,3930,Vehicle,TX_Throughput,4560,0
26.1615,3930,Vehicle,TX_ObjectCount,0,0
26.1622,8724,RSU,ChannelLoad,0.09008,0
26.1622,8724,RSU,ChannelLoad,0.09008,0
26.1622,8724,RSU,TX_Throughput,2080,0
26.1622,8724,RSU,TX_ObjectCount,0,0
26.1637,2669,Vehicle,ChannelLoad,0.05824,0
26.1637,2669,Vehicle,ChannelLoad,0.05824,0
26.1637,2669,Vehicle,TX_Throughput,4560,0
26.1637,2669,Vehicle,TX_ObjectCount,0,0
26.1647,1842,RSU,ChannelLoad,0.05672,0
26.1647,1842,RSU,ChannelLoad,0.05672,0
26.1647,1842,RSU,TX_Throughput,5280,0
26.1647,1842,RSU,TX_ObjectCount,1,0
26.1649,1311,RSU,ChannelLoad,0.05744,0
26.1649,1311,RSU,ChannelLoad,0.05744,0
26.1649,1311,RSU,TX_Throughput,5280,0
26.1649,1311,RSU,TX_ObjectCount,1,0
26.1651,7898,Vehicle,ChannelLoad,0.06416,0
26.1651,7898,Vehicle,ChannelLoad,0.06416,0
26.1651,7898,Vehicle,TX_Throughput,4560,0
26.1651,7898,Vehicle,TX_ObjectCount,0,0
26.1652,4608,Vehicle,ChannelLoad,0.05128,0
26.1652,4608,Vehicle,ChannelLoad,0.05128,0
26.1652,4608,Vehicle,TX_Throughput,4560,0
26.1652,4608,Vehicle,TX_ObjectCount,0,0
26.1663,4003,Vehicle,ChannelLoad,0.06552,0
26.1663,4003,Vehicle,ChannelLoad,0.06552,0
26.1663,4003,Vehicle,TX_Throughput,4560,0
26.1663,4003,Vehicle,TX_ObjectCount,0,0
26.1666,4681,Vehicle,ChannelLoad,0.07176,0
26.1666,4681,Vehicle,ChannelLoad,0.07176,0
26.1666,4681,Vehicle,TX_Throughput,7760,0
26.1666,4681,Vehicle,TX_ObjectCount,1,0
26.1684,4756,Vehicle,ChannelLoad,0.04344,0
26.1684,4756,Vehicle,ChannelLoad,0.04344,0
26.1684,4756,Vehicle,TX_Throughput,7760,0
26.1684,4756,Vehicle,TX_ObjectCount,1,0
26.1687,4076,Vehicle,ChannelLoad,0.07408,0
26.1687,4076,Vehicle,ChannelLoad,0.07408,0
26.1687,4076,Vehicle,TX_Throughput,7760,0
26.1687,4076,Vehicle,TX_ObjectCount,1,0
26.1687,2744,Vehicle,ChannelLoad,0.06216,0
26.1687,2744,Vehicle,ChannelLoad,0.06216,0
26.1687,2744,Vehicle,TX_Throughput,7760,0
26.1687,2744,Vehicle,TX_ObjectCount,1,0
26.1696,4829,RSU,ChannelLoad,0.08664,0
26.1696,4829,RSU,ChannelLoad,0.08664,0
26.1696,4829,RSU,TX_Throughput,2080,0
26.1696,4829,RSU,TX_ObjectCount,0,0
26.1698,2817,RSU,ChannelLoad,0.07728,0
26.1698,2817,RSU,ChannelLoad,0.07728,0
26.1698,2817,RSU,TX_Throughput,5280,0
26.1698,2817,RSU,TX_ObjectCount,1,0
26.17,1918,RSU,ChannelLoad,0.1192,0
26.17,1918,RSU,ChannelLoad,0.1192,0
26.17,1918,RSU,TX_Throughput,2080,0
26.17,1918,RSU,TX_ObjectCount,0,0
26.17,7971,Vehicle,ChannelLoad,0.06232,0
26.17,7971,Vehicle,ChannelLoad,0.06232,0
26.17,7971,Vehicle,TX_Throughput,7760,0
26.17,7971,Vehicle,TX_ObjectCount,1,0
26.1701,8044,Vehicle,ChannelLoad,0.06216,0
26.1701,8044,Vehicle,ChannelLoad,0.06216,0
26.1701,8044,Vehicle,TX_Throughput,7760,0
26.1701,8044,Vehicle,TX_ObjectCount,1,0
26.1709,1385,Vehicle,ChannelLoad,0.07088,0
26.1709,1385,Vehicle,ChannelLoad,0.07088,0
26.1709,1385,Vehicle,TX_Throughput,7760,0
26.1709,1385,Vehicle,TX_ObjectCount,1,0
26.171,270,Vehicle,ChannelLoad,0.05744,0
26.171,270,Vehicle,ChannelLoad,0.05744,0
26.171,270,Vehicle,TX_Throughput,13360,0
26.171,270,Vehicle,TX_ObjectCount,3,0
26.1723,4905,RSU,ChannelLoad,0.10832,0
26.1723,4905,RSU,ChannelLoad,0.10832,0
26.1723,4905,RSU,TX_Throughput,2080,0
26.1723,4905,RSU,TX_ObjectCount,0,0
26.1727,1992,Vehicle,ChannelLoad,0.02952,0
26.1727,1992,Vehicle,ChannelLoad,0.02952,0
26.1727,1992,Vehicle,TX_Throughput,4560,0
26.1727,1992,Vehicle,TX_ObjectCount,0,0
26.1742,7079,Vehicle,ChannelLoad,0.05376,0
26.1742,7079,Vehicle,ChannelLoad,0.05376,0
26.1742,7079,Vehicle,TX_Throughput,10560,0
26.1742,7079,Vehicle,TX_ObjectCount,2,0
26.1747,4153,Vehicle,ChannelLoad,0.05272,0
26.1747,4153,Vehicle,ChannelLoad,0.05272,0
26.1747,4153,Vehicle,TX_Throughput,4560,0
26.1747,4153,Vehicle,TX_ObjectCount,0,0
26.1748,6043,Vehicle,ChannelLoad,0.04768,0
26.1748,6043,Vehicle,ChannelLoad,0.04768,0
26.1748,6043,Vehicle,TX_Throughput,7760,0
26.1748,6043,Vehicle,TX_ObjectCount,1,0
26.1759,4979,Vehicle,ChannelLoad,0.09312,0
26.1759,4979,Vehicle,ChannelLoad,0.09312,0
26.1759,4979,Vehicle,TX_Throughput,4560,0
26.1759,4979,Vehicle,TX_ObjectCount,0,0
26.1762,5052,RSU,ChannelLoad,0.07248,0
26.1762,5052,RSU,ChannelLoad,0.07248,0
26.1762,5052,RSU,TX_Throughput,8080,0
26.1762,5052,RSU,TX_ObjectCount,2,0
26.1777,2065,Vehicle,ChannelLoad,0.0616,0
26.1777,2065,Vehicle,ChannelLoad,0.0616,0
26.1777,2065,Vehicle,TX_Throughput,7760,0
26.1777,2065,Vehicle,TX_ObjectCount,1,0
26.1778,6116,RSU,ChannelLoad,0.11888,0
26.1778,6116,RSU,ChannelLoad,0.11888,0
26.1778,6116,RSU,TX_Throughput,8080,0
26.1778,6116,RSU,TX_ObjectCount,2,0
26.1782,7152,Vehicle,ChannelLoad,0.07904,0
26.1782,7152,Vehicle,ChannelLoad,0.07904,0
26.1782,7152,Vehicle,TX_Throughput,7760,0
26.1782,7152,Vehicle,TX_ObjectCount,1,0
26.1786,8808,Vehicle,ChannelLoad,0.06424,0
26.1786,8808,Vehicle,ChannelLoad,0.06424,0
26.1786,8808,Vehicle,TX_Throughput,4560,0
26.1786,8808,Vehicle,TX_ObjectCount,0,0
26.1801,6192,RSU,ChannelLoad,0.08,0
26.1801,6192,RSU,ChannelLoad,0.08,0
26.1801,6192,RSU,TX_Throughput,10880,0
26.1801,6192,RSU,TX_ObjectCount,3,0
26.1805,8119,Vehicle,ChannelLoad,0.04208,0
26.1805,8119,Vehicle,ChannelLoad,0.04208,0
26.1805,8119,Vehicle,TX_Throughput,4560,0
26.1805,8119,Vehicle,TX_ObjectCount,0,0
26.1805,7227,Vehicle,ChannelLoad,0.05144,0
26.1805,7227,Vehicle,ChannelLoad,0.05144,0
26.1805,7227,Vehicle,TX_Throughput,4560,0
26.1805,7227,Vehicle,TX_ObjectCount,0,0
26.1809,4230,Vehicle,ChannelLoad,0.06328,0
26.1809,4230,Vehicle,ChannelLoad,0.06328,0
26.1809,4230,Vehicle,TX_Throughput,10560,0
26.1809,4230,Vehicle,TX_ObjectCount,2,0
26.1818,6266,Vehicle,ChannelLoad,0.07768,0
26.1818,6266,Vehicle,ChannelLoad,0.07768,0
26.1818,6266,Vehicle,TX_Throughput,4560,0
26.1818,6266,Vehicle,TX_ObjectCount,0,0
26.1819,5126,Vehicle,ChannelLoad,0.06344,0
26.1819,5126,Vehicle,ChannelLoad,0.06344,0
26.1819,5126,Vehicle,TX_Throughput,4560,0
26.1819,5126,Vehicle,TX_ObjectCount,0,0
26.1831,343,Vehicle,ChannelLoad,0.05376,0
26.1831,343,Vehicle,ChannelLoad,0.05376,0
26.1831,343,Vehicle,TX_Throughput,7760,0
26.1831,343,Vehicle,TX_ObjectCount,1,0
26.1832,1458,RSU,ChannelLoad,0.1112,0
26.1832,1458,RSU,ChannelLoad,0.1112,0
26.1832,1458,RSU,TX_Throughput,5280,0
26.1832,1458,RSU,TX_ObjectCount,1,0
26.1834,2891,Vehicle,ChannelLoad,0.05016,0
26.1834,2891,Vehicle,ChannelLoad,0.05016,0
26.1834,2891,Vehicle,TX_Throughput,4560,0
26.1834,2891,Vehicle,TX_ObjectCount,0,0
26.1865,2966,Vehicle,ChannelLoad,0.07576,0
26.1865,2966,Vehicle,ChannelLoad,0.07576,0
26.1865,2966,Vehicle,TX_Throughput,4560,0
26.1865,2966,Vehicle,TX_ObjectCount,0,0
26.1865,5201,RSU,ChannelLoad,0.10216,0
26.1865,5201,RSU,ChannelLoad,0.10216,0
26.1865,5201,RSU,TX_Throughput,5280,0
26.1865,5201,RSU,TX_ObjectCount,1,0
26.1871,416,Vehicle,ChannelLoad,0.06016,0
26.1871,416,Vehicle,ChannelLoad,0.06016,0
26.1871,416,Vehicle,TX_Throughput,13360,0
26.1871,416,Vehicle,TX_ObjectCount,3,0
26.1884,8883,Vehicle,ChannelLoad,0.06784,0
26.1884,8883,Vehicle,ChannelLoad,0.06784,0
26.1884,8883,Vehicle,TX_Throughput,4560,0
26.1884,8883,Vehicle,TX_ObjectCount,0,0
26.1885,2140,RSU,ChannelLoad,0.08936,0
26.1885,2140,RSU,ChannelLoad,0.08936,0
26.1885,2140,RSU,TX_Throughput,8080,0
26.1885,2140,RSU,TX_ObjectCount,2,0
26.1887,6339,Vehicle,ChannelLoad,0.0624,0
26.1887,6339,Vehicle,ChannelLoad,0.0624,0
26.1887,6339,Vehicle,TX_Throughput,4560,0
26.1887,6339,Vehicle,TX_ObjectCount,0,0
26.1894,2214,RSU,ChannelLoad,0.07088,0
26.1894,2214,RSU,ChannelLoad,0.07088,0
26.1894,2214,RSU,TX_Throughput,2080,0
26.1894,2214,RSU,TX_ObjectCount,0,0
26.1916,8192,RSU,ChannelLoad,0.09128,0
26.1916,8192,RSU,ChannelLoad,0.09128,0
26.1916,8192,RSU,TX_Throughput,5280,0
26.1916,8192,RSU,TX_ObjectCount,1,0
26.192,5275,RSU,ChannelLoad,0.09416,0
26.192,5275,RSU,ChannelLoad,0.09416,0
26.192,5275,RSU,TX_Throughput,13680,0
26.192,5275,RSU,TX_ObjectCount,4,0
26.1925,6412,Vehicle,ChannelLoad,0.05888,0
26.1925,6412,Vehicle,ChannelLoad,0.05888,0
26.1925,6412,Vehicle,TX_Throughput,7760,0
26.1925,6412,Vehicle,TX_ObjectCount,1,0
26.1928,3039,Vehicle,ChannelLoad,0.06456,0
26.1928,3039,Vehicle,ChannelLoad,0.06456,0
26.1928,3039,Vehicle,TX_Throughput,7760,0
26.1928,3039,Vehicle,TX_ObjectCount,1,0
26.1928,5349,Vehicle,ChannelLoad,0.07712,0
26.1928,5349,Vehicle,ChannelLoad,0.07712,0
26.1928,5349,Vehicle,TX_Throughput,4560,0
26.1928,5349,Vehicle,TX_ObjectCount,0,0
26.1939,489,Vehicle,ChannelLoad,0.04368,0
26.1939,489,Vehicle,ChannelLoad,0.04368,0
26.1939,489,Vehicle,TX_Throughput,7760,0
26.1939,489,Vehicle,TX_ObjectCount,1,0
26.1953,8956,Vehicle,ChannelLoad,0.06616,0
26.1953,8956,Vehicle,ChannelLoad,0.06616,0
26.1953,8956,Vehicle,TX_Throughput,4560,0
26.1953,8956,Vehicle,TX_ObjectCount,0,0
26.196,8268,RSU,ChannelLoad,0.07296,0
26.196,8268,RSU,ChannelLoad,0.07296,0
26.196,8268,RSU,TX_Throughput,5280,0
26.196,8268,RSU,TX_ObjectCount,1,0
26.1961,3112,RSU,ChannelLoad,0.09216,0
26.1961,3112,RSU,ChannelLoad,0.09216,0
26.1961,3112,RSU,TX_Throughput,2080,0
26.1961,3112,RSU,TX_ObjectCount,0,0
26.1961,562,Vehicle,ChannelLoad,0.0716,0
26.1961,562,Vehicle,ChannelLoad,0.0716,0
26.1961,562,Vehicle,TX_Throughput,4560,0
26.1961,562,Vehicle,TX_ObjectCount,0,0
26.1976,6485,Vehicle,ChannelLoad,0.04064,0
26.1976,6485,Vehicle,ChannelLoad,0.04064,0
26.1976,6485,Vehicle,TX_Throughput,4560,0
26.1976,6485,Vehicle,TX_ObjectCount,0,0
26.1978,3186,RSU,ChannelLoad,0.05968,0
26.1978,3186,RSU,ChannelLoad,0.05968,0
26.1978,3186,RSU,TX_Throughput,5280,0
26.1978,3186,RSU,TX_ObjectCount,1,0
26.2009,7304,Vehicle,ChannelLoad,0.05288,0
26.2009,7304,Vehicle,ChannelLoad,0.05288,0
26.2009,7304,Vehicle,TX_Throughput,4560,0
26.2009,7304,Vehicle,TX_ObjectCount,0,0
26.202,639,Vehicle,ChannelLoad,0.06896,0
26.202,639,Vehicle,ChannelLoad,0.06896,0
26.202,639,Vehicle,TX_Throughput,4560,0
26.202,639,Vehicle,TX_ObjectCount,0,0
26.2028,5422,Vehicle,ChannelLoad,0.05088,0
26.2028,5422,Vehicle,ChannelLoad,0.05088,0
26.2028,5422,Vehicle,TX_Throughput,4560,0
26.2028,5422,Vehicle,TX_ObjectCount,0,0
26.2037,6558,RSU,ChannelLoad,0.07592,0
26.2037,6558,RSU,ChannelLoad,0.07592,0
26.2037,6558,RSU,TX_Throughput,8080,0
26.2037,6558,RSU,TX_ObjectCount,2,0
26.2047,29,RSU,ChannelLoad,0.09352,0
26.2047,29,RSU,ChannelLoad,0.09352,0
26.2047,29,RSU,TX_Throughput,5280,0
26.2047,29,RSU,TX_ObjectCount,1,0
26.209,4303,Vehicle,ChannelLoad,0.06664,0
26.209,4303,Vehicle,ChannelLoad,0.06664,0
26.209,4303,Vehicle,TX_Throughput,13360,0
26.209,4303,Vehicle,TX_ObjectCount,3,0
26.2104,1538,Vehicle,ChannelLoad,0.03872,0
26.2104,1538,Vehicle,ChannelLoad,0.03872,0
26.2104,1538,Vehicle,TX_Throughput,4560,0
26.2104,1538,Vehicle,TX_ObjectCount,0,0
26.2122,7377,Vehicle,ChannelLoad,0.06408,0
26.2122,7377,Vehicle,ChannelLoad,0.06408,0
26.2122,7377,Vehicle,TX_Throughput,4560,0
26.2122,7377,Vehicle,TX_ObjectCount,0,0
26.2131,5501,Vehicle,ChannelLoad,0.04816,0
26.2131,5501,Vehicle,ChannelLoad,0.04816,0
26.2131,5501,Vehicle,TX_Throughput,4560,0
26.2131,5501,Vehicle,TX_ObjectCount,0,0
26.2143,3260,Vehicle,ChannelLoad,0.04656,0
26.2143,3260,Vehicle,ChannelLoad,0.04656,0
26.2143,3260,Vehicle,TX_Throughput,4560,0
26.2143,3260,Vehicle,TX_ObjectCount,0,0
26.2144,3333,Vehicle,ChannelLoad,0.04528,0
26.2144,3333,Vehicle,ChannelLoad,0.04528,0
26.2144,3333,Vehicle,TX_Throughput,7760,0
26.2144,3333,Vehicle,TX_ObjectCount,1,0
26.2147,3406,Vehicle,ChannelLoad,0.04952,0
26.2147,3406,Vehicle,ChannelLoad,0.04952,0
26.2147,3406,Vehicle,TX_Throughput,4560,0
26.2147,3406,Vehicle,TX_ObjectCount,0,0
26.2154,2292,Vehicle,ChannelLoad,0.04152,0
26.2154,2292,Vehicle,ChannelLoad,0.04152,0
26.2154,2292,Vehicle,TX_Throughput,4560,0
26.2154,2292,Vehicle,TX_ObjectCount,0,0
26.2163,6634,RSU,ChannelLoad,0.0564,0
26.2163,6634,RSU,ChannelLoad,0.0564,0
26.2163,6634,RSU,TX_Throughput,2080,0
26.2163,6634,RSU,TX_ObjectCount,0,0
26.2166,1611,Vehicle,ChannelLoad,0.04656,0
26.2166,1611,Vehicle,ChannelLoad,0.04656,0
26.2166,1611,Vehicle,TX_Throughput,4560,0
26.2166,1611,Vehicle,TX_ObjectCount,0,0
26.2172,2365,Vehicle,ChannelLoad,0.04488,0
26.2172,2365,Vehicle,ChannelLoad,0.04488,0
26.2172,2365,Vehicle,TX_Throughput,4560,0
26.2172,2365,Vehicle,TX_ObjectCount,0,0
26.2182,8348,Vehicle,ChannelLoad,0.04016,0
26.2182,8348,Vehicle,ChannelLoad,0.04016,0
26.2182,8348,Vehicle,TX_Throughput,4560,0
26.2182,8348,Vehicle,TX_ObjectCount,0,0
26.2186,2440,Vehicle,ChannelLoad,0.06016,0
26.2186,2440,Vehicle,ChannelLoad,0.06016,0
26.2186,2440,Vehicle,TX_Throughput,4560,0
26.2186,2440,Vehicle,TX_ObjectCount,0,0
26.2187,718,Vehicle,ChannelLoad,0.06168,0
26.2187,718,Vehicle,ChannelLoad,0.06168,0
26.2187,718,Vehicle,TX_Throughput,4560,0
26.2187,718,Vehicle,TX_ObjectCount,0,0
26.2188,107,Vehicle,ChannelLoad,0.04928,0
26.2188,107,Vehicle,ChannelLoad,0.04928,0
26.2188,107,Vehicle,TX_Throughput,7760,0
26.2188,107,Vehicle,TX_ObjectCount,1,0
26.2201,182,RSU,ChannelLoad,0.08032,0
26.2201,182,RSU,ChannelLoad,0.08032,0
26.2201,182,RSU,TX_Throughput,5280,0
26.2201,182,RSU,TX_ObjectCount,1,0
26.2202,791,Vehicle,ChannelLoad,0.06016,0
26.2202,791,Vehicle,ChannelLoad,0.06016,0
26.2202,791,Vehicle,TX_Throughput,7760,0
26.2202,791,Vehicle,TX_ObjectCount,1,0
26.2206,6708,Vehicle,ChannelLoad,0.1012,0
26.2206,6708,Vehicle,ChannelLoad,0.1012,0
26.2206,6708,Vehicle,TX_Throughput,4560,0
26.2206,6708,Vehicle,TX_ObjectCount,0,0
26.2212,8421,Vehicle,ChannelLoad,0.10376,0
26.2212,8421,Vehicle,ChannelLoad,0.10376,0
26.2212,8421,Vehicle,TX_Throughput,7760,0
26.2212,8421,Vehicle,TX_ObjectCount,1,0
26.2218,4380,Vehicle,ChannelLoad,0.06288,0
26.2218,4380,Vehicle,ChannelLoad,0.06288,0
26.2218,4380,Vehicle,TX_Throughput,10560,0
26.2218,4380,Vehicle,TX_ObjectCount,2,0
26.2231,1688,RSU,ChannelLoad,0.07096,0
26.2231,1688,RSU,ChannelLoad,0.07096,0
26.2231,1688,RSU,TX_Throughput,2080,0
26.2231,1688,RSU,TX_ObjectCount,0,0
26.2235,5580,Vehicle,ChannelLoad,0.0568,0
26.2235,5580,Vehicle,ChannelLoad,0.0568,0
26.2235,5580,Vehicle,TX_Throughput,4560,0
26.2235,5580,Vehicle,TX_ObjectCount,0,0
26.2256,8494,Vehicle,ChannelLoad,0.06488,0
26.2256,8494,Vehicle,ChannelLoad,0.06488,0
26.2256,8494,Vehicle,TX_Throughput,7760,0
26.2256,8494,Vehicle,TX_ObjectCount,1,0
26.2289,4455,Vehicle,ChannelLoad,0.0836,0
26.2289,4455,Vehicle,ChannelLoad,0.0836,0
26.2289,4455,Vehicle,TX_Throughput,4560,0
26.2289,4455,Vehicle,TX_ObjectCount,0,0
26.2289,7452,RSU,ChannelLoad,0.11184,0
26.2289,7452,RSU,ChannelLoad,0.11184,0
26.2289,7452,RSU,TX_Throughput,8080,0
26.2289,7452,RSU,TX_ObjectCount,2,0
26.2318,866,Vehicle,ChannelLoad,0.06072,0
26.2318,866,Vehicle,ChannelLoad,0.06072,0
26.2318,866,Vehicle,TX_Throughput,4560,0
26.2318,866,Vehicle,TX_ObjectCount,0,0
26.2326,7526,Vehicle,ChannelLoad,0.06112,0
26.2326,7526,Vehicle,ChannelLoad,0.06112,0
26.2326,7526,Vehicle,TX_Throughput,4560,0
26.2326,7526,Vehicle,TX_ObjectCount,0,0
26.2333,3481,RSU,ChannelLoad,0.07048,0
26.2333,3481,RSU,ChannelLoad,0.07048,0
26.2333,3481,RSU,TX_Throughput,2080,0
26.2333,3481,RSU,TX_ObjectCount,0,0
26.2343,5655,Vehicle,ChannelLoad,0.07104,0
26.2343,5655,Vehicle,ChannelLoad,0.07104,0
26.2343,5655,Vehicle,TX_Throughput,7760,0
26.2343,5655,Vehicle,TX_ObjectCount,1,0
26.2351,5728,Vehicle,ChannelLoad,0.05312,0
26.2351,5728,Vehicle,ChannelLoad,0.05312,0
26.2351,5728,Vehicle,TX_Throughput,4560,0
26.2351,5728,Vehicle,TX_ObjectCount,0,0
26.2352,6781,RSU,ChannelLoad,0.07936,0
26.2352,6781,RSU,ChannelLoad,0.07936,0
26.2352,6781,RSU,TX_Throughput,5280,0
26.2352,6781,RSU,TX_ObjectCount,1,0
26.2361,7599,Vehicle,ChannelLoad,0.05552,0
26.2361,7599,Vehicle,ChannelLoad,0.05552,0
26.2361,7599,Vehicle,TX_Throughput,7760,0
26.2361,7599,Vehicle,TX_ObjectCount,1,0
26.2382,941,Vehicle,ChannelLoad,0.06952,0
26.2382,941,Vehicle,ChannelLoad,0.06952,0
26.2382,941,Vehicle,TX_Throughput,4560,0
26.2382,941,Vehicle,TX_ObjectCount,0,0
26.2389,5801,RSU,ChannelLoad,0.07824,0
26.2389,5801,RSU,ChannelLoad,0.07824,0
26.2389,5801,RSU,TX_Throughput,2080,0
26.2389,5801,RSU,TX_ObjectCount,0,0
26.2399,5875,Vehicle,ChannelLoad,0.05944,0
26.2399,5875,Vehicle,ChannelLoad,0.05944,0
26.2399,5875,Vehicle,TX_Throughput,4560,0
26.2399,5875,Vehicle,TX_ObjectCount,0,0
26.2414,7674,RSU,ChannelLoad,0.05992,0
26.2414,7674,RSU,ChannelLoad,0.05992,0
26.2414,7674,RSU,TX_Throughput,2080,0
26.2414,7674,RSU,TX_ObjectCount,0,0
26.2417,3561,Vehicle,ChannelLoad,0.05152,0
26.2417,3561,Vehicle,ChannelLoad,0.05152,0
26.2417,3561,Vehicle,TX_Throughput,4560,0
26.2417,3561,Vehicle,TX_ObjectCount,0,0
26.2423,7748,Vehicle,ChannelLoad,0.06896,0
26.2423,7748,Vehicle,ChannelLoad,0.06896,0
26.2423,7748,Vehicle,TX_Throughput,4560,0
26.2423,7748,Vehicle,TX_ObjectCount,0,0
26.2434,1016,Vehicle,ChannelLoad,0.08208,0
26.2434,1016,Vehicle,ChannelLoad,0.08208,0
26.2434,1016,Vehicle,TX_Throughput,4560,0
26.2434,1016,Vehicle,TX_ObjectCount,0,0
26.2464,1089,RSU,ChannelLoad,0.08624,0
26.2464,1089,RSU,ChannelLoad,0.08624,0
26.2464,1089,RSU,TX_Throughput,13680,0
26.2464,1089,RSU,TX_ObjectCount,4,0
26.2471,3634,RSU,ChannelLoad,0.07848,0
26.2471,3634,RSU,ChannelLoad,0.07848,0
26.2471,3634,RSU,TX_Throughput,5280,0
26.2471,3634,RSU,TX_ObjectCount,1,0
26.2472,5950,Vehicle,ChannelLoad,0.06056,0
26.2472,5950,Vehicle,ChannelLoad,0.06056,0
26.2472,5950,Vehicle,TX_Throughput,4560,0
26.2472,5950,Vehicle,TX_ObjectCount,0,0
26.2488,1764,RSU,ChannelLoad,0.11096,0
26.2488,1764,RSU,ChannelLoad,0.11096,0
26.2488,1764,RSU,TX_Throughput,8080,0
26.2488,1764,RSU,TX_ObjectCount,2,0
26.2492,3708,RSU,ChannelLoad,0.07064,0
26.2492,3708,RSU,ChannelLoad,0.07064,0
26.2492,3708,RSU,TX_Throughput,5280,0
26.2492,3708,RSU,TX_ObjectCount,1,0
26.2497,1163,Vehicle,ChannelLoad,0.05488,0
26.2497,1163,Vehicle,ChannelLoad,0.05488,0
26.2497,1163,Vehicle,TX_Throughput,4560,0
26.2497,1163,Vehicle,TX_ObjectCount,0,0
26.2499,3782,Vehicle,ChannelLoad,0.05936,0
26.2499,3782,Vehicle,ChannelLoad,0.05936,0
26.2499,3782,Vehicle,TX_Throughput,4560,0
26.2499,3782,Vehicle,TX_ObjectCount,0,0
26.2507,6859,Vehicle,ChannelLoad,0.04704,0
26.2507,6859,Vehicle,ChannelLoad,0.04704,0
26.2507,6859,Vehicle,TX_Throughput,7760,0
26.2507,6859,Vehicle,TX_ObjectCount,1,0
26.2512,3855,Vehicle,ChannelLoad,0.02912,0
26.2512,3855,Vehicle,ChannelLoad,0.02912,0
26.2512,3855,Vehicle,TX_Throughput,7760,0
26.2512,3855,Vehicle,TX_ObjectCount,1,0
26.2527,8575,RSU,ChannelLoad,0.08336,0
26.2527,8575,RSU,ChannelLoad,0.08336,0
26.2527,8575,RSU,TX_Throughput,8080,0
26.2527,8575,RSU,TX_ObjectCount,2,0
26.2528,4534,RSU,ChannelLoad,0.06448,0
26.2528,4534,RSU,ChannelLoad,0.06448,0
26.2528,4534,RSU,TX_Throughput,5280,0
26.2528,4534,RSU,TX_ObjectCount,1,0
26.2561,6932,RSU,ChannelLoad,0.0716,0
26.2561,6932,RSU,ChannelLoad,0.0716,0
26.2561,6932,RSU,TX_Throughput,5280,0
26.2561,6932,RSU,TX_ObjectCount,1,0
26.2572,8649,Vehicle,ChannelLoad,0.0432,0
26.2572,8649,Vehicle,ChannelLoad,0.0432,0
26.2572,8649,Vehicle,TX_Throughput,4560,0
26.2572,8649,Vehicle,TX_ObjectCount,0,0
26.2579,7825,Vehicle,ChannelLoad,0.06544,0
26.2579,7825,Vehicle,ChannelLoad,0.06544,0
26.2579,7825,Vehicle,TX_Throughput,4560,0
26.2579,7825,Vehicle,TX_ObjectCount,0,0
26.2586,7006,Vehicle,ChannelLoad,0.07336,0
26.2586,7006,Vehicle,ChannelLoad,0.07336,0
26.2586,7006,Vehicle,TX_Throughput,4560,0
26.2586,7006,Vehicle,TX_ObjectCount,0,0
26.2594,2523,Vehicle,ChannelLoad,0.07304,0
26.2594,2523,Vehicle,ChannelLoad,0.07304,0
26.2594,2523,Vehicle,TX_Throughput,4560,0
26.2594,2523,Vehicle,TX_ObjectCount,0,0
26.2595,2596,Vehicle,ChannelLoad,0.04728,0
26.2595,2596,Vehicle,ChannelLoad,0.04728,0
26.2595,2596,Vehicle,TX_Throughput,4560,0
26.2595,2596,Vehicle,TX_ObjectCount,0,0
26.2613,1238,Vehicle,ChannelLoad,0.05304,0
26.2613,1238,Vehicle,ChannelLoad,0.05304,0
26.2613,1238,Vehicle,TX_Throughput,4560,0
26.2613,1238,Vehicle,TX_ObjectCount,0,0
26.2615,3930,Vehicle,ChannelLoad,0.06472,0
26.2615,3930,Vehicle,ChannelLoad,0.06472,0
26.2615,3930,Vehicle,TX_Throughput,4560,0
26.2615,3930,Vehicle,TX_ObjectCount,0,0
26.2622,8724,RSU,ChannelLoad,0.10024,0
26.2622,8724,RSU,ChannelLoad,0.10024,0
26.2622,8724,RSU,TX_Throughput,8080,0
26.2622,8724,RSU,TX_ObjectCount,2,0
26.2637,2669,Vehicle,ChannelLoad,0.04984,0
26.2637,2669,Vehicle,ChannelLoad,0.04984,0
26.2637,2669,Vehicle,TX_Throughput,4560,0
26.2637,2669,Vehicle,TX_ObjectCount,0,0
26.2647,1842,RSU,ChannelLoad,0.06896,0
26.2647,1842,RSU,ChannelLoad,0.06896,0
26.2647,1842,RSU,TX_Throughput,2080,0
26.2647,1842,RSU,TX_ObjectCount,0,0
26.2649,1311,RSU,ChannelLoad,0.06424,0
26.2649,1311,RSU,ChannelLoad,0.06424,0
26.2649,1311,RSU,TX_Throughput,5280,0
26.2649,1311,RSU,TX_ObjectCount,1,0
26.2651,7898,Vehicle,ChannelLoad,0.08136,0
26.2651,7898,Vehicle,ChannelLoad,0.08136,0
26.2651,7898,Vehicle,TX_Throughput,4560,0
26.2651,7898,Vehicle,TX_ObjectCount,0,0
26.2652,4608,Vehicle,ChannelLoad,0.03064,0
26.2652,4608,Vehicle,ChannelLoad,0.03064,0
26.2652,4608,Vehicle,TX_Throughput,4560,0
26.2652,4608,Vehicle,TX_ObjectCount,0,0
26.2663,4003,Vehicle,ChannelLoad,0.06208,0
26.2663,4003,Vehicle,ChannelLoad,0.06208,0
26.2663,4003,Vehicle,TX_Throughput,7760,0
26.2663,4003,Vehicle,TX_ObjectCount,1,0
26.2666,4681,Vehicle,ChannelLoad,0.06864,0
26.2666,4681,Vehicle,ChannelLoad,0.06864,0
26.2666,4681,Vehicle,TX_Throughput,4560,0
26.2666,4681,Vehicle,TX_ObjectCount,0,0
26.2684,4756,Vehicle,ChannelLoad,0.04608,0
26.2684,4756,Vehicle,ChannelLoad,0.04608,0
26.2684,4756,Vehicle,TX_Throughput,4560,0
26.2684,4756,Vehicle,TX_ObjectCount,0,0
26.2687,4076,Vehicle,ChannelLoad,0.06632,0
26.2687,4076,Vehicle,ChannelLoad,0.06632,0
26.2687,4076,Vehicle,TX_Throughput,4560,0
26.2687,4076,Vehicle,TX_ObjectCount,0,0
26.2687,2744,Vehicle,ChannelLoad,0.0592,0
26.2687,2744,Vehicle,ChannelLoad,0.0592,0
26.2687,2744,Vehicle,TX_Throughput,4560,0
26.2687,2744,Vehicle,TX_ObjectCount,0,0
26.2696,4829,RSU,ChannelLoad,0.08832,0
26.2696,4829,RSU,ChannelLoad,0.08832,0
26.2696,4829,RSU,TX_Throughput,13680,0
26.2696,4829,RSU,TX_ObjectCount,4,0
26.2698,2817,RSU,ChannelLoad,0.06304,0
26.2698,2817,RSU,ChannelLoad,0.06304,0
26.2698,2817,RSU,TX_Throughput,2080,0
26.2698,2817,RSU,TX_ObjectCount,0,0
26.27,1918,RSU,ChannelLoad,0.098,0
26.27,1918,RSU,ChannelLoad,0.098,0
26.27,1918,RSU,TX_Throughput,13680,0
26.27,1918,RSU,TX_ObjectCount,4,0
26.27,7971,Vehicle,ChannelLoad,0.05216,0
26.27,7971,Vehicle,ChannelLoad,0.05216,0
26.27,7971,Vehicle,TX_Throughput,4560,0
26.27,7971,Vehicle,TX_ObjectCount,0,0
26.2701,8044,Vehicle,ChannelLoad,0.05688,0
26.2701,8044,Vehicle,ChannelLoad,0.05688,0
26.2701,8044,Vehicle,TX_Throughput,4560,0
26.2701,8044,Vehicle,TX_ObjectCount,0,0
26.2709,1385,Vehicle,ChannelLoad,0.06192,0
26.2709,1385,Vehicle,ChannelLoad,0.06192,0
26.2709,1385,Vehicle,TX_Throughput,4560,0
26.2709,1385,Vehicle,TX_ObjectCount,0,0
26.271,270,Vehicle,ChannelLoad,0.07024,0
26.271,270,Vehicle,ChannelLoad,0.07024,0
26.271,270,Vehicle,TX_Throughput,10560,0
26.271,270,Vehicle,TX_ObjectCount,2,0
26.2723,4905,RSU,ChannelLoad,0.09048,0
26.2723,4905,RSU,ChannelLoad,0.09048,0
26.2723,4905,RSU,TX_Throughput,16480,0
26.2723,4905,RSU,TX_ObjectCount,5,0
26.2727,1992,Vehicle,ChannelLoad,0.03992,0
26.2727,1992,Vehicle,ChannelLoad,0.03992,0
26.2727,1992,Vehicle,TX_Throughput,7760,0
26.2727,1992,Vehicle,TX_ObjectCount,1,0
26.2742,7079,Vehicle,ChannelLoad,0.06248,0
26.2742,7079,Vehicle,ChannelLoad,0.06248,0
26.2742,7079,Vehicle,TX_Throughput,4560,0
26.2742,7079,Vehicle,TX_ObjectCount,0,0
26.2747,4153,Vehicle,ChannelLoad,0.0532,0
26.2747,4153,Vehicle,ChannelLoad,0.0532,0
26.2747,4153,Vehicle,TX_Throughput,4560,0
26.2747,4153,Vehicle,TX_ObjectCount,0,0
26.2748,6043,Vehicle,ChannelLoad,0.04384,0
26.2748,6043,Vehicle,ChannelLoad,0.04384,0
26.2748,6043,Vehicle,TX_Throughput,4560,0
26.2748,6043,Vehicle,TX_ObjectCount,0,0
26.2759,4979,Vehicle,ChannelLoad,0.09,0
26.2759,4979,Vehicle,ChannelLoad,0.09,0
26.2759,4979,Vehicle,TX_Throughput,4560,0
26.2759,4979,Vehicle,TX_ObjectCount,0,0
26.2762,5052,RSU,ChannelLoad,0.07336,0
26.2762,5052,RSU,ChannelLoad,0.07336,0
26.2762,5052,RSU,TX_Throughput,2080,0
26.2762,5052,RSU,TX_ObjectCount,0,0
26.2777,2065,Vehicle,ChannelLoad,0.06208,0
26.2777,2065,Vehicle,ChannelLoad,0.06208,0
26.2777,2065,Vehicle,TX_Throughput,10560,0
26.2777,2065,Vehicle,TX_ObjectCount,2,0
26.2778,6116,RSU,ChannelLoad,0.10224,0
26.2778,6116,RSU,ChannelLoad,0.10224,0
26.2778,6116,RSU,TX_Throughput,5280,0
26.2778,6116,RSU,TX_ObjectCount,1,0
26.2782,7152,Vehicle,ChannelLoad,0.07128,0
26.2782,7152,Vehicle,ChannelLoad,0.07128,0
26.2782,7152,Vehicle,TX_Throughput,4560,0
26.2782,7152,Vehicle,TX_ObjectCount,0,0
26.2786,8808,Vehicle,ChannelLoad,0.06,0
26.2786,8808,Vehicle,ChannelLoad,0.06,0
26.2786,8808,Vehicle,TX_Throughput,4560,0
26.2786,8808,Vehicle,TX_ObjectCount,0,0
26.2801,6192,RSU,ChannelLoad,0.07184,0
26.2801,6192,RSU,ChannelLoad,0.07184,0
26.2801,6192,RSU,TX_Throughput,8080,0
26.2801,6192,RSU,TX_ObjectCount,2,0
26.2805,8119,Vehicle,ChannelLoad,0.04536,0
26.2805,8119,Vehicle,ChannelLoad,0.04536,0
26.2805,8119,Vehicle,TX_Throughput,7760,0
26.2805,8119,Vehicle,TX_ObjectCount,1,0
26.2805,7227,Vehicle,ChannelLoad,0.0428,0
26.2805,7227,Vehicle,ChannelLoad,0.0428,0
26.2805,7227,Vehicle,TX_Throughput,4560,0
26.2805,7227,Vehicle,TX_ObjectCount,0,0
26.2809,4230,Vehicle,ChannelLoad,0.0624,0
26.2809,4230,Vehicle,ChannelLoad,0.0624,0
26.2809,4230,Vehicle,TX_Throughput,7760,0
26.2809,4230,Vehicle,TX_ObjectCount,1,0
26.2818,6266,Vehicle,ChannelLoad,0.0564,0
26.2818,6266,Vehicle,ChannelLoad,0.0564,0
26.2818,6266,Vehicle,TX_Throughput,7760,0
26.2818,6266,Vehicle,TX_ObjectCount,1,0
26.2819,5126,Vehicle,ChannelLoad,0.05096,0
26.2819,5126,Vehicle,ChannelLoad,0.05096,0
26.2819,5126,Vehicle,TX_Throughput,10560,0
26.2819,5126,Vehicle,TX_ObjectCount,2,0
26.2831,343,Vehicle,ChannelLoad,0.05496,0
26.2831,343,Vehicle,ChannelLoad,0.05496,0
26.2831,343,Vehicle,TX_Throughput,7760,0
26.2831,343,Vehicle,TX_ObjectCount,1,0
26.2832,1458,RSU,ChannelLoad,0.086,0
26.2832,1458,RSU,ChannelLoad,0.086,0
26.2832,1458,RSU,TX_Throughput,5280,0
26.2832,1458,RSU,TX_ObjectCount,1,0
26.2834,2891,Vehicle,ChannelLoad,0.04536,0
26.2834,2891,Vehicle,ChannelLoad,0.04536,0
26.2834,2891,Vehicle,TX_Throughput,7760,0
26.2834,2891,Vehicle,TX_ObjectCount,1,0
26.2865,2966,Vehicle,ChannelLoad,0.06504,0
26.2865,2966,Vehicle,ChannelLoad,0.06504,0
26.2865,2966,Vehicle,TX_Throughput,4560,0
26.2865,2966,Vehicle,TX_ObjectCount,0,0
26.2865,5201,RSU,ChannelLoad,0.09576,0
26.2865,5201,RSU,ChannelLoad,0.09576,0
26.2865,5201,RSU,TX_Throughput,8080,0
26.2865,5201,RSU,TX_ObjectCount,2,0
26.2871,416,Vehicle,ChannelLoad,0.0668,0
26.2871,416,Vehicle,ChannelLoad,0.0668,0
26.2871,416,Vehicle,TX_Throughput,7760,0
26.2871,416,Vehicle,TX_ObjectCount,1,0
26.2884,8883,Vehicle,ChannelLoad,0.07488,0
26.2884,8883,Vehicle,ChannelLoad,0.07488,0
26.2884,8883,Vehicle,TX_Throughput,4560,0
26.2884,8883,Vehicle,TX_ObjectCount,0,0
26.2885,2140,RSU,ChannelLoad,0.08768,0
26.2885,2140,RSU,ChannelLoad,0.08768,0
26.2885,2140,RSU,TX_Throughput,2080,0
26.2885,2140,RSU,TX_ObjectCount,0,0
26.2887,6339,Vehicle,ChannelLoad,0.0636,0
26.2887,6339,Vehicle,ChannelLoad,0.0636,0
26.2887,6339,Vehicle,TX_Throughput,4560,0
26.2887,6339,Vehicle,TX_ObjectCount,0,0
26.2894,2214,RSU,ChannelLoad,0.06872,0
26.2894,2214,RSU,ChannelLoad,0.06872,0
26.2894,2214,RSU,TX_Throughput,8080,0
26.2894,2214,RSU,TX_ObjectCount,2,0
26.2916,8192,RSU,ChannelLoad,0.07728,0
26.2916,8192,RSU,ChannelLoad,0.07728,0
26.2916,8192,RSU,TX_Throughput,13680,0
26.2916,8192,RSU,TX_ObjectCount,4,0
26.292,5275,RSU,ChannelLoad,0.0872,0
26.292,5275,RSU,ChannelLoad,0.0872,0
26.292,5275,RSU,TX_Throughput,10880,0
26.292,5275,RSU,TX_ObjectCount,3,0
26.2925,6412,Vehicle,ChannelLoad,0.0544,0
26.2925,6412,Vehicle,ChannelLoad,0.0544,0
26.2925,6412,Vehicle,TX_Throughput,4560,0
26.2925,6412,Vehicle,TX_ObjectCount,0,0
26.2928,3039,Vehicle,ChannelLoad,0.06976,0
26.2928,3039,Vehicle,ChannelLoad,0.06976,0
26.2928,3039,Vehicle,TX_Throughput,4560,0
26.2928,3039,Vehicle,TX_ObjectCount,0,0
26.2928,5349,Vehicle,ChannelLoad,0.08024,0
26.2928,5349,Vehicle,ChannelLoad,0.08024,0
26.2928,5349,Vehicle,TX_Throughput,4560,0
26.2928,5349,Vehicle,TX_ObjectCount,0,0
26.2939,489,Vehicle,ChannelLoad,0.0504,0
26.2939,489,Vehicle,ChannelLoad,0.0504,0
26.2939,489,Vehicle,TX_Throughput,4560,0
26.2939,489,Vehicle,TX_ObjectCount,0,0
26.2953,8956,Vehicle,ChannelLoad,0.06976,0
26.2953,8956,Vehicle,ChannelLoad,0.06976,0
26.2953,8956,Vehicle,TX_Throughput,4560,0
26.2953,8956,Vehicle,TX_ObjectCount,0,0
26.296,8268,RSU,ChannelLoad,0.08952,0
26.296,8268,RSU,ChannelLoad,0.08952,0
26.296,8268,RSU,TX_Throughput,13680,0
26.296,8268,RSU,TX_ObjectCount,4,0
26.2961,3112,RSU,ChannelLoad,0.09432,0
26.2961,3112,RSU,ChannelLoad,0.09432,0
26.2961,3112,RSU,TX_Throughput,2080,0
26.2961,3112,RSU,TX_ObjectCount,0,0
26.2961,562,Vehicle,ChannelLoad,0.056,0
26.2961,562,Vehicle,ChannelLoad,0.056,0
26.2961,562,Vehicle,TX_Throughput,4560,0
26.2961,562,Vehicle,TX_ObjectCount,0,0
26.2976,6485,Vehicle,ChannelLoad,0.03328,0
26.2976,6485,Vehicle,ChannelLoad,0.03328,0
26.2976,6485,Vehicle,TX_Throughput,4560,0
26.2976,6485,Vehicle,TX_ObjectCount,0,0
26.2978,3186,RSU,ChannelLoad,0.06248,0
26.2978,3186,RSU,ChannelLoad,0.06248,0
26.2978,3186,RSU,TX_Throughput,2080,0
26.2978,3186,RSU,TX_ObjectCount,0,0
26.3009,7304,Vehicle,ChannelLoad,0.05328,0
26.3009,7304,Vehicle,ChannelLoad,0.05328,0
26.3009,7304,Vehicle,TX_Throughput,7760,0
26.3009,7304,Vehicle,TX_ObjectCount,1,0
26.302,639,Vehicle,ChannelLoad,0.04416,0
26.302,639,Vehicle,ChannelLoad,0.04416,0
26.302,639,Vehicle,TX_Throughput,4560,0
26.302,639,Vehicle,TX_ObjectCount,0,0
26.3028,5422,Vehicle,ChannelLoad,0.05816,0
26.3028,5422,Vehicle,ChannelLoad,0.05816,0
26.3028,5422,Vehicle,TX_Throughput,4560,0
26.3028,5422,Vehicle,TX_ObjectCount,0,0
26.3037,6558,RSU,ChannelLoad,0.07408,0
26.3037,6558,RSU,ChannelLoad,0.07408,0
26.3037,6558,RSU,TX_Throughput,5280,0
26.3037,6558,RSU,TX_ObjectCount,1,0
26.3047,29,RSU,ChannelLoad,0.07696,0
26.3047,29,RSU,ChannelLoad,0.07696,0
26.3047,29,RSU,TX_Throughput,5280,0
26.3047,29,RSU,TX_ObjectCount,1,0
26.309,4303,Vehicle,ChannelLoad,0.05256,0
26.309,4303,Vehicle,ChannelLoad,0.05256,0
26.309,4303,Vehicle,TX_Throughput,7760,0
26.309,4303,Vehicle,TX_ObjectCount,1,0
26.3104,1538,Vehicle,ChannelLoad,0.04256,0
26.3104,1538,Vehicle,ChannelLoad,0.04256,0
26.3104,1538,Vehicle,TX_Throughput,10560,0
26.3104,1538,Vehicle,TX_ObjectCount,2,0
26.3122,7377,Vehicle,ChannelLoad,0.06744,0
26.3122,7377,Vehicle,ChannelLoad,0.06744,0
26.3122,7377,Vehicle,TX_Throughput,7760,0
26.3122,7377,Vehicle,TX_ObjectCount,1,0
26.3131,5501,Vehicle,ChannelLoad,0.04576,0
26.3131,5501,Vehicle,ChannelLoad,0.04576,0
26.3131,5501,Vehicle,TX_Throughput,4560,0
26.3131,5501,Vehicle,TX_ObjectCount,0,0
26.3143,3260,Vehicle,ChannelLoad,0.05504,0
26.3143,3260,Vehicle,ChannelLoad,0.05504,0
26.3143,3260,Vehicle,TX_Throughput,7760,0
26.3143,3260,Vehicle,TX_ObjectCount,1,0
26.3144,3333,Vehicle,ChannelLoad,0.05488,0
26.3144,3333,Vehicle,ChannelLoad,0.05488,0
26.3144,3333,Vehicle,TX_Throughput,4560,0
26.3144,3333,Vehicle,TX_ObjectCount,0,0
26.3147,3406,Vehicle,ChannelLoad,0.04944,0
26.3147,3406,Vehicle,ChannelLoad,0.04944,0
26.3147,3406,Vehicle,TX_Throughput,4560,0
26.3147,3406,Vehicle,TX_ObjectCount,0,0
26.3154,2292,Vehicle,ChannelLoad,0.04416,0
26.3154,2292,Vehicle,ChannelLoad,0.04416,0
26.3154,2292,Vehicle,TX_Throughput,4560,0
26.3154,2292,Vehicle,TX_ObjectCount,0,0
26.3163,6634,RSU,ChannelLoad,0.05664,0
26.3163,6634,RSU,ChannelLoad,0.05664,0
26.3163,6634,RSU,TX_Throughput,2080,0
26.3163,6634,RSU,TX_ObjectCount,0,0
26.3166,1611,Vehicle,ChannelLoad,0.05784,0
26.3166,1611,Vehicle,ChannelLoad,0.05784,0
26.3166,1611,Vehicle,TX_Throughput,4560,0
26.3166,1611,Vehicle,TX_ObjectCount,0,0
26.3172,2365,Vehicle,ChannelLoad,0.03272,0
26.3172,2365,Vehicle,ChannelLoad,0.03272,0
26.3172,2365,Vehicle,TX_Throughput,7760,0
26.3172,2365,Vehicle,TX_ObjectCount,1,0
26.3182,8348,Vehicle,ChannelLoad,0.038,0
26.3182,8348,Vehicle,ChannelLoad,0.038,0
26.3182,8348,Vehicle,TX_Throughput,4560,0
26.3182,8348,Vehicle,TX_ObjectCount,0,0
26.3186,2440,Vehicle,ChannelLoad,0.0684,0
26.3186,2440,Vehicle,ChannelLoad,0.0684,0
26.3186,2440,Vehicle,TX_Throughput,7760,0
26.3186,2440,Vehicle,TX_ObjectCount,1,0
26.3187,718,Vehicle,ChannelLoad,0.06368,0
26.3187,718,Vehicle,ChannelLoad,0.06368,0
26.3187,718,Vehicle,TX_Throughput,4560,0
26.3187,718,Vehicle,TX_ObjectCount,0,0
26.3188,107,Vehicle,ChannelLoad,0.05104,0
26.3188,107,Vehicle,ChannelLoad,0.05104,0
26.3188,107,Vehicle,TX_Throughput,7760,0
26.3188,107,Vehicle,TX_ObjectCount,1,0
26.3201,182,RSU,ChannelLoad,0.09048,0
26.3201,182,RSU,ChannelLoad,0.09048,0
26.3201,182,RSU,TX_Throughput,13680,0
26.3201,182,RSU,TX_ObjectCount,4,0
26.3202,791,Vehicle,ChannelLoad,0.06792,0
26.3202,791,Vehicle,ChannelLoad,0.06792,0
26.3202,791,Vehicle,TX_Throughput,4560,0
26.3202,791,Vehicle,TX_ObjectCount,0,0
26.3206,6708,Vehicle,ChannelLoad,0.08072,0
26.3206,6708,Vehicle,ChannelLoad,0.08072,0
26.3206,6708,Vehicle,TX_Throughput,4560,0
26.3206,6708,Vehicle,TX_ObjectCount,0,0
26.3212,8421,Vehicle,ChannelLoad,0.08312,0
26.3212,8421,Vehicle,ChannelLoad,0.08312,0
26.3212,8421,Vehicle,TX_Throughput,4560,0
26.3212,8421,Vehicle,TX_ObjectCount,0,0
26.3218,4380,Vehicle,ChannelLoad,0.05352,0
26.3218,4380,Vehicle,ChannelLoad,0.05352,0
26.3218,4380,Vehicle,TX_Throughput,4560,0
26.3218,4380,Vehicle,TX_ObjectCount,0,0
26.3231,1688,RSU,ChannelLoad,0.07712,0
26.3231,1688,RSU,ChannelLoad,0.07712,0
26.3231,1688,RSU,TX_Throughput,8080,0
26.3231,1688,RSU,TX_ObjectCount,2,0
26.3235,5580,Vehicle,ChannelLoad,0.06624,0
26.3235,5580,Vehicle,ChannelLoad,0.06624,0
26.3235,5580,Vehicle,TX_Throughput,4560,0
26.3235,5580,Vehicle,TX_ObjectCount,0,0
26.3256,8494,Vehicle,ChannelLoad,0.058,0
26.3256,8494,Vehicle,ChannelLoad,0.058,0
26.3256,8494,Vehicle,TX_Throughput,4560,0
26.3256,8494,Vehicle,TX_ObjectCount,0,0
26.3289,4455,Vehicle,ChannelLoad,0.06352,0
26.3289,4455,Vehicle,ChannelLoad,0.06352,0
26.3289,4455,Vehicle,TX_Throughput,7760,0
26.3289,4455,Vehicle,TX_ObjectCount,1,0
26.3289,7452,RSU,ChannelLoad,0.07592,0
26.3289,7452,RSU,ChannelLoad,0.07592,0
26.3289,7452,RSU,TX_Throughput,10880,0
26.3289,7452,RSU,TX_ObjectCount,3,0
26.3318,866,Vehicle,ChannelLoad,0.06048,0
26.3318,866,Vehicle,ChannelLoad,0.06048,0
26.3318,866,Vehicle,TX_Throughput,4560,0
26.3318,866,Vehicle,TX_ObjectCount,0,0
26.3326,7526,Vehicle,ChannelLoad,0.05264,0
26.3326,7526,Vehicle,ChannelLoad,0.05264,0
26.3326,7526,Vehicle,TX_Throughput,7760,0
26.3326,7526,Vehicle,TX_ObjectCount,1,0
26.3333,3481,RSU,ChannelLoad,0.07496,0
26.3333,3481,RSU,ChannelLoad,0.07496,0
26.3333,3481,RSU,TX_Throughput,8080,0
26.3333,3481,RSU,TX_ObjectCount,2,0
26.3343,5655,Vehicle,ChannelLoad,0.05648,0
26.3343,5655,Vehicle,ChannelLoad,0.05648,0
26.3343,5655,Vehicle,TX_Throughput,4560,0
26.3343,5655,Vehicle,TX_ObjectCount,0,0
26.3351,5728,Vehicle,ChannelLoad,0.05712,0
26.3351,5728,Vehicle,ChannelLoad,0.05712,0
26.3351,5728,Vehicle,TX_Throughput,7760,0
26.3351,5728,Vehicle,TX_ObjectCount,1,0
26.3352,6781,RSU,ChannelLoad,0.0632,0
26.3352,6781,RSU,ChannelLoad,0.0632,0
26.3352,6781,RSU,TX_Throughput,5280,0
26.3352,6781,RSU,TX_ObjectCount,1,0
26.3361,7599,Vehicle,ChannelLoad,0.0496,0
26.3361,7599,Vehicle,ChannelLoad,0.0496,0
26.3361,7599,Vehicle,TX_Throughput,4560,0
26.3361,7599,Vehicle,TX_ObjectCount,0,0
26.3382,941,Vehicle,ChannelLoad,0.05712,0
26.3382,941,Vehicle,ChannelLoad,0.05712,0
26.3382,941,Vehicle,TX_Throughput,4560,0
26.3382,941,Vehicle,TX_ObjectCount,0,0
26.3389,5801,RSU,ChannelLoad,0.07776,0
26.3389,5801,RSU,ChannelLoad,0.07776,0
26.3389,5801,RSU,TX_Throughput,5280,0
26.3389,5801,RSU,TX_ObjectCount,1,0
26.3399,5875,Vehicle,ChannelLoad,0.05896,0
26.3399,5875,Vehicle,ChannelLoad,0.05896,0
26.3399,5875,Vehicle,TX_Throughput,4560,0
26.3399,5875,Vehicle,TX_ObjectCount,0,0
26.3414,7674,RSU,ChannelLoad,0.04968,0
26.3414,7674,RSU,ChannelLoad,0.04968,0
26.3414,7674,RSU,TX_Throughput,8080,0
26.3414,7674,RSU,TX_ObjectCount,2,0
26.3417,3561,Vehicle,ChannelLoad,0.0428,0
26.3417,3561,Vehicle,ChannelLoad,0.0428,0
26.3417,3561,Vehicle,TX_Throughput,4560,0
26.3417,3561,Vehicle,TX_ObjectCount,0,0
26.3423,7748,Vehicle,ChannelLoad,0.0756,0
26.3423,7748,Vehicle,ChannelLoad,0.0756,0
26.3423,7748,Vehicle,TX_Throughput,7760,0
26.3423,7748,Vehicle,TX_ObjectCount,1,0
26.3434,1016,Vehicle,ChannelLoad,0.04664,0
26.3434,1016,Vehicle,ChannelLoad,0.04664,0
26.3434,1016,Vehicle,TX_Throughput,4560,0
26.3434,1016,Vehicle,TX_ObjectCount,0,0
26.3464,1089,RSU,ChannelLoad,0.08128,0
26.3464,1089,RSU,ChannelLoad,0.08128,0
26.3464,1089,RSU,TX_Throughput,10880,0
26.3464,1089,RSU,TX_ObjectCount,3,0
26.3471,3634,RSU,ChannelLoad,0.0784,0
26.3471,3634,RSU,ChannelLoad,0.0784,0
26.3471,3634,RSU,TX_Throughput,10880,0
26.3471,3634,RSU,TX_ObjectCount,3,0
26.3472,5950,Vehicle,ChannelLoad,0.06384,0
26.3472,5950,Vehicle,ChannelLoad,0.06384,0
26.3472,5950,Vehicle,TX_Throughput,13360,0
26.3472,5950,Vehicle,TX_ObjectCount,3,0
26.3488,1764,RSU,ChannelLoad,0.1096,0
26.3488,1764,RSU,ChannelLoad,0.1096,0
26.3488,1764,RSU,TX_Throughput,10880,0
26.3488,1764,RSU,TX_ObjectCount,3,0
26.3492,3708,RSU,ChannelLoad,0.0556,0
26.3492,3708,RSU,ChannelLoad,0.0556,0
26.3492,3708,RSU,TX_Throughput,5280,0
26.3492,3708,RSU,TX_ObjectCount,1,0
26.3497,1163,Vehicle,ChannelLoad,0.05392,0
26.3497,1163,Vehicle,ChannelLoad,0.05392,0
26.3497,1163,Vehicle,TX_Throughput,4560,0
26.3497,1163,Vehicle,TX_ObjectCount,0,0
26.3499,3782,Vehicle,ChannelLoad,0.04824,0
26.3499,3782,Vehicle,ChannelLoad,0.04824,0
26.3499,3782,Vehicle,TX_Throughput,7760,0
26.3499,3782,Vehicle,TX_ObjectCount,1,0
26.3507,6859,Vehicle,ChannelLoad,0.038,0
26.3507,6859,Vehicle,ChannelLoad,0.038,0
26.3507,6859,Vehicle,TX_Throughput,4560,0
26.3507,6859,Vehicle,TX_ObjectCount,0,0
26.3512,3855,Vehicle,ChannelLoad,0.03968,0
26.3512,3855,Vehicle,ChannelLoad,0.03968,0
26.3512,3855,Vehicle,TX_Throughput,7760,0
26.3512,3855,Vehicle,TX_ObjectCount,1,0
26.3527,8575,RSU,ChannelLoad,0.09024,0
26.3527,8575,RSU,ChannelLoad,0.09024,0
26.3527,8575,RSU,TX_Throughput,19280,0
26.3527,8575,RSU,TX_ObjectCount,6,0
26.3528,4534,RSU,ChannelLoad,0.08,0
26.3528,4534,RSU,ChannelLoad,0.08,0
26.3528,4534,RSU,TX_Throughput,8080,0
26.3528,4534,RSU,TX_ObjectCount,2,0
26.3561,6932,RSU,ChannelLoad,0.0656,0
26.3561,6932,RSU,ChannelLoad,0.0656,0
26.3561,6932,RSU,TX_Throughput,2080,0
26.3561,6932,RSU,TX_ObjectCount,0,0
26.3572,8649,Vehicle,ChannelLoad,0.06128,0
26.3572,8649,Vehicle,ChannelLoad,0.06128,0
26.3572,8649,Vehicle,TX_Throughput,4560,0
26.3572,8649,Vehicle,TX_ObjectCount,0,0
26.3579,7825,Vehicle,ChannelLoad,0.04808,0
26.3579,7825,Vehicle,ChannelLoad,0.04808,0
26.3579,7825,Vehicle,TX_Throughput,4560,0
26.3579,7825,Vehicle,TX_ObjectCount,0,0
26.3586,7006,Vehicle,ChannelLoad,0.0716,0
26.3586,7006,Vehicle,ChannelLoad,0.0716,0
26.3586,7006,Vehicle,TX_Throughput,4560,0
26.3586,7006,Vehicle,TX_ObjectCount,0,0
26.3594,2523,Vehicle,ChannelLoad,0.06704,0
26.3594,2523,Vehicle,ChannelLoad,0.06704,0
26.3594,2523,Vehicle,TX_Throughput,4560,0
26.3594,2523,Vehicle,TX_ObjectCount,0,0
26.3595,2596,Vehicle,ChannelLoad,0.03528,0
26.3595,2596,Vehicle,ChannelLoad,0.03528,0
26.3595,2596,Vehicle,TX_Throughput,7760,0
26.3595,2596,Vehicle,TX_ObjectCount,1,0
26.3613,1238,Vehicle,ChannelLoad,0.08912,0
26.3613,1238,Vehicle,ChannelLoad,0.08912,0
26.3613,1238,Vehicle,TX_Throughput,4560,0
26.3613,1238,Vehicle,TX_ObjectCount,0,0
26.3615,3930,Vehicle,ChannelLoad,0.0448,0
26.3615,3930,Vehicle,ChannelLoad,0.0448,0
26.3615,3930,Vehicle,TX_Throughput,4560,0
26.3615,3930,Vehicle,TX_ObjectCount,0,0
26.3622,8724,RSU,ChannelLoad,0.0856,0
26.3622,8724,RSU,ChannelLoad,0.0856,0
26.3622,8724,RSU,TX_Throughput,5280,0
26.3622,8724,RSU,TX_ObjectCount,1,0
26.3637,2669,Vehicle,ChannelLoad,0.05424,0
26.3637,2669,Vehicle,ChannelLoad,0.05424,0
26.3637,2669,Vehicle,TX_Throughput,4560,0
26.3637,2669,Vehicle,TX_ObjectCount,0,0
26.3647,1842,RSU,ChannelLoad,0.05504,0
26.3647,1842,RSU,ChannelLoad,0.05504,0
26.3647,1842,RSU,TX_Throughput,8080,0
26.3647,1842,RSU,TX_ObjectCount,2,0
26.3649,1311,RSU,ChannelLoad,0.05144,0
26.3649,1311,RSU,ChannelLoad,0.05144,0
26.3649,1311,RSU,TX_Throughput,5280,0
26.3649,1311,RSU,TX_ObjectCount,1,0
26.3651,7898,Vehicle,ChannelLoad,0.07184,0
26.3651,7898,Vehicle,ChannelLoad,0.07184,0
26.3651,7898,Vehicle,TX_Throughput,4560,0
26.3651,7898,Vehicle,TX_ObjectCount,0,0
26.3652,4608,Vehicle,ChannelLoad,0.05056,0
26.3652,4608,Vehicle,ChannelLoad,0.05056,0
26.3652,4608,Vehicle,TX_Throughput,4560,0
26.3652,4608,Vehicle,TX_ObjectCount,0,0
26.3663,4003,Vehicle,ChannelLoad,0.0576,0
26.3663,4003,Vehicle,ChannelLoad,0.0576,0
26.3663,4003,Vehicle,TX_Throughput,4560,0
26.3663,4003,Vehicle,TX_ObjectCount,0,0
26.3666,4681,Vehicle,ChannelLoad,0.06952,0
26.3666,4681,Vehicle,ChannelLoad,0.06952,0
26.3666,4681,Vehicle,TX_Throughput,7760,0
26.3666,4681,Vehicle,TX_ObjectCount,1,0
26.3684,4756,Vehicle,ChannelLoad,0.04424,0
26.3684,4756,Vehicle,ChannelLoad,0.04424,0
26.3684,4756,Vehicle,TX_Throughput,4560,0
26.3684,4756,Vehicle,TX_ObjectCount,0,0
26.3687,4076,Vehicle,ChannelLoad,0.08312,0
26.3687,4076,Vehicle,ChannelLoad,0.08312,0
26.3687,4076,Vehicle,TX_Throughput,7760,0
26.3687,4076,Vehicle,TX_ObjectCount,1,0
26.3687,2744,Vehicle,ChannelLoad,0.06224,0
26.3687,2744,Vehicle,ChannelLoad,0.06224,0
26.3687,2744,Vehicle,TX_Throughput,7760,0
26.3687,2744,Vehicle,TX_ObjectCount,1,0
26.3696,4829,RSU,ChannelLoad,0.0784,0
26.3696,4829,RSU,ChannelLoad,0.0784,0
26.3696,4829,RSU,TX_Throughput,8080,0
26.3696,4829,RSU,TX_ObjectCount,2,0
26.3698,2817,RSU,ChannelLoad,0.07088,0
26.3698,2817,RSU,ChannelLoad,0.07088,0
26.3698,2817,RSU,TX_Throughput,2080,0
26.3698,2817,RSU,TX_ObjectCount,0,0
26.37,1918,RSU,ChannelLoad,0.10968,0
26.37,1918,RSU,ChannelLoad,0.10968,0
26.37,1918,RSU,TX_Throughput,8080,0
26.37,1918,RSU,TX_ObjectCount,2,0
26.37,7971,Vehicle,ChannelLoad,0.06584,0
26.37,7971,Vehicle,ChannelLoad,0.06584,0
26.37,7971,Vehicle,TX_Throughput,7760,0
26.37,7971,Vehicle,TX_ObjectCount,1,0
26.3701,8044,Vehicle,ChannelLoad,0.04776,0
26.3701,8044,Vehicle,ChannelLoad,0.04776,0
26.3701,8044,Vehicle,TX_Throughput,7760,0
26.3701,8044,Vehicle,TX_ObjectCount,1,0
26.3709,1385,Vehicle,ChannelLoad,0.07088,0
26.3709,1385,Vehicle,ChannelLoad,0.07088,0
26.3709,1385,Vehicle,TX_Throughput,7760,0
26.3709,1385,Vehicle,TX_ObjectCount,1,0
26.371,270,Vehicle,ChannelLoad,0.0616,0
26.371,270,Vehicle,ChannelLoad,0.0616,0
26.371,270,Vehicle,TX_Throughput,13360,0
26.371,270,Vehicle,TX_ObjectCount,3,0
26.3723,4905,RSU,ChannelLoad,0.11936,0
26.3723,4905,RSU,ChannelLoad,0.11936,0
26.3723,4905,RSU,TX_Throughput,2080,0
26.3723,4905,RSU,TX_ObjectCount,0,0
26.3727,1992,Vehicle,ChannelLoad,0.03168,0
26.3727,1992,Vehicle,ChannelLoad,0.03168,0
26.3727,1992,Vehicle,TX_Throughput,4560,0
26.3727,1992,Vehicle,TX_ObjectCount,0,0
26.3742,7079,Vehicle,ChannelLoad,0.0568,0
26.3742,7079,Vehicle,ChannelLoad,0.0568,0
26.3742,7079,Vehicle,TX_Throughput,10560,0
26.3742,7079,Vehicle,TX_ObjectCount,2,0
26.3747,4153,Vehicle,ChannelLoad,0.05576,0
26.3747,4153,Vehicle,ChannelLoad,0.05576,0
26.3747,4153,Vehicle,TX_Throughput,4560,0
26.3747,4153,Vehicle,TX_ObjectCount,0,0
26.3748,6043,Vehicle,ChannelLoad,0.0412,0
26.3748,6043,Vehicle,ChannelLoad,0.0412,0
26.3748,6043,Vehicle,TX_Throughput,7760,0
26.3748,6043,Vehicle,TX_ObjectCount,1,0
26.3759,4979,Vehicle,ChannelLoad,0.10128,0
26.3759,4979,Vehicle,ChannelLoad,0.10128,0
26.3759,4979,Vehicle,TX_Throughput,4560,0
26.3759,4979,Vehicle,TX_ObjectCount,0,0
26.3762,5052,RSU,ChannelLoad,0.07968,0
26.3762,5052,RSU,ChannelLoad,0.07968,0
26.3762,5052,RSU,TX_Throughput,5280,0
26.3762,5052,RSU,TX_ObjectCount,1,0
26.3777,2065,Vehicle,ChannelLoad,0.06224,0
26.3777,2065,Vehicle,ChannelLoad,0.06224,0
26.3777,2065,Vehicle,TX_Throughput,7760,0
26.3777,2065,Vehicle,TX_ObjectCount,1,0
26.3778,6116,RSU,ChannelLoad,0.09352,0
26.3778,6116,RSU,ChannelLoad,0.09352,0
26.3778,6116,RSU,TX_Throughput,5280,0
26.3778,6116,RSU,TX_ObjectCount,1,0
26.3782,7152,Vehicle,ChannelLoad,0.08064,0
26.3782,7152,Vehicle,ChannelLoad,0.08064,0
26.3782,7152,Vehicle,TX_Throughput,4560,0
26.3782,7152,Vehicle,TX_ObjectCount,0,0
26.3786,8808,Vehicle,ChannelLoad,0.05872,0
26.3786,8808,Vehicle,ChannelLoad,0.05872,0
26.3786,8808,Vehicle,TX_Throughput,7760,0
26.3786,8808,Vehicle,TX_ObjectCount,1,0
26.3801,6192,RSU,ChannelLoad,0.07568,0
26.3801,6192,RSU,ChannelLoad,0.07568,0
26.3801,6192,RSU,TX_Throughput,13680,0
26.3801,6192,RSU,TX_ObjectCount,4,0
26.3805,8119,Vehicle,ChannelLoad,0.04544,0
26.3805,8119,Vehicle,ChannelLoad,0.04544,0
26.3805,8119,Vehicle,TX_Throughput,4560,0
26.3805,8119,Vehicle,TX_ObjectCount,0,0
26.3805,7227,Vehicle,ChannelLoad,0.05856,0
26.3805,7227,Vehicle,ChannelLoad,0.05856,0
26.3805,7227,Vehicle,TX_Throughput,4560,0
26.3805,7227,Vehicle,TX_ObjectCount,0,0
26.3809,4230,Vehicle,ChannelLoad,0.08032,0
26.3809,4230,Vehicle,ChannelLoad,0.08032,0
26.3809,4230,Vehicle,TX_Throughput,10560,0
26.3809,4230,Vehicle,TX_ObjectCount,2,0
26.3818,6266,Vehicle,ChannelLoad,0.06664,0
26.3818,6266,Vehicle,ChannelLoad,0.06664,0
26.3818,6266,Vehicle,TX_Throughput,7760,0
26.3818,6266,Vehicle,TX_ObjectCount,1,0
26.3819,5126,Vehicle,ChannelLoad,0.05528,0
26.3819,5126,Vehicle,ChannelLoad,0.05528,0
26.3819,5126,Vehicle,TX_Throughput,4560,0
26.3819,5126,Vehicle,TX_ObjectCount,0,0
26.3831,343,Vehicle,ChannelLoad,0.04592,0
26.3831,343,Vehicle,ChannelLoad,0.04592,0
26.3831,343,Vehicle,TX_Throughput,10560,0
26.3831,343,Vehicle,TX_ObjectCount,2,0
26.3832,1458,RSU,ChannelLoad,0.098,0
26.3832,1458,RSU,ChannelLoad,0.098,0
26.3832,1458,RSU,TX_Throughput,8080,0
26.3832,1458,RSU,TX_ObjectCount,2,0
26.3834,2891,Vehicle,ChannelLoad,0.06072,0
26.3834,2891,Vehicle,ChannelLoad,0.06072,0
26.3834,2891,Vehicle,TX_Throughput,4560,0
26.3834,2891,Vehicle,TX_ObjectCount,0,0
26.3865,2966,Vehicle,ChannelLoad,0.0664,0
26.3865,2966,Vehicle,ChannelLoad,0.0664,0
26.3865,2966,Vehicle,TX_Throughput,4560,0
26.3865,2966,Vehicle,TX_ObjectCount,0,0
26.3865,5201,RSU,ChannelLoad,0.10376,0
26.3865,5201,RSU,ChannelLoad,0.10376,0
26.3865,5201,RSU,TX_Throughput,8080,0
26.3865,5201,RSU,TX_ObjectCount,2,0
26.3871,416,Vehicle,ChannelLoad,0.04824,0
26.3871,416,Vehicle,ChannelLoad,0.04824,0
26.3871,416,Vehicle,TX_Throughput,7760,0
26.3871,416,Vehicle,TX_ObjectCount,1,0
26.3884,8883,Vehicle,ChannelLoad,0.06848,0
26.3884,8883,Vehicle,ChannelLoad,0.06848,0
26.3884,8883,Vehicle,TX_Throughput,4560,0
26.3884,8883,Vehicle,TX_ObjectCount,0,0
26.3885,2140,RSU,ChannelLoad,0.08592,0
26.3885,2140,RSU,ChannelLoad,0.08592,0
26.3885,2140,RSU,TX_Throughput,8080,0
26.3885,2140,RSU,TX_ObjectCount,2,0
26.3887,6339,Vehicle,ChannelLoad,0.0544,0
26.3887,6339,Vehicle,ChannelLoad,0.0544,0
26.3887,6339,Vehicle,TX_Throughput,4560,0
26.3887,6339,Vehicle,TX_ObjectCount,0,0
26.3894,2214,RSU,ChannelLoad,0.07528,0
26.3894,2214,RSU,ChannelLoad,0.07528,0
26.3894,2214,RSU,TX_Throughput,8080,0
26.3894,2214,RSU,TX_ObjectCount,2,0
26.3916,8192,RSU,ChannelLoad,0.07016,0
26.3916,8192,RSU,ChannelLoad,0.07016,0
26.3916,8192,RSU,TX_Throughput,5280,0
26.3916,8192,RSU,TX_ObjectCount,1,0
26.392,5275,RSU,ChannelLoad,0.0788,0
26.392,5275,RSU,ChannelLoad,0.0788,0
26.392,5275,RSU,TX_Throughput,13680,0
26.392,5275,RSU,TX_ObjectCount,4,0
26.3925,6412,Vehicle,ChannelLoad,0.06424,0
26.3925,6412,Vehicle,ChannelLoad,0.06424,0
26.3925,6412,Vehicle,TX_Throughput,10560,0
26.3925,6412,Vehicle,TX_ObjectCount,2,0
26.3928,3039,Vehicle,ChannelLoad,0.07072,0
26.3928,3039,Vehicle,ChannelLoad,0.07072,0
26.3928,3039,Vehicle,TX_Throughput,7760,0
26.3928,3039,Vehicle,TX_ObjectCount,1,0
26.3928,5349,Vehicle,ChannelLoad,0.07048,0
26.3928,5349,Vehicle,ChannelLoad,0.07048,0
26.3928,5349,Vehicle,TX_Throughput,4560,0
26.3928,5349,Vehicle,TX_ObjectCount,0,0
26.3939,489,Vehicle,ChannelLoad,0.05168,0
26.3939,489,Vehicle,ChannelLoad,0.05168,0
26.3939,489,Vehicle,TX_Throughput,7760,0
26.3939,489,Vehicle,TX_ObjectCount,1,0
26.3953,8956,Vehicle,ChannelLoad,0.07088,0
26.3953,8956,Vehicle,ChannelLoad,0.07088,0
26.3953,8956,Vehicle,TX_Throughput,4560,0
26.3953,8956,Vehicle,TX_ObjectCount,0,0
26.396,8268,RSU,ChannelLoad,0.08184,0
26.396,8268,RSU,ChannelLoad,0.08184,0
26.396,8268,RSU,TX_Throughput,5280,0
26.396,8268,RSU,TX_ObjectCount,1,0
26.3961,3112,RSU,ChannelLoad,0.08464,0
26.3961,3112,RSU,ChannelLoad,0.08464,0
26.3961,3112,RSU,TX_Throughput,10880,0
26.3961,3112,RSU,TX_ObjectCount,3,0
26.3961,562,Vehicle,ChannelLoad,0.05592,0
26.3961,562,Vehicle,ChannelLoad,0.05592,0
26.3961,562,Vehicle,TX_Throughput,4560,0
26.3961,562,Vehicle,TX_ObjectCount,0,0
26.3976,6485,Vehicle,ChannelLoad,0.06976,0
26.3976,6485,Vehicle,ChannelLoad,0.06976,0
26.3976,6485,Vehicle,TX_Throughput,4560,0
26.3976,6485,Vehicle,TX_ObjectCount,0,0
26.3978,3186,RSU,ChannelLoad,0.05336,0
26.3978,3186,RSU,ChannelLoad,0.05336,0
26.3978,3186,RSU,TX_Throughput,5280,0
26.3978,3186,RSU,TX_ObjectCount,1,0
26.4009,7304,Vehicle,ChannelLoad,0.04608,0
26.4009,7304,Vehicle,ChannelLoad,0.04608,0
26.4009,7304,Vehicle,TX_Throughput,4560,0
26.4009,7304,Vehicle,TX_ObjectCount,0,0
26.402,639,Vehicle,ChannelLoad,0.05744,0
26.402,639,Vehicle,ChannelLoad,0.05744,0
26.402,639,Vehicle,TX_Throughput,4560,0
26.402,639,Vehicle,TX_ObjectCount,0,0
26.4028,5422,Vehicle,ChannelLoad,0.06808,0
26.4028,5422,Vehicle,ChannelLoad,0.06808,0
26.4028,5422,Vehicle,TX_Throughput,4560,0
26.4028,5422,Vehicle,TX_ObjectCount,0,0
26.4037,6558,RSU,ChannelLoad,0.07728,0
26.4037,6558,RSU,ChannelLoad,0.07728,0
26.4037,6558,RSU,TX_Throughput,2080,0
26.4037,6558,RSU,TX_ObjectCount,0,0
26.4047,29,RSU,ChannelLoad,0.0848,0
26.4047,29,RSU,ChannelLoad,0.0848,0
26.4047,29,RSU,TX_Throughput,8080,0
26.4047,29,RSU,TX_ObjectCount,2,0
26.409,4303,Vehicle,ChannelLoad,0.0648,0
26.409,4303,Vehicle,ChannelLoad,0.0648,0
26.409,4303,Vehicle,TX_Throughput,13360,0
26.409,4303,Vehicle,TX_ObjectCount,3,0
26.4104,1538,Vehicle,ChannelLoad,0.03752,0
26.4104,1538,Vehicle,ChannelLoad,0.03752,0
26.4104,1538,Vehicle,TX_Throughput,4560,0
26.4104,1538,Vehicle,TX_ObjectCount,0,0
26.4122,7377,Vehicle,ChannelLoad,0.06576,0
26.4122,7377,Vehicle,ChannelLoad,0.06576,0
26.4122,7377,Vehicle,TX_Throughput,4560,0
26.4122,7377,Vehicle,TX_ObjectCount,0,0
26.4131,5501,Vehicle,ChannelLoad,0.04664,0
26.4131,5501,Vehicle,ChannelLoad,0.04664,0
26.4131,5501,Vehicle,TX_Throughput,4560,0
26.4131,5501,Vehicle,TX_ObjectCount,0,0
26.4143,3260,Vehicle,ChannelLoad,0.05544,0
26.4143,3260,Vehicle,ChannelLoad,0.05544,0
26.4143,3260,Vehicle,TX_Throughput,4560,0
26.4143,3260,Vehicle,TX_ObjectCount,0,0
26.4144,3333,Vehicle,ChannelLoad,0.05088,0
26.4144,3333,Vehicle,ChannelLoad,0.05088,0
26.4144,3333,Vehicle,TX_Throughput,4560,0
26.4144,3333,Vehicle,TX_ObjectCount,0,0
26.4147,3406,Vehicle,ChannelLoad,0.04344,0
26.4147,3406,Vehicle,ChannelLoad,0.04344,0
26.4147,3406,Vehicle,TX_Throughput,4560,0
26.4147,3406,Vehicle,TX_ObjectCount,0,0
26.4154,2292,Vehicle,ChannelLoad,0.03864,0
26.4154,2292,Vehicle,ChannelLoad,0.03864,0
26.4154,2292,Vehicle,TX_Throughput,4560,0
26.4154,2292,Vehicle,TX_ObjectCount,0,0
26.4163,6634,RSU,ChannelLoad,0.05392,0
26.4163,6634,RSU,ChannelLoad,0.05392,0
26.4163,6634,RSU,TX_Throughput,2080,0
26.4163,6634,RSU,TX_ObjectCount,0,0
26.4166,1611,Vehicle,ChannelLoad,0.0552,0
26.4166,1611,Vehicle,ChannelLoad,0.0552,0
26.4166,1611,Vehicle,TX_Throughput,4560,0
26.4166,1611,Vehicle,TX_ObjectCount,0,0
26.4172,2365,Vehicle,ChannelLoad,0.05328,0
26.4172,2365,Vehicle,ChannelLoad,0.05328,0
26.4172,2365,Vehicle,TX_Throughput,7760,0
26.4172,2365,Vehicle,TX_ObjectCount,1,0
26.4182,8348,Vehicle,ChannelLoad,0.05144,0
26.4182,8348,Vehicle,ChannelLoad,0.05144,0
26.4182,8348,Vehicle,TX_Throughput,4560,0
26.4182,8348,Vehicle,TX_ObjectCount,0,0
26.4186,2440,Vehicle,ChannelLoad,0.054,0
26.4186,2440,Vehicle,ChannelLoad,0.054,0
26.4186,2440,Vehicle,TX_Throughput,4560,0
26.4186,2440,Vehicle,TX_ObjectCount,0,0
26.4187,718,Vehicle,ChannelLoad,0.0552,0
26.4187,718,Vehicle,ChannelLoad,0.0552,0
26.4187,718,Vehicle,TX_Throughput,7760,0
26.4187,718,Vehicle,TX_ObjectCount,1,0
26.4188,107,Vehicle,ChannelLoad,0.05,0
26.4188,107,Vehicle,ChannelLoad,0.05,0
26.4188,107,Vehicle,TX_Throughput,4560,0
26.4188,107,Vehicle,TX_ObjectCount,0,0
26.4201,182,RSU,ChannelLoad,0.09376,0
26.4201,182,RSU,ChannelLoad,0.09376,0
26.4201,182,RSU,TX_Throughput,5280,0
26.4201,182,RSU,TX_ObjectCount,1,0
26.4202,791,Vehicle,ChannelLoad,0.05296,0
26.4202,791,Vehicle,ChannelLoad,0.05296,0
26.4202,791,Vehicle,TX_Throughput,7760,0
26.4202,791,Vehicle,TX_ObjectCount,1,0
26.4206,6708,Vehicle,ChannelLoad,0.09624,0
26.4206,6708,Vehicle,ChannelLoad,0.09624,0
26.4206,6708,Vehicle,TX_Throughput,4560,0
26.4206,6708,Vehicle,TX_ObjectCount,0,0
26.4212,8421,Vehicle,ChannelLoad,0.12192,0
26.4212,8421,Vehicle,ChannelLoad,0.12192,0
26.4212,8421,Vehicle,TX_Throughput,7760,0
26.4212,8421,Vehicle,TX_ObjectCount,1,0
26.4218,4380,Vehicle,ChannelLoad,0.06568,0
26.4218,4380,Vehicle,ChannelLoad,0.06568,0
26.4218,4380,Vehicle,TX_Throughput,10560,0
26.4218,4380,Vehicle,TX_ObjectCount,2,0
26.4231,1688,RSU,ChannelLoad,0.06168,0
26.4231,1688,RSU,ChannelLoad,0.06168,0
26.4231,1688,RSU,TX_Throughput,5280,0
26.4231,1688,RSU,TX_ObjectCount,1,0
26.4235,5580,Vehicle,ChannelLoad,0.07192,0
26.4235,5580,Vehicle,ChannelLoad,0.07192,0
26.4235,5580,Vehicle,TX_Throughput,4560,0
26.4235,5580,Vehicle,TX_ObjectCount,0,0
26.4256,8494,Vehicle,ChannelLoad,0.07584,0
26.4256,8494,Vehicle,ChannelLoad,0.07584,0
26.4256,8494,Vehicle,TX_Throughput,10560,0
26.4256,8494,Vehicle,TX_ObjectCount,2,0
26.4289,4455,Vehicle,ChannelLoad,0.09576,0
26.4289,4455,Vehicle,ChannelLoad,0.09576,0
26.4289,4455,Vehicle,TX_Throughput,4560,0
26.4289,4455,Vehicle,TX_ObjectCount,0,0
26.4289,7452,RSU,ChannelLoad,0.11392,0
26.4289,7452,RSU,ChannelLoad,0.11392,0
26.4289,7452,RSU,TX_Throughput,5280,0
26.4289,7452,RSU,TX_ObjectCount,1,0
26.4318,866,Vehicle,ChannelLoad,0.10032,0
26.4318,866,Vehicle,ChannelLoad,0.10032,0
26.4318,866,Vehicle,TX_Throughput,4560,0
26.4318,866,Vehicle,TX_ObjectCount,0,0
26.4326,7526,Vehicle,ChannelLoad,0.06784,0
26.4326,7526,Vehicle,ChannelLoad,0.06784,0
26.4326,7526,Vehicle,TX_Throughput,4560,0
26.4326,7526,Vehicle,TX_ObjectCount,0,0
26.4333,3481,RSU,ChannelLoad,0.08032,0
26.4333,3481,RSU,ChannelLoad,0.08032,0
26.4333,3481,RSU,TX_Throughput,5280,0
26.4333,3481,RSU,TX_ObjectCount,1,0
26.4343,5655,Vehicle,ChannelLoad,0.08584,0
26.4343,5655,Vehicle,ChannelLoad,0.08584,0
26.4343,5655,Vehicle,TX_Throughput,7760,0
26.4343,5655,Vehicle,TX_ObjectCount,1,0
26.4351,5728,Vehicle,ChannelLoad,0.05752,0
26.4351,5728,Vehicle,ChannelLoad,0.05752,0
26.4351,5728,Vehicle,TX_Throughput,4560,0
26.4351,5728,Vehicle,TX_ObjectCount,0,0
26.4352,6781,RSU,ChannelLoad,0.07776,0
26.4352,6781,RSU,ChannelLoad,0.07776,0
26.4352,6781,RSU,TX_Throughput,10880,0
26.4352,6781,RSU,TX_ObjectCount,3,0
26.4361,7599,Vehicle,ChannelLoad,0.07312,0
26.4361,7599,Vehicle,ChannelLoad,0.07312,0
26.4361,7599,Vehicle,TX_Throughput,7760,0
26.4361,7599,Vehicle,TX_ObjectCount,1,0
26.4382,941,Vehicle,ChannelLoad,0.05664,0
26.4382,941,Vehicle,ChannelLoad,0.05664,0
26.4382,941,Vehicle,TX_Throughput,7760,0
26.4382,941,Vehicle,TX_ObjectCount,1,0
26.4389,5801,RSU,ChannelLoad,0.06984,0
26.4389,5801,RSU,ChannelLoad,0.06984,0
26.4389,5801,RSU,TX_Throughput,2080,0
26.4389,5801,RSU,TX_ObjectCount,0,0
26.4399,5875,Vehicle,ChannelLoad,0.0524,0
26.4399,5875,Vehicle,ChannelLoad,0.0524,0
26.4399,5875,Vehicle,TX_Throughput,4560,0
26.4399,5875,Vehicle,TX_ObjectCount,0,0
26.4414,7674,RSU,ChannelLoad,0.0632,0
26.4414,7674,RSU,ChannelLoad,0.0632,0
26.4414,7674,RSU,TX_Throughput,5280,0
26.4414,7674,RSU,TX_ObjectCount,1,0
26.4417,3561,Vehicle,ChannelLoad,0.0564,0
26.4417,3561,Vehicle,ChannelLoad,0.0564,0
26.4417,3561,Vehicle,TX_Throughput,4560,0
26.4417,3561,Vehicle,TX_ObjectCount,0,0
26.4423,7748,Vehicle,ChannelLoad,0.06824,0
26.4423,7748,Vehicle,ChannelLoad,0.06824,0
26.4423,7748,Vehicle,TX_Throughput,4560,0
26.4423,7748,Vehicle,TX_ObjectCount,0,0
26.4434,1016,Vehicle,ChannelLoad,0.03992,0
26.4434,1016,Vehicle,ChannelLoad,0.03992,0
26.4434,1016,Vehicle,TX_Throughput,4560,0
26.4434,1016,Vehicle,TX_ObjectCount,0,0
26.4464,1089,RSU,ChannelLoad,0.0872,0
26.4464,1089,RSU,ChannelLoad,0.0872,0
26.4464,1089,RSU,TX_Throughput,10880,0
26.4464,1089,RSU,TX_ObjectCount,3,0
26.4471,3634,RSU,ChannelLoad,0.07888,0
26.4471,3634,RSU,ChannelLoad,0.07888,0
26.4471,3634,RSU,TX_Throughput,8080,0
26.4471,3634,RSU,TX_ObjectCount,2,0
26.4472,5950,Vehicle,ChannelLoad,0.06416,0
26.4472,5950,Vehicle,ChannelLoad,0.06416,0
26.4472,5950,Vehicle,TX_Throughput,7760,0
26.4472,5950,Vehicle,TX_ObjectCount,1,0
26.4488,1764,RSU,ChannelLoad,0.1036,0
26.4488,1764,RSU,ChannelLoad,0.1036,0
26.4488,1764,RSU,TX_Throughput,2080,0
26.4488,1764,RSU,TX_ObjectCount,0,0
26.4492,3708,RSU,ChannelLoad,0.06856,0
26.4492,3708,RSU,ChannelLoad,0.06856,0
26.4492,3708,RSU,TX_Throughput,5280,0
26.4492,3708,RSU,TX_ObjectCount,1,0
26.4497,1163,Vehicle,ChannelLoad,0.046,0
26.4497,1163,Vehicle,ChannelLoad,0.046,0
26.4497,1163,Vehicle,TX_Throughput,4560,0
26.4497,1163,Vehicle,TX_ObjectCount,0,0
26.4499,3782,Vehicle,ChannelLoad,0.05568,0
26.4499,3782,Vehicle,ChannelLoad,0.05568,0
26.4499,3782,Vehicle,TX_Throughput,4560,0
26.4499,3782,Vehicle,TX_ObjectCount,0,0
26.4507,6859,Vehicle,ChannelLoad,0.05056,0
26.4507,6859,Vehicle,ChannelLoad,0.05056,0
26.4507,6859,Vehicle,TX_Throughput,7760,0
26.4507,6859,Vehicle,TX_ObjectCount,1,0
26.4512,3855,Vehicle,ChannelLoad,0.0372,0
26.4512,3855,Vehicle,ChannelLoad,0.0372,0
26.4512,3855,Vehicle,TX_Throughput,7760,0
26.4512,3855,Vehicle,TX_ObjectCount,1,0
26.4527,8575,RSU,ChannelLoad,0.10224,0
26.4527,8575,RSU,ChannelLoad,0.10224,0
26.4527,8575,RSU,TX_Throughput,5280,0
26.4527,8575,RSU,TX_ObjectCount,1,0
26.4528,4534,RSU,ChannelLoad,0.08616,0
26.4528,4534,RSU,ChannelLoad,0.08616,0
26.4528,4534,RSU,TX_Throughput,5280,0
26.4528,4534,RSU,TX_ObjectCount,1,0
26.4561,6932,RSU,ChannelLoad,0.068,0
26.4561,6932,RSU,ChannelLoad,0.068,0
26.4561,6932,RSU,TX_Throughput,8080,0
26.4561,6932,RSU,TX_ObjectCount,2,0
26.4572,8649,Vehicle,ChannelLoad,0.07168,0
26.4572,8649,Vehicle,ChannelLoad,0.07168,0
26.4572,8649,Vehicle,TX_Throughput,4560,0
26.4572,8649,Vehicle,TX_ObjectCount,0,0
26.4579,7825,Vehicle,ChannelLoad,0.0492,0
26.4579,7825,Vehicle,ChannelLoad,0.0492,0
26.4579,7825,Vehicle,TX_Throughput,4560,0
26.4579,7825,Vehicle,TX_ObjectCount,0,0
26.4586,7006,Vehicle,ChannelLoad,0.07488,0
26.4586,7006,Vehicle,ChannelLoad,0.07488,0
26.4586,7006,Vehicle,TX_Throughput,4560,0
26.4586,7006,Vehicle,TX_ObjectCount,0,0
26.4594,2523,Vehicle,ChannelLoad,0.07512,0
26.4594,2523,Vehicle,ChannelLoad,0.07512,0
26.4594,2523,Vehicle,TX_Throughput,4560,0
26.4594,2523,Vehicle,TX_ObjectCount,0,0
26.4595,2596,Vehicle,ChannelLoad,0.04712,0
26.4595,2596,Vehicle,ChannelLoad,0.04712,0
26.4595,2596,Vehicle,TX_Throughput,7760,0
26.4595,2596,Vehicle,TX_ObjectCount,1,0
26.4613,1238,Vehicle,ChannelLoad,0.07344,0
26.4613,1238,Vehicle,ChannelLoad,0.07344,0
26.4613,1238,Vehicle,TX_Throughput,4560,0
26.4613,1238,Vehicle,TX_ObjectCount,0,0
26.4615,3930,Vehicle,ChannelLoad,0.07088,0
26.4615,3930,Vehicle,ChannelLoad,0.07088,0
26.4615,3930,Vehicle,TX_Throughput,7760,0
26.4615,3930,Vehicle,TX_ObjectCount,1,0
26.4622,8724,RSU,ChannelLoad,0.10688,0
26.4622,8724,RSU,ChannelLoad,0.10688,0
26.4622,8724,RSU,TX_Throughput,8080,0
26.4622,8724,RSU,TX_ObjectCount,2,0
26.4637,2669,Vehicle,ChannelLoad,0.05768,0
26.4637,2669,Vehicle,ChannelLoad,0.05768,0
26.4637,2669,Vehicle,TX_Throughput,4560,0
26.4637,2669,Vehicle,TX_ObjectCount,0,0
26.4647,1842,RSU,ChannelLoad,0.06376,0
26.4647,1842,RSU,ChannelLoad,0.06376,0
26.4647,1842,RSU,TX_Throughput,8080,0
26.4647,1842,RSU,TX_ObjectCount,2,0
26.4649,1311,RSU,ChannelLoad,0.0588,0
26.4649,1311,RSU,ChannelLoad,0.0588,0
26.4649,1311,RSU,TX_Throughput,8080,0
26.4649,1311,RSU,TX_ObjectCount,2,0
26.4651,7898,Vehicle,ChannelLoad,0.08576,0
26.4651,7898,Vehicle,ChannelLoad,0.08576,0
26.4651,7898,Vehicle,TX_Throughput,4560,0
26.4651,7898,Vehicle,TX_ObjectCount,0,0
26.4652,4608,Vehicle,ChannelLoad,0.03448,0
26.4652,4608,Vehicle,ChannelLoad,0.03448,0
26.4652,4608,Vehicle,TX_Throughput,4560,0
26.4652,4608,Vehicle,TX_ObjectCount,0,0
26.4663,4003,Vehicle,ChannelLoad,0.05184,0
26.4663,4003,Vehicle,ChannelLoad,0.05184,0
26.4663,4003,Vehicle,TX_Throughput,4560,0
26.4663,4003,Vehicle,TX_ObjectCount,0,0
26.4666,4681,Vehicle,ChannelLoad,0.07208,0
26.4666,4681,Vehicle,ChannelLoad,0.07208,0
26.4666,4681,Vehicle,TX_Throughput,4560,0
26.4666,4681,Vehicle,TX_ObjectCount,0,0
26.4684,4756,Vehicle,ChannelLoad,0.038,0
26.4684,4756,Vehicle,ChannelLoad,0.038,0
26.4684,4756,Vehicle,TX_Throughput,7760,0
26.4684,4756,Vehicle,TX_ObjectCount,1,0
26.4687,4076,Vehicle,ChannelLoad,0.08368,0
26.4687,4076,Vehicle,ChannelLoad,0.08368,0
26.4687,4076,Vehicle,TX_Throughput,4560,0
26.4687,4076,Vehicle,TX_ObjectCount,0,0
26.4687,2744,Vehicle,ChannelLoad,0.0764,0
26.4687,2744,Vehicle,ChannelLoad,0.0764,0
26.4687,2744,Vehicle,TX_Throughput,4560,0
26.4687,2744,Vehicle,TX_ObjectCount,0,0
26.4696,4829,RSU,ChannelLoad,0.08808,0
26.4696,4829,RSU,ChannelLoad,0.08808,0
26.4696,4829,RSU,TX_Throughput,5280,0
26.4696,4829,RSU,TX_ObjectCount,1,0
26.4698,2817,RSU,ChannelLoad,0.07248,0
26.4698,2817,RSU,ChannelLoad,0.07248,0
26.4698,2817,RSU,TX_Throughput,5280,0
26.4698,2817,RSU,TX_ObjectCount,1,0
26.47,1918,RSU,ChannelLoad,0.11136,0
26.47,1918,RSU,ChannelLoad,0.11136,0
26.47,1918,RSU,TX_Throughput,5280,0
26.47,1918,RSU,TX_ObjectCount,1,0
26.47,7971,Vehicle,ChannelLoad,0.06152,0
26.47,7971,Vehicle,ChannelLoad,0.06152,0
26.47,7971,Vehicle,TX_Throughput,4560,0
26.47,7971,Vehicle,TX_ObjectCount,0,0
26.4701,8044,Vehicle,ChannelLoad,0.05768,0
26.4701,8044,Vehicle,ChannelLoad,0.05768,0
26.4701,8044,Vehicle,TX_Throughput,4560,0
26.4701,8044,Vehicle,TX_ObjectCount,0,0
26.4709,1385,Vehicle,ChannelLoad,0.0768,0
26.4709,1385,Vehicle,ChannelLoad,0.0768,0
26.4709,1385,Vehicle,TX_Throughput,4560,0
26.4709,1385,Vehicle,TX_ObjectCount,0,0
26.471,270,Vehicle,ChannelLoad,0.06096,0
26.471,270,Vehicle,ChannelLoad,0.06096,0
26.471,270,Vehicle,TX_Throughput,10560,0
26.471,270,Vehicle,TX_ObjectCount,2,0
26.4723,4905,RSU,ChannelLoad,0.10048,0
26.4723,4905,RSU,ChannelLoad,0.10048,0
26.4723,4905,RSU,TX_Throughput,8080,0
26.4723,4905,RSU,TX_ObjectCount,2,0
26.4727,1992,Vehicle,ChannelLoad,0.04216,0
26.4727,1992,Vehicle,ChannelLoad,0.04216,0
26.4727,1992,Vehicle,TX_Throughput,7760,0
26.4727,1992,Vehicle,TX_ObjectCount,1,0
26.4742,7079,Vehicle,ChannelLoad,0.06352,0
26.4742,7079,Vehicle,ChannelLoad,0.06352,0
26.4742,7079,Vehicle,TX_Throughput,4560,0
26.4742,7079,Vehicle,TX_ObjectCount,0,0
26.4747,4153,Vehicle,ChannelLoad,0.05576,0
26.4747,4153,Vehicle,ChannelLoad,0.05576,0
26.4747,4153,Vehicle,TX_Throughput,4560,0
26.4747,4153,Vehicle,TX_ObjectCount,0,0
26.4748,6043,Vehicle,ChannelLoad,0.0384,0
26.4748,6043,Vehicle,ChannelLoad,0.0384,0
26.4748,6043,Vehicle,TX_Throughput,4560,0
26.4748,6043,Vehicle,TX_ObjectCount,0,0
26.4759,4979,Vehicle,ChannelLoad,0.0844,0
26.4759,4979,Vehicle,ChannelLoad,0.0844,0
26.4759,4979,Vehicle,TX_Throughput,4560,0
26.4759,4979,Vehicle,TX_ObjectCount,0,0
26.4762,5052,RSU,ChannelLoad,0.06784,0
26.4762,5052,RSU,ChannelLoad,0.06784,0
26.4762,5052,RSU,TX_Throughput,5280,0
26.4762,5052,RSU,TX_ObjectCount,1,0
26.4777,2065,Vehicle,ChannelLoad,0.06968,0
26.4777,2065,Vehicle,ChannelLoad,0.06968,0
26.4777,2065,Vehicle,TX_Throughput,7760,0
26.4777,2065,Vehicle,TX_ObjectCount,1,0
26.4778,6116,RSU,ChannelLoad,0.10376,0
26.4778,6116,RSU,ChannelLoad,0.10376,0
26.4778,6116,RSU,TX_Throughput,5280,0
26.4778,6116,RSU,TX_ObjectCount,1,0
26.4782,7152,Vehicle,ChannelLoad,0.0868,0
26.4782,7152,Vehicle,ChannelLoad,0.0868,0
26.4782,7152,Vehicle,TX_Throughput,7760,0
26.4782,7152,Vehicle,TX_ObjectCount,1,0
26.4786,8808,Vehicle,ChannelLoad,0.05736,0
26.4786,8808,Vehicle,ChannelLoad,0.05736,0
26.4786,8808,Vehicle,TX_Throughput,4560,0
26.4786,8808,Vehicle,TX_ObjectCount,0,0
26.4801,6192,RSU,ChannelLoad,0.07856,0
26.4801,6192,RSU,ChannelLoad,0.07856,0
26.4801,6192,RSU,TX_Throughput,2080,0
26.4801,6192,RSU,TX_ObjectCount,0,0
26.4805,8119,Vehicle,ChannelLoad,0.03144,0
26.4805,8119,Vehicle,ChannelLoad,0.03144,0
26.4805,8119,Vehicle,TX_Throughput,4560,0
26.4805,8119,Vehicle,TX_ObjectCount,0,0
26.4805,7227,Vehicle,ChannelLoad,0.05944,0
26.4805,7227,Vehicle,ChannelLoad,0.05944,0
26.4805,7227,Vehicle,TX_Throughput,7760,0
26.4805,7227,Vehicle,TX_ObjectCount,1,0
26.4809,4230,Vehicle,ChannelLoad,0.09048,0
26.4809,4230,Vehicle,ChannelLoad,0.09048,0
26.4809,4230,Vehicle,TX_Throughput,4560,0
26.4809,4230,Vehicle,TX_ObjectCount,0,0
26.4818,6266,Vehicle,ChannelLoad,0.05544,0
26.4818,6266,Vehicle,ChannelLoad,0.05544,0
26.4818,6266,Vehicle,TX_Throughput,7760,0
26.4818,6266,Vehicle,TX_ObjectCount,1,0
26.4819,5126,Vehicle,ChannelLoad,0.06,0
26.4819,5126,Vehicle,ChannelLoad,0.06,0
26.4819,5126,Vehicle,TX_Throughput,10560,0
26.4819,5126,Vehicle,TX_ObjectCount,2,0
26.4831,343,Vehicle,ChannelLoad,0.05728,0
26.4831,343,Vehicle,ChannelLoad,0.05728,0
26.4831,343,Vehicle,TX_Throughput,7760,0
26.4831,343,Vehicle,TX_ObjectCount,1,0
26.4832,1458,RSU,ChannelLoad,0.10552,0
26.4832,1458,RSU,ChannelLoad,0.10552,0
26.4832,1458,RSU,TX_Throughput,2080,0
26.4832,1458,RSU,TX_ObjectCount,0,0
26.4834,2891,Vehicle,ChannelLoad,0.0492,0
26.4834,2891,Vehicle,ChannelLoad,0.0492,0
26.4834,2891,Vehicle,TX_Throughput,7760,0
26.4834,2891,Vehicle,TX_ObjectCount,1,0
26.4865,2966,Vehicle,ChannelLoad,0.07872,0
26.4865,2966,Vehicle,ChannelLoad,0.07872,0
26.4865,2966,Vehicle,TX_Throughput,4560,0
26.4865,2966,Vehicle,TX_ObjectCount,0,0
26.4865,5201,RSU,ChannelLoad,0.11008,0
26.4865,5201,RSU,ChannelLoad,0.11008,0
26.4865,5201,RSU,TX_Throughput,2080,0
26.4865,5201,RSU,TX_ObjectCount,0,0
26.4871,416,Vehicle,ChannelLoad,0.06464,0
26.4871,416,Vehicle,ChannelLoad,0.06464,0
26.4871,416,Vehicle,TX_Throughput,4560,0
26.4871,416,Vehicle,TX_ObjectCount,0,0
26.4884,8883,Vehicle,ChannelLoad,0.09008,0
26.4884,8883,Vehicle,ChannelLoad,0.09008,0
26.4884,8883,Vehicle,TX_Throughput,7760,0
26.4884,8883,Vehicle,TX_ObjectCount,1,0
26.4885,2140,RSU,ChannelLoad,0.08616,0
26.4885,2140,RSU,ChannelLoad,0.08616,0
26.4885,2140,RSU,TX_Throughput,8080,0
26.4885,2140,RSU,TX_ObjectCount,2,0
26.4887,6339,Vehicle,ChannelLoad,0.05824,0
26.4887,6339,Vehicle,ChannelLoad,0.05824,0
26.4887,6339,Vehicle,TX_Throughput,4560,0
26.4887,6339,Vehicle,TX_ObjectCount,0,0
26.4894,2214,RSU,ChannelLoad,0.08408,0
26.4894,2214,RSU,ChannelLoad,0.08408,0
26.4894,2214,RSU,TX_Throughput,10880,0
26.4894,2214,RSU,TX_ObjectCount,3,0
26.4916,8192,RSU,ChannelLoad,0.08296,0
26.4916,8192,RSU,ChannelLoad,0.08296,0
26.4916,8192,RSU,TX_Throughput,8080,0
26.4916,8192,RSU,TX_ObjectCount,2,0
26.492,5275,RSU,ChannelLoad,0.10016,0
26.492,5275,RSU,ChannelLoad,0.10016,0
26.492,5275,RSU,TX_Throughput,2080,0
26.492,5275,RSU,TX_ObjectCount,0,0
26.4925,6412,Vehicle,ChannelLoad,0.06048,0
26.4925,6412,Vehicle,ChannelLoad,0.06048,0
26.4925,6412,Vehicle,TX_Throughput,4560,0
26.4925,6412,Vehicle,TX_ObjectCount,0,0
26.4928,3039,Vehicle,ChannelLoad,0.09024,0
26.4928,3039,Vehicle,ChannelLoad,0.09024,0
26.4928,3039,Vehicle,TX_Throughput,4560,0
26.4928,3039,Vehicle,TX_ObjectCount,0,0
26.4928,5349,Vehicle,ChannelLoad,0.07456,0
26.4928,5349,Vehicle,ChannelLoad,0.07456,0
26.4928,5349,Vehicle,TX_Throughput,4560,0
26.4928,5349,Vehicle,TX_ObjectCount,0,0
26.4939,489,Vehicle,ChannelLoad,0.05288,0
26.4939,489,Vehicle,ChannelLoad,0.05288,0
26.4939,489,Vehicle,TX_Throughput,4560,0
26.4939,489,Vehicle,TX_ObjectCount,0,0
26.4953,8956,Vehicle,ChannelLoad,0.06096,0
26.4953,8956,Vehicle,ChannelLoad,0.06096,0
26.4953,8956,Vehicle,TX_Throughput,4560,0
26.4953,8956,Vehicle,TX_ObjectCount,0,0
26.496,8268,RSU,ChannelLoad,0.08136,0
26.496,8268,RSU,ChannelLoad,0.08136,0
26.496,8268,RSU,TX_Throughput,2080,0
26.496,8268,RSU,TX_ObjectCount,0,0
26.4961,3112,RSU,ChannelLoad,0.0832,0
26.4961,3112,RSU,ChannelLoad,0.0832,0
26.4961,3112,RSU,TX_Throughput,2080,0
26.4961,3112,RSU,TX_ObjectCount,0,0
26.4961,562,Vehicle,ChannelLoad,0.0596,0
26.4961,562,Vehicle,ChannelLoad,0.0596,0
26.4961,562,Vehicle,TX_Throughput,4560,0
26.4961,562,Vehicle,TX_ObjectCount,0,0
26.4976,6485,Vehicle,ChannelLoad,0.09712,0
26.4976,6485,Vehicle,ChannelLoad,0.09712,0
26.4976,6485,Vehicle,TX_Throughput,4560,0
26.4976,6485,Vehicle,TX_ObjectCount,0,0
26.4978,3186,RSU,ChannelLoad,0.06248,0
26.4978,3186,RSU,ChannelLoad,0.06248,0
26.4978,3186,RSU,TX_Throughput,2080,0
26.4978,3186,RSU,TX_ObjectCount,0,0
26.5009,7304,Vehicle,ChannelLoad,0.0612,0
26.5009,7304,Vehicle,ChannelLoad,0.0612,0
26.5009,7304,Vehicle,TX_Throughput,7760,0
26.5009,7304,Vehicle,TX_ObjectCount,1,0
26.502,639,Vehicle,ChannelLoad,0.05968,0
26.502,639,Vehicle,ChannelLoad,0.05968,0
26.502,639,Vehicle,TX_Throughput,4560,0
26.502,639,Vehicle,TX_ObjectCount,0,0
26.5028,5422,Vehicle,ChannelLoad,0.06192,0
26.5028,5422,Vehicle,ChannelLoad,0.06192,0
26.5028,5422,Vehicle,TX_Throughput,4560,0
26.5028,5422,Vehicle,TX_ObjectCount,0,0
26.5037,6558,RSU,ChannelLoad,0.0728,0
26.5037,6558,RSU,ChannelLoad,0.0728,0
26.5037,6558,RSU,TX_Throughput,8080,0
26.5037,6558,RSU,TX_ObjectCount,2,0
26.5047,29,RSU,ChannelLoad,0.0744,0
26.5047,29,RSU,ChannelLoad,0.0744,0
26.5047,29,RSU,TX_Throughput,5280,0
26.5047,29,RSU,TX_ObjectCount,1,0
26.509,4303,Vehicle,ChannelLoad,0.07456,0
26.509,4303,Vehicle,ChannelLoad,0.07456,0
26.509,4303,Vehicle,TX_Throughput,7760,0
26.509,4303,Vehicle,TX_ObjectCount,1,0
26.5104,1538,Vehicle,ChannelLoad,0.0508,0
26.5104,1538,Vehicle,ChannelLoad,0.0508,0
26.5104,1538,Vehicle,TX_Throughput,10560,0
26.5104,1538,Vehicle,TX_ObjectCount,2,0
26.5122,7377,Vehicle,ChannelLoad,0.054,0
26.5122,7377,Vehicle,ChannelLoad,0.054,0
26.5122,7377,Vehicle,TX_Throughput,7760,0
26.5122,7377,Vehicle,TX_ObjectCount,1,0
26.5131,5501,Vehicle,ChannelLoad,0.06488,0
26.5131,5501,Vehicle,ChannelLoad,0.06488,0
26.5131,5501,Vehicle,TX_Throughput,4560,0
26.5131,5501,Vehicle,TX_ObjectCount,0,0
26.5143,3260,Vehicle,ChannelLoad,0.05248,0
26.5143,3260,Vehicle,ChannelLoad,0.05248,0
26.5143,3260,Vehicle,TX_Throughput,7760,0
26.5143,3260,Vehicle,TX_ObjectCount,1,0
26.5144,3333,Vehicle,ChannelLoad,0.04856,0
26.5144,3333,Vehicle,ChannelLoad,0.04856,0
26.5144,3333,Vehicle,TX_Throughput,4560,0
26.5144,3333,Vehicle,TX_ObjectCount,0,0
26.5147,3406,Vehicle,ChannelLoad,0.04392,0
26.5147,3406,Vehicle,ChannelLoad,0.04392,0
26.5147,3406,Vehicle,TX_Throughput,4560,0
26.5147,3406,Vehicle,TX_ObjectCount,0,0
26.5154,2292,Vehicle,ChannelLoad,0.03976,0
26.5154,2292,Vehicle,ChannelLoad,0.03976,0
26.5154,2292,Vehicle,TX_Throughput,4560,0
26.5154,2292,Vehicle,TX_ObjectCount,0,0
26.5163,6634,RSU,ChannelLoad,0.06088,0
26.5163,6634,RSU,ChannelLoad,0.06088,0
26.5163,6634,RSU,TX_Throughput,2080,0
26.5163,6634,RSU,TX_ObjectCount,0,0
26.5166,1611,Vehicle,ChannelLoad,0.0508,0
26.5166,1611,Vehicle,ChannelLoad,0.0508,0
26.5166,1611,Vehicle,TX_Throughput,4560,0
26.5166,1611,Vehicle,TX_ObjectCount,0,0
26.5172,2365,Vehicle,ChannelLoad,0.03832,0
26.5172,2365,Vehicle,ChannelLoad,0.03832,0
26.5172,2365,Vehicle,TX_Throughput,7760,0
26.5172,2365,Vehicle,TX_ObjectCount,1,0
26.5182,8348,Vehicle,ChannelLoad,0.03848,0
26.5182,8348,Vehicle,ChannelLoad,0.03848,0
26.5182,8348,Vehicle,TX_Throughput,4560,0
26.5182,8348,Vehicle,TX_ObjectCount,0,0
26.5186,2440,Vehicle,ChannelLoad,0.06088,0
26.5186,2440,Vehicle,ChannelLoad,0.06088,0
26.5186,2440,Vehicle,TX_Throughput,4560,0
26.5186,2440,Vehicle,TX_ObjectCount,0,0
26.5187,718,Vehicle,ChannelLoad,0.06136,0
26.5187,718,Vehicle,ChannelLoad,0.06136,0
26.5187,718,Vehicle,TX_Throughput,4560,0
26.5187,718,Vehicle,TX_ObjectCount,0,0
26.5188,107,Vehicle,ChannelLoad,0.05968,0
26.5188,107,Vehicle,ChannelLoad,0.05968,0
26.5188,107,Vehicle,TX_Throughput,7760,0
26.5188,107,Vehicle,TX_ObjectCount,1,0
26.5201,182,RSU,ChannelLoad,0.08736,0
26.5201,182,RSU,ChannelLoad,0.08736,0
26.5201,182,RSU,TX_Throughput,8080,0
26.5201,182,RSU,TX_ObjectCount,2,0
26.5202,791,Vehicle,ChannelLoad,0.06144,0
26.5202,791,Vehicle,ChannelLoad,0.06144,0
26.5202,791,Vehicle,TX_Throughput,4560,0
26.5202,791,Vehicle,TX_ObjectCount,0,0
26.5206,6708,Vehicle,ChannelLoad,0.08736,0
26.5206,6708,Vehicle,ChannelLoad,0.08736,0
26.5206,6708,Vehicle,TX_Throughput,7760,0
26.5206,6708,Vehicle,TX_ObjectCount,1,0
26.5212,8421,Vehicle,ChannelLoad,0.0884,0
26.5212,8421,Vehicle,ChannelLoad,0.0884,0
26.5212,8421,Vehicle,TX_Throughput,4560,0
26.5212,8421,Vehicle,TX_ObjectCount,0,0
26.5218,4380,Vehicle,ChannelLoad,0.0592,0
26.5218,4380,Vehicle,ChannelLoad,0.0592,0
26.5218,4380,Vehicle,TX_Throughput,4560,0
26.5218,4380,Vehicle,TX_ObjectCount,0,0
26.5231,1688,RSU,ChannelLoad,0.07624,0
26.5231,1688,RSU,ChannelLoad,0.07624,0
26.5231,1688,RSU,TX_Throughput,5280,0
26.5231,1688,RSU,TX_ObjectCount,1,0
26.5235,5580,Vehicle,ChannelLoad,0.06072,0
26.5235,5580,Vehicle,ChannelLoad,0.06072,0
26.5235,5580,Vehicle,TX_Throughput,4560,0
26.5235,5580,Vehicle,TX_ObjectCount,0,0
26.5256,8494,Vehicle,ChannelLoad,0.05848,0
26.5256,8494,Vehicle,ChannelLoad,0.05848,0
26.5256,8494,Vehicle,TX_Throughput,4560,0
26.5256,8494,Vehicle,TX_ObjectCount,0,0
26.5289,4455,Vehicle,ChannelLoad,0.0836,0
26.5289,4455,Vehicle,ChannelLoad,0.0836,0
26.5289,4455,Vehicle,TX_Throughput,7760,0
26.5289,4455,Vehicle,TX_ObjectCount,1,0
26.5289,7452,RSU,ChannelLoad,0.09304,0
26.5289,7452,RSU,ChannelLoad,0.09304,0
26.5289,7452,RSU,TX_Throughput,8080,0
26.5289,7452,RSU,TX_ObjectCount,2,0
26.5318,866,Vehicle,ChannelLoad,0.09592,0
26.5318,866,Vehicle,ChannelLoad,0.09592,0
26.5318,866,Vehicle,TX_Throughput,4560,0
26.5318,866,Vehicle,TX_ObjectCount,0,0
26.5326,7526,Vehicle,ChannelLoad,0.04792,0
26.5326,7526,Vehicle,ChannelLoad,0.04792,0
26.5326,7526,Vehicle,TX_Throughput,7760,0
26.5326,7526,Vehicle,TX_ObjectCount,1,0
26.5333,3481,RSU,ChannelLoad,0.07552,0
26.5333,3481,RSU,ChannelLoad,0.07552,0
26.5333,3481,RSU,TX_Throughput,8080,0
26.5333,3481,RSU,TX_ObjectCount,2,0
26.5343,5655,Vehicle,ChannelLoad,0.05864,0
26.5343,5655,Vehicle,ChannelLoad,0.05864,0
26.5343,5655,Vehicle,TX_Throughput,4560,0
26.5343,5655,Vehicle,TX_ObjectCount,0,0
26.5351,5728,Vehicle,ChannelLoad,0.04176,0
26.5351,5728,Vehicle,ChannelLoad,0.04176,0
26.5351,5728,Vehicle,TX_Throughput,7760,0
26.5351,5728,Vehicle,TX_ObjectCount,1,0
26.5352,6781,RSU,ChannelLoad,0.08352,0
26.5352,6781,RSU,ChannelLoad,0.08352,0
26.5352,6781,RSU,TX_Throughput,5280,0
26.5352,6781,RSU,TX_ObjectCount,1,0
26.5361,7599,Vehicle,ChannelLoad,0.0484,0
26.5361,7599,Vehicle,ChannelLoad,0.0484,0
26.5361,7599,Vehicle,TX_Throughput,4560,0
26.5361,7599,Vehicle,TX_ObjectCount,0,0
26.5382,941,Vehicle,ChannelLoad,0.06664,0
26.5382,941,Vehicle,ChannelLoad,0.06664,0
26.5382,941,Vehicle,TX_Throughput,4560,0
26.5382,941,Vehicle,TX_ObjectCount,0,0
26.5389,5801,RSU,ChannelLoad,0.07752,0
26.5389,5801,RSU,ChannelLoad,0.07752,0
26.5389,5801,RSU,TX_Throughput,5280,0
26.5389,5801,RSU,TX_ObjectCount,1,0
26.5399,5875,Vehicle,ChannelLoad,0.06144,0
26.5399,5875,Vehicle,ChannelLoad,0.06144,0
26.5399,5875,Vehicle,TX_Throughput,4560,0
26.5399,5875,Vehicle,TX_ObjectCount,0,0
26.5414,7674,RSU,ChannelLoad,0.05992,0
26.5414,7674,RSU,ChannelLoad,0.05992,0
26.5414,7674,RSU,TX_Throughput,8080,0
26.5414,7674,RSU,TX_ObjectCount,2,0
26.5417,3561,Vehicle,ChannelLoad,0.03872,0
26.5417,3561,Vehicle,ChannelLoad,0.03872,0
26.5417,3561,Vehicle,TX_Throughput,4560,0
26.5417,3561,Vehicle,TX_ObjectCount,0,0
26.5423,7748,Vehicle,ChannelLoad,0.06944,0
26.5423,7748,Vehicle,ChannelLoad,0.06944,0
26.5423,7748,Vehicle,TX_Throughput,4560,0
26.5423,7748,Vehicle,TX_ObjectCount,0,0
26.5434,1016,Vehicle,ChannelLoad,0.04264,0
26.5434,1016,Vehicle,ChannelLoad,0.04264,0
26.5434,1016,Vehicle,TX_Throughput,4560,0
26.5434,1016,Vehicle,TX_ObjectCount,0,0
26.5464,1089,RSU,ChannelLoad,0.0912,0
26.5464,1089,RSU,ChannelLoad,0.0912,0
26.5464,1089,RSU,TX_Throughput,13680,0
26.5464,1089,RSU,TX_ObjectCount,4,0
26.5471,3634,RSU,ChannelLoad,0.07768,0
26.5471,3634,RSU,ChannelLoad,0.07768,0
26.5471,3634,RSU,TX_Throughput,10880,0
26.5471,3634,RSU,TX_ObjectCount,3,0
26.5472,5950,Vehicle,ChannelLoad,0.06408,0
26.5472,5950,Vehicle,ChannelLoad,0.06408,0
26.5472,5950,Vehicle,TX_Throughput,10560,0
26.5472,5950,Vehicle,TX_ObjectCount,2,0
26.5488,1764,RSU,ChannelLoad,0.11568,0
26.5488,1764,RSU,ChannelLoad,0.11568,0
26.5488,1764,RSU,TX_Throughput,8080,0
26.5488,1764,RSU,TX_ObjectCount,2,0
26.5492,3708,RSU,ChannelLoad,0.06288,0
26.5492,3708,RSU,ChannelLoad,0.06288,0
26.5492,3708,RSU,TX_Throughput,5280,0
26.5492,3708,RSU,TX_ObjectCount,1,0
26.5497,1163,Vehicle,ChannelLoad,0.0504,0
26.5497,1163,Vehicle,ChannelLoad,0.0504,0
26.5497,1163,Vehicle,TX_Throughput,4560,0
26.5497,1163,Vehicle,TX_ObjectCount,0,0
26.5499,3782,Vehicle,ChannelLoad,0.05992,0
26.5499,3782,Vehicle,ChannelLoad,0.05992,0
26.5499,3782,Vehicle,TX_Throughput,7760,0
26.5499,3782,Vehicle,TX_ObjectCount,1,0
26.5507,6859,Vehicle,ChannelLoad,0.04208,0
26.5507,6859,Vehicle,ChannelLoad,0.04208,0
26.5507,6859,Vehicle,TX_Throughput,4560,0
26.5507,6859,Vehicle,TX_ObjectCount,0,0
26.5512,3855,Vehicle,ChannelLoad,0.03472,0
26.5512,3855,Vehicle,ChannelLoad,0.03472,0
26.5512,3855,Vehicle,TX_Throughput,7760,0
26.5512,3855,Vehicle,TX_ObjectCount,1,0
26.5527,8575,RSU,ChannelLoad,0.08312,0
26.5527,8575,RSU,ChannelLoad,0.08312,0
26.5527,8575,RSU,TX_Throughput,5280,0
26.5527,8575,RSU,TX_ObjectCount,1,0
26.5528,4534,RSU,ChannelLoad,0.0976,0
26.5528,4534,RSU,ChannelLoad,0.0976,0
26.5528,4534,RSU,TX_Throughput,5280,0
26.5528,4534,RSU,TX_ObjectCount,1,0
26.5561,6932,RSU,ChannelLoad,0.0808,0
26.5561,6932,RSU,ChannelLoad,0.0808,0
26.5561,6932,RSU,TX_Throughput,2080,0
26.5561,6932,RSU,TX_ObjectCount,0,0
26.5572,8649,Vehicle,ChannelLoad,0.04472,0
26.5572,8649,Vehicle,ChannelLoad,0.04472,0
26.5572,8649,Vehicle,TX_Throughput,4560,0
26.5572,8649,Vehicle,TX_ObjectCount,0,0
26.5579,7825,Vehicle,ChannelLoad,0.04088,0
26.5579,7825,Vehicle,ChannelLoad,0.04088,0
26.5579,7825,Vehicle,TX_Throughput,4560,0
26.5579,7825,Vehicle,TX_ObjectCount,0,0
26.5586,7006,Vehicle,ChannelLoad,0.06576,0
26.5586,7006,Vehicle,ChannelLoad,0.06576,0
26.5586,7006,Vehicle,TX_Throughput,4560,0
26.5586,7006,Vehicle,TX_ObjectCount,0,0
26.5594,2523,Vehicle,ChannelLoad,0.05544,0
26.5594,2523,Vehicle,ChannelLoad,0.05544,0
26.5594,2523,Vehicle,TX_Throughput,4560,0
26.5594,2523,Vehicle,TX_ObjectCount,0,0
26.5595,2596,Vehicle,ChannelLoad,0.04592,0
26.5595,2596,Vehicle,ChannelLoad,0.04592,0
26.5595,2596,Vehicle,TX_Throughput,4560,0
26.5595,2596,Vehicle,TX_ObjectCount,0,0
26.5613,1238,Vehicle,ChannelLoad,0.07648,0
26.5613,1238,Vehicle,ChannelLoad,0.07648,0
26.5613,1238,Vehicle,TX_Throughput,4560,0
26.5613,1238,Vehicle,TX_ObjectCount,0,0
26.5615,3930,Vehicle,ChannelLoad,0.056,0
26.5615,3930,Vehicle,ChannelLoad,0.056,0
26.5615,3930,Vehicle,TX_Throughput,4560,0
26.5615,3930,Vehicle,TX_ObjectCount,0,0
26.5622,8724,RSU,ChannelLoad,0.08568,0
26.5622,8724,RSU,ChannelLoad,0.08568,0
26.5622,8724,RSU,TX_Throughput,5280,0
26.5622,8724,RSU,TX_ObjectCount,1,0
26.5637,2669,Vehicle,ChannelLoad,0.05928,0
26.5637,2669,Vehicle,ChannelLoad,0.05928,0
26.5637,2669,Vehicle,TX_Throughput,4560,0
26.5637,2669,Vehicle,TX_ObjectCount,0,0
26.5647,1842,RSU,ChannelLoad,0.06232,0
26.5647,1842,RSU,ChannelLoad,0.06232,0
26.5647,1842,RSU,TX_Throughput,8080,0
26.5647,1842,RSU,TX_ObjectCount,2,0
26.5649,1311,RSU,ChannelLoad,0.05768,0
26.5649,1311,RSU,ChannelLoad,0.05768,0
26.5649,1311,RSU,TX_Throughput,5280,0
26.5649,1311,RSU,TX_ObjectCount,1,0
26.5651,7898,Vehicle,ChannelLoad,0.0732,0
26.5651,7898,Vehicle,ChannelLoad,0.0732,0
26.5651,7898,Vehicle,TX_Throughput,4560,0
26.5651,7898,Vehicle,TX_ObjectCount,0,0
26.5652,4608,Vehicle,ChannelLoad,0.04296,0
26.5652,4608,Vehicle,ChannelLoad,0.04296,0
26.5652,4608,Vehicle,TX_Throughput,4560,0
26.5652,4608,Vehicle,TX_ObjectCount,0,0
26.5663,4003,Vehicle,ChannelLoad,0.06112,0
26.5663,4003,Vehicle,ChannelLoad,0.06112,0
26.5663,4003,Vehicle,TX_Throughput,7760,0
26.5663,4003,Vehicle,TX_ObjectCount,1,0
26.5666,4681,Vehicle,ChannelLoad,0.05824,0
26.5666,4681,Vehicle,ChannelLoad,0.05824,0
26.5666,4681,Vehicle,TX_Throughput,7760,0
26.5666,4681,Vehicle,TX_ObjectCount,1,0
26.5684,4756,Vehicle,ChannelLoad,0.04896,0
26.5684,4756,Vehicle,ChannelLoad,0.04896,0
26.5684,4756,Vehicle,TX_Throughput,4560,0
26.5684,4756,Vehicle,TX_ObjectCount,0,0
26.5687,4076,Vehicle,ChannelLoad,0.07072,0
26.5687,4076,Vehicle,ChannelLoad,0.07072,0
26.5687,4076,Vehicle,TX_Throughput,7760,0
26.5687,4076,Vehicle,TX_ObjectCount,1,0
26.5687,2744,Vehicle,ChannelLoad,0.05696,0
26.5687,2744,Vehicle,ChannelLoad,0.05696,0
26.5687,2744,Vehicle,TX_Throughput,7760,0
26.5687,2744,Vehicle,TX_ObjectCount,1,0
26.5696,4829,RSU,ChannelLoad,0.09184,0
26.5696,4829,RSU,ChannelLoad,0.09184,0
26.5696,4829,RSU,TX_Throughput,8080,0
26.5696,4829,RSU,TX_ObjectCount,2,0
26.5698,2817,RSU,ChannelLoad,0.06896,0
26.5698,2817,RSU,ChannelLoad,0.06896,0
26.5698,2817,RSU,TX_Throughput,2080,0
26.5698,2817,RSU,TX_ObjectCount,0,0
26.57,1918,RSU,ChannelLoad,0.1144,0
26.57,1918,RSU,ChannelLoad,0.1144,0
26.57,1918,RSU,TX_Throughput,10880,0
26.57,1918,RSU,TX_ObjectCount,3,0
26.57,7971,Vehicle,ChannelLoad,0.05544,0
26.57,7971,Vehicle,ChannelLoad,0.05544,0
26.57,7971,Vehicle,TX_Throughput,10560,0
26.57,7971,Vehicle,TX_ObjectCount,2,0
26.5701,8044,Vehicle,ChannelLoad,0.0696,0
26.5701,8044,Vehicle,ChannelLoad,0.0696,0
26.5701,8044,Vehicle,TX_Throughput,7760,0
26.5701,8044,Vehicle,TX_ObjectCount,1,0
26.5709,1385,Vehicle,ChannelLoad,0.07584,0
26.5709,1385,Vehicle,ChannelLoad,0.07584,0
26.5709,1385,Vehicle,TX_Throughput,7760,0
26.5709,1385,Vehicle,TX_ObjectCount,1,0
26.571,270,Vehicle,ChannelLoad,0.07152,0
26.571,270,Vehicle,ChannelLoad,0.07152,0
26.571,270,Vehicle,TX_Throughput,13360,0
26.571,270,Vehicle,TX_ObjectCount,3,0
26.5723,4905,RSU,ChannelLoad,0.1012,0
26.5723,4905,RSU,ChannelLoad,0.1012,0
26.5723,4905,RSU,TX_Throughput,10880,0
26.5723,4905,RSU,TX_ObjectCount,3,0
26.5727,1992,Vehicle,ChannelLoad,0.0312,0
26.5727,1992,Vehicle,ChannelLoad,0.0312,0
26.5727,1992,Vehicle,TX_Throughput,7760,0
26.5727,1992,Vehicle,TX_ObjectCount,1,0
26.5742,7079,Vehicle,ChannelLoad,0.06672,0
26.5742,7079,Vehicle,ChannelLoad,0.06672,0
26.5742,7079,Vehicle,TX_Throughput,7760,0
26.5742,7079,Vehicle,TX_ObjectCount,1,0
26.5747,4153,Vehicle,ChannelLoad,0.05368,0
26.5747,4153,Vehicle,ChannelLoad,0.05368,0
26.5747,4153,Vehicle,TX_Throughput,4560,0
26.5747,4153,Vehicle,TX_ObjectCount,0,0
26.5748,6043,Vehicle,ChannelLoad,0.04976,0
26.5748,6043,Vehicle,ChannelLoad,0.04976,0
26.5748,6043,Vehicle,TX_Throughput,4560,0
26.5748,6043,Vehicle,TX_ObjectCount,0,0
26.5759,4979,Vehicle,ChannelLoad,0.0856,0
26.5759,4979,Vehicle,ChannelLoad,0.0856,0
26.5759,4979,Vehicle,TX_Throughput,4560,0
26.5759,4979,Vehicle,TX_ObjectCount,0,0
26.5762,5052,RSU,ChannelLoad,0.07712,0
26.5762,5052,RSU,ChannelLoad,0.07712,0
26.5762,5052,RSU,TX_Throughput,2080,0
26.5762,5052,RSU,TX_ObjectCount,0,0
26.5777,2065,Vehicle,ChannelLoad,0.05896,0
26.5777,2065,Vehicle,ChannelLoad,0.05896,0
26.5777,2065,Vehicle,TX_Throughput,7760,0
26.5777,2065,Vehicle,TX_ObjectCount,1,0
26.5778,6116,RSU,ChannelLoad,0.11152,0
26.5778,6116,RSU,ChannelLoad,0.11152,0
26.5778,6116,RSU,TX_Throughput,8080,0
26.5778,6116,RSU,TX_ObjectCount,2,0
26.5782,7152,Vehicle,ChannelLoad,0.08744,0
26.5782,7152,Vehicle,ChannelLoad,0.08744,0
26.5782,7152,Vehicle,TX_Throughput,4560,0
26.5782,7152,Vehicle,TX_ObjectCount,0,0
26.5786,8808,Vehicle,ChannelLoad,0.06184,0
26.5786,8808,Vehicle,ChannelLoad,0.06184,0
26.5786,8808,Vehicle,TX_Throughput,7760,0
26.5786,8808,Vehicle,TX_ObjectCount,1,0
26.5801,6192,RSU,ChannelLoad,0.0916,0
26.5801,6192,RSU,ChannelLoad,0.0916,0
26.5801,6192,RSU,TX_Throughput,10880,0
26.5801,6192,RSU,TX_ObjectCount,3,0
26.5805,8119,Vehicle,ChannelLoad,0.05048,0
26.5805,8119,Vehicle,ChannelLoad,0.05048,0
26.5805,8119,Vehicle,TX_Throughput,4560,0
26.5805,8119,Vehicle,TX_ObjectCount,0,0
26.5805,7227,Vehicle,ChannelLoad,0.05304,0
26.5805,7227,Vehicle,ChannelLoad,0.05304,0
26.5805,7227,Vehicle,TX_Throughput,4560,0
26.5805,7227,Vehicle,TX_ObjectCount,0,0
26.5809,4230,Vehicle,ChannelLoad,0.09904,0
26.5809,4230,Vehicle,ChannelLoad,0.09904,0
26.5809,4230,Vehicle,TX_Throughput,7760,0
26.5809,4230,Vehicle,TX_ObjectCount,1,0
26.5818,6266,Vehicle,ChannelLoad,0.06864,0
26.5818,6266,Vehicle,ChannelLoad,0.06864,0
26.5818,6266,Vehicle,TX_Throughput,4560,0
26.5818,6266,Vehicle,TX_ObjectCount,0,0
26.5819,5126,Vehicle,ChannelLoad,0.04584,0
26.5819,5126,Vehicle,ChannelLoad,0.04584,0
26.5819,5126,Vehicle,TX_Throughput,4560,0
26.5819,5126,Vehicle,TX_ObjectCount,0,0
26.5831,343,Vehicle,ChannelLoad,0.04464,0
26.5831,343,Vehicle,ChannelLoad,0.04464,0
26.5831,343,Vehicle,TX_Throughput,7760,0
26.5831,343,Vehicle,TX_ObjectCount,1,0
26.5832,1458,RSU,ChannelLoad,0.08696,0
26.5832,1458,RSU,ChannelLoad,0.08696,0
26.5832,1458,RSU,TX_Throughput,8080,0
26.5832,1458,RSU,TX_ObjectCount,2,0
26.5834,2891,Vehicle,ChannelLoad,0.06048,0
26.5834,2891,Vehicle,ChannelLoad,0.06048,0
26.5834,2891,Vehicle,TX_Throughput,4560,0
26.5834,2891,Vehicle,TX_ObjectCount,0,0
26.5865,2966,Vehicle,ChannelLoad,0.07648,0
26.5865,2966,Vehicle,ChannelLoad,0.07648,0
26.5865,2966,Vehicle,TX_Throughput,4560,0
26.5865,2966,Vehicle,TX_ObjectCount,0,0
26.5865,5201,RSU,ChannelLoad,0.10256,0
26.5865,5201,RSU,ChannelLoad,0.10256,0
26.5865,5201,RSU,TX_Throughput,10880,0
26.5865,5201,RSU,TX_ObjectCount,3,0
26.5871,416,Vehicle,ChannelLoad,0.0596,0
26.5871,416,Vehicle,ChannelLoad,0.0596,0
26.5871,416,Vehicle,TX_Throughput,7760,0
26.5871,416,Vehicle,TX_ObjectCount,1,0
26.5884,8883,Vehicle,ChannelLoad,0.07072,0
26.5884,8883,Vehicle,ChannelLoad,0.07072,0
26.5884,8883,Vehicle,TX_Throughput,4560,0
26.5884,8883,Vehicle,TX_ObjectCount,0,0
26.5885,2140,RSU,ChannelLoad,0.09624,0
26.5885,2140,RSU,ChannelLoad,0.09624,0
26.5885,2140,RSU,TX_Throughput,5280,0
26.5885,2140,RSU,TX_ObjectCount,1,0
26.5887,6339,Vehicle,ChannelLoad,0.0688,0
26.5887,6339,Vehicle,ChannelLoad,0.0688,0
26.5887,6339,Vehicle,TX_Throughput,4560,0
26.5887,6339,Vehicle,TX_ObjectCount,0,0
26.5894,2214,RSU,ChannelLoad,0.07208,0
26.5894,2214,RSU,ChannelLoad,0.07208,0
26.5894,2214,RSU,TX_Throughput,5280,0
26.5894,2214,RSU,TX_ObjectCount,1,0
26.5916,8192,RSU,ChannelLoad,0.08432,0
26.5916,8192,RSU,ChannelLoad,0.08432,0
26.5916,8192,RSU,TX_Throughput,10880,0
26.5916,8192,RSU,TX_ObjectCount,3,0
26.592,5275,RSU,ChannelLoad,0.09072,0
26.592,5275,RSU,ChannelLoad,0.09072,0
26.592,5275,RSU,TX_Throughput,13680,0
26.592,5275,RSU,TX_ObjectCount,4,0
26.5925,6412,Vehicle,ChannelLoad,0.06192,0
26.5925,6412,Vehicle,ChannelLoad,0.06192,0
26.5925,6412,Vehicle,TX_Throughput,4560,0
26.5925,6412,Vehicle,TX_ObjectCount,0,0
26.5928,3039,Vehicle,ChannelLoad,0.06176,0
26.5928,3039,Vehicle,ChannelLoad,0.06176,0
26.5928,3039,Vehicle,TX_Throughput,7760,0
26.5928,3039,Vehicle,TX_ObjectCount,1,0
26.5928,5349,Vehicle,ChannelLoad,0.05976,0
26.5928,5349,Vehicle,ChannelLoad,0.05976,0
26.5928,5349,Vehicle,TX_Throughput,4560,0
26.5928,5349,Vehicle,TX_ObjectCount,0,0
26.5939,489,Vehicle,ChannelLoad,0.05496,0
26.5939,489,Vehicle,ChannelLoad,0.05496,0
26.5939,489,Vehicle,TX_Throughput,7760,0
26.5939,489,Vehicle,TX_ObjectCount,1,0
26.5953,8956,Vehicle,ChannelLoad,0.07624,0
26.5953,8956,Vehicle,ChannelLoad,0.07624,0
26.5953,8956,Vehicle,TX_Throughput,4560,0
26.5953,8956,Vehicle,TX_ObjectCount,0,0
26.596,8268,RSU,ChannelLoad,0.08808,0
26.596,8268,RSU,ChannelLoad,0.08808,0
26.596,8268,RSU,TX_Throughput,13680,0
26.596,8268,RSU,TX_ObjectCount,4,0
26.5961,3112,RSU,ChannelLoad,0.08296,0
26.5961,3112,RSU,ChannelLoad,0.08296,0
26.5961,3112,RSU,TX_Throughput,8080,0
26.5961,3112,RSU,TX_ObjectCount,2,0
26.5961,562,Vehicle,ChannelLoad,0.05216,0
26.5961,562,Vehicle,ChannelLoad,0.05216,0
26.5961,562,Vehicle,TX_Throughput,4560,0
26.5961,562,Vehicle,TX_ObjectCount,0,0
26.5976,6485,Vehicle,ChannelLoad,0.08136,0
26.5976,6485,Vehicle,ChannelLoad,0.08136,0
26.5976,6485,Vehicle,TX_Throughput,4560,0
26.5976,6485,Vehicle,TX_ObjectCount,0,0
26.5978,3186,RSU,ChannelLoad,0.0648,0
26.5978,3186,RSU,ChannelLoad,0.0648,0
26.5978,3186,RSU,TX_Throughput,5280,0
26.5978,3186,RSU,TX_ObjectCount,1,0
26.6009,7304,Vehicle,ChannelLoad,0.06232,0
26.6009,7304,Vehicle,ChannelLoad,0.06232,0
26.6009,7304,Vehicle,TX_Throughput,4560,0
26.6009,7304,Vehicle,TX_ObjectCount,0,0
26.602,639,Vehicle,ChannelLoad,0.0544,0
26.602,639,Vehicle,ChannelLoad,0.0544,0
26.602,639,Vehicle,TX_Throughput,4560,0
26.602,639,Vehicle,TX_ObjectCount,0,0
26.6028,5422,Vehicle,ChannelLoad,0.08016,0
26.6028,5422,Vehicle,ChannelLoad,0.08016,0
26.6028,5422,Vehicle,TX_Throughput,4560,0
26.6028,5422,Vehicle,TX_ObjectCount,0,0
26.6037,6558,RSU,ChannelLoad,0.07264,0
26.6037,6558,RSU,ChannelLoad,0.07264,0
26.6037,6558,RSU,TX_Throughput,2080,0
26.6037,6558,RSU,TX_ObjectCount,0,0
26.6047,29,RSU,ChannelLoad,0.0864,0
26.6047,29,RSU,ChannelLoad,0.0864,0
26.6047,29,RSU,TX_Throughput,2080,0
26.6047,29,RSU,TX_ObjectCount,0,0
26.609,4303,Vehicle,ChannelLoad,0.0596,0
26.609,4303,Vehicle,ChannelLoad,0.0596,0
26.609,4303,Vehicle,TX_Throughput,10560,0
26.609,4303,Vehicle,TX_ObjectCount,2,0
26.6104,1538,Vehicle,ChannelLoad,0.03944,0
26.6104,1538,Vehicle,ChannelLoad,0.03944,0
26.6104,1538,Vehicle,TX_Throughput,4560,0
26.6104,1538,Vehicle,TX_ObjectCount,0,0
26.6122,7377,Vehicle,ChannelLoad,0.05552,0
26.6122,7377,Vehicle,ChannelLoad,0.05552,0
26.6122,7377,Vehicle,TX_Throughput,4560,0
26.6122,7377,Vehicle,TX_ObjectCount,0,0
26.6131,5501,Vehicle,ChannelLoad,0.05584,0
26.6131,5501,Vehicle,ChannelLoad,0.05584,0
26.6131,5501,Vehicle,TX_Throughput,4560,0
26.6131,5501,Vehicle,TX_ObjectCount,0,0
26.6143,3260,Vehicle,ChannelLoad,0.06104,0
26.6143,3260,Vehicle,ChannelLoad,0.06104,0
26.6143,3260,Vehicle,TX_Throughput,4560,0
26.6143,3260,Vehicle,TX_ObjectCount,0,0
26.6144,3333,Vehicle,ChannelLoad,0.05576,0
26.6144,3333,Vehicle,ChannelLoad,0.05576,0
26.6144,3333,Vehicle,TX_Throughput,4560,0
26.6144,3333,Vehicle,TX_ObjectCount,0,0
26.6147,3406,Vehicle,ChannelLoad,0.04488,0
26.6147,3406,Vehicle,ChannelLoad,0.04488,0
26.6147,3406,Vehicle,TX_Throughput,4560,0
26.6147,3406,Vehicle,TX_ObjectCount,0,0
26.6154,2292,Vehicle,ChannelLoad,0.04544,0
26.6154,2292,Vehicle,ChannelLoad,0.04544,0
26.6154,2292,Vehicle,TX_Throughput,4560,0
26.6154,2292,Vehicle,TX_ObjectCount,0,0
26.6163,6634,RSU,ChannelLoad,0.05496,0
26.6163,6634,RSU,ChannelLoad,0.05496,0
26.6163,6634,RSU,TX_Throughput,2080,0
26.6163,6634,RSU,TX_ObjectCount,0,0
26.6166,1611,Vehicle,ChannelLoad,0.05112,0
26.6166,1611,Vehicle,ChannelLoad,0.05112,0
26.6166,1611,Vehicle,TX_Throughput,4560,0
26.6166,1611,Vehicle,TX_ObjectCount,0,0
26.6172,2365,Vehicle,ChannelLoad,0.0372,0
26.6172,2365,Vehicle,ChannelLoad,0.0372,0
26.6172,2365,Vehicle,TX_Throughput,4560,0
26.6172,2365,Vehicle,TX_ObjectCount,0,0
26.6182,8348,Vehicle,ChannelLoad,0.0412,0
26.6182,8348,Vehicle,ChannelLoad,0.0412,0
26.6182,8348,Vehicle,TX_Throughput,4560,0
26.6182,8348,Vehicle,TX_ObjectCount,0,0
26.6186,2440,Vehicle,ChannelLoad,0.0568,0
26.6186,2440,Vehicle,ChannelLoad,0.0568,0
26.6186,2440,Vehicle,TX_Throughput,4560,0
26.6186,2440,Vehicle,TX_ObjectCount,0,0
26.6187,718,Vehicle,ChannelLoad,0.07232,0
26.6187,718,Vehicle,ChannelLoad,0.07232,0
26.6187,718,Vehicle,TX_Throughput,4560,0
26.6187,718,Vehicle,TX_ObjectCount,0,0
26.6188,107,Vehicle,ChannelLoad,0.06808,0
26.6188,107,Vehicle,ChannelLoad,0.06808,0
26.6188,107,Vehicle,TX_Throughput,4560,0
26.6188,107,Vehicle,TX_ObjectCount,0,0
26.6201,182,RSU,ChannelLoad,0.09032,0
26.6201,182,RSU,ChannelLoad,0.09032,0
26.6201,182,RSU,TX_Throughput,10880,0
26.6201,182,RSU,TX_ObjectCount,3,0
26.6202,791,Vehicle,ChannelLoad,0.05232,0
26.6202,791,Vehicle,ChannelLoad,0.05232,0
26.6202,791,Vehicle,TX_Throughput,7760,0
26.6202,791,Vehicle,TX_ObjectCount,1,0
26.6206,6708,Vehicle,ChannelLoad,0.08432,0
26.6206,6708,Vehicle,ChannelLoad,0.08432,0
26.6206,6708,Vehicle,TX_Throughput,7760,0
26.6206,6708,Vehicle,TX_ObjectCount,1,0
26.6212,8421,Vehicle,ChannelLoad,0.08896,0
26.6212,8421,Vehicle,ChannelLoad,0.08896,0
26.6212,8421,Vehicle,TX_Throughput,10560,0
26.6212,8421,Vehicle,TX_ObjectCount,2,0
26.6218,4380,Vehicle,ChannelLoad,0.05192,0
26.6218,4380,Vehicle,ChannelLoad,0.05192,0
26.6218,4380,Vehicle,TX_Throughput,10560,0
26.6218,4380,Vehicle,TX_ObjectCount,2,0
26.6231,1688,RSU,ChannelLoad,0.06304,0
26.6231,1688,RSU,ChannelLoad,0.06304,0
26.6231,1688,RSU,TX_Throughput,5280,0
26.6231,1688,RSU,TX_ObjectCount,1,0
26.6235,5580,Vehicle,ChannelLoad,0.05576,0
26.6235,5580,Vehicle,ChannelLoad,0.05576,0
26.6235,5580,Vehicle,TX_Throughput,4560,0
26.6235,5580,Vehicle,TX_ObjectCount,0,0
26.6256,8494,Vehicle,ChannelLoad,0.05952,0
26.6256,8494,Vehicle,ChannelLoad,0.05952,0
26.6256,8494,Vehicle,TX_Throughput,10560,0
26.6256,8494,Vehicle,TX_ObjectCount,2,0
26.6289,4455,Vehicle,ChannelLoad,0.0848,0
26.6289,4455,Vehicle,ChannelLoad,0.0848,0
26.6289,4455,Vehicle,TX_Throughput,4560,0
26.6289,4455,Vehicle,TX_ObjectCount,0,0
26.6289,7452,RSU,ChannelLoad,0.09816,0
26.6289,7452,RSU,ChannelLoad,0.09816,0
26.6289,7452,RSU,TX_Throughput,10880,0
26.6289,7452,RSU,TX_ObjectCount,3,0
26.6318,866,Vehicle,ChannelLoad,0.106,0
26.6318,866,Vehicle,ChannelLoad,0.106,0
26.6318,866,Vehicle,TX_Throughput,4560,0
26.6318,866,Vehicle,TX_ObjectCount,0,0
26.6326,7526,Vehicle,ChannelLoad,0.0628,0
26.6326,7526,Vehicle,ChannelLoad,0.0628,0
26.6326,7526,Vehicle,TX_Throughput,4560,0
26.6326,7526,Vehicle,TX_ObjectCount,0,0
26.6333,3481,RSU,ChannelLoad,0.0832,0
26.6333,3481,RSU,ChannelLoad,0.0832,0
26.6333,3481,RSU,TX_Throughput,8080,0
26.6333,3481,RSU,TX_ObjectCount,2,0
26.6343,5655,Vehicle,ChannelLoad,0.0612,0
26.6343,5655,Vehicle,ChannelLoad,0.0612,0
26.6343,5655,Vehicle,TX_Throughput,7760,0
26.6343,5655,Vehicle,TX_ObjectCount,1,0
26.6351,5728,Vehicle,ChannelLoad,0.0624,0
26.6351,5728,Vehicle,ChannelLoad,0.0624,0
26.6351,5728,Vehicle,TX_Throughput,4560,0
26.6351,5728,Vehicle,TX_ObjectCount,0,0
26.6352,6781,RSU,ChannelLoad,0.0728,0
26.6352,6781,RSU,ChannelLoad,0.0728,0
26.6352,6781,RSU,TX_Throughput,5280,0
26.6352,6781,RSU,TX_ObjectCount,1,0
26.6361,7599,Vehicle,ChannelLoad,0.06248,0
26.6361,7599,Vehicle,ChannelLoad,0.06248,0
26.6361,7599,Vehicle,TX_Throughput,4560,0
26.6361,7599,Vehicle,TX_ObjectCount,0,0
26.6382,941,Vehicle,ChannelLoad,0.06408,0
26.6382,941,Vehicle,ChannelLoad,0.06408,0
26.6382,941,Vehicle,TX_Throughput,4560,0
26.6382,941,Vehicle,TX_ObjectCount,0,0
26.6389,5801,RSU,ChannelLoad,0.07272,0
26.6389,5801,RSU,ChannelLoad,0.07272,0
26.6389,5801,RSU,TX_Throughput,2080,0
26.6389,5801,RSU,TX_ObjectCount,0,0
26.6399,5875,Vehicle,ChannelLoad,0.06648,0
26.6399,5875,Vehicle,ChannelLoad,0.06648,0
26.6399,5875,Vehicle,TX_Throughput,4560,0
26.6399,5875,Vehicle,TX_ObjectCount,0,0
26.6414,7674,RSU,ChannelLoad,0.05656,0
26.6414,7674,RSU,ChannelLoad,0.05656,0
26.6414,7674,RSU,TX_Throughput,5280,0
26.6414,7674,RSU,TX_ObjectCount,1,0
26.6417,3561,Vehicle,ChannelLoad,0.04488,0
26.6417,3561,Vehicle,ChannelLoad,0.04488,0
26.6417,3561,Vehicle,TX_Throughput,4560,0
26.6417,3561,Vehicle,TX_ObjectCount,0,0
26.6423,7748,Vehicle,ChannelLoad,0.076,0
26.6423,7748,Vehicle,ChannelLoad,0.076,0
26.6423,7748,Vehicle,TX_Throughput,4560,0
26.6423,7748,Vehicle,TX_ObjectCount,0,0
26.6434,1016,Vehicle,ChannelLoad,0.04144,0
26.6434,1016,Vehicle,ChannelLoad,0.04144,0
26.6434,1016,Vehicle,TX_Throughput,4560,0
26.6434,1016,Vehicle,TX_ObjectCount,0,0
26.6464,1089,RSU,ChannelLoad,0.08856,0
26.6464,1089,RSU,ChannelLoad,0.08856,0
26.6464,1089,RSU,TX_Throughput,8080,0
26.6464,1089,RSU,TX_ObjectCount,2,0
26.6471,3634,RSU,ChannelLoad,0.08992,0
26.6471,3634,RSU,ChannelLoad,0.08992,0
26.6471,3634,RSU,TX_Throughput,5280,0
26.6471,3634,RSU,TX_ObjectCount,1,0
26.6472,5950,Vehicle,ChannelLoad,0.05488,0
26.6472,5950,Vehicle,ChannelLoad,0.05488,0
26.6472,5950,Vehicle,TX_Throughput,10560,0
26.6472,5950,Vehicle,TX_ObjectCount,2,0
26.6488,1764,RSU,ChannelLoad,0.1032,0
26.6488,1764,RSU,ChannelLoad,0.1032,0
26.6488,1764,RSU,TX_Throughput,8080,0
26.6488,1764,RSU,TX_ObjectCount,2,0
26.6492,3708,RSU,ChannelLoad,0.07008,0
26.6492,3708,RSU,ChannelLoad,0.07008,0
26.6492,3708,RSU,TX_Throughput,5280,0
26.6492,3708,RSU,TX_ObjectCount,1,0
26.6497,1163,Vehicle,ChannelLoad,0.04352,0
26.6497,1163,Vehicle,ChannelLoad,0.04352,0
26.6497,1163,Vehicle,TX_Throughput,4560,0
26.6497,1163,Vehicle,TX_ObjectCount,0,0
26.6499,3782,Vehicle,ChannelLoad,0.05592,0
26.6499,3782,Vehicle,ChannelLoad,0.05592,0
26.6499,3782,Vehicle,TX_Throughput,4560,0
26.6499,3782,Vehicle,TX_ObjectCount,0,0
26.6507,6859,Vehicle,ChannelLoad,0.03784,0
26.6507,6859,Vehicle,ChannelLoad,0.03784,0
26.6507,6859,Vehicle,TX_Throughput,7760,0
26.6507,6859,Vehicle,TX_ObjectCount,1,0
26.6512,3855,Vehicle,ChannelLoad,0.03952,0
26.6512,3855,Vehicle,ChannelLoad,0.03952,0
26.6512,3855,Vehicle,TX_Throughput,7760,0
26.6512,3855,Vehicle,TX_ObjectCount,1,0
26.6527,8575,RSU,ChannelLoad,0.09472,0
26.6527,8575,RSU,ChannelLoad,0.09472,0
26.6527,8575,RSU,TX_Throughput,13680,0
26.6527,8575,RSU,TX_ObjectCount,4,0
26.6528,4534,RSU,ChannelLoad,0.0696,0
26.6528,4534,RSU,ChannelLoad,0.0696,0
26.6528,4534,RSU,TX_Throughput,8080,0
26.6528,4534,RSU,TX_ObjectCount,2,0
26.6561,6932,RSU,ChannelLoad,0.06744,0
26.6561,6932,RSU,ChannelLoad,0.06744,0
26.6561,6932,RSU,TX_Throughput,5280,0
26.6561,6932,RSU,TX_ObjectCount,1,0
26.6572,8649,Vehicle,ChannelLoad,0.064,0
26.6572,8649,Vehicle,ChannelLoad,0.064,0
26.6572,8649,Vehicle,TX_Throughput,4560,0
26.6572,8649,Vehicle,TX_ObjectCount,0,0
26.6579,7825,Vehicle,ChannelLoad,0.06736,0
26.6579,7825,Vehicle,ChannelLoad,0.06736,0
26.6579,7825,Vehicle,TX_Throughput,4560,0
26.6579,7825,Vehicle,TX_ObjectCount,0,0
26.6586,7006,Vehicle,ChannelLoad,0.07808,0
26.6586,7006,Vehicle,ChannelLoad,0.07808,0
26.6586,7006,Vehicle,TX_Throughput,4560,0
26.6586,7006,Vehicle,TX_ObjectCount,0,0
26.6594,2523,Vehicle,ChannelLoad,0.0628,0
26.6594,2523,Vehicle,ChannelLoad,0.0628,0
26.6594,2523,Vehicle,TX_Throughput,4560,0
26.6594,2523,Vehicle,TX_ObjectCount,0,0
26.6595,2596,Vehicle,ChannelLoad,0.04464,0
26.6595,2596,Vehicle,ChannelLoad,0.04464,0
26.6595,2596,Vehicle,TX_Throughput,4560,0
26.6595,2596,Vehicle,TX_ObjectCount,0,0
26.6613,1238,Vehicle,ChannelLoad,0.06152,0
26.6613,1238,Vehicle,ChannelLoad,0.06152,0
26.6613,1238,Vehicle,TX_Throughput,4560,0
26.6613,1238,Vehicle,TX_ObjectCount,0,0
26.6615,3930,Vehicle,ChannelLoad,0.0592,0
26.6615,3930,Vehicle,ChannelLoad,0.0592,0
26.6615,3930,Vehicle,TX_Throughput,4560,0
26.6615,3930,Vehicle,TX_ObjectCount,0,0
26.6622,8724,RSU,ChannelLoad,0.10128,0
26.6622,8724,RSU,ChannelLoad,0.10128,0
26.6622,8724,RSU,TX_Throughput,10880,0
26.6622,8724,RSU,TX_ObjectCount,3,0
26.6637,2669,Vehicle,ChannelLoad,0.05824,0
26.6637,2669,Vehicle,ChannelLoad,0.05824,0
26.6637,2669,Vehicle,TX_Throughput,4560,0
26.6637,2669,Vehicle,TX_ObjectCount,0,0
26.6647,1842,RSU,ChannelLoad,0.0632,0
26.6647,1842,RSU,ChannelLoad,0.0632,0
26.6647,1842,RSU,TX_Throughput,8080,0
26.6647,1842,RSU,TX_ObjectCount,2,0
26.6649,1311,RSU,ChannelLoad,0.05128,0
26.6649,1311,RSU,ChannelLoad,0.05128,0
26.6649,1311,RSU,TX_Throughput,5280,0
26.6649,1311,RSU,TX_ObjectCount,1,0
26.6651,7898,Vehicle,ChannelLoad,0.08376,0
26.6651,7898,Vehicle,ChannelLoad,0.08376,0
26.6651,7898,Vehicle,TX_Throughput,4560,0
26.6651,7898,Vehicle,TX_ObjectCount,0,0
26.6652,4608,Vehicle,ChannelLoad,0.04128,0
26.6652,4608,Vehicle,ChannelLoad,0.04128,0
26.6652,4608,Vehicle,TX_Throughput,4560,0
26.6652,4608,Vehicle,TX_ObjectCount,0,0
26.6663,4003,Vehicle,ChannelLoad,0.0584,0
26.6663,4003,Vehicle,ChannelLoad,0.0584,0
26.6663,4003,Vehicle,TX_Throughput,4560,0
26.6663,4003,Vehicle,TX_ObjectCount,0,0
26.6666,4681,Vehicle,ChannelLoad,0.0732,0
26.6666,4681,Vehicle,ChannelLoad,0.0732,0
26.6666,4681,Vehicle,TX_Throughput,4560,0
26.6666,4681,Vehicle,TX_ObjectCount,0,0
26.6684,4756,Vehicle,ChannelLoad,0.05096,0
26.6684,4756,Vehicle,ChannelLoad,0.05096,0
26.6684,4756,Vehicle,TX_Throughput,4560,0
26.6684,4756,Vehicle,TX_ObjectCount,0,0
26.6687,4076,Vehicle,ChannelLoad,0.08336,0
26.6687,4076,Vehicle,ChannelLoad,0.08336,0
26.6687,4076,Vehicle,TX_Throughput,4560,0
26.6687,4076,Vehicle,TX_ObjectCount,0,0
26.6687,2744,Vehicle,ChannelLoad,0.05544,0
26.6687,2744,Vehicle,ChannelLoad,0.05544,0
26.6687,2744,Vehicle,TX_Throughput,7760,0
26.6687,2744,Vehicle,TX_ObjectCount,1,0
26.6696,4829,RSU,ChannelLoad,0.08496,0
26.6696,4829,RSU,ChannelLoad,0.08496,0
26.6696,4829,RSU,TX_Throughput,13680,0
26.6696,4829,RSU,TX_ObjectCount,4,0
26.6698,2817,RSU,ChannelLoad,0.06688,0
26.6698,2817,RSU,ChannelLoad,0.06688,0
26.6698,2817,RSU,TX_Throughput,2080,0
26.6698,2817,RSU,TX_ObjectCount,0,0
26.67,1918,RSU,ChannelLoad,0.10392,0
26.67,1918,RSU,ChannelLoad,0.10392,0
26.67,1918,RSU,TX_Throughput,8080,0
26.67,1918,RSU,TX_ObjectCount,2,0
26.67,7971,Vehicle,ChannelLoad,0.05824,0
26.67,7971,Vehicle,ChannelLoad,0.05824,0
26.67,7971,Vehicle,TX_Throughput,4560,0
26.67,7971,Vehicle,TX_ObjectCount,0,0
26.6701,8044,Vehicle,ChannelLoad,0.04776,0
26.6701,8044,Vehicle,ChannelLoad,0.04776,0
26.6701,8044,Vehicle,TX_Throughput,4560,0
26.6701,8044,Vehicle,TX_ObjectCount,0,0
26.6709,1385,Vehicle,ChannelLoad,0.06304,0
26.6709,1385,Vehicle,ChannelLoad,0.06304,0
26.6709,1385,Vehicle,TX_Throughput,4560,0
26.6709,1385,Vehicle,TX_ObjectCount,0,0
26.671,270,Vehicle,ChannelLoad,0.06272,0
26.671,270,Vehicle,ChannelLoad,0.06272,0
26.671,270,Vehicle,TX_Throughput,13360,0
26.671,270,Vehicle,TX_ObjectCount,3,0
26.6723,4905,RSU,ChannelLoad,0.09648,0
26.6723,4905,RSU,ChannelLoad,0.09648,0
26.6723,4905,RSU,TX_Throughput,8080,0
26.6723,4905,RSU,TX_ObjectCount,2,0
26.6727,1992,Vehicle,ChannelLoad,0.05,0
26.6727,1992,Vehicle,ChannelLoad,0.05,0
26.6727,1992,Vehicle,TX_Throughput,7760,0
26.6727,1992,Vehicle,TX_ObjectCount,1,0
26.6742,7079,Vehicle,ChannelLoad,0.05936,0
26.6742,7079,Vehicle,ChannelLoad,0.05936,0
26.6742,7079,Vehicle,TX_Throughput,4560,0
26.6742,7079,Vehicle,TX_ObjectCount,0,0
26.6747,4153,Vehicle,ChannelLoad,0.0608,0
26.6747,4153,Vehicle,ChannelLoad,0.0608,0
26.6747,4153,Vehicle,TX_Throughput,4560,0
26.6747,4153,Vehicle,TX_ObjectCount,0,0
26.6748,6043,Vehicle,ChannelLoad,0.0432,0
26.6748,6043,Vehicle,ChannelLoad,0.0432,0
26.6748,6043,Vehicle,TX_Throughput,4560,0
26.6748,6043,Vehicle,TX_ObjectCount,0,0
26.6759,4979,Vehicle,ChannelLoad,0.0884,0
26.6759,4979,Vehicle,ChannelLoad,0.0884,0
26.6759,4979,Vehicle,TX_Throughput,4560,0
26.6759,4979,Vehicle,TX_ObjectCount,0,0
26.6762,5052,RSU,ChannelLoad,0.06152,0
26.6762,5052,RSU,ChannelLoad,0.06152,0
26.6762,5052,RSU,TX_Throughput,2080,0
26.6762,5052,RSU,TX_ObjectCount,0,0
26.6777,2065,Vehicle,ChannelLoad,0.0516,0
26.6777,2065,Vehicle,ChannelLoad,0.0516,0
26.6777,2065,Vehicle,TX_Throughput,10560,0
26.6777,2065,Vehicle,TX_ObjectCount,2,0
26.6778,6116,RSU,ChannelLoad,0.0876,0
26.6778,6116,RSU,ChannelLoad,0.0876,0
26.6778,6116,RSU,TX_Throughput,2080,0
26.6778,6116,RSU,TX_ObjectCount,0,0
26.6782,7152,Vehicle,ChannelLoad,0.07752,0
26.6782,7152,Vehicle,ChannelLoad,0.07752,0
26.6782,7152,Vehicle,TX_Throughput,4560,0
26.6782,7152,Vehicle,TX_ObjectCount,0,0
26.6786,8808,Vehicle,ChannelLoad,0.05248,0
26.6786,8808,Vehicle,ChannelLoad,0.05248,0
26.6786,8808,Vehicle,TX_Throughput,4560,0
26.6786,8808,Vehicle,TX_ObjectCount,0,0
26.6801,6192,RSU,ChannelLoad,0.07296,0
26.6801,6192,RSU,ChannelLoad,0.07296,0
26.6801,6192,RSU,TX_Throughput,8080,0
26.6801,6192,RSU,TX_ObjectCount,2,0
26.6805,8119,Vehicle,ChannelLoad,0.0332,0
26.6805,8119,Vehicle,ChannelLoad,0.0332,0
26.6805,8119,Vehicle,TX_Throughput,7760,0
26.6805,8119,Vehicle,TX_ObjectCount,1,0
26.6805,7227,Vehicle,ChannelLoad,0.04192,0
26.6805,7227,Vehicle,ChannelLoad,0.04192,0
26.6805,7227,Vehicle,TX_Throughput,7760,0
26.6805,7227,Vehicle,TX_ObjectCount,1,0
26.6809,4230,Vehicle,ChannelLoad,0.06912,0
26.6809,4230,Vehicle,ChannelLoad,0.06912,0
26.6809,4230,Vehicle,TX_Throughput,7760,0
26.6809,4230,Vehicle,TX_ObjectCount,1,0
26.6818,6266,Vehicle,ChannelLoad,0.05168,0
26.6818,6266,Vehicle,ChannelLoad,0.05168,0
26.6818,6266,Vehicle,TX_Throughput,10560,0
26.6818,6266,Vehicle,TX_ObjectCount,2,0
26.6819,5126,Vehicle,ChannelLoad,0.05048,0
26.6819,5126,Vehicle,ChannelLoad,0.05048,0
26.6819,5126,Vehicle,TX_Throughput,7760,0
26.6819,5126,Vehicle,TX_ObjectCount,1,0
26.6831,343,Vehicle,ChannelLoad,0.0496,0
26.6831,343,Vehicle,ChannelLoad,0.0496,0
26.6831,343,Vehicle,TX_Throughput,10560,0
26.6831,343,Vehicle,TX_ObjectCount,2,0
26.6832,1458,RSU,ChannelLoad,0.0844,0
26.6832,1458,RSU,ChannelLoad,0.0844,0
26.6832,1458,RSU,TX_Throughput,5280,0
26.6832,1458,RSU,TX_ObjectCount,1,0
26.6834,2891,Vehicle,ChannelLoad,0.05016,0
26.6834,2891,Vehicle,ChannelLoad,0.05016,0
26.6834,2891,Vehicle,TX_Throughput,7760,0
26.6834,2891,Vehicle,TX_ObjectCount,1,0
26.6865,2966,Vehicle,ChannelLoad,0.06408,0
26.6865,2966,Vehicle,ChannelLoad,0.06408,0
26.6865,2966,Vehicle,TX_Throughput,4560,0
26.6865,2966,Vehicle,TX_ObjectCount,0,0
26.6865,5201,RSU,ChannelLoad,0.09288,0
26.6865,5201,RSU,ChannelLoad,0.09288,0
26.6865,5201,RSU,TX_Throughput,5280,0
26.6865,5201,RSU,TX_ObjectCount,1,0
26.6871,416,Vehicle,ChannelLoad,0.0388,0
26.6871,416,Vehicle,ChannelLoad,0.0388,0
26.6871,416,Vehicle,TX_Throughput,7760,0
26.6871,416,Vehicle,TX_ObjectCount,1,0
26.6884,8883,Vehicle,ChannelLoad,0.07376,0
26.6884,8883,Vehicle,ChannelLoad,0.07376,0
26.6884,8883,Vehicle,TX_Throughput,10560,0
26.6884,8883,Vehicle,TX_ObjectCount,2,0
26.6885,2140,RSU,ChannelLoad,0.09008,0
26.6885,2140,RSU,ChannelLoad,0.09008,0
26.6885,2140,RSU,TX_Throughput,8080,0
26.6885,2140,RSU,TX_ObjectCount,2,0
26.6887,6339,Vehicle,ChannelLoad,0.06696,0
26.6887,6339,Vehicle,ChannelLoad,0.06696,0
26.6887,6339,Vehicle,TX_Throughput,4560,0
26.6887,6339,Vehicle,TX_ObjectCount,0,0
26.6894,2214,RSU,ChannelLoad,0.06568,0
26.6894,2214,RSU,ChannelLoad,0.06568,0
26.6894,2214,RSU,TX_Throughput,13680,0
26.6894,2214,RSU,TX_ObjectCount,4,0
26.6916,8192,RSU,ChannelLoad,0.06192,0
26.6916,8192,RSU,ChannelLoad,0.06192,0
26.6916,8192,RSU,TX_Throughput,5280,0
26.6916,8192,RSU,TX_ObjectCount,1,0
26.692,5275,RSU,ChannelLoad,0.08624,0
26.692,5275,RSU,ChannelLoad,0.08624,0
26.692,5275,RSU,TX_Throughput,10880,0
26.692,5275,RSU,TX_ObjectCount,3,0
26.6925,6412,Vehicle,ChannelLoad,0.05896,0
26.6925,6412,Vehicle,ChannelLoad,0.05896,0
26.6925,6412,Vehicle,TX_Throughput,4560,0
26.6925,6412,Vehicle,TX_ObjectCount,0,0
26.6928,3039,Vehicle,ChannelLoad,0.07168,0
26.6928,3039,Vehicle,ChannelLoad,0.07168,0
26.6928,3039,Vehicle,TX_Throughput,7760,0
26.6928,3039,Vehicle,TX_ObjectCount,1,0
26.6928,5349,Vehicle,ChannelLoad,0.05424,0
26.6928,5349,Vehicle,ChannelLoad,0.05424,0
26.6928,5349,Vehicle,TX_Throughput,4560,0
26.6928,5349,Vehicle,TX_ObjectCount,0,0
26.6939,489,Vehicle,ChannelLoad,0.05432,0
26.6939,489,Vehicle,ChannelLoad,0.05432,0
26.6939,489,Vehicle,TX_Throughput,4560,0
26.6939,489,Vehicle,TX_ObjectCount,0,0
26.6953,8956,Vehicle,ChannelLoad,0.06376,0
26.6953,8956,Vehicle,ChannelLoad,0.06376,0
26.6953,8956,Vehicle,TX_Throughput,4560,0
26.6953,8956,Vehicle,TX_ObjectCount,0,0
26.696,8268,RSU,ChannelLoad,0.08512,0
26.696,8268,RSU,ChannelLoad,0.08512,0
26.696,8268,RSU,TX_Throughput,2080,0
26.696,8268,RSU,TX_ObjectCount,0,0
26.6961,3112,RSU,ChannelLoad,0.092,0
26.6961,3112,RSU,ChannelLoad,0.092,0
26.6961,3112,RSU,TX_Throughput,8080,0
26.6961,3112,RSU,TX_ObjectCount,2,0
26.6961,562,Vehicle,ChannelLoad,0.05776,0
26.6961,562,Vehicle,ChannelLoad,0.05776,0
26.6961,562,Vehicle,TX_Throughput,4560,0
26.6961,562,Vehicle,TX_ObjectCount,0,0
26.6976,6485,Vehicle,ChannelLoad,0.0992,0
26.6976,6485,Vehicle,ChannelLoad,0.0992,0
26.6976,6485,Vehicle,TX_Throughput,4560,0
26.6976,6485,Vehicle,TX_ObjectCount,0,0
26.6978,3186,RSU,ChannelLoad,0.05984,0
26.6978,3186,RSU,ChannelLoad,0.05984,0
26.6978,3186,RSU,TX_Throughput,2080,0
26.6978,3186,RSU,TX_ObjectCount,0,0
26.7009,7304,Vehicle,ChannelLoad,0.05232,0
26.7009,7304,Vehicle,ChannelLoad,0.05232,0
26.7009,7304,Vehicle,TX_Throughput,7760,0
26.7009,7304,Vehicle,TX_ObjectCount,1,0
26.702,639,Vehicle,ChannelLoad,0.0564,0
26.702,639,Vehicle,ChannelLoad,0.0564,0
26.702,639,Vehicle,TX_Throughput,4560,0
26.702,639,Vehicle,TX_ObjectCount,0,0
26.7028,5422,Vehicle,ChannelLoad,0.06848,0
26.7028,5422,Vehicle,ChannelLoad,0.06848,0
26.7028,5422,Vehicle,TX_Throughput,4560,0
26.7028,5422,Vehicle,TX_ObjectCount,0,0
26.7037,6558,RSU,ChannelLoad,0.07856,0
26.7037,6558,RSU,ChannelLoad,0.07856,0
26.7037,6558,RSU,TX_Throughput,5280,0
26.7037,6558,RSU,TX_ObjectCount,1,0
26.7047,29,RSU,ChannelLoad,0.06864,0
26.7047,29,RSU,ChannelLoad,0.06864,0
26.7047,29,RSU,TX_Throughput,10880,0
26.7047,29,RSU,TX_ObjectCount,3,0
26.709,4303,Vehicle,ChannelLoad,0.05472,0
26.709,4303,Vehicle,ChannelLoad,0.05472,0
26.709,4303,Vehicle,TX_Throughput,10560,0
26.709,4303,Vehicle,TX_ObjectCount,2,0
26.7104,1538,Vehicle,ChannelLoad,0.04384,0
26.7104,1538,Vehicle,ChannelLoad,0.04384,0
26.7104,1538,Vehicle,TX_Throughput,10560,0
26.7104,1538,Vehicle,TX_ObjectCount,2,0
26.7122,7377,Vehicle,ChannelLoad,0.06416,0
26.7122,7377,Vehicle,ChannelLoad,0.06416,0
26.7122,7377,Vehicle,TX_Throughput,7760,0
26.7122,7377,Vehicle,TX_ObjectCount,1,0
26.7131,5501,Vehicle,ChannelLoad,0.05824,0
26.7131,5501,Vehicle,ChannelLoad,0.05824,0
26.7131,5501,Vehicle,TX_Throughput,4560,0
26.7131,5501,Vehicle,TX_ObjectCount,0,0
26.7143,3260,Vehicle,ChannelLoad,0.05536,0
26.7143,3260,Vehicle,ChannelLoad,0.05536,0
26.7143,3260,Vehicle,TX_Throughput,7760,0
26.7143,3260,Vehicle,TX_ObjectCount,1,0
26.7144,3333,Vehicle,ChannelLoad,0.05088,0
26.7144,3333,Vehicle,ChannelLoad,0.05088,0
26.7144,3333,Vehicle,TX_Throughput,4560,0
26.7144,3333,Vehicle,TX_ObjectCount,0,0
26.7147,3406,Vehicle,ChannelLoad,0.03848,0
26.7147,3406,Vehicle,ChannelLoad,0.03848,0
26.7147,3406,Vehicle,TX_Throughput,4560,0
26.7147,3406,Vehicle,TX_ObjectCount,0,0
26.7154,2292,Vehicle,ChannelLoad,0.0368,0
26.7154,2292,Vehicle,ChannelLoad,0.0368,0
26.7154,2292,Vehicle,TX_Throughput,4560,0
26.7154,2292,Vehicle,TX_ObjectCount,0,0
26.7163,6634,RSU,ChannelLoad,0.05384,0
26.7163,6634,RSU,ChannelLoad,0.05384,0
26.7163,6634,RSU,TX_Throughput,2080,0
26.7163,6634,RSU,TX_ObjectCount,0,0
26.7166,1611,Vehicle,ChannelLoad,0.04472,0
26.7166,1611,Vehicle,ChannelLoad,0.04472,0
26.7166,1611,Vehicle,TX_Throughput,4560,0
26.7166,1611,Vehicle,TX_ObjectCount,0,0
26.7172,2365,Vehicle,ChannelLoad,0.04008,0
26.7172,2365,Vehicle,ChannelLoad,0.04008,0
26.7172,2365,Vehicle,TX_Throughput,10560,0
26.7172,2365,Vehicle,TX_ObjectCount,2,0
26.7182,8348,Vehicle,ChannelLoad,0.04408,0
26.7182,8348,Vehicle,ChannelLoad,0.04408,0
26.7182,8348,Vehicle,TX_Throughput,4560,0
26.7182,8348,Vehicle,TX_ObjectCount,0,0
26.7186,2440,Vehicle,ChannelLoad,0.06856,0
26.7186,2440,Vehicle,ChannelLoad,0.06856,0
26.7186,2440,Vehicle,TX_Throughput,4560,0
26.7186,2440,Vehicle,TX_ObjectCount,0,0
26.7187,718,Vehicle,ChannelLoad,0.06184,0
26.7187,718,Vehicle,ChannelLoad,0.06184,0
26.7187,718,Vehicle,TX_Throughput,7760,0
26.7187,718,Vehicle,TX_ObjectCount,1,0
26.7188,107,Vehicle,ChannelLoad,0.06456,0
26.7188,107,Vehicle,ChannelLoad,0.06456,0
26.7188,107,Vehicle,TX_Throughput,4560,0
26.7188,107,Vehicle,TX_ObjectCount,0,0
26.7201,182,RSU,ChannelLoad,0.09272,0
26.7201,182,RSU,ChannelLoad,0.09272,0
26.7201,182,RSU,TX_Throughput,10880,0
26.7201,182,RSU,TX_ObjectCount,3,0
26.7202,791,Vehicle,ChannelLoad,0.07568,0
26.7202,791,Vehicle,ChannelLoad,0.07568,0
26.7202,791,Vehicle,TX_Throughput,4560,0
26.7202,791,Vehicle,TX_ObjectCount,0,0
26.7206,6708,Vehicle,ChannelLoad,0.07952,0
26.7206,6708,Vehicle,ChannelLoad,0.07952,0
26.7206,6708,Vehicle,TX_Throughput,7760,0
26.7206,6708,Vehicle,TX_ObjectCount,1,0
26.7212,8421,Vehicle,ChannelLoad,0.07064,0
26.7212,8421,Vehicle,ChannelLoad,0.07064,0
26.7212,8421,Vehicle,TX_Throughput,4560,0
26.7212,8421,Vehicle,TX_ObjectCount,0,0
26.7218,4380,Vehicle,ChannelLoad,0.06616,0
26.7218,4380,Vehicle,ChannelLoad,0.06616,0
26.7218,4380,Vehicle,TX_Throughput,4560,0
26.7218,4380,Vehicle,TX_ObjectCount,0,0
26.7231,1688,RSU,ChannelLoad,0.05888,0
26.7231,1688,RSU,ChannelLoad,0.05888,0
26.7231,1688,RSU,TX_Throughput,5280,0
26.7231,1688,RSU,TX_ObjectCount,1,0
26.7235,5580,Vehicle,ChannelLoad,0.06632,0
26.7235,5580,Vehicle,ChannelLoad,0.06632,0
26.7235,5580,Vehicle,TX_Throughput,4560,0
26.7235,5580,Vehicle,TX_ObjectCount,0,0
26.7256,8494,Vehicle,ChannelLoad,0.07176,0
26.7256,8494,Vehicle,ChannelLoad,0.07176,0
26.7256,8494,Vehicle,TX_Throughput,4560,0
26.7256,8494,Vehicle,TX_ObjectCount,0,0
26.7289,4455,Vehicle,ChannelLoad,0.08112,0
26.7289,4455,Vehicle,ChannelLoad,0.08112,0
26.7289,4455,Vehicle,TX_Throughput,7760,0
26.7289,4455,Vehicle,TX_ObjectCount,1,0
26.7289,7452,RSU,ChannelLoad,0.08688,0
26.7289,7452,RSU,ChannelLoad,0.08688,0
26.7289,7452,RSU,TX_Throughput,5280,0
26.7289,7452,RSU,TX_ObjectCount,1,0
26.7318,866,Vehicle,ChannelLoad,0.08408,0
26.7318,866,Vehicle,ChannelLoad,0.08408,0
26.7318,866,Vehicle,TX_Throughput,4560,0
26.7318,866,Vehicle,TX_ObjectCount,0,0
26.7326,7526,Vehicle,ChannelLoad,0.05704,0
26.7326,7526,Vehicle,ChannelLoad,0.05704,0
26.7326,7526,Vehicle,TX_Throughput,7760,0
26.7326,7526,Vehicle,TX_ObjectCount,1,0
26.7333,3481,RSU,ChannelLoad,0.07272,0
26.7333,3481,RSU,ChannelLoad,0.07272,0
26.7333,3481,RSU,TX_Throughput,5280,0
26.7333,3481,RSU,TX_ObjectCount,1,0
26.7343,5655,Vehicle,ChannelLoad,0.0744,0
26.7343,5655,Vehicle,ChannelLoad,0.0744,0
26.7343,5655,Vehicle,TX_Throughput,4560,0
26.7343,5655,Vehicle,TX_ObjectCount,0,0
26.7351,5728,Vehicle,ChannelLoad,0.04,0
26.7351,5728,Vehicle,ChannelLoad,0.04,0
26.7351,5728,Vehicle,TX_Throughput,7760,0
26.7351,5728,Vehicle,TX_ObjectCount,1,0
26.7352,6781,RSU,ChannelLoad,0.06672,0
26.7352,6781,RSU,ChannelLoad,0.06672,0
26.7352,6781,RSU,TX_Throughput,10880,0
26.7352,6781,RSU,TX_ObjectCount,3,0
26.7382,941,Vehicle,ChannelLoad,0.04832,0
26.7382,941,Vehicle,ChannelLoad,0.04832,0
26.7382,941,Vehicle,TX_Throughput,4560,0
26.7382,941,Vehicle,TX_ObjectCount,0,0
26.7389,5801,RSU,ChannelLoad,0.05944,0
26.7389,5801,RSU,ChannelLoad,0.05944,0
26.7389,5801,RSU,TX_Throughput,5280,0
26.7389,5801,RSU,TX_ObjectCount,1,0
26.7399,5875,Vehicle,ChannelLoad,0.05816,0
26.7399,5875,Vehicle,ChannelLoad,0.05816,0
26.7399,5875,Vehicle,TX_Throughput,4560,0
26.7399,5875,Vehicle,TX_ObjectCount,0,0
26.7414,7674,RSU,ChannelLoad,0.06296,0
26.7414,7674,RSU,ChannelLoad,0.06296,0
26.7414,7674,RSU,TX_Throughput,5280,0
26.7414,7674,RSU,TX_ObjectCount,1,0
26.7417,3561,Vehicle,ChannelLoad,0.03768,0
26.7417,3561,Vehicle,ChannelLoad,0.03768,0
26.7417,3561,Vehicle,TX_Throughput,4560,0
26.7417,3561,Vehicle,TX_ObjectCount,0,0
26.7423,7748,Vehicle,ChannelLoad,0.06272,0
26.7423,7748,Vehicle,ChannelLoad,0.06272,0
26.7423,7748,Vehicle,TX_Throughput,4560,0
26.7423,7748,Vehicle,TX_ObjectCount,0,0
26.7434,1016,Vehicle,ChannelLoad,0.03656,0
26.7434,1016,Vehicle,ChannelLoad,0.03656,0
26.7434,1016,Vehicle,TX_Throughput,4560,0
26.7434,1016,Vehicle,TX_ObjectCount,0,0
26.7464,1089,RSU,ChannelLoad,0.08088,0
26.7464,1089,RSU,ChannelLoad,0.08088,0
26.7464,1089,RSU,TX_Throughput,13680,0
26.7464,1089,RSU,TX_ObjectCount,4,0
26.7471,3634,RSU,ChannelLoad,0.07512,0
26.7471,3634,RSU,ChannelLoad,0.07512,0
26.7471,3634,RSU,TX_Throughput,13680,0
26.7471,3634,RSU,TX_ObjectCount,4,0
26.7472,5950,Vehicle,ChannelLoad,0.06272,0
26.7472,5950,Vehicle,ChannelLoad,0.06272,0
26.7472,5950,Vehicle,TX_Throughput,7760,0
26.7472,5950,Vehicle,TX_ObjectCount,1,0
26.7488,1764,RSU,ChannelLoad,0.11328,0
26.7488,1764,RSU,ChannelLoad,0.11328,0
26.7488,1764,RSU,TX_Throughput,5280,0
26.7488,1764,RSU,TX_ObjectCount,1,0
26.7492,3708,RSU,ChannelLoad,0.05336,0
26.7492,3708,RSU,ChannelLoad,0.05336,0
26.7492,3708,RSU,TX_Throughput,5280,0
26.7492,3708,RSU,TX_ObjectCount,1,0
26.7497,1163,Vehicle,ChannelLoad,0.04712,0
26.7497,1163,Vehicle,ChannelLoad,0.04712,0
26.7497,1163,Vehicle,TX_Throughput,4560,0
26.7497,1163,Vehicle,TX_ObjectCount,0,0
26.7499,3782,Vehicle,ChannelLoad,0.05456,0
26.7499,3782,Vehicle,ChannelLoad,0.05456,0
26.7499,3782,Vehicle,TX_Throughput,7760,0
26.7499,3782,Vehicle,TX_ObjectCount,1,0
26.7507,6859,Vehicle,ChannelLoad,0.03616,0
26.7507,6859,Vehicle,ChannelLoad,0.03616,0
26.7507,6859,Vehicle,TX_Throughput,4560,0
26.7507,6859,Vehicle,TX_ObjectCount,0,0
26.7512,3855,Vehicle,ChannelLoad,0.03528,0
26.7512,3855,Vehicle,ChannelLoad,0.03528,0
26.7512,3855,Vehicle,TX_Throughput,7760,0
26.7512,3855,Vehicle,TX_ObjectCount,1,0
26.7527,8575,RSU,ChannelLoad,0.09088,0
26.7527,8575,RSU,ChannelLoad,0.09088,0
26.7527,8575,RSU,TX_Throughput,5280,0
26.7527,8575,RSU,TX_ObjectCount,1,0
26.7528,4534,RSU,ChannelLoad,0.09112,0
26.7528,4534,RSU,ChannelLoad,0.09112,0
26.7528,4534,RSU,TX_Throughput,8080,0
26.7528,4534,RSU,TX_ObjectCount,2,0
26.7561,6932,RSU,ChannelLoad,0.0688,0
26.7561,6932,RSU,ChannelLoad,0.0688,0
26.7561,6932,RSU,TX_Throughput,8080,0
26.7561,6932,RSU,TX_ObjectCount,2,0
26.7572,8649,Vehicle,ChannelLoad,0.05768,0
26.7572,8649,Vehicle,ChannelLoad,0.05768,0
26.7572,8649,Vehicle,TX_Throughput,4560,0
26.7572,8649,Vehicle,TX_ObjectCount,0,0
26.7579,7825,Vehicle,ChannelLoad,0.04232,0
26.7579,7825,Vehicle,ChannelLoad,0.04232,0
26.7579,7825,Vehicle,TX_Throughput,4560,0
26.7579,7825,Vehicle,TX_ObjectCount,0,0
26.7586,7006,Vehicle,ChannelLoad,0.06376,0
26.7586,7006,Vehicle,ChannelLoad,0.06376,0
26.7586,7006,Vehicle,TX_Throughput,4560,0
26.7586,7006,Vehicle,TX_ObjectCount,0,0
26.7594,2523,Vehicle,ChannelLoad,0.0612,0
26.7594,2523,Vehicle,ChannelLoad,0.0612,0
26.7594,2523,Vehicle,TX_Throughput,4560,0
26.7594,2523,Vehicle,TX_ObjectCount,0,0
26.7595,2596,Vehicle,ChannelLoad,0.03032,0
26.7595,2596,Vehicle,ChannelLoad,0.03032,0
26.7595,2596,Vehicle,TX_Throughput,7760,0
26.7595,2596,Vehicle,TX_ObjectCount,1,0
26.7613,1238,Vehicle,ChannelLoad,0.08416,0
26.7613,1238,Vehicle,ChannelLoad,0.08416,0
26.7613,1238,Vehicle,TX_Throughput,4560,0
26.7613,1238,Vehicle,TX_ObjectCount,0,0
26.7615,3930,Vehicle,ChannelLoad,0.07248,0
26.7615,3930,Vehicle,ChannelLoad,0.07248,0
26.7615,3930,Vehicle,TX_Throughput,4560,0
26.7615,3930,Vehicle,TX_ObjectCount,0,0
26.7622,8724,RSU,ChannelLoad,0.10152,0
26.7622,8724,RSU,ChannelLoad,0.10152,0
26.7622,8724,RSU,TX_Throughput,5280,0
26.7622,8724,RSU,TX_ObjectCount,1,0
26.7637,2669,Vehicle,ChannelLoad,0.0556,0
26.7637,2669,Vehicle,ChannelLoad,0.0556,0
26.7637,2669,Vehicle,TX_Throughput,4560,0
26.7637,2669,Vehicle,TX_ObjectCount,0,0
26.7647,1842,RSU,ChannelLoad,0.05336,0
26.7647,1842,RSU,ChannelLoad,0.05336,0
26.7647,1842,RSU,TX_Throughput,5280,0
26.7647,1842,RSU,TX_ObjectCount,1,0
26.7649,1311,RSU,ChannelLoad,0.05256,0
26.7649,1311,RSU,ChannelLoad,0.05256,0
26.7649,1311,RSU,TX_Throughput,5280,0
26.7649,1311,RSU,TX_ObjectCount,1,0
26.7651,7898,Vehicle,ChannelLoad,0.07152,0
26.7651,7898,Vehicle,ChannelLoad,0.07152,0
26.7651,7898,Vehicle,TX_Throughput,4560,0
26.7651,7898,Vehicle,TX_ObjectCount,0,0
26.7652,4608,Vehicle,ChannelLoad,0.04184,0
26.7652,4608,Vehicle,ChannelLoad,0.04184,0
26.7652,4608,Vehicle,TX_Throughput,4560,0
26.7652,4608,Vehicle,TX_ObjectCount,0,0
26.7663,4003,Vehicle,ChannelLoad,0.05248,0
26.7663,4003,Vehicle,ChannelLoad,0.05248,0
26.7663,4003,Vehicle,TX_Throughput,4560,0
26.7663,4003,Vehicle,TX_ObjectCount,0,0
26.7666,4681,Vehicle,ChannelLoad,0.06688,0
26.7666,4681,Vehicle,ChannelLoad,0.06688,0
26.7666,4681,Vehicle,TX_Throughput,7760,0
26.7666,4681,Vehicle,TX_ObjectCount,1,0
26.7684,4756,Vehicle,ChannelLoad,0.04464,0
26.7684,4756,Vehicle,ChannelLoad,0.04464,0
26.7684,4756,Vehicle,TX_Throughput,7760,0
26.7684,4756,Vehicle,TX_ObjectCount,1,0
26.7687,4076,Vehicle,ChannelLoad,0.08024,0
26.7687,4076,Vehicle,ChannelLoad,0.08024,0
26.7687,4076,Vehicle,TX_Throughput,7760,0
26.7687,4076,Vehicle,TX_ObjectCount,1,0
26.7687,2744,Vehicle,ChannelLoad,0.06632,0
26.7687,2744,Vehicle,ChannelLoad,0.06632,0
26.7687,2744,Vehicle,TX_Throughput,7760,0
26.7687,2744,Vehicle,TX_ObjectCount,1,0
26.7696,4829,RSU,ChannelLoad,0.08864,0
26.7696,4829,RSU,ChannelLoad,0.08864,0
26.7696,4829,RSU,TX_Throughput,8080,0
26.7696,4829,RSU,TX_ObjectCount,2,0
26.7698,2817,RSU,ChannelLoad,0.07488,0
26.7698,2817,RSU,ChannelLoad,0.07488,0
26.7698,2817,RSU,TX_Throughput,5280,0
26.7698,2817,RSU,TX_ObjectCount,1,0
26.77,1918,RSU,ChannelLoad,0.11912,0
26.77,1918,RSU,ChannelLoad,0.11912,0
26.77,1918,RSU,TX_Throughput,8080,0
26.77,1918,RSU,TX_ObjectCount,2,0
26.77,7971,Vehicle,ChannelLoad,0.05832,0
26.77,7971,Vehicle,ChannelLoad,0.05832,0
26.77,7971,Vehicle,TX_Throughput,7760,0
26.77,7971,Vehicle,TX_ObjectCount,1,0
26.7701,8044,Vehicle,ChannelLoad,0.06632,0
26.7701,8044,Vehicle,ChannelLoad,0.06632,0
26.7701,8044,Vehicle,TX_Throughput,7760,0
26.7701,8044,Vehicle,TX_ObjectCount,1,0
26.7709,1385,Vehicle,ChannelLoad,0.07272,0
26.7709,1385,Vehicle,ChannelLoad,0.07272,0
26.7709,1385,Vehicle,TX_Throughput,7760,0
26.7709,1385,Vehicle,TX_ObjectCount,1,0
26.771,270,Vehicle,ChannelLoad,0.05952,0
26.771,270,Vehicle,ChannelLoad,0.05952,0
26.771,270,Vehicle,TX_Throughput,13360,0
26.771,270,Vehicle,TX_ObjectCount,3,0
26.7723,4905,RSU,ChannelLoad,0.10888,0
26.7723,4905,RSU,ChannelLoad,0.10888,0
26.7723,4905,RSU,TX_Throughput,5280,0
26.7723,4905,RSU,TX_ObjectCount,1,0
26.7727,1992,Vehicle,ChannelLoad,0.04912,0
26.7727,1992,Vehicle,ChannelLoad,0.04912,0
26.7727,1992,Vehicle,TX_Throughput,7760,0
26.7727,1992,Vehicle,TX_ObjectCount,1,0
26.7742,7079,Vehicle,ChannelLoad,0.04704,0
26.7742,7079,Vehicle,ChannelLoad,0.04704,0
26.7742,7079,Vehicle,TX_Throughput,7760,0
26.7742,7079,Vehicle,TX_ObjectCount,1,0
26.7747,4153,Vehicle,ChannelLoad,0.05928,0
26.7747,4153,Vehicle,ChannelLoad,0.05928,0
26.7747,4153,Vehicle,TX_Throughput,4560,0
26.7747,4153,Vehicle,TX_ObjectCount,0,0
26.7748,6043,Vehicle,ChannelLoad,0.03888,0
26.7748,6043,Vehicle,ChannelLoad,0.03888,0
26.7748,6043,Vehicle,TX_Throughput,4560,0
26.7748,6043,Vehicle,TX_ObjectCount,0,0
26.7759,4979,Vehicle,ChannelLoad,0.07552,0
26.7759,4979,Vehicle,ChannelLoad,0.07552,0
26.7759,4979,Vehicle,TX_Throughput,4560,0
26.7759,4979,Vehicle,TX_ObjectCount,0,0
26.7762,5052,RSU,ChannelLoad,0.0664,0
26.7762,5052,RSU,ChannelLoad,0.0664,0
26.7762,5052,RSU,TX_Throughput,8080,0
26.7762,5052,RSU,TX_ObjectCount,2,0
26.7777,2065,Vehicle,ChannelLoad,0.06592,0
26.7777,2065,Vehicle,ChannelLoad,0.06592,0
26.7777,2065,Vehicle,TX_Throughput,4560,0
26.7777,2065,Vehicle,TX_ObjectCount,0,0
26.7778,6116,RSU,ChannelLoad,0.12776,0
26.7778,6116,RSU,ChannelLoad,0.12776,0
26.7778,6116,RSU,TX_Throughput,10880,0
26.7778,6116,RSU,TX_ObjectCount,3,0
26.7782,7152,Vehicle,ChannelLoad,0.08008,0
26.7782,7152,Vehicle,ChannelLoad,0.08008,0
26.7782,7152,Vehicle,TX_Throughput,7760,0
26.7782,7152,Vehicle,TX_ObjectCount,1,0
26.7786,8808,Vehicle,ChannelLoad,0.0672,0
26.7786,8808,Vehicle,ChannelLoad,0.0672,0
26.7786,8808,Vehicle,TX_Throughput,4560,0
26.7786,8808,Vehicle,TX_ObjectCount,0,0
26.7801,6192,RSU,ChannelLoad,0.0796,0
26.7801,6192,RSU,ChannelLoad,0.0796,0
26.7801,6192,RSU,TX_Throughput,8080,0
26.7801,6192,RSU,TX_ObjectCount,2,0
26.7805,8119,Vehicle,ChannelLoad,0.03592,0
26.7805,8119,Vehicle,ChannelLoad,0.03592,0
26.7805,8119,Vehicle,TX_Throughput,4560,0
26.7805,8119,Vehicle,TX_ObjectCount,0,0
26.7805,7227,Vehicle,ChannelLoad,0.0544,0
26.7805,7227,Vehicle,ChannelLoad,0.0544,0
26.7805,7227,Vehicle,TX_Throughput,4560,0
26.7805,7227,Vehicle,TX_ObjectCount,0,0
26.7809,4230,Vehicle,ChannelLoad,0.09568,0
26.7809,4230,Vehicle,ChannelLoad,0.09568,0
26.7809,4230,Vehicle,TX_Throughput,7760,0
26.7809,4230,Vehicle,TX_ObjectCount,1,0
26.7818,6266,Vehicle,ChannelLoad,0.06448,0
26.7818,6266,Vehicle,ChannelLoad,0.06448,0
26.7818,6266,Vehicle,TX_Throughput,4560,0
26.7818,6266,Vehicle,TX_ObjectCount,0,0
26.7819,5126,Vehicle,ChannelLoad,0.05616,0
26.7819,5126,Vehicle,ChannelLoad,0.05616,0
26.7819,5126,Vehicle,TX_Throughput,4560,0
26.7819,5126,Vehicle,TX_ObjectCount,0,0
26.7831,343,Vehicle,ChannelLoad,0.05904,0
26.7831,343,Vehicle,ChannelLoad,0.05904,0
26.7831,343,Vehicle,TX_Throughput,7760,0
26.7831,343,Vehicle,TX_ObjectCount,1,0
26.7832,1458,RSU,ChannelLoad,0.10264,0
26.7832,1458,RSU,ChannelLoad,0.10264,0
26.7832,1458,RSU,TX_Throughput,5280,0
26.7832,1458,RSU,TX_ObjectCount,1,0
26.7834,2891,Vehicle,ChannelLoad,0.06624,0
26.7834,2891,Vehicle,ChannelLoad,0.06624,0
26.7834,2891,Vehicle,TX_Throughput,4560,0
26.7834,2891,Vehicle,TX_ObjectCount,0,0
26.7865,2966,Vehicle,ChannelLoad,0.08744,0
26.7865,2966,Vehicle,ChannelLoad,0.08744,0
26.7865,2966,Vehicle,TX_Throughput,4560,0
26.7865,2966,Vehicle,TX_ObjectCount,0,0
26.7865,5201,RSU,ChannelLoad,0.10672,0
26.7865,5201,RSU,ChannelLoad,0.10672,0
26.7865,5201,RSU,TX_Throughput,5280,0
26.7865,5201,RSU,TX_ObjectCount,1,0
26.7871,416,Vehicle,ChannelLoad,0.06296,0
26.7871,416,Vehicle,ChannelLoad,0.06296,0
26.7871,416,Vehicle,TX_Throughput,7760,0
26.7871,416,Vehicle,TX_ObjectCount,1,0
26.7884,8883,Vehicle,ChannelLoad,0.05448,0
26.7884,8883,Vehicle,ChannelLoad,0.05448,0
26.7884,8883,Vehicle,TX_Throughput,7760,0
26.7884,8883,Vehicle,TX_ObjectCount,1,0
26.7885,2140,RSU,ChannelLoad,0.1004,0
26.7885,2140,RSU,ChannelLoad,0.1004,0
26.7885,2140,RSU,TX_Throughput,10880,0
26.7885,2140,RSU,TX_ObjectCount,3,0
26.7887,6339,Vehicle,ChannelLoad,0.06816,0
26.7887,6339,Vehicle,ChannelLoad,0.06816,0
26.7887,6339,Vehicle,TX_Throughput,4560,0
26.7887,6339,Vehicle,TX_ObjectCount,0,0
26.7894,2214,RSU,ChannelLoad,0.06744,0
26.7894,2214,RSU,ChannelLoad,0.06744,0
26.7894,2214,RSU,TX_Throughput,5280,0
26.7894,2214,RSU,TX_ObjectCount,1,0
26.7916,8192,RSU,ChannelLoad,0.07576,0
26.7916,8192,RSU,ChannelLoad,0.07576,0
26.7916,8192,RSU,TX_Throughput,5280,0
26.7916,8192,RSU,TX_ObjectCount,1,0
26.792,5275,RSU,ChannelLoad,0.10536,0
26.792,5275,RSU,ChannelLoad,0.10536,0
26.792,5275,RSU,TX_Throughput,10880,0
26.792,5275,RSU,TX_ObjectCount,3,0
26.7925,6412,Vehicle,ChannelLoad,0.07088,0
26.7925,6412,Vehicle,ChannelLoad,0.07088,0
26.7925,6412,Vehicle,TX_Throughput,10560,0
26.7925,6412,Vehicle,TX_ObjectCount,2,0
26.7928,3039,Vehicle,ChannelLoad,0.06064,0
26.7928,3039,Vehicle,ChannelLoad,0.06064,0
26.7928,3039,Vehicle,TX_Throughput,7760,0
26.7928,3039,Vehicle,TX_ObjectCount,1,0
26.7928,5349,Vehicle,ChannelLoad,0.0592,0
26.7928,5349,Vehicle,ChannelLoad,0.0592,0
26.7928,5349,Vehicle,TX_Throughput,4560,0
26.7928,5349,Vehicle,TX_ObjectCount,0,0
26.7939,489,Vehicle,ChannelLoad,0.04944,0
26.7939,489,Vehicle,ChannelLoad,0.04944,0
26.7939,489,Vehicle,TX_Throughput,7760,0
26.7939,489,Vehicle,TX_ObjectCount,1,0
26.7953,8956,Vehicle,ChannelLoad,0.056,0
26.7953,8956,Vehicle,ChannelLoad,0.056,0
26.7953,8956,Vehicle,TX_Throughput,4560,0
26.7953,8956,Vehicle,TX_ObjectCount,0,0
26.796,8268,RSU,ChannelLoad,0.0748,0
26.796,8268,RSU,ChannelLoad,0.0748,0
26.796,8268,RSU,TX_Throughput,5280,0
26.796,8268,RSU,TX_ObjectCount,1,0
26.7961,3112,RSU,ChannelLoad,0.08488,0
26.7961,3112,RSU,ChannelLoad,0.08488,0
26.7961,3112,RSU,TX_Throughput,8080,0
26.7961,3112,RSU,TX_ObjectCount,2,0
26.7961,562,Vehicle,ChannelLoad,0.06232,0
26.7961,562,Vehicle,ChannelLoad,0.06232,0
26.7961,562,Vehicle,TX_Throughput,4560,0
26.7961,562,Vehicle,TX_ObjectCount,0,0
26.7976,6485,Vehicle,ChannelLoad,0.09544,0
26.7976,6485,Vehicle,ChannelLoad,0.09544,0
26.7976,6485,Vehicle,TX_Throughput,4560,0
26.7976,6485,Vehicle,TX_ObjectCount,0,0
26.7978,3186,RSU,ChannelLoad,0.05144,0
26.7978,3186,RSU,ChannelLoad,0.05144,0
26.7978,3186,RSU,TX_Throughput,5280,0
26.7978,3186,RSU,TX_ObjectCount,1,0
26.8009,7304,Vehicle,ChannelLoad,0.05512,0
26.8009,7304,Vehicle,ChannelLoad,0.05512,0
26.8009,7304,Vehicle,TX_Throughput,4560,0
26.8009,7304,Vehicle,TX_ObjectCount,0,0
26.802,639,Vehicle,ChannelLoad,0.05848,0
26.802,639,Vehicle,ChannelLoad,0.05848,0
26.802,639,Vehicle,TX_Throughput,4560,0
26.802,639,Vehicle,TX_ObjectCount,0,0
26.8028,5422,Vehicle,ChannelLoad,0.06744,0
26.8028,5422,Vehicle,ChannelLoad,0.06744,0
26.8028,5422,Vehicle,TX_Throughput,4560,0
26.8028,5422,Vehicle,TX_ObjectCount,0,0
26.8037,6558,RSU,ChannelLoad,0.06056,0
26.8037,6558,RSU,ChannelLoad,0.06056,0
26.8037,6558,RSU,TX_Throughput,5280,0
26.8037,6558,RSU,TX_ObjectCount,1,0
26.8047,29,RSU,ChannelLoad,0.0828,0
26.8047,29,RSU,ChannelLoad,0.0828,0
26.8047,29,RSU,TX_Throughput,2080,0
26.8047,29,RSU,TX_ObjectCount,0,0
26.809,4303,Vehicle,ChannelLoad,0.068,0
26.809,4303,Vehicle,ChannelLoad,0.068,0
26.809,4303,Vehicle,TX_Throughput,10560,0
26.809,4303,Vehicle,TX_ObjectCount,2,0
26.8104,1538,Vehicle,ChannelLoad,0.03504,0
26.8104,1538,Vehicle,ChannelLoad,0.03504,0
26.8104,1538,Vehicle,TX_Throughput,4560,0
26.8104,1538,Vehicle,TX_ObjectCount,0,0
26.8122,7377,Vehicle,ChannelLoad,0.05896,0
26.8122,7377,Vehicle,ChannelLoad,0.05896,0
26.8122,7377,Vehicle,TX_Throughput,4560,0
26.8122,7377,Vehicle,TX_ObjectCount,0,0
26.8131,5501,Vehicle,ChannelLoad,0.05824,0
26.8131,5501,Vehicle,ChannelLoad,0.05824,0
26.8131,5501,Vehicle,TX_Throughput,4560,0
26.8131,5501,Vehicle,TX_ObjectCount,0,0
26.8143,3260,Vehicle,ChannelLoad,0.05304,0
26.8143,3260,Vehicle,ChannelLoad,0.05304,0
26.8143,3260,Vehicle,TX_Throughput,4560,0
26.8143,3260,Vehicle,TX_ObjectCount,0,0
26.8144,3333,Vehicle,ChannelLoad,0.05056,0
26.8144,3333,Vehicle,ChannelLoad,0.05056,0
26.8144,3333,Vehicle,TX_Throughput,4560,0
26.8144,3333,Vehicle,TX_ObjectCount,0,0
26.8147,3406,Vehicle,ChannelLoad,0.02992,0
26.8147,3406,Vehicle,ChannelLoad,0.02992,0
26.8147,3406,Vehicle,TX_Throughput,4560,0
26.8147,3406,Vehicle,TX_ObjectCount,0,0
26.8154,2292,Vehicle,ChannelLoad,0.0332,0
26.8154,2292,Vehicle,ChannelLoad,0.0332,0
26.8154,2292,Vehicle,TX_Throughput,4560,0
26.8154,2292,Vehicle,TX_ObjectCount,0,0
26.8163,6634,RSU,ChannelLoad,0.05048,0
26.8163,6634,RSU,ChannelLoad,0.05048,0
26.8163,6634,RSU,TX_Throughput,2080,0
26.8163,6634,RSU,TX_ObjectCount,0,0
26.8166,1611,Vehicle,ChannelLoad,0.04072,0
26.8166,1611,Vehicle,ChannelLoad,0.04072,0
26.8166,1611,Vehicle,TX_Throughput,4560,0
26.8166,1611,Vehicle,TX_ObjectCount,0,0
26.8172,2365,Vehicle,ChannelLoad,0.04096,0
26.8172,2365,Vehicle,ChannelLoad,0.04096,0
26.8172,2365,Vehicle,TX_Throughput,4560,0
26.8172,2365,Vehicle,TX_ObjectCount,0,0
26.8182,8348,Vehicle,ChannelLoad,0.03088,0
26.8182,8348,Vehicle,ChannelLoad,0.03088,0
26.8182,8348,Vehicle,TX_Throughput,4560,0
26.8182,8348,Vehicle,TX_ObjectCount,0,0
26.8186,2440,Vehicle,ChannelLoad,0.06776,0
26.8186,2440,Vehicle,ChannelLoad,0.06776,0
26.8186,2440,Vehicle,TX_Throughput,4560,0
26.8186,2440,Vehicle,TX_ObjectCount,0,0
26.8187,718,Vehicle,ChannelLoad,0.06608,0
26.8187,718,Vehicle,ChannelLoad,0.06608,0
26.8187,718,Vehicle,TX_Throughput,4560,0
26.8187,718,Vehicle,TX_ObjectCount,0,0
26.8188,107,Vehicle,ChannelLoad,0.06776,0
26.8188,107,Vehicle,ChannelLoad,0.06776,0
26.8188,107,Vehicle,TX_Throughput,4560,0
26.8188,107,Vehicle,TX_ObjectCount,0,0
26.8201,182,RSU,ChannelLoad,0.08008,0
26.8201,182,RSU,ChannelLoad,0.08008,0
26.8201,182,RSU,TX_Throughput,5280,0
26.8201,182,RSU,TX_ObjectCount,1,0
26.8202,791,Vehicle,ChannelLoad,0.0716,0
26.8202,791,Vehicle,ChannelLoad,0.0716,0
26.8202,791,Vehicle,TX_Throughput,7760,0
26.8202,791,Vehicle,TX_ObjectCount,1,0
26.8206,6708,Vehicle,ChannelLoad,0.08456,0
26.8206,6708,Vehicle,ChannelLoad,0.08456,0
26.8206,6708,Vehicle,TX_Throughput,4560,0
26.8206,6708,Vehicle,TX_ObjectCount,0,0
26.8212,8421,Vehicle,ChannelLoad,0.08736,0
26.8212,8421,Vehicle,ChannelLoad,0.08736,0
26.8212,8421,Vehicle,TX_Throughput,10560,0
26.8212,8421,Vehicle,TX_ObjectCount,2,0
26.8218,4380,Vehicle,ChannelLoad,0.0596,0
26.8218,4380,Vehicle,ChannelLoad,0.0596,0
26.8218,4380,Vehicle,TX_Throughput,7760,0
26.8218,4380,Vehicle,TX_ObjectCount,1,0
26.8231,1688,RSU,ChannelLoad,0.05416,0
26.8231,1688,RSU,ChannelLoad,0.05416,0
26.8231,1688,RSU,TX_Throughput,2080,0
26.8231,1688,RSU,TX_ObjectCount,0,0
26.8235,5580,Vehicle,ChannelLoad,0.04992,0
26.8235,5580,Vehicle,ChannelLoad,0.04992,0
26.8235,5580,Vehicle,TX_Throughput,4560,0
26.8235,5580,Vehicle,TX_ObjectCount,0,0
26.8256,8494,Vehicle,ChannelLoad,0.05904,0
26.8256,8494,Vehicle,ChannelLoad,0.05904,0
26.8256,8494,Vehicle,TX_Throughput,10560,0
26.8256,8494,Vehicle,TX_ObjectCount,2,0
26.8289,4455,Vehicle,ChannelLoad,0.0836,0
26.8289,4455,Vehicle,ChannelLoad,0.0836,0
26.8289,4455,Vehicle,TX_Throughput,4560,0
26.8289,4455,Vehicle,TX_ObjectCount,0,0
26.8289,7452,RSU,ChannelLoad,0.1124,0
26.8289,7452,RSU,ChannelLoad,0.1124,0
26.8289,7452,RSU,TX_Throughput,10880,0
26.8289,7452,RSU,TX_ObjectCount,3,0
26.8318,866,Vehicle,ChannelLoad,0.10904,0
26.8318,866,Vehicle,ChannelLoad,0.10904,0
26.8318,866,Vehicle,TX_Throughput,7760,0
26.8318,866,Vehicle,TX_ObjectCount,1,0
26.8326,7526,Vehicle,ChannelLoad,0.05912,0
26.8326,7526,Vehicle,ChannelLoad,0.05912,0
26.8326,7526,Vehicle,TX_Throughput,4560,0
26.8326,7526,Vehicle,TX_ObjectCount,0,0
26.8333,3481,RSU,ChannelLoad,0.07976,0
26.8333,3481,RSU,ChannelLoad,0.07976,0
26.8333,3481,RSU,TX_Throughput,8080,0
26.8333,3481,RSU,TX_ObjectCount,2,0
26.8343,5655,Vehicle,ChannelLoad,0.05736,0
26.8343,5655,Vehicle,ChannelLoad,0.05736,0
26.8343,5655,Vehicle,TX_Throughput,7760,0
26.8343,5655,Vehicle,TX_ObjectCount,1,0
26.8351,5728,Vehicle,ChannelLoad,0.04752,0
26.8351,5728,Vehicle,ChannelLoad,0.04752,0
26.8351,5728,Vehicle,TX_Throughput,4560,0
26.8351,5728,Vehicle,TX_ObjectCount,0,0
26.8352,6781,RSU,ChannelLoad,0.078,0
26.8352,6781,RSU,ChannelLoad,0.078,0
26.8352,6781,RSU,TX_Throughput,5280,0
26.8352,6781,RSU,TX_ObjectCount,1,0
26.8382,941,Vehicle,ChannelLoad,0.03568,0
26.8382,941,Vehicle,ChannelLoad,0.03568,0
26.8382,941,Vehicle,TX_Throughput,7760,0
26.8382,941,Vehicle,TX_ObjectCount,1,0
26.8389,5801,RSU,ChannelLoad,0.084,0
26.8389,5801,RSU,ChannelLoad,0.084,0
26.8389,5801,RSU,TX_Throughput,2080,0
26.8389,5801,RSU,TX_ObjectCount,0,0
26.8399,5875,Vehicle,ChannelLoad,0.06416,0
26.8399,5875,Vehicle,ChannelLoad,0.06416,0
26.8399,5875,Vehicle,TX_Throughput,4560,0
26.8399,5875,Vehicle,TX_ObjectCount,0,0
26.8414,7674,RSU,ChannelLoad,0.06464,0
26.8414,7674,RSU,ChannelLoad,0.06464,0
26.8414,7674,RSU,TX_Throughput,5280,0
26.8414,7674,RSU,TX_ObjectCount,1,0
26.8417,3561,Vehicle,ChannelLoad,0.06,0
26.8417,3561,Vehicle,ChannelLoad,0.06,0
26.8417,3561,Vehicle,TX_Throughput,4560,0
26.8417,3561,Vehicle,TX_ObjectCount,0,0
26.8423,7748,Vehicle,ChannelLoad,0.06408,0
26.8423,7748,Vehicle,ChannelLoad,0.06408,0
26.8423,7748,Vehicle,TX_Throughput,4560,0
26.8423,7748,Vehicle,TX_ObjectCount,0,0
26.8434,1016,Vehicle,ChannelLoad,0.0472,0
26.8434,1016,Vehicle,ChannelLoad,0.0472,0
26.8434,1016,Vehicle,TX_Throughput,4560,0
26.8434,1016,Vehicle,TX_ObjectCount,0,0
26.8464,1089,RSU,ChannelLoad,0.09672,0
26.8464,1089,RSU,ChannelLoad,0.09672,0
26.8464,1089,RSU,TX_Throughput,10880,0
26.8464,1089,RSU,TX_ObjectCount,3,0
26.8471,3634,RSU,ChannelLoad,0.07152,0
26.8471,3634,RSU,ChannelLoad,0.07152,0
26.8471,3634,RSU,TX_Throughput,2080,0
26.8471,3634,RSU,TX_ObjectCount,0,0
26.8472,5950,Vehicle,ChannelLoad,0.0592,0
26.8472,5950,Vehicle,ChannelLoad,0.0592,0
26.8472,5950,Vehicle,TX_Throughput,7760,0
26.8472,5950,Vehicle,TX_ObjectCount,1,0
26.8488,1764,RSU,ChannelLoad,0.10832,0
26.8488,1764,RSU,ChannelLoad,0.10832,0
26.8488,1764,RSU,TX_Throughput,10880,0
26.8488,1764,RSU,TX_ObjectCount,3,0
26.8492,3708,RSU,ChannelLoad,0.06992,0
26.8492,3708,RSU,ChannelLoad,0.06992,0
26.8492,3708,RSU,TX_Throughput,2080,0
26.8492,3708,RSU,TX_ObjectCount,0,0
26.8497,1163,Vehicle,ChannelLoad,0.048,0
26.8497,1163,Vehicle,ChannelLoad,0.048,0
26.8497,1163,Vehicle,TX_Throughput,4560,0
26.8497,1163,Vehicle,TX_ObjectCount,0,0
26.8499,3782,Vehicle,ChannelLoad,0.05952,0
26.8499,3782,Vehicle,ChannelLoad,0.05952,0
26.8499,3782,Vehicle,TX_Throughput,4560,0
26.8499,3782,Vehicle,TX_ObjectCount,0,0
26.8507,6859,Vehicle,ChannelLoad,0.03776,0
26.8507,6859,Vehicle,ChannelLoad,0.03776,0
26.8507,6859,Vehicle,TX_Throughput,4560,0
26.8507,6859,Vehicle,TX_ObjectCount,0,0
26.8512,3855,Vehicle,ChannelLoad,0.02696,0
26.8512,3855,Vehicle,ChannelLoad,0.02696,0
26.8512,3855,Vehicle,TX_Throughput,7760,0
26.8512,3855,Vehicle,TX_ObjectCount,1,0
26.8527,8575,RSU,ChannelLoad,0.08416,0
26.8527,8575,RSU,ChannelLoad,0.08416,0
26.8527,8575,RSU,TX_Throughput,2080,0
26.8527,8575,RSU,TX_ObjectCount,0,0
26.8528,4534,RSU,ChannelLoad,0.07512,0
26.8528,4534,RSU,ChannelLoad,0.07512,0
26.8528,4534,RSU,TX_Throughput,5280,0
26.8528,4534,RSU,TX_ObjectCount,1,0
26.8561,6932,RSU,ChannelLoad,0.07384,0
26.8561,6932,RSU,ChannelLoad,0.07384,0
26.8561,6932,RSU,TX_Throughput,5280,0
26.8561,6932,RSU,TX_ObjectCount,1,0
26.8572,8649,Vehicle,ChannelLoad,0.05776,0
26.8572,8649,Vehicle,ChannelLoad,0.05776,0
26.8572,8649,Vehicle,TX_Throughput,4560,0
26.8572,8649,Vehicle,TX_ObjectCount,0,0
26.8579,7825,Vehicle,ChannelLoad,0.03944,0
26.8579,7825,Vehicle,ChannelLoad,0.03944,0
26.8579,7825,Vehicle,TX_Throughput,4560,0
26.8579,7825,Vehicle,TX_ObjectCount,0,0
26.8586,7006,Vehicle,ChannelLoad,0.05408,0
26.8586,7006,Vehicle,ChannelLoad,0.05408,0
26.8586,7006,Vehicle,TX_Throughput,4560,0
26.8586,7006,Vehicle,TX_ObjectCount,0,0
26.8594,2523,Vehicle,ChannelLoad,0.07632,0
26.8594,2523,Vehicle,ChannelLoad,0.07632,0
26.8594,2523,Vehicle,TX_Throughput,4560,0
26.8594,2523,Vehicle,TX_ObjectCount,0,0
26.8595,2596,Vehicle,ChannelLoad,0.03136,0
26.8595,2596,Vehicle,ChannelLoad,0.03136,0
26.8595,2596,Vehicle,TX_Throughput,4560,0
26.8595,2596,Vehicle,TX_ObjectCount,0,0
26.8613,1238,Vehicle,ChannelLoad,0.0444,0
26.8613,1238,Vehicle,ChannelLoad,0.0444,0
26.8613,1238,Vehicle,TX_Throughput,4560,0
26.8613,1238,Vehicle,TX_ObjectCount,0,0
26.8615,3930,Vehicle,ChannelLoad,0.05968,0
26.8615,3930,Vehicle,ChannelLoad,0.05968,0
26.8615,3930,Vehicle,TX_Throughput,7760,0
26.8615,3930,Vehicle,TX_ObjectCount,1,0
26.8622,8724,RSU,ChannelLoad,0.11752,0
26.8622,8724,RSU,ChannelLoad,0.11752,0
26.8622,8724,RSU,TX_Throughput,10880,0
26.8622,8724,RSU,TX_ObjectCount,3,0
26.8637,2669,Vehicle,ChannelLoad,0.0648,0
26.8637,2669,Vehicle,ChannelLoad,0.0648,0
26.8637,2669,Vehicle,TX_Throughput,4560,0
26.8637,2669,Vehicle,TX_ObjectCount,0,0
26.8647,1842,RSU,ChannelLoad,0.06368,0
26.8647,1842,RSU,ChannelLoad,0.06368,0
26.8647,1842,RSU,TX_Throughput,8080,0
26.8647,1842,RSU,TX_ObjectCount,2,0
26.8649,1311,RSU,ChannelLoad,0.05808,0
26.8649,1311,RSU,ChannelLoad,0.05808,0
26.8649,1311,RSU,TX_Throughput,5280,0
26.8649,1311,RSU,TX_ObjectCount,1,0
26.8651,7898,Vehicle,ChannelLoad,0.05424,0
26.8651,7898,Vehicle,ChannelLoad,0.05424,0
26.8651,7898,Vehicle,TX_Throughput,4560,0
26.8651,7898,Vehicle,TX_ObjectCount,0,0
26.8652,4608,Vehicle,ChannelLoad,0.03888,0
26.8652,4608,Vehicle,ChannelLoad,0.03888,0
26.8652,4608,Vehicle,TX_Throughput,4560,0
26.8652,4608,Vehicle,TX_ObjectCount,0,0
26.8663,4003,Vehicle,ChannelLoad,0.06224,0
26.8663,4003,Vehicle,ChannelLoad,0.06224,0
26.8663,4003,Vehicle,TX_Throughput,7760,0
26.8663,4003,Vehicle,TX_ObjectCount,1,0
26.8666,4681,Vehicle,ChannelLoad,0.06384,0
26.8666,4681,Vehicle,ChannelLoad,0.06384,0
26.8666,4681,Vehicle,TX_Throughput,4560,0
26.8666,4681,Vehicle,TX_ObjectCount,0,0
26.8684,4756,Vehicle,ChannelLoad,0.05136,0
26.8684,4756,Vehicle,ChannelLoad,0.05136,0
26.8684,4756,Vehicle,TX_Throughput,4560,0
26.8684,4756,Vehicle,TX_ObjectCount,0,0
26.8687,4076,Vehicle,ChannelLoad,0.07376,0
26.8687,4076,Vehicle,ChannelLoad,0.07376,0
26.8687,4076,Vehicle,TX_Throughput,4560,0
26.8687,4076,Vehicle,TX_ObjectCount,0,0
26.8687,2744,Vehicle,ChannelLoad,0.05304,0
26.8687,2744,Vehicle,ChannelLoad,0.05304,0
26.8687,2744,Vehicle,TX_Throughput,7760,0
26.8687,2744,Vehicle,TX_ObjectCount,1,0
26.8696,4829,RSU,ChannelLoad,0.0904,0
26.8696,4829,RSU,ChannelLoad,0.0904,0
26.8696,4829,RSU,TX_Throughput,8080,0
26.8696,4829,RSU,TX_ObjectCount,2,0
26.8698,2817,RSU,ChannelLoad,0.06864,0
26.8698,2817,RSU,ChannelLoad,0.06864,0
26.8698,2817,RSU,TX_Throughput,2080,0
26.8698,2817,RSU,TX_ObjectCount,0,0
26.87,1918,RSU,ChannelLoad,0.1044,0
26.87,1918,RSU,ChannelLoad,0.1044,0
26.87,1918,RSU,TX_Throughput,8080,0
26.87,1918,RSU,TX_ObjectCount,2,0
26.87,7971,Vehicle,ChannelLoad,0.06296,0
26.87,7971,Vehicle,ChannelLoad,0.06296,0
26.87,7971,Vehicle,TX_Throughput,4560,0
26.87,7971,Vehicle,TX_ObjectCount,0,0
26.8701,8044,Vehicle,ChannelLoad,0.06144,0
26.8701,8044,Vehicle,ChannelLoad,0.06144,0
26.8701,8044,Vehicle,TX_Throughput,4560,0
26.8701,8044,Vehicle,TX_ObjectCount,0,0
26.8709,1385,Vehicle,ChannelLoad,0.066,0
26.8709,1385,Vehicle,ChannelLoad,0.066,0
26.8709,1385,Vehicle,TX_Throughput,4560,0
26.8709,1385,Vehicle,TX_ObjectCount,0,0
26.871,270,Vehicle,ChannelLoad,0.06984,0
26.871,270,Vehicle,ChannelLoad,0.06984,0
26.871,270,Vehicle,TX_Throughput,13360,0
26.871,270,Vehicle,TX_ObjectCount,3,0
26.8723,4905,RSU,ChannelLoad,0.09704,0
26.8723,4905,RSU,ChannelLoad,0.09704,0
26.8723,4905,RSU,TX_Throughput,13680,0
26.8723,4905,RSU,TX_ObjectCount,4,0
26.8727,1992,Vehicle,ChannelLoad,0.04592,0
26.8727,1992,Vehicle,ChannelLoad,0.04592,0
26.8727,1992,Vehicle,TX_Throughput,7760,0
26.8727,1992,Vehicle,TX_ObjectCount,1,0
26.8742,7079,Vehicle,ChannelLoad,0.06544,0
26.8742,7079,Vehicle,ChannelLoad,0.06544,0
26.8742,7079,Vehicle,TX_Throughput,4560,0
26.8742,7079,Vehicle,TX_ObjectCount,0,0
26.8747,4153,Vehicle,ChannelLoad,0.0676,0
26.8747,4153,Vehicle,ChannelLoad,0.0676,0
26.8747,4153,Vehicle,TX_Throughput,4560,0
26.8747,4153,Vehicle,TX_ObjectCount,0,0
26.8748,6043,Vehicle,ChannelLoad,0.04472,0
26.8748,6043,Vehicle,ChannelLoad,0.04472,0
26.8748,6043,Vehicle,TX_Throughput,4560,0
26.8748,6043,Vehicle,TX_ObjectCount,0,0
26.8759,4979,Vehicle,ChannelLoad,0.0768,0
26.8759,4979,Vehicle,ChannelLoad,0.0768,0
26.8759,4979,Vehicle,TX_Throughput,4560,0
26.8759,4979,Vehicle,TX_ObjectCount,0,0
26.8762,5052,RSU,ChannelLoad,0.07176,0
26.8762,5052,RSU,ChannelLoad,0.07176,0
26.8762,5052,RSU,TX_Throughput,5280,0
26.8762,5052,RSU,TX_ObjectCount,1,0
26.8777,2065,Vehicle,ChannelLoad,0.06456,0
26.8777,2065,Vehicle,ChannelLoad,0.06456,0
26.8777,2065,Vehicle,TX_Throughput,10560,0
26.8777,2065,Vehicle,TX_ObjectCount,2,0
26.8778,6116,RSU,ChannelLoad,0.11928,0
26.8778,6116,RSU,ChannelLoad,0.11928,0
26.8778,6116,RSU,TX_Throughput,2080,0
26.8778,6116,RSU,TX_ObjectCount,0,0
26.8782,7152,Vehicle,ChannelLoad,0.06512,0
26.8782,7152,Vehicle,ChannelLoad,0.06512,0
26.8782,7152,Vehicle,TX_Throughput,4560,0
26.8782,7152,Vehicle,TX_ObjectCount,0,0
26.8786,8808,Vehicle,ChannelLoad,0.05984,0
26.8786,8808,Vehicle,ChannelLoad,0.05984,0
26.8786,8808,Vehicle,TX_Throughput,7760,0
26.8786,8808,Vehicle,TX_ObjectCount,1,0
26.8801,6192,RSU,ChannelLoad,0.08128,0
26.8801,6192,RSU,ChannelLoad,0.08128,0
26.8801,6192,RSU,TX_Throughput,5280,0
26.8801,6192,RSU,TX_ObjectCount,1,0
26.8805,8119,Vehicle,ChannelLoad,0.04936,0
26.8805,8119,Vehicle,ChannelLoad,0.04936,0
26.8805,8119,Vehicle,TX_Throughput,4560,0
26.8805,8119,Vehicle,TX_ObjectCount,0,0
26.8805,7227,Vehicle,ChannelLoad,0.04664,0
26.8805,7227,Vehicle,ChannelLoad,0.04664,0
26.8805,7227,Vehicle,TX_Throughput,7760,0
26.8805,7227,Vehicle,TX_ObjectCount,1,0
26.8809,4230,Vehicle,ChannelLoad,0.0948,0
26.8809,4230,Vehicle,ChannelLoad,0.0948,0
26.8809,4230,Vehicle,TX_Throughput,7760,0
26.8809,4230,Vehicle,TX_ObjectCount,1,0
26.8818,6266,Vehicle,ChannelLoad,0.06024,0
26.8818,6266,Vehicle,ChannelLoad,0.06024,0
26.8818,6266,Vehicle,TX_Throughput,7760,0
26.8818,6266,Vehicle,TX_ObjectCount,1,0
26.8819,5126,Vehicle,ChannelLoad,0.05712,0
26.8819,5126,Vehicle,ChannelLoad,0.05712,0
26.8819,5126,Vehicle,TX_Throughput,7760,0
26.8819,5126,Vehicle,TX_ObjectCount,1,0
26.8831,343,Vehicle,ChannelLoad,0.05192,0
26.8831,343,Vehicle,ChannelLoad,0.05192,0
26.8831,343,Vehicle,TX_Throughput,4560,0
26.8831,343,Vehicle,TX_ObjectCount,0,0
26.8832,1458,RSU,ChannelLoad,0.0832,0
26.8832,1458,RSU,ChannelLoad,0.0832,0
26.8832,1458,RSU,TX_Throughput,5280,0
26.8832,1458,RSU,TX_ObjectCount,1,0
26.8834,2891,Vehicle,ChannelLoad,0.05352,0
26.8834,2891,Vehicle,ChannelLoad,0.05352,0
26.8834,2891,Vehicle,TX_Throughput,7760,0
26.8834,2891,Vehicle,TX_ObjectCount,1,0
26.8865,2966,Vehicle,ChannelLoad,0.0852,0
26.8865,2966,Vehicle,ChannelLoad,0.0852,0
26.8865,2966,Vehicle,TX_Throughput,4560,0
26.8865,2966,Vehicle,TX_ObjectCount,0,0
26.8865,5201,RSU,ChannelLoad,0.09592,0
26.8865,5201,RSU,ChannelLoad,0.09592,0
26.8865,5201,RSU,TX_Throughput,8080,0
26.8865,5201,RSU,TX_ObjectCount,2,0
26.8871,416,Vehicle,ChannelLoad,0.06808,0
26.8871,416,Vehicle,ChannelLoad,0.06808,0
26.8871,416,Vehicle,TX_Throughput,7760,0
26.8871,416,Vehicle,TX_ObjectCount,1,0
26.8884,8883,Vehicle,ChannelLoad,0.06144,0
26.8884,8883,Vehicle,ChannelLoad,0.06144,0
26.8884,8883,Vehicle,TX_Throughput,13360,0
26.8884,8883,Vehicle,TX_ObjectCount,3,0
26.8885,2140,RSU,ChannelLoad,0.08376,0
26.8885,2140,RSU,ChannelLoad,0.08376,0
26.8885,2140,RSU,TX_Throughput,5280,0
26.8885,2140,RSU,TX_ObjectCount,1,0
26.8887,6339,Vehicle,ChannelLoad,0.07072,0
26.8887,6339,Vehicle,ChannelLoad,0.07072,0
26.8887,6339,Vehicle,TX_Throughput,4560,0
26.8887,6339,Vehicle,TX_ObjectCount,0,0
26.8894,2214,RSU,ChannelLoad,0.05872,0
26.8894,2214,RSU,ChannelLoad,0.05872,0
26.8894,2214,RSU,TX_Throughput,10880,0
26.8894,2214,RSU,TX_ObjectCount,3,0
26.8916,8192,RSU,ChannelLoad,0.06192,0
26.8916,8192,RSU,ChannelLoad,0.06192,0
26.8916,8192,RSU,TX_Throughput,8080,0
26.8916,8192,RSU,TX_ObjectCount,2,0
26.892,5275,RSU,ChannelLoad,0.08992,0
26.892,5275,RSU,ChannelLoad,0.08992,0
26.892,5275,RSU,TX_Throughput,10880,0
26.892,5275,RSU,TX_ObjectCount,3,0
26.8925,6412,Vehicle,ChannelLoad,0.0564,0
26.8925,6412,Vehicle,ChannelLoad,0.0564,0
26.8925,6412,Vehicle,TX_Throughput,4560,0
26.8925,6412,Vehicle,TX_ObjectCount,0,0
26.8928,3039,Vehicle,ChannelLoad,0.0608,0
26.8928,3039,Vehicle,ChannelLoad,0.0608,0
26.8928,3039,Vehicle,TX_Throughput,4560,0
26.8928,3039,Vehicle,TX_ObjectCount,0,0
26.8928,5349,Vehicle,ChannelLoad,0.06136,0
26.8928,5349,Vehicle,ChannelLoad,0.06136,0
26.8928,5349,Vehicle,TX_Throughput,4560,0
26.8928,5349,Vehicle,TX_ObjectCount,0,0
26.8939,489,Vehicle,ChannelLoad,0.05648,0
26.8939,489,Vehicle,ChannelLoad,0.05648,0
26.8939,489,Vehicle,TX_Throughput,4560,0
26.8939,489,Vehicle,TX_ObjectCount,0,0
26.8953,8956,Vehicle,ChannelLoad,0.08368,0
26.8953,8956,Vehicle,ChannelLoad,0.08368,0
26.8953,8956,Vehicle,TX_Throughput,4560,0
26.8953,8956,Vehicle,TX_ObjectCount,0,0
26.896,8268,RSU,ChannelLoad,0.09464,0
26.896,8268,RSU,ChannelLoad,0.09464,0
26.896,8268,RSU,TX_Throughput,8080,0
26.896,8268,RSU,TX_ObjectCount,2,0
26.8961,3112,RSU,ChannelLoad,0.09032,0
26.8961,3112,RSU,ChannelLoad,0.09032,0
26.8961,3112,RSU,TX_Throughput,8080,0
26.8961,3112,RSU,TX_ObjectCount,2,0
26.8961,562,Vehicle,ChannelLoad,0.05624,0
26.8961,562,Vehicle,ChannelLoad,0.05624,0
26.8961,562,Vehicle,TX_Throughput,4560,0
26.8961,562,Vehicle,TX_ObjectCount,0,0
26.8976,6485,Vehicle,ChannelLoad,0.07352,0
26.8976,6485,Vehicle,ChannelLoad,0.07352,0
26.8976,6485,Vehicle,TX_Throughput,4560,0
26.8976,6485,Vehicle,TX_ObjectCount,0,0
26.8978,3186,RSU,ChannelLoad,0.06152,0
26.8978,3186,RSU,ChannelLoad,0.06152,0
26.8978,3186,RSU,TX_Throughput,2080,0
26.8978,3186,RSU,TX_ObjectCount,0,0
26.9009,7304,Vehicle,ChannelLoad,0.04616,0
26.9009,7304,Vehicle,ChannelLoad,0.04616,0
26.9009,7304,Vehicle,TX_Throughput,7760,0
26.9009,7304,Vehicle,TX_ObjectCount,1,0
26.902,639,Vehicle,ChannelLoad,0.0516,0
26.902,639,Vehicle,ChannelLoad,0.0516,0
26.902,639,Vehicle,TX_Throughput,4560,0
26.902,639,Vehicle,TX_ObjectCount,0,0
26.9028,5422,Vehicle,ChannelLoad,0.06088,0
26.9028,5422,Vehicle,ChannelLoad,0.06088,0
26.9028,5422,Vehicle,TX_Throughput,4560,0
26.9028,5422,Vehicle,TX_ObjectCount,0,0
26.9037,6558,RSU,ChannelLoad,0.0808,0
26.9037,6558,RSU,ChannelLoad,0.0808,0
26.9037,6558,RSU,TX_Throughput,5280,0
26.9037,6558,RSU,TX_ObjectCount,1,0
26.9047,29,RSU,ChannelLoad,0.0848,0
26.9047,29,RSU,ChannelLoad,0.0848,0
26.9047,29,RSU,TX_Throughput,5280,0
26.9047,29,RSU,TX_ObjectCount,1,0
26.909,4303,Vehicle,ChannelLoad,0.05472,0
26.909,4303,Vehicle,ChannelLoad,0.05472,0
26.909,4303,Vehicle,TX_Throughput,4560,0
26.909,4303,Vehicle,TX_ObjectCount,0,0
26.9104,1538,Vehicle,ChannelLoad,0.03576,0
26.9104,1538,Vehicle,ChannelLoad,0.03576,0
26.9104,1538,Vehicle,TX_Throughput,7760,0
26.9104,1538,Vehicle,TX_ObjectCount,1,0
26.9122,7377,Vehicle,ChannelLoad,0.06464,0
26.9122,7377,Vehicle,ChannelLoad,0.06464,0
26.9122,7377,Vehicle,TX_Throughput,4560,0
26.9122,7377,Vehicle,TX_ObjectCount,0,0
26.9131,5501,Vehicle,ChannelLoad,0.06072,0
26.9131,5501,Vehicle,ChannelLoad,0.06072,0
26.9131,5501,Vehicle,TX_Throughput,4560,0
26.9131,5501,Vehicle,TX_ObjectCount,0,0
26.9143,3260,Vehicle,ChannelLoad,0.0568,0
26.9143,3260,Vehicle,ChannelLoad,0.0568,0
26.9143,3260,Vehicle,TX_Throughput,7760,0
26.9143,3260,Vehicle,TX_ObjectCount,1,0
26.9144,3333,Vehicle,ChannelLoad,0.05672,0
26.9144,3333,Vehicle,ChannelLoad,0.05672,0
26.9144,3333,Vehicle,TX_Throughput,4560,0
26.9144,3333,Vehicle,TX_ObjectCount,0,0
26.9147,3406,Vehicle,ChannelLoad,0.03136,0
26.9147,3406,Vehicle,ChannelLoad,0.03136,0
26.9147,3406,Vehicle,TX_Throughput,4560,0
26.9147,3406,Vehicle,TX_ObjectCount,0,0
26.9154,2292,Vehicle,ChannelLoad,0.0372,0
26.9154,2292,Vehicle,ChannelLoad,0.0372,0
26.9154,2292,Vehicle,TX_Throughput,4560,0
26.9154,2292,Vehicle,TX_ObjectCount,0,0
26.9163,6634,RSU,ChannelLoad,0.04976,0
26.9163,6634,RSU,ChannelLoad,0.04976,0
26.9163,6634,RSU,TX_Throughput,2080,0
26.9163,6634,RSU,TX_ObjectCount,0,0
26.9166,1611,Vehicle,ChannelLoad,0.04184,0
26.9166,1611,Vehicle,ChannelLoad,0.04184,0
26.9166,1611,Vehicle,TX_Throughput,4560,0
26.9166,1611,Vehicle,TX_ObjectCount,0,0
26.9172,2365,Vehicle,ChannelLoad,0.02992,0
26.9172,2365,Vehicle,ChannelLoad,0.02992,0
26.9172,2365,Vehicle,TX_Throughput,7760,0
26.9172,2365,Vehicle,TX_ObjectCount,1,0
26.9182,8348,Vehicle,ChannelLoad,0.04392,0
26.9182,8348,Vehicle,ChannelLoad,0.04392,0
26.9182,8348,Vehicle,TX_Throughput,4560,0
26.9182,8348,Vehicle,TX_ObjectCount,0,0
26.9186,2440,Vehicle,ChannelLoad,0.07064,0
26.9186,2440,Vehicle,ChannelLoad,0.07064,0
26.9186,2440,Vehicle,TX_Throughput,7760,0
26.9186,2440,Vehicle,TX_ObjectCount,1,0
26.9187,718,Vehicle,ChannelLoad,0.06552,0
26.9187,718,Vehicle,ChannelLoad,0.06552,0
26.9187,718,Vehicle,TX_Throughput,4560,0
26.9187,718,Vehicle,TX_ObjectCount,0,0
26.9188,107,Vehicle,ChannelLoad,0.07192,0
26.9188,107,Vehicle,ChannelLoad,0.07192,0
26.9188,107,Vehicle,TX_Throughput,4560,0
26.9188,107,Vehicle,TX_ObjectCount,0,0
26.9201,182,RSU,ChannelLoad,0.08776,0
26.9201,182,RSU,ChannelLoad,0.08776,0
26.9201,182,RSU,TX_Throughput,10880,0
26.9201,182,RSU,TX_ObjectCount,3,0
26.9202,791,Vehicle,ChannelLoad,0.07632,0
26.9202,791,Vehicle,ChannelLoad,0.07632,0
26.9202,791,Vehicle,TX_Throughput,4560,0
26.9202,791,Vehicle,TX_ObjectCount,0,0
26.9206,6708,Vehicle,ChannelLoad,0.06632,0
26.9206,6708,Vehicle,ChannelLoad,0.06632,0
26.9206,6708,Vehicle,TX_Throughput,7760,0
26.9206,6708,Vehicle,TX_ObjectCount,1,0
26.9212,8421,Vehicle,ChannelLoad,0.06592,0
26.9212,8421,Vehicle,ChannelLoad,0.06592,0
26.9212,8421,Vehicle,TX_Throughput,4560,0
26.9212,8421,Vehicle,TX_ObjectCount,0,0
26.9218,4380,Vehicle,ChannelLoad,0.06192,0
26.9218,4380,Vehicle,ChannelLoad,0.06192,0
26.9218,4380,Vehicle,TX_Throughput,4560,0
26.9218,4380,Vehicle,TX_ObjectCount,0,0
26.9231,1688,RSU,ChannelLoad,0.0596,0
26.9231,1688,RSU,ChannelLoad,0.0596,0
26.9231,1688,RSU,TX_Throughput,8080,0
26.9231,1688,RSU,TX_ObjectCount,2,0
26.9235,5580,Vehicle,ChannelLoad,0.06344,0
26.9235,5580,Vehicle,ChannelLoad,0.06344,0
26.9235,5580,Vehicle,TX_Throughput,4560,0
26.9235,5580,Vehicle,TX_ObjectCount,0,0
26.9256,8494,Vehicle,ChannelLoad,0.06192,0
26.9256,8494,Vehicle,ChannelLoad,0.06192,0
26.9256,8494,Vehicle,TX_Throughput,4560,0
26.9256,8494,Vehicle,TX_ObjectCount,0,0
26.9289,4455,Vehicle,ChannelLoad,0.0616,0
26.9289,4455,Vehicle,ChannelLoad,0.0616,0
26.9289,4455,Vehicle,TX_Throughput,7760,0
26.9289,4455,Vehicle,TX_ObjectCount,1,0
26.9289,7452,RSU,ChannelLoad,0.09184,0
26.9289,7452,RSU,ChannelLoad,0.09184,0
26.9289,7452,RSU,TX_Throughput,5280,0
26.9289,7452,RSU,TX_ObjectCount,1,0
26.9318,866,Vehicle,ChannelLoad,0.10512,0
26.9318,866,Vehicle,ChannelLoad,0.10512,0
26.9318,866,Vehicle,TX_Throughput,4560,0
26.9318,866,Vehicle,TX_ObjectCount,0,0
26.9326,7526,Vehicle,ChannelLoad,0.08048,0
26.9326,7526,Vehicle,ChannelLoad,0.08048,0
26.9326,7526,Vehicle,TX_Throughput,7760,0
26.9326,7526,Vehicle,TX_ObjectCount,1,0
26.9333,3481,RSU,ChannelLoad,0.07904,0
26.9333,3481,RSU,ChannelLoad,0.07904,0
26.9333,3481,RSU,TX_Throughput,5280,0
26.9333,3481,RSU,TX_ObjectCount,1,0
26.9343,5655,Vehicle,ChannelLoad,0.05624,0
26.9343,5655,Vehicle,ChannelLoad,0.05624,0
26.9343,5655,Vehicle,TX_Throughput,4560,0
26.9343,5655,Vehicle,TX_ObjectCount,0,0
26.9351,5728,Vehicle,ChannelLoad,0.05768,0
26.9351,5728,Vehicle,ChannelLoad,0.05768,0
26.9351,5728,Vehicle,TX_Throughput,7760,0
26.9351,5728,Vehicle,TX_ObjectCount,1,0
26.9352,6781,RSU,ChannelLoad,0.06032,0
26.9352,6781,RSU,ChannelLoad,0.06032,0
26.9352,6781,RSU,TX_Throughput,5280,0
26.9352,6781,RSU,TX_ObjectCount,1,0
26.9382,941,Vehicle,ChannelLoad,0.0364,0
26.9382,941,Vehicle,ChannelLoad,0.0364,0
26.9382,941,Vehicle,TX_Throughput,4560,0
26.9382,941,Vehicle,TX_ObjectCount,0,0
26.9389,5801,RSU,ChannelLoad,0.07976,0
26.9389,5801,RSU,ChannelLoad,0.07976,0
26.9389,5801,RSU,TX_Throughput,5280,0
26.9389,5801,RSU,TX_ObjectCount,1,0
26.9399,5875,Vehicle,ChannelLoad,0.05504,0
26.9399,5875,Vehicle,ChannelLoad,0.05504,0
26.9399,5875,Vehicle,TX_Throughput,4560,0
26.9399,5875,Vehicle,TX_ObjectCount,0,0
26.9414,7674,RSU,ChannelLoad,0.05904,0
26.9414,7674,RSU,ChannelLoad,0.05904,0
26.9414,7674,RSU,TX_Throughput,8080,0
26.9414,7674,RSU,TX_ObjectCount,2,0
26.9417,3561,Vehicle,ChannelLoad,0.06032,0
26.9417,3561,Vehicle,ChannelLoad,0.06032,0
26.9417,3561,Vehicle,TX_Throughput,4560,0
26.9417,3561,Vehicle,TX_ObjectCount,0,0
26.9423,7748,Vehicle,ChannelLoad,0.09008,0
26.9423,7748,Vehicle,ChannelLoad,0.09008,0
26.9423,7748,Vehicle,TX_Throughput,4560,0
26.9423,7748,Vehicle,TX_ObjectCount,0,0
26.9434,1016,Vehicle,ChannelLoad,0.03592,0
26.9434,1016,Vehicle,ChannelLoad,0.03592,0
26.9434,1016,Vehicle,TX_Throughput,4560,0
26.9434,1016,Vehicle,TX_ObjectCount,0,0
26.9464,1089,RSU,ChannelLoad,0.07688,0
26.9464,1089,RSU,ChannelLoad,0.07688,0
26.9464,1089,RSU,TX_Throughput,10880,0
26.9464,1089,RSU,TX_ObjectCount,3,0
26.9471,3634,RSU,ChannelLoad,0.0984,0
26.9471,3634,RSU,ChannelLoad,0.0984,0
26.9471,3634,RSU,TX_Throughput,10880,0
26.9471,3634,RSU,TX_ObjectCount,3,0
26.9472,5950,Vehicle,ChannelLoad,0.06048,0
26.9472,5950,Vehicle,ChannelLoad,0.06048,0
26.9472,5950,Vehicle,TX_Throughput,10560,0
26.9472,5950,Vehicle,TX_ObjectCount,2,0
26.9488,1764,RSU,ChannelLoad,0.1272,0
26.9488,1764,RSU,ChannelLoad,0.1272,0
26.9488,1764,RSU,TX_Throughput,8080,0
26.9488,1764,RSU,TX_ObjectCount,2,0
26.9492,3708,RSU,ChannelLoad,0.06448,0
26.9492,3708,RSU,ChannelLoad,0.06448,0
26.9492,3708,RSU,TX_Throughput,5280,0
26.9492,3708,RSU,TX_ObjectCount,1,0
26.9497,1163,Vehicle,ChannelLoad,0.0544,0
26.9497,1163,Vehicle,ChannelLoad,0.0544,0
26.9497,1163,Vehicle,TX_Throughput,4560,0
26.9497,1163,Vehicle,TX_ObjectCount,0,0
26.9499,3782,Vehicle,ChannelLoad,0.05664,0
26.9499,3782,Vehicle,ChannelLoad,0.05664,0
26.9499,3782,Vehicle,TX_Throughput,7760,0
26.9499,3782,Vehicle,TX_ObjectCount,1,0
26.9507,6859,Vehicle,ChannelLoad,0.03496,0
26.9507,6859,Vehicle,ChannelLoad,0.03496,0
26.9507,6859,Vehicle,TX_Throughput,7760,0
26.9507,6859,Vehicle,TX_ObjectCount,1,0
26.9512,3855,Vehicle,ChannelLoad,0.03784,0
26.9512,3855,Vehicle,ChannelLoad,0.03784,0
26.9512,3855,Vehicle,TX_Throughput,4560,0
26.9512,3855,Vehicle,TX_ObjectCount,0,0
26.9527,8575,RSU,ChannelLoad,0.09176,0
26.9527,8575,RSU,ChannelLoad,0.09176,0
26.9527,8575,RSU,TX_Throughput,8080,0
26.9527,8575,RSU,TX_ObjectCount,2,0
26.9528,4534,RSU,ChannelLoad,0.08528,0
26.9528,4534,RSU,ChannelLoad,0.08528,0
26.9528,4534,RSU,TX_Throughput,2080,0
26.9528,4534,RSU,TX_ObjectCount,0,0
26.9561,6932,RSU,ChannelLoad,0.07048,0
26.9561,6932,RSU,ChannelLoad,0.07048,0
26.9561,6932,RSU,TX_Throughput,5280,0
26.9561,6932,RSU,TX_ObjectCount,1,0
26.9572,8649,Vehicle,ChannelLoad,0.0664,0
26.9572,8649,Vehicle,ChannelLoad,0.0664,0
26.9572,8649,Vehicle,TX_Throughput,4560,0
26.9572,8649,Vehicle,TX_ObjectCount,0,0
26.9579,7825,Vehicle,ChannelLoad,0.05,0
26.9579,7825,Vehicle,ChannelLoad,0.05,0
26.9579,7825,Vehicle,TX_Throughput,4560,0
26.9579,7825,Vehicle,TX_ObjectCount,0,0
26.9586,7006,Vehicle,ChannelLoad,0.06664,0
26.9586,7006,Vehicle,ChannelLoad,0.06664,0
26.9586,7006,Vehicle,TX_Throughput,4560,0
26.9586,7006,Vehicle,TX_ObjectCount,0,0
26.9594,2523,Vehicle,ChannelLoad,0.07104,0
26.9594,2523,Vehicle,ChannelLoad,0.07104,0
26.9594,2523,Vehicle,TX_Throughput,4560,0
26.9594,2523,Vehicle,TX_ObjectCount,0,0
26.9595,2596,Vehicle,ChannelLoad,0.03432,0
26.9595,2596,Vehicle,ChannelLoad,0.03432,0
26.9595,2596,Vehicle,TX_Throughput,7760,0
26.9595,2596,Vehicle,TX_ObjectCount,1,0
26.9613,1238,Vehicle,ChannelLoad,0.07032,0
26.9613,1238,Vehicle,ChannelLoad,0.07032,0
26.9613,1238,Vehicle,TX_Throughput,4560,0
26.9613,1238,Vehicle,TX_ObjectCount,0,0
26.9615,3930,Vehicle,ChannelLoad,0.04968,0
26.9615,3930,Vehicle,ChannelLoad,0.04968,0
26.9615,3930,Vehicle,TX_Throughput,4560,0
26.9615,3930,Vehicle,TX_ObjectCount,0,0
26.9622,8724,RSU,ChannelLoad,0.11016,0
26.9622,8724,RSU,ChannelLoad,0.11016,0
26.9622,8724,RSU,TX_Throughput,5280,0
26.9622,8724,RSU,TX_ObjectCount,1,0
26.9637,2669,Vehicle,ChannelLoad,0.05368,0
26.9637,2669,Vehicle,ChannelLoad,0.05368,0
26.9637,2669,Vehicle,TX_Throughput,4560,0
26.9637,2669,Vehicle,TX_ObjectCount,0,0
26.9647,1842,RSU,ChannelLoad,0.0544,0
26.9647,1842,RSU,ChannelLoad,0.0544,0
26.9647,1842,RSU,TX_Throughput,8080,0
26.9647,1842,RSU,TX_ObjectCount,2,0
26.9649,1311,RSU,ChannelLoad,0.05704,0
26.9649,1311,RSU,ChannelLoad,0.05704,0
26.9649,1311,RSU,TX_Throughput,2080,0
26.9649,1311,RSU,TX_ObjectCount,0,0
26.9651,7898,Vehicle,ChannelLoad,0.04336,0
26.9651,7898,Vehicle,ChannelLoad,0.04336,0
26.9651,7898,Vehicle,TX_Throughput,4560,0
26.9651,7898,Vehicle,TX_ObjectCount,0,0
26.9652,4608,Vehicle,ChannelLoad,0.0532,0
26.9652,4608,Vehicle,ChannelLoad,0.0532,0
26.9652,4608,Vehicle,TX_Throughput,4560,0
26.9652,4608,Vehicle,TX_ObjectCount,0,0
26.9663,4003,Vehicle,ChannelLoad,0.05448,0
26.9663,4003,Vehicle,ChannelLoad,0.05448,0
26.9663,4003,Vehicle,TX_Throughput,4560,0
26.9663,4003,Vehicle,TX_ObjectCount,0,0
26.9666,4681,Vehicle,ChannelLoad,0.06016,0
26.9666,4681,Vehicle,ChannelLoad,0.06016,0
26.9666,4681,Vehicle,TX_Throughput,10560,0
26.9666,4681,Vehicle,TX_ObjectCount,2,0
26.9684,4756,Vehicle,ChannelLoad,0.0524,0
26.9684,4756,Vehicle,ChannelLoad,0.0524,0
26.9684,4756,Vehicle,TX_Throughput,7760,0
26.9684,4756,Vehicle,TX_ObjectCount,1,0
26.9687,4076,Vehicle,ChannelLoad,0.08776,0
26.9687,4076,Vehicle,ChannelLoad,0.08776,0
26.9687,4076,Vehicle,TX_Throughput,7760,0
26.9687,4076,Vehicle,TX_ObjectCount,1,0
26.9687,2744,Vehicle,ChannelLoad,0.06824,0
26.9687,2744,Vehicle,ChannelLoad,0.06824,0
26.9687,2744,Vehicle,TX_Throughput,13360,0
26.9687,2744,Vehicle,TX_ObjectCount,3,0
26.9696,4829,RSU,ChannelLoad,0.07864,0
26.9696,4829,RSU,ChannelLoad,0.07864,0
26.9696,4829,RSU,TX_Throughput,8080,0
26.9696,4829,RSU,TX_ObjectCount,2,0
26.9698,2817,RSU,ChannelLoad,0.08192,0
26.9698,2817,RSU,ChannelLoad,0.08192,0
26.9698,2817,RSU,TX_Throughput,5280,0
26.9698,2817,RSU,TX_ObjectCount,1,0
26.97,1918,RSU,ChannelLoad,0.1124,0
26.97,1918,RSU,ChannelLoad,0.1124,0
26.97,1918,RSU,TX_Throughput,8080,0
26.97,1918,RSU,TX_ObjectCount,2,0
26.97,7971,Vehicle,ChannelLoad,0.06712,0
26.97,7971,Vehicle,ChannelLoad,0.06712,0
26.97,7971,Vehicle,TX_Throughput,7760,0
26.97,7971,Vehicle,TX_ObjectCount,1,0
26.9701,8044,Vehicle,ChannelLoad,0.04416,0
26.9701,8044,Vehicle,ChannelLoad,0.04416,0
26.9701,8044,Vehicle,TX_Throughput,4560,0
26.9701,8044,Vehicle,TX_ObjectCount,0,0
26.9709,1385,Vehicle,ChannelLoad,0.05848,0
26.9709,1385,Vehicle,ChannelLoad,0.05848,0
26.9709,1385,Vehicle,TX_Throughput,7760,0
26.9709,1385,Vehicle,TX_ObjectCount,1,0
26.971,270,Vehicle,ChannelLoad,0.05712,0
26.971,270,Vehicle,ChannelLoad,0.05712,0
26.971,270,Vehicle,TX_Throughput,13360,0
26.971,270,Vehicle,TX_ObjectCount,3,0
26.9723,4905,RSU,ChannelLoad,0.11176,0
26.9723,4905,RSU,ChannelLoad,0.11176,0
26.9723,4905,RSU,TX_Throughput,5280,0
26.9723,4905,RSU,TX_ObjectCount,1,0
26.9727,1992,Vehicle,ChannelLoad,0.04424,0
26.9727,1992,Vehicle,ChannelLoad,0.04424,0
26.9727,1992,Vehicle,TX_Throughput,7760,0
26.9727,1992,Vehicle,TX_ObjectCount,1,0
26.9742,7079,Vehicle,ChannelLoad,0.05208,0
26.9742,7079,Vehicle,ChannelLoad,0.05208,0
26.9742,7079,Vehicle,TX_Throughput,10560,0
26.9742,7079,Vehicle,TX_ObjectCount,2,0
26.9747,4153,Vehicle,ChannelLoad,0.07912,0
26.9747,4153,Vehicle,ChannelLoad,0.07912,0
26.9747,4153,Vehicle,TX_Throughput,4560,0
26.9747,4153,Vehicle,TX_ObjectCount,0,0
26.9748,6043,Vehicle,ChannelLoad,0.04168,0
26.9748,6043,Vehicle,ChannelLoad,0.04168,0
26.9748,6043,Vehicle,TX_Throughput,4560,0
26.9748,6043,Vehicle,TX_ObjectCount,0,0
26.9759,4979,Vehicle,ChannelLoad,0.07496,0
26.9759,4979,Vehicle,ChannelLoad,0.07496,0
26.9759,4979,Vehicle,TX_Throughput,4560,0
26.9759,4979,Vehicle,TX_ObjectCount,0,0
26.9762,5052,RSU,ChannelLoad,0.07688,0
26.9762,5052,RSU,ChannelLoad,0.07688,0
26.9762,5052,RSU,TX_Throughput,5280,0
26.9762,5052,RSU,TX_ObjectCount,1,0
26.9777,2065,Vehicle,ChannelLoad,0.06528,0
26.9777,2065,Vehicle,ChannelLoad,0.06528,0
26.9777,2065,Vehicle,TX_Throughput,4560,0
26.9777,2065,Vehicle,TX_ObjectCount,0,0
26.9778,6116,RSU,ChannelLoad,0.0948,0
26.9778,6116,RSU,ChannelLoad,0.0948,0
26.9778,6116,RSU,TX_Throughput,5280,0
26.9778,6116,RSU,TX_ObjectCount,1,0
26.9782,7152,Vehicle,ChannelLoad,0.07096,0
26.9782,7152,Vehicle,ChannelLoad,0.07096,0
26.9782,7152,Vehicle,TX_Throughput,4560,0
26.9782,7152,Vehicle,TX_ObjectCount,0,0
26.9786,8808,Vehicle,ChannelLoad,0.05728,0
26.9786,8808,Vehicle,ChannelLoad,0.05728,0
26.9786,8808,Vehicle,TX_Throughput,4560,0
26.9786,8808,Vehicle,TX_ObjectCount,0,0
26.9801,6192,RSU,ChannelLoad,0.07184,0
26.9801,6192,RSU,ChannelLoad,0.07184,0
26.9801,6192,RSU,TX_Throughput,10880,0
26.9801,6192,RSU,TX_ObjectCount,3,0
26.9805,8119,Vehicle,ChannelLoad,0.03552,0
26.9805,8119,Vehicle,ChannelLoad,0.03552,0
26.9805,8119,Vehicle,TX_Throughput,7760,0
26.9805,8119,Vehicle,TX_ObjectCount,1,0
26.9805,7227,Vehicle,ChannelLoad,0.05784,0
26.9805,7227,Vehicle,ChannelLoad,0.05784,0
26.9805,7227,Vehicle,TX_Throughput,4560,0
26.9805,7227,Vehicle,TX_ObjectCount,0,0
26.9809,4230,Vehicle,ChannelLoad,0.07712,0
26.9809,4230,Vehicle,ChannelLoad,0.07712,0
26.9809,4230,Vehicle,TX_Throughput,7760,0
26.9809,4230,Vehicle,TX_ObjectCount,1,0
26.9818,6266,Vehicle,ChannelLoad,0.05288,0
26.9818,6266,Vehicle,ChannelLoad,0.05288,0
26.9818,6266,Vehicle,TX_Throughput,7760,0
26.9818,6266,Vehicle,TX_ObjectCount,1,0
26.9819,5126,Vehicle,ChannelLoad,0.0772,0
26.9819,5126,Vehicle,ChannelLoad,0.0772,0
26.9819,5126,Vehicle,TX_Throughput,4560,0
26.9819,5126,Vehicle,TX_ObjectCount,0,0
26.9831,343,Vehicle,ChannelLoad,0.04664,0
26.9831,343,Vehicle,ChannelLoad,0.04664,0
26.9831,343,Vehicle,TX_Throughput,7760,0
26.9831,343,Vehicle,TX_ObjectCount,1,0
26.9832,1458,RSU,ChannelLoad,0.09176,0
26.9832,1458,RSU,ChannelLoad,0.09176,0
26.9832,1458,RSU,TX_Throughput,8080,0
26.9832,1458,RSU,TX_ObjectCount,2,0
26.9834,2891,Vehicle,ChannelLoad,0.05872,0
26.9834,2891,Vehicle,ChannelLoad,0.05872,0
26.9834,2891,Vehicle,TX_Throughput,4560,0
26.9834,2891,Vehicle,TX_ObjectCount,0,0
26.9865,2966,Vehicle,ChannelLoad,0.07016,0
26.9865,2966,Vehicle,ChannelLoad,0.07016,0
26.9865,2966,Vehicle,TX_Throughput,4560,0
26.9865,2966,Vehicle,TX_ObjectCount,0,0
26.9865,5201,RSU,ChannelLoad,0.09896,0
26.9865,5201,RSU,ChannelLoad,0.09896,0
26.9865,5201,RSU,TX_Throughput,8080,0
26.9865,5201,RSU,TX_ObjectCount,2,0
26.9871,416,Vehicle,ChannelLoad,0.04592,0
26.9871,416,Vehicle,ChannelLoad,0.04592,0
26.9871,416,Vehicle,TX_Throughput,7760,0
26.9871,416,Vehicle,TX_ObjectCount,1,0
26.9884,8883,Vehicle,ChannelLoad,0.0524,0
26.9884,8883,Vehicle,ChannelLoad,0.0524,0
26.9884,8883,Vehicle,TX_Throughput,7760,0
26.9884,8883,Vehicle,TX_ObjectCount,1,0
26.9885,2140,RSU,ChannelLoad,0.09424,0
26.9885,2140,RSU,ChannelLoad,0.09424,0
26.9885,2140,RSU,TX_Throughput,8080,0
26.9885,2140,RSU,TX_ObjectCount,2,0
26.9887,6339,Vehicle,ChannelLoad,0.06704,0
26.9887,6339,Vehicle,ChannelLoad,0.06704,0
26.9887,6339,Vehicle,TX_Throughput,4560,0
26.9887,6339,Vehicle,TX_ObjectCount,0,0
26.9894,2214,RSU,ChannelLoad,0.07312,0
26.9894,2214,RSU,ChannelLoad,0.07312,0
26.9894,2214,RSU,TX_Throughput,8080,0
26.9894,2214,RSU,TX_ObjectCount,2,0
26.9916,8192,RSU,ChannelLoad,0.06816,0
26.9916,8192,RSU,ChannelLoad,0.06816,0
26.9916,8192,RSU,TX_Throughput,5280,0
26.9916,8192,RSU,TX_ObjectCount,1,0
26.992,5275,RSU,ChannelLoad,0.08432,0
26.992,5275,RSU,ChannelLoad,0.08432,0
26.992,5275,RSU,TX_Throughput,10880,0
26.992,5275,RSU,TX_ObjectCount,3,0
26.9925,6412,Vehicle,ChannelLoad,0.06048,0
26.9925,6412,Vehicle,ChannelLoad,0.06048,0
26.9925,6412,Vehicle,TX_Throughput,7760,0
26.9925,6412,Vehicle,TX_ObjectCount,1,0
26.9928,3039,Vehicle,ChannelLoad,0.06272,0
26.9928,3039,Vehicle,ChannelLoad,0.06272,0
26.9928,3039,Vehicle,TX_Throughput,7760,0
26.9928,3039,Vehicle,TX_ObjectCount,1,0
26.9928,5349,Vehicle,ChannelLoad,0.06312,0
26.9928,5349,Vehicle,ChannelLoad,0.06312,0
26.9928,5349,Vehicle,TX_Throughput,4560,0
26.9928,5349,Vehicle,TX_ObjectCount,0,0
26.9939,489,Vehicle,ChannelLoad,0.04824,0
26.9939,489,Vehicle,ChannelLoad,0.04824,0
26.9939,489,Vehicle,TX_Throughput,4560,0
26.9939,489,Vehicle,TX_ObjectCount,0,0
26.9953,8956,Vehicle,ChannelLoad,0.05616,0
26.9953,8956,Vehicle,ChannelLoad,0.05616,0
26.9953,8956,Vehicle,TX_Throughput,4560,0
26.9953,8956,Vehicle,TX_ObjectCount,0,0
26.996,8268,RSU,ChannelLoad,0.08504,0
26.996,8268,RSU,ChannelLoad,0.08504,0
26.996,8268,RSU,TX_Throughput,8080,0
26.996,8268,RSU,TX_ObjectCount,2,0
26.9961,3112,RSU,ChannelLoad,0.09064,0
26.9961,3112,RSU,ChannelLoad,0.09064,0
26.9961,3112,RSU,TX_Throughput,8080,0
26.9961,3112,RSU,TX_ObjectCount,2,0
26.9961,562,Vehicle,ChannelLoad,0.0528,0
26.9961,562,Vehicle,ChannelLoad,0.0528,0
26.9961,562,Vehicle,TX_Throughput,4560,0
26.9961,562,Vehicle,TX_ObjectCount,0,0
26.9976,6485,Vehicle,ChannelLoad,0.0896,0
26.9976,6485,Vehicle,ChannelLoad,0.0896,0
26.9976,6485,Vehicle,TX_Throughput,4560,0
26.9976,6485,Vehicle,TX_ObjectCount,0,0
26.9978,3186,RSU,ChannelLoad,0.05544,0
26.9978,3186,RSU,ChannelLoad,0.05544,0
26.9978,3186,RSU,TX_Throughput,5280,0
26.9978,3186,RSU,TX_ObjectCount,1,0
27.0009,7304,Vehicle,ChannelLoad,0.04912,0
27.0009,7304,Vehicle,ChannelLoad,0.04912,0
27.0009,7304,Vehicle,TX_Throughput,4560,0
27.0009,7304,Vehicle,TX_ObjectCount,0,0
27.002,639,Vehicle,ChannelLoad,0.05152,0
27.002,639,Vehicle,ChannelLoad,0.05152,0
27.002,639,Vehicle,TX_Throughput,4560,0
27.002,639,Vehicle,TX_ObjectCount,0,0
27.0028,5422,Vehicle,ChannelLoad,0.06416,0
27.0028,5422,Vehicle,ChannelLoad,0.06416,0
27.0028,5422,Vehicle,TX_Throughput,4560,0
27.0028,5422,Vehicle,TX_ObjectCount,0,0
27.0037,6558,RSU,ChannelLoad,0.06752,0
27.0037,6558,RSU,ChannelLoad,0.06752,0
27.0037,6558,RSU,TX_Throughput,2080,0
27.0037,6558,RSU,TX_ObjectCount,0,0
27.0047,29,RSU,ChannelLoad,0.06728,0
27.0047,29,RSU,ChannelLoad,0.06728,0
27.0047,29,RSU,TX_Throughput,8080,0
27.0047,29,RSU,TX_ObjectCount,2,0
27.009,4303,Vehicle,ChannelLoad,0.0564,0
27.009,4303,Vehicle,ChannelLoad,0.0564,0
27.009,4303,Vehicle,TX_Throughput,13360,0
27.009,4303,Vehicle,TX_ObjectCount,3,0
27.0104,1538,Vehicle,ChannelLoad,0.04024,0
27.0104,1538,Vehicle,ChannelLoad,0.04024,0
27.0104,1538,Vehicle,TX_Throughput,7760,0
27.0104,1538,Vehicle,TX_ObjectCount,1,0
27.0122,7377,Vehicle,ChannelLoad,0.06584,0
27.0122,7377,Vehicle,ChannelLoad,0.06584,0
27.0122,7377,Vehicle,TX_Throughput,4560,0
27.0122,7377,Vehicle,TX_ObjectCount,0,0
27.0131,5501,Vehicle,ChannelLoad,0.07296,0
27.0131,5501,Vehicle,ChannelLoad,0.07296,0
27.0131,5501,Vehicle,TX_Throughput,4560,0
27.0131,5501,Vehicle,TX_ObjectCount,0,0
27.0143,3260,Vehicle,ChannelLoad,0.05608,0
27.0143,3260,Vehicle,ChannelLoad,0.05608,0
27.0143,3260,Vehicle,TX_Throughput,4560,0
27.0143,3260,Vehicle,TX_ObjectCount,0,0
27.0144,3333,Vehicle,ChannelLoad,0.05104,0
27.0144,3333,Vehicle,ChannelLoad,0.05104,0
27.0144,3333,Vehicle,TX_Throughput,4560,0
27.0144,3333,Vehicle,TX_ObjectCount,0,0
27.0147,3406,Vehicle,ChannelLoad,0.02488,0
27.0147,3406,Vehicle,ChannelLoad,0.02488,0
27.0147,3406,Vehicle,TX_Throughput,4560,0
27.0147,3406,Vehicle,TX_ObjectCount,0,0
27.0154,2292,Vehicle,ChannelLoad,0.03808,0
27.0154,2292,Vehicle,ChannelLoad,0.03808,0
27.0154,2292,Vehicle,TX_Throughput,4560,0
27.0154,2292,Vehicle,TX_ObjectCount,0,0
27.0163,6634,RSU,ChannelLoad,0.05816,0
27.0163,6634,RSU,ChannelLoad,0.05816,0
27.0163,6634,RSU,TX_Throughput,2080,0
27.0163,6634,RSU,TX_ObjectCount,0,0
27.0166,1611,Vehicle,ChannelLoad,0.0512,0
27.0166,1611,Vehicle,ChannelLoad,0.0512,0
27.0166,1611,Vehicle,TX_Throughput,4560,0
27.0166,1611,Vehicle,TX_ObjectCount,0,0
27.0172,2365,Vehicle,ChannelLoad,0.05664,0
27.0172,2365,Vehicle,ChannelLoad,0.05664,0
27.0172,2365,Vehicle,TX_Throughput,7760,0
27.0172,2365,Vehicle,TX_ObjectCount,1,0
27.0182,8348,Vehicle,ChannelLoad,0.05528,0
27.0182,8348,Vehicle,ChannelLoad,0.05528,0
27.0182,8348,Vehicle,TX_Throughput,4560,0
27.0182,8348,Vehicle,TX_ObjectCount,0,0
27.0186,2440,Vehicle,ChannelLoad,0.05392,0
27.0186,2440,Vehicle,ChannelLoad,0.05392,0
27.0186,2440,Vehicle,TX_Throughput,4560,0
27.0186,2440,Vehicle,TX_ObjectCount,0,0
27.0187,718,Vehicle,ChannelLoad,0.05896,0
27.0187,718,Vehicle,ChannelLoad,0.05896,0
27.0187,718,Vehicle,TX_Throughput,7760,0
27.0187,718,Vehicle,TX_ObjectCount,1,0
27.0188,107,Vehicle,ChannelLoad,0.06384,0
27.0188,107,Vehicle,ChannelLoad,0.06384,0
27.0188,107,Vehicle,TX_Throughput,4560,0
27.0188,107,Vehicle,TX_ObjectCount,0,0
27.0201,182,RSU,ChannelLoad,0.102,0
27.0201,182,RSU,ChannelLoad,0.102,0
27.0201,182,RSU,TX_Throughput,8080,0
27.0201,182,RSU,TX_ObjectCount,2,0
27.0202,791,Vehicle,ChannelLoad,0.06152,0
27.0202,791,Vehicle,ChannelLoad,0.06152,0
27.0202,791,Vehicle,TX_Throughput,7760,0
27.0202,791,Vehicle,TX_ObjectCount,1,0
27.0206,6708,Vehicle,ChannelLoad,0.07512,0
27.0206,6708,Vehicle,ChannelLoad,0.07512,0
27.0206,6708,Vehicle,TX_Throughput,4560,0
27.0206,6708,Vehicle,TX_ObjectCount,0,0
27.0212,8421,Vehicle,ChannelLoad,0.0916,0
27.0212,8421,Vehicle,ChannelLoad,0.0916,0
27.0212,8421,Vehicle,TX_Throughput,10560,0
27.0212,8421,Vehicle,TX_ObjectCount,2,0
27.0218,4380,Vehicle,ChannelLoad,0.07112,0
27.0218,4380,Vehicle,ChannelLoad,0.07112,0
27.0218,4380,Vehicle,TX_Throughput,7760,0
27.0218,4380,Vehicle,TX_ObjectCount,1,0
27.0231,1688,RSU,ChannelLoad,0.05152,0
27.0231,1688,RSU,ChannelLoad,0.05152,0
27.0231,1688,RSU,TX_Throughput,2080,0
27.0231,1688,RSU,TX_ObjectCount,0,0
27.0235,5580,Vehicle,ChannelLoad,0.08376,0
27.0235,5580,Vehicle,ChannelLoad,0.08376,0
27.0235,5580,Vehicle,TX_Throughput,4560,0
27.0235,5580,Vehicle,TX_ObjectCount,0,0
27.0256,8494,Vehicle,ChannelLoad,0.07256,0
27.0256,8494,Vehicle,ChannelLoad,0.07256,0
27.0256,8494,Vehicle,TX_Throughput,10560,0
27.0256,8494,Vehicle,TX_ObjectCount,2,0
27.0289,4455,Vehicle,ChannelLoad,0.06888,0
27.0289,4455,Vehicle,ChannelLoad,0.06888,0
27.0289,4455,Vehicle,TX_Throughput,4560,0
27.0289,4455,Vehicle,TX_ObjectCount,0,0
27.0289,7452,RSU,ChannelLoad,0.11264,0
27.0289,7452,RSU,ChannelLoad,0.11264,0
27.0289,7452,RSU,TX_Throughput,8080,0
27.0289,7452,RSU,TX_ObjectCount,2,0
27.0318,866,Vehicle,ChannelLoad,0.11072,0
27.0318,866,Vehicle,ChannelLoad,0.11072,0
27.0318,866,Vehicle,TX_Throughput,4560,0
27.0318,866,Vehicle,TX_ObjectCount,0,0
27.0326,7526,Vehicle,ChannelLoad,0.07648,0
27.0326,7526,Vehicle,ChannelLoad,0.07648,0
27.0326,7526,Vehicle,TX_Throughput,4560,0
27.0326,7526,Vehicle,TX_ObjectCount,0,0
27.0333,3481,RSU,ChannelLoad,0.0872,0
27.0333,3481,RSU,ChannelLoad,0.0872,0
27.0333,3481,RSU,TX_Throughput,5280,0
27.0333,3481,RSU,TX_ObjectCount,1,0
27.0343,5655,Vehicle,ChannelLoad,0.06616,0
27.0343,5655,Vehicle,ChannelLoad,0.06616,0
27.0343,5655,Vehicle,TX_Throughput,7760,0
27.0343,5655,Vehicle,TX_ObjectCount,1,0
27.0351,5728,Vehicle,ChannelLoad,0.04664,0
27.0351,5728,Vehicle,ChannelLoad,0.04664,0
27.0351,5728,Vehicle,TX_Throughput,4560,0
27.0351,5728,Vehicle,TX_ObjectCount,0,0
27.0352,6781,RSU,ChannelLoad,0.0772,0
27.0352,6781,RSU,ChannelLoad,0.0772,0
27.0352,6781,RSU,TX_Throughput,8080,0
27.0352,6781,RSU,TX_ObjectCount,2,0
27.0382,941,Vehicle,ChannelLoad,0.02744,0
27.0382,941,Vehicle,ChannelLoad,0.02744,0
27.0382,941,Vehicle,TX_Throughput,7760,0
27.0382,941,Vehicle,TX_ObjectCount,1,0
27.0389,5801,RSU,ChannelLoad,0.06288,0
27.0389,5801,RSU,ChannelLoad,0.06288,0
27.0389,5801,RSU,TX_Throughput,2080,0
27.0389,5801,RSU,TX_ObjectCount,0,0
27.0399,5875,Vehicle,ChannelLoad,0.05944,0
27.0399,5875,Vehicle,ChannelLoad,0.05944,0
27.0399,5875,Vehicle,TX_Throughput,4560,0
27.0399,5875,Vehicle,TX_ObjectCount,0,0
27.0414,7674,RSU,ChannelLoad,0.06448,0
27.0414,7674,RSU,ChannelLoad,0.06448,0
27.0414,7674,RSU,TX_Throughput,8080,0
27.0414,7674,RSU,TX_ObjectCount,2,0
27.0417,3561,Vehicle,ChannelLoad,0.07808,0
27.0417,3561,Vehicle,ChannelLoad,0.07808,0
27.0417,3561,Vehicle,TX_Throughput,4560,0
27.0417,3561,Vehicle,TX_ObjectCount,0,0
27.0423,7748,Vehicle,ChannelLoad,0.06472,0
27.0423,7748,Vehicle,ChannelLoad,0.06472,0
27.0423,7748,Vehicle,TX_Throughput,4560,0
27.0423,7748,Vehicle,TX_ObjectCount,0,0
27.0434,1016,Vehicle,ChannelLoad,0.03784,0
27.0434,1016,Vehicle,ChannelLoad,0.03784,0
27.0434,1016,Vehicle,TX_Throughput,4560,0
27.0434,1016,Vehicle,TX_ObjectCount,0,0
27.0464,1089,RSU,ChannelLoad,0.08952,0
27.0464,1089,RSU,ChannelLoad,0.08952,0
27.0464,1089,RSU,TX_Throughput,10880,0
27.0464,1089,RSU,TX_ObjectCount,3,0
27.0471,3634,RSU,ChannelLoad,0.0696,0
27.0471,3634,RSU,ChannelLoad,0.0696,0
27.0471,3634,RSU,TX_Throughput,2080,0
27.0471,3634,RSU,TX_ObjectCount,0,0
27.0472,5950,Vehicle,ChannelLoad,0.0496,0
27.0472,5950,Vehicle,ChannelLoad,0.0496,0
27.0472,5950,Vehicle,TX_Throughput,7760,0
27.0472,5950,Vehicle,TX_ObjectCount,1,0
27.0488,1764,RSU,ChannelLoad,0.09912,0
27.0488,1764,RSU,ChannelLoad,0.09912,0
27.0488,1764,RSU,TX_Throughput,8080,0
27.0488,1764,RSU,TX_ObjectCount,2,0
27.0492,3708,RSU,ChannelLoad,0.05728,0
27.0492,3708,RSU,ChannelLoad,0.05728,0
27.0492,3708,RSU,TX_Throughput,2080,0
27.0492,3708,RSU,TX_ObjectCount,0,0
27.0497,1163,Vehicle,ChannelLoad,0.03896,0
27.0497,1163,Vehicle,ChannelLoad,0.03896,0
27.0497,1163,Vehicle,TX_Throughput,4560,0
27.0497,1163,Vehicle,TX_ObjectCount,0,0
27.0499,3782,Vehicle,ChannelLoad,0.05448,0
27.0499,3782,Vehicle,ChannelLoad,0.05448,0
27.0499,3782,Vehicle,TX_Throughput,4560,0
27.0499,3782,Vehicle,TX_ObjectCount,0,0
27.0507,6859,Vehicle,ChannelLoad,0.03816,0
27.0507,6859,Vehicle,ChannelLoad,0.03816,0
27.0507,6859,Vehicle,TX_Throughput,4560,0
27.0507,6859,Vehicle,TX_ObjectCount,0,0
27.0512,3855,Vehicle,ChannelLoad,0.03248,0
27.0512,3855,Vehicle,ChannelLoad,0.03248,0
27.0512,3855,Vehicle,TX_Throughput,4560,0
27.0512,3855,Vehicle,TX_ObjectCount,0,0
27.0527,8575,RSU,ChannelLoad,0.09336,0
27.0527,8575,RSU,ChannelLoad,0.09336,0
27.0527,8575,RSU,TX_Throughput,5280,0
27.0527,8575,RSU,TX_ObjectCount,1,0
27.0528,4534,RSU,ChannelLoad,0.08488,0
27.0528,4534,RSU,ChannelLoad,0.08488,0
27.0528,4534,RSU,TX_Throughput,2080,0
27.0528,4534,RSU,TX_ObjectCount,0,0
27.0561,6932,RSU,ChannelLoad,0.05712,0
27.0561,6932,RSU,ChannelLoad,0.05712,0
27.0561,6932,RSU,TX_Throughput,8080,0
27.0561,6932,RSU,TX_ObjectCount,2,0
27.0572,8649,Vehicle,ChannelLoad,0.06584,0
27.0572,8649,Vehicle,ChannelLoad,0.06584,0
27.0572,8649,Vehicle,TX_Throughput,4560,0
27.0572,8649,Vehicle,TX_ObjectCount,0,0
27.0579,7825,Vehicle,ChannelLoad,0.0472,0
27.0579,7825,Vehicle,ChannelLoad,0.0472,0
27.0579,7825,Vehicle,TX_Throughput,4560,0
27.0579,7825,Vehicle,TX_ObjectCount,0,0
27.0586,7006,Vehicle,ChannelLoad,0.05064,0
27.0586,7006,Vehicle,ChannelLoad,0.05064,0
27.0586,7006,Vehicle,TX_Throughput,4560,0
27.0586,7006,Vehicle,TX_ObjectCount,0,0
27.0594,2523,Vehicle,ChannelLoad,0.05984,0
27.0594,2523,Vehicle,ChannelLoad,0.05984,0
27.0594,2523,Vehicle,TX_Throughput,4560,0
27.0594,2523,Vehicle,TX_ObjectCount,0,0
27.0595,2596,Vehicle,ChannelLoad,0.03048,0
27.0595,2596,Vehicle,ChannelLoad,0.03048,0
27.0595,2596,Vehicle,TX_Throughput,4560,0
27.0595,2596,Vehicle,TX_ObjectCount,0,0
27.0613,1238,Vehicle,ChannelLoad,0.06088,0
27.0613,1238,Vehicle,ChannelLoad,0.06088,0
27.0613,1238,Vehicle,TX_Throughput,4560,0
27.0613,1238,Vehicle,TX_ObjectCount,0,0
27.0615,3930,Vehicle,ChannelLoad,0.06288,0
27.0615,3930,Vehicle,ChannelLoad,0.06288,0
27.0615,3930,Vehicle,TX_Throughput,7760,0
27.0615,3930,Vehicle,TX_ObjectCount,1,0
27.0622,8724,RSU,ChannelLoad,0.10192,0
27.0622,8724,RSU,ChannelLoad,0.10192,0
27.0622,8724,RSU,TX_Throughput,8080,0
27.0622,8724,RSU,TX_ObjectCount,2,0
27.0637,2669,Vehicle,ChannelLoad,0.06424,0
27.0637,2669,Vehicle,ChannelLoad,0.06424,0
27.0637,2669,Vehicle,TX_Throughput,4560,0
27.0637,2669,Vehicle,TX_ObjectCount,0,0
27.0647,1842,RSU,ChannelLoad,0.052,0
27.0647,1842,RSU,ChannelLoad,0.052,0
27.0647,1842,RSU,TX_Throughput,10880,0
27.0647,1842,RSU,TX_ObjectCount,3,0
27.0649,1311,RSU,ChannelLoad,0.05552,0
27.0649,1311,RSU,ChannelLoad,0.05552,0
27.0649,1311,RSU,TX_Throughput,5280,0
27.0649,1311,RSU,TX_ObjectCount,1,0
27.0651,7898,Vehicle,ChannelLoad,0.04976,0
27.0651,7898,Vehicle,ChannelLoad,0.04976,0
27.0651,7898,Vehicle,TX_Throughput,4560,0
27.0651,7898,Vehicle,TX_ObjectCount,0,0
27.0652,4608,Vehicle,ChannelLoad,0.04408,0
27.0652,4608,Vehicle,ChannelLoad,0.04408,0
27.0652,4608,Vehicle,TX_Throughput,4560,0
27.0652,4608,Vehicle,TX_ObjectCount,0,0
27.0663,4003,Vehicle,ChannelLoad,0.05584,0
27.0663,4003,Vehicle,ChannelLoad,0.05584,0
27.0663,4003,Vehicle,TX_Throughput,4560,0
27.0663,4003,Vehicle,TX_ObjectCount,0,0
27.0666,4681,Vehicle,ChannelLoad,0.05432,0
27.0666,4681,Vehicle,ChannelLoad,0.05432,0
27.0666,4681,Vehicle,TX_Throughput,4560,0
27.0666,4681,Vehicle,TX_ObjectCount,0,0
27.0684,4756,Vehicle,ChannelLoad,0.04248,0
27.0684,4756,Vehicle,ChannelLoad,0.04248,0
27.0684,4756,Vehicle,TX_Throughput,4560,0
27.0684,4756,Vehicle,TX_ObjectCount,0,0
27.0687,4076,Vehicle,ChannelLoad,0.0772,0
27.0687,4076,Vehicle,ChannelLoad,0.0772,0
27.0687,4076,Vehicle,TX_Throughput,4560,0
27.0687,4076,Vehicle,TX_ObjectCount,0,0
27.0687,2744,Vehicle,ChannelLoad,0.06864,0
27.0687,2744,Vehicle,ChannelLoad,0.06864,0
27.0687,2744,Vehicle,TX_Throughput,7760,0
27.0687,2744,Vehicle,TX_ObjectCount,1,0
27.0696,4829,RSU,ChannelLoad,0.0852,0
27.0696,4829,RSU,ChannelLoad,0.0852,0
27.0696,4829,RSU,TX_Throughput,8080,0
27.0696,4829,RSU,TX_ObjectCount,2,0
27.0698,2817,RSU,ChannelLoad,0.07416,0
27.0698,2817,RSU,ChannelLoad,0.07416,0
27.0698,2817,RSU,TX_Throughput,5280,0
27.0698,2817,RSU,TX_ObjectCount,1,0
27.07,1918,RSU,ChannelLoad,0.1192,0
27.07,1918,RSU,ChannelLoad,0.1192,0
27.07,1918,RSU,TX_Throughput,8080,0
27.07,1918,RSU,TX_ObjectCount,2,0
27.07,7971,Vehicle,ChannelLoad,0.06304,0
27.07,7971,Vehicle,ChannelLoad,0.06304,0
27.07,7971,Vehicle,TX_Throughput,4560,0
27.07,7971,Vehicle,TX_ObjectCount,0,0
27.0701,8044,Vehicle,ChannelLoad,0.05416,0
27.0701,8044,Vehicle,ChannelLoad,0.05416,0
27.0701,8044,Vehicle,TX_Throughput,7760,0
27.0701,8044,Vehicle,TX_ObjectCount,1,0
27.0709,1385,Vehicle,ChannelLoad,0.0528,0
27.0709,1385,Vehicle,ChannelLoad,0.0528,0
27.0709,1385,Vehicle,TX_Throughput,4560,0
27.0709,1385,Vehicle,TX_ObjectCount,0,0
27.071,270,Vehicle,ChannelLoad,0.05008,0
27.071,270,Vehicle,ChannelLoad,0.05008,0
27.071,270,Vehicle,TX_Throughput,10560,0
27.071,270,Vehicle,TX_ObjectCount,2,0
27.0723,4905,RSU,ChannelLoad,0.09752,0
27.0723,4905,RSU,ChannelLoad,0.09752,0
27.0723,4905,RSU,TX_Throughput,8080,0
27.0723,4905,RSU,TX_ObjectCount,2,0
27.0727,1992,Vehicle,ChannelLoad,0.042,0
27.0727,1992,Vehicle,ChannelLoad,0.042,0
27.0727,1992,Vehicle,TX_Throughput,7760,0
27.0727,1992,Vehicle,TX_ObjectCount,1,0
27.0742,7079,Vehicle,ChannelLoad,0.05808,0
27.0742,7079,Vehicle,ChannelLoad,0.05808,0
27.0742,7079,Vehicle,TX_Throughput,4560,0
27.0742,7079,Vehicle,TX_ObjectCount,0,0
27.0747,4153,Vehicle,ChannelLoad,0.0836,0
27.0747,4153,Vehicle,ChannelLoad,0.0836,0
27.0747,4153,Vehicle,TX_Throughput,4560,0
27.0747,4153,Vehicle,TX_ObjectCount,0,0
27.0748,6043,Vehicle,ChannelLoad,0.0472,0
27.0748,6043,Vehicle,ChannelLoad,0.0472,0
27.0748,6043,Vehicle,TX_Throughput,4560,0
27.0748,6043,Vehicle,TX_ObjectCount,0,0
27.0759,4979,Vehicle,ChannelLoad,0.07808,0
27.0759,4979,Vehicle,ChannelLoad,0.07808,0
27.0759,4979,Vehicle,TX_Throughput,4560,0
27.0759,4979,Vehicle,TX_ObjectCount,0,0
27.0762,5052,RSU,ChannelLoad,0.07,0
27.0762,5052,RSU,ChannelLoad,0.07,0
27.0762,5052,RSU,TX_Throughput,5280,0
27.0762,5052,RSU,TX_ObjectCount,1,0
27.0777,2065,Vehicle,ChannelLoad,0.07104,0
27.0777,2065,Vehicle,ChannelLoad,0.07104,0
27.0777,2065,Vehicle,TX_Throughput,10560,0
27.0777,2065,Vehicle,TX_ObjectCount,2,0
27.0778,6116,RSU,ChannelLoad,0.1028,0
27.0778,6116,RSU,ChannelLoad,0.1028,0
27.0778,6116,RSU,TX_Throughput,5280,0
27.0778,6116,RSU,TX_ObjectCount,1,0
27.0782,7152,Vehicle,ChannelLoad,0.08432,0
27.0782,7152,Vehicle,ChannelLoad,0.08432,0
27.0782,7152,Vehicle,TX_Throughput,4560,0
27.0782,7152,Vehicle,TX_ObjectCount,0,0
27.0786,8808,Vehicle,ChannelLoad,0.06288,0
27.0786,8808,Vehicle,ChannelLoad,0.06288,0
27.0786,8808,Vehicle,TX_Throughput,4560,0
27.0786,8808,Vehicle,TX_ObjectCount,0,0
27.0801,6192,RSU,ChannelLoad,0.08656,0
27.0801,6192,RSU,ChannelLoad,0.08656,0
27.0801,6192,RSU,TX_Throughput,2080,0
27.0801,6192,RSU,TX_ObjectCount,0,0
27.0805,8119,Vehicle,ChannelLoad,0.03,0
27.0805,8119,Vehicle,ChannelLoad,0.03,0
27.0805,8119,Vehicle,TX_Throughput,4560,0
27.0805,8119,Vehicle,TX_ObjectCount,0,0
27.0805,7227,Vehicle,ChannelLoad,0.05104,0
27.0805,7227,Vehicle,ChannelLoad,0.05104,0
27.0805,7227,Vehicle,TX_Throughput,7760,0
27.0805,7227,Vehicle,TX_ObjectCount,1,0
27.0809,4230,Vehicle,ChannelLoad,0.09928,0
27.0809,4230,Vehicle,ChannelLoad,0.09928,0
27.0809,4230,Vehicle,TX_Throughput,4560,0
27.0809,4230,Vehicle,TX_ObjectCount,0,0
27.0818,6266,Vehicle,ChannelLoad,0.05824,0
27.0818,6266,Vehicle,ChannelLoad,0.05824,0
27.0818,6266,Vehicle,TX_Throughput,7760,0
27.0818,6266,Vehicle,TX_ObjectCount,1,0
27.0819,5126,Vehicle,ChannelLoad,0.0928,0
27.0819,5126,Vehicle,ChannelLoad,0.0928,0
27.0819,5126,Vehicle,TX_Throughput,7760,0
27.0819,5126,Vehicle,TX_ObjectCount,1,0
27.0831,343,Vehicle,ChannelLoad,0.05376,0
27.0831,343,Vehicle,ChannelLoad,0.05376,0
27.0831,343,Vehicle,TX_Throughput,4560,0
27.0831,343,Vehicle,TX_ObjectCount,0,0
27.0832,1458,RSU,ChannelLoad,0.1024,0
27.0832,1458,RSU,ChannelLoad,0.1024,0
27.0832,1458,RSU,TX_Throughput,2080,0
27.0832,1458,RSU,TX_ObjectCount,0,0
27.0834,2891,Vehicle,ChannelLoad,0.05768,0
27.0834,2891,Vehicle,ChannelLoad,0.05768,0
27.0834,2891,Vehicle,TX_Throughput,4560,0
27.0834,2891,Vehicle,TX_ObjectCount,0,0
27.0865,2966,Vehicle,ChannelLoad,0.07296,0
27.0865,2966,Vehicle,ChannelLoad,0.07296,0
27.0865,2966,Vehicle,TX_Throughput,4560,0
27.0865,2966,Vehicle,TX_ObjectCount,0,0
27.0865,5201,RSU,ChannelLoad,0.10016,0
27.0865,5201,RSU,ChannelLoad,0.10016,0
27.0865,5201,RSU,TX_Throughput,5280,0
27.0865,5201,RSU,TX_ObjectCount,1,0
27.0871,416,Vehicle,ChannelLoad,0.06944,0
27.0871,416,Vehicle,ChannelLoad,0.06944,0
27.0871,416,Vehicle,TX_Throughput,7760,0
27.0871,416,Vehicle,TX_ObjectCount,1,0
27.0884,8883,Vehicle,ChannelLoad,0.06656,0
27.0884,8883,Vehicle,ChannelLoad,0.06656,0
27.0884,8883,Vehicle,TX_Throughput,10560,0
27.0884,8883,Vehicle,TX_ObjectCount,2,0
27.0885,2140,RSU,ChannelLoad,0.08024,0
27.0885,2140,RSU,ChannelLoad,0.08024,0
27.0885,2140,RSU,TX_Throughput,8080,0
27.0885,2140,RSU,TX_ObjectCount,2,0
27.0887,6339,Vehicle,ChannelLoad,0.054,0
27.0887,6339,Vehicle,ChannelLoad,0.054,0
27.0887,6339,Vehicle,TX_Throughput,4560,0
27.0887,6339,Vehicle,TX_ObjectCount,0,0
27.0894,2214,RSU,ChannelLoad,0.07048,0
27.0894,2214,RSU,ChannelLoad,0.07048,0
27.0894,2214,RSU,TX_Throughput,10880,0
27.0894,2214,RSU,TX_ObjectCount,3,0
27.0916,8192,RSU,ChannelLoad,0.07656,0
27.0916,8192,RSU,ChannelLoad,0.07656,0
27.0916,8192,RSU,TX_Throughput,5280,0
27.0916,8192,RSU,TX_ObjectCount,1,0
27.092,5275,RSU,ChannelLoad,0.09664,0
27.092,5275,RSU,ChannelLoad,0.09664,0
27.092,5275,RSU,TX_Throughput,5280,0
27.092,5275,RSU,TX_ObjectCount,1,0
27.0925,6412,Vehicle,ChannelLoad,0.0488,0
27.0925,6412,Vehicle,ChannelLoad,0.0488,0
27.0925,6412,Vehicle,TX_Throughput,4560,0
27.0925,6412,Vehicle,TX_ObjectCount,0,0
27.0928,3039,Vehicle,ChannelLoad,0.0816,0
27.0928,3039,Vehicle,ChannelLoad,0.0816,0
27.0928,3039,Vehicle,TX_Throughput,4560,0
27.0928,3039,Vehicle,TX_ObjectCount,0,0
27.0928,5349,Vehicle,ChannelLoad,0.08304,0
27.0928,5349,Vehicle,ChannelLoad,0.08304,0
27.0928,5349,Vehicle,TX_Throughput,4560,0
27.0928,5349,Vehicle,TX_ObjectCount,0,0
27.0939,489,Vehicle,ChannelLoad,0.05592,0
27.0939,489,Vehicle,ChannelLoad,0.05592,0
27.0939,489,Vehicle,TX_Throughput,4560,0
27.0939,489,Vehicle,TX_ObjectCount,0,0
27.0953,8956,Vehicle,ChannelLoad,0.06224,0
27.0953,8956,Vehicle,ChannelLoad,0.06224,0
27.0953,8956,Vehicle,TX_Throughput,4560,0
27.0953,8956,Vehicle,TX_ObjectCount,0,0
27.096,8268,RSU,ChannelLoad,0.08376,0
27.096,8268,RSU,ChannelLoad,0.08376,0
27.096,8268,RSU,TX_Throughput,2080,0
27.096,8268,RSU,TX_ObjectCount,0,0
27.0961,3112,RSU,ChannelLoad,0.07896,0
27.0961,3112,RSU,ChannelLoad,0.07896,0
27.0961,3112,RSU,TX_Throughput,2080,0
27.0961,3112,RSU,TX_ObjectCount,0,0
27.0961,562,Vehicle,ChannelLoad,0.06064,0
27.0961,562,Vehicle,ChannelLoad,0.06064,0
27.0961,562,Vehicle,TX_Throughput,4560,0
27.0961,562,Vehicle,TX_ObjectCount,0,0
27.0976,6485,Vehicle,ChannelLoad,0.09664,0
27.0976,6485,Vehicle,ChannelLoad,0.09664,0
27.0976,6485,Vehicle,TX_Throughput,4560,0
27.0976,6485,Vehicle,TX_ObjectCount,0,0
27.0978,3186,RSU,ChannelLoad,0.0624,0
27.0978,3186,RSU,ChannelLoad,0.0624,0
27.0978,3186,RSU,TX_Throughput,2080,0
27.0978,3186,RSU,TX_ObjectCount,0,0
27.1009,7304,Vehicle,ChannelLoad,0.05248,0
27.1009,7304,Vehicle,ChannelLoad,0.05248,0
27.1009,7304,Vehicle,TX_Throughput,7760,0
27.1009,7304,Vehicle,TX_ObjectCount,1,0
27.102,639,Vehicle,ChannelLoad,0.05528,0
27.102,639,Vehicle,ChannelLoad,0.05528,0
27.102,639,Vehicle,TX_Throughput,4560,0
27.102,639,Vehicle,TX_ObjectCount,0,0
27.1028,5422,Vehicle,ChannelLoad,0.06016,0
27.1028,5422,Vehicle,ChannelLoad,0.06016,0
27.1028,5422,Vehicle,TX_Throughput,4560,0
27.1028,5422,Vehicle,TX_ObjectCount,0,0
27.1037,6558,RSU,ChannelLoad,0.06416,0
27.1037,6558,RSU,ChannelLoad,0.06416,0
27.1037,6558,RSU,TX_Throughput,8080,0
27.1037,6558,RSU,TX_ObjectCount,2,0
27.1047,29,RSU,ChannelLoad,0.08104,0
27.1047,29,RSU,ChannelLoad,0.08104,0
27.1047,29,RSU,TX_Throughput,5280,0
27.1047,29,RSU,TX_ObjectCount,1,0
27.109,4303,Vehicle,ChannelLoad,0.0632,0
27.109,4303,Vehicle,ChannelLoad,0.0632,0
27.109,4303,Vehicle,TX_Throughput,4560,0
27.109,4303,Vehicle,TX_ObjectCount,0,0
27.1104,1538,Vehicle,ChannelLoad,0.03464,0
27.1104,1538,Vehicle,ChannelLoad,0.03464,0
27.1104,1538,Vehicle,TX_Throughput,7760,0
27.1104,1538,Vehicle,TX_ObjectCount,1,0
27.1122,7377,Vehicle,ChannelLoad,0.06248,0
27.1122,7377,Vehicle,ChannelLoad,0.06248,0
27.1122,7377,Vehicle,TX_Throughput,4560,0
27.1122,7377,Vehicle,TX_ObjectCount,0,0
27.1131,5501,Vehicle,ChannelLoad,0.06656,0
27.1131,5501,Vehicle,ChannelLoad,0.06656,0
27.1131,5501,Vehicle,TX_Throughput,4560,0
27.1131,5501,Vehicle,TX_ObjectCount,0,0
27.1143,3260,Vehicle,ChannelLoad,0.04936,0
27.1143,3260,Vehicle,ChannelLoad,0.04936,0
27.1143,3260,Vehicle,TX_Throughput,4560,0
27.1143,3260,Vehicle,TX_ObjectCount,0,0
27.1144,3333,Vehicle,ChannelLoad,0.06568,0
27.1144,3333,Vehicle,ChannelLoad,0.06568,0
27.1144,3333,Vehicle,TX_Throughput,4560,0
27.1144,3333,Vehicle,TX_ObjectCount,0,0
27.1147,3406,Vehicle,ChannelLoad,0.02616,0
27.1147,3406,Vehicle,ChannelLoad,0.02616,0
27.1147,3406,Vehicle,TX_Throughput,4560,0
27.1147,3406,Vehicle,TX_ObjectCount,0,0
27.1154,2292,Vehicle,ChannelLoad,0.02928,0
27.1154,2292,Vehicle,ChannelLoad,0.02928,0
27.1154,2292,Vehicle,TX_Throughput,4560,0
27.1154,2292,Vehicle,TX_ObjectCount,0,0
27.1163,6634,RSU,ChannelLoad,0.05528,0
27.1163,6634,RSU,ChannelLoad,0.05528,0
27.1163,6634,RSU,TX_Throughput,2080,0
27.1163,6634,RSU,TX_ObjectCount,0,0
27.1166,1611,Vehicle,ChannelLoad,0.0448,0
27.1166,1611,Vehicle,ChannelLoad,0.0448,0
27.1166,1611,Vehicle,TX_Throughput,4560,0
27.1166,1611,Vehicle,TX_ObjectCount,0,0
27.1172,2365,Vehicle,ChannelLoad,0.03464,0
27.1172,2365,Vehicle,ChannelLoad,0.03464,0
27.1172,2365,Vehicle,TX_Throughput,7760,0
27.1172,2365,Vehicle,TX_ObjectCount,1,0
27.1182,8348,Vehicle,ChannelLoad,0.04072,0
27.1182,8348,Vehicle,ChannelLoad,0.04072,0
27.1182,8348,Vehicle,TX_Throughput,4560,0
27.1182,8348,Vehicle,TX_ObjectCount,0,0
27.1186,2440,Vehicle,ChannelLoad,0.058,0
27.1186,2440,Vehicle,ChannelLoad,0.058,0
27.1186,2440,Vehicle,TX_Throughput,4560,0
27.1186,2440,Vehicle,TX_ObjectCount,0,0
27.1187,718,Vehicle,ChannelLoad,0.05968,0
27.1187,718,Vehicle,ChannelLoad,0.05968,0
27.1187,718,Vehicle,TX_Throughput,4560,0
27.1187,718,Vehicle,TX_ObjectCount,0,0
27.1188,107,Vehicle,ChannelLoad,0.06584,0
27.1188,107,Vehicle,ChannelLoad,0.06584,0
27.1188,107,Vehicle,TX_Throughput,4560,0
27.1188,107,Vehicle,TX_ObjectCount,0,0
27.1201,182,RSU,ChannelLoad,0.08416,0
27.1201,182,RSU,ChannelLoad,0.08416,0
27.1201,182,RSU,TX_Throughput,5280,0
27.1201,182,RSU,TX_ObjectCount,1,0
27.1202,791,Vehicle,ChannelLoad,0.06072,0
27.1202,791,Vehicle,ChannelLoad,0.06072,0
27.1202,791,Vehicle,TX_Throughput,4560,0
27.1202,791,Vehicle,TX_ObjectCount,0,0
27.1206,6708,Vehicle,ChannelLoad,0.09616,0
27.1206,6708,Vehicle,ChannelLoad,0.09616,0
27.1206,6708,Vehicle,TX_Throughput,4560,0
27.1206,6708,Vehicle,TX_ObjectCount,0,0
27.1218,4380,Vehicle,ChannelLoad,0.06576,0
27.1218,4380,Vehicle,ChannelLoad,0.06576,0
27.1218,4380,Vehicle,TX_Throughput,7760,0
27.1218,4380,Vehicle,TX_ObjectCount,1,0
27.1231,1688,RSU,ChannelLoad,0.06504,0
27.1231,1688,RSU,ChannelLoad,0.06504,0
27.1231,1688,RSU,TX_Throughput,5280,0
27.1231,1688,RSU,TX_ObjectCount,1,0
27.1235,5580,Vehicle,ChannelLoad,0.07992,0
27.1235,5580,Vehicle,ChannelLoad,0.07992,0
27.1235,5580,Vehicle,TX_Throughput,4560,0
27.1235,5580,Vehicle,TX_ObjectCount,0,0
27.1256,8494,Vehicle,ChannelLoad,0.05576,0
27.1256,8494,Vehicle,ChannelLoad,0.05576,0
27.1256,8494,Vehicle,TX_Throughput,4560,0
27.1256,8494,Vehicle,TX_ObjectCount,0,0
27.1289,4455,Vehicle,ChannelLoad,0.0756,0
27.1289,4455,Vehicle,ChannelLoad,0.0756,0
27.1289,4455,Vehicle,TX_Throughput,7760,0
27.1289,4455,Vehicle,TX_ObjectCount,1,0
27.1289,7452,RSU,ChannelLoad,0.09904,0
27.1289,7452,RSU,ChannelLoad,0.09904,0
27.1289,7452,RSU,TX_Throughput,8080,0
27.1289,7452,RSU,TX_ObjectCount,2,0
27.1318,866,Vehicle,ChannelLoad,0.11712,0
27.1318,866,Vehicle,ChannelLoad,0.11712,0
27.1318,866,Vehicle,TX_Throughput,4560,0
27.1318,866,Vehicle,TX_ObjectCount,0,0
27.1326,7526,Vehicle,ChannelLoad,0.08808,0
27.1326,7526,Vehicle,ChannelLoad,0.08808,0
27.1326,7526,Vehicle,TX_Throughput,7760,0
27.1326,7526,Vehicle,TX_ObjectCount,1,0
27.1333,3481,RSU,ChannelLoad,0.07904,0
27.1333,3481,RSU,ChannelLoad,0.07904,0
27.1333,3481,RSU,TX_Throughput,5280,0
27.1333,3481,RSU,TX_ObjectCount,1,0
27.1343,5655,Vehicle,ChannelLoad,0.05424,0
27.1343,5655,Vehicle,ChannelLoad,0.05424,0
27.1343,5655,Vehicle,TX_Throughput,4560,0
27.1343,5655,Vehicle,TX_ObjectCount,0,0
27.1351,5728,Vehicle,ChannelLoad,0.03768,0
27.1351,5728,Vehicle,ChannelLoad,0.03768,0
27.1351,5728,Vehicle,TX_Throughput,7760,0
27.1351,5728,Vehicle,TX_ObjectCount,1,0
27.1352,6781,RSU,ChannelLoad,0.07736,0
27.1352,6781,RSU,ChannelLoad,0.07736,0
27.1352,6781,RSU,TX_Throughput,8080,0
27.1352,6781,RSU,TX_ObjectCount,2,0
27.1382,941,Vehicle,ChannelLoad,0.0368,0
27.1382,941,Vehicle,ChannelLoad,0.0368,0
27.1382,941,Vehicle,TX_Throughput,4560,0
27.1382,941,Vehicle,TX_ObjectCount,0,0
27.1389,5801,RSU,ChannelLoad,0.08048,0
27.1389,5801,RSU,ChannelLoad,0.08048,0
27.1389,5801,RSU,TX_Throughput,5280,0
27.1389,5801,RSU,TX_ObjectCount,1,0
27.1399,5875,Vehicle,ChannelLoad,0.05576,0
27.1399,5875,Vehicle,ChannelLoad,0.05576,0
27.1399,5875,Vehicle,TX_Throughput,4560,0
27.1399,5875,Vehicle,TX_ObjectCount,0,0
27.1414,7674,RSU,ChannelLoad,0.06424,0
27.1414,7674,RSU,ChannelLoad,0.06424,0
27.1414,7674,RSU,TX_Throughput,8080,0
27.1414,7674,RSU,TX_ObjectCount,2,0
27.1417,3561,Vehicle,ChannelLoad,0.07224,0
27.1417,3561,Vehicle,ChannelLoad,0.07224,0
27.1417,3561,Vehicle,TX_Throughput,4560,0
27.1417,3561,Vehicle,TX_ObjectCount,0,0
27.1423,7748,Vehicle,ChannelLoad,0.08176,0
27.1423,7748,Vehicle,ChannelLoad,0.08176,0
27.1423,7748,Vehicle,TX_Throughput,4560,0
27.1423,7748,Vehicle,TX_ObjectCount,0,0
27.1434,1016,Vehicle,ChannelLoad,0.03984,0
27.1434,1016,Vehicle,ChannelLoad,0.03984,0
27.1434,1016,Vehicle,TX_Throughput,4560,0
27.1434,1016,Vehicle,TX_ObjectCount,0,0
27.1464,1089,RSU,ChannelLoad,0.08336,0
27.1464,1089,RSU,ChannelLoad,0.08336,0
27.1464,1089,RSU,TX_Throughput,10880,0
27.1464,1089,RSU,TX_ObjectCount,3,0
27.1471,3634,RSU,ChannelLoad,0.08304,0
27.1471,3634,RSU,ChannelLoad,0.08304,0
27.1471,3634,RSU,TX_Throughput,10880,0
27.1471,3634,RSU,TX_ObjectCount,3,0
27.1472,5950,Vehicle,ChannelLoad,0.05312,0
27.1472,5950,Vehicle,ChannelLoad,0.05312,0
27.1472,5950,Vehicle,TX_Throughput,7760,0
27.1472,5950,Vehicle,TX_ObjectCount,1,0
27.1488,1764,RSU,ChannelLoad,0.10864,0
27.1488,1764,RSU,ChannelLoad,0.10864,0
27.1488,1764,RSU,TX_Throughput,8080,0
27.1488,1764,RSU,TX_ObjectCount,2,0
27.1492,3708,RSU,ChannelLoad,0.06904,0
27.1492,3708,RSU,ChannelLoad,0.06904,0
27.1492,3708,RSU,TX_Throughput,2080,0
27.1492,3708,RSU,TX_ObjectCount,0,0
27.1497,1163,Vehicle,ChannelLoad,0.04472,0
27.1497,1163,Vehicle,ChannelLoad,0.04472,0
27.1497,1163,Vehicle,TX_Throughput,4560,0
27.1497,1163,Vehicle,TX_ObjectCount,0,0
27.1499,3782,Vehicle,ChannelLoad,0.05856,0
27.1499,3782,Vehicle,ChannelLoad,0.05856,0
27.1499,3782,Vehicle,TX_Throughput,7760,0
27.1499,3782,Vehicle,TX_ObjectCount,1,0
27.1507,6859,Vehicle,ChannelLoad,0.04768,0
27.1507,6859,Vehicle,ChannelLoad,0.04768,0
27.1507,6859,Vehicle,TX_Throughput,7760,0
27.1507,6859,Vehicle,TX_ObjectCount,1,0
27.1512,3855,Vehicle,ChannelLoad,0.02728,0
27.1512,3855,Vehicle,ChannelLoad,0.02728,0
27.1512,3855,Vehicle,TX_Throughput,7760,0
27.1512,3855,Vehicle,TX_ObjectCount,1,0
27.1527,8575,RSU,ChannelLoad,0.09208,0
27.1527,8575,RSU,ChannelLoad,0.09208,0
27.1527,8575,RSU,TX_Throughput,5280,0
27.1527,8575,RSU,TX_ObjectCount,1,0
27.1528,4534,RSU,ChannelLoad,0.08168,0
27.1528,4534,RSU,ChannelLoad,0.08168,0
27.1528,4534,RSU,TX_Throughput,5280,0
27.1528,4534,RSU,TX_ObjectCount,1,0
27.1561,6932,RSU,ChannelLoad,0.08648,0
27.1561,6932,RSU,ChannelLoad,0.08648,0
27.1561,6932,RSU,TX_Throughput,5280,0
27.1561,6932,RSU,TX_ObjectCount,1,0
27.1572,8649,Vehicle,ChannelLoad,0.04472,0
27.1572,8649,Vehicle,ChannelLoad,0.04472,0
27.1572,8649,Vehicle,TX_Throughput,4560,0
27.1572,8649,Vehicle,TX_ObjectCount,0,0
27.1579,7825,Vehicle,ChannelLoad,0.04088,0
27.1579,7825,Vehicle,ChannelLoad,0.04088,0
27.1579,7825,Vehicle,TX_Throughput,4560,0
27.1579,7825,Vehicle,TX_ObjectCount,0,0
27.1586,7006,Vehicle,ChannelLoad,0.0572,0
27.1586,7006,Vehicle,ChannelLoad,0.0572,0
27.1586,7006,Vehicle,TX_Throughput,4560,0
27.1586,7006,Vehicle,TX_ObjectCount,0,0
27.1594,2523,Vehicle,ChannelLoad,0.06,0
27.1594,2523,Vehicle,ChannelLoad,0.06,0
27.1594,2523,Vehicle,TX_Throughput,4560,0
27.1594,2523,Vehicle,TX_ObjectCount,0,0
27.1595,2596,Vehicle,ChannelLoad,0.03936,0
27.1595,2596,Vehicle,ChannelLoad,0.03936,0
27.1595,2596,Vehicle,TX_Throughput,7760,0
27.1595,2596,Vehicle,TX_ObjectCount,1,0
27.1613,1238,Vehicle,ChannelLoad,0.06,0
27.1613,1238,Vehicle,ChannelLoad,0.06,0
27.1613,1238,Vehicle,TX_Throughput,4560,0
27.1613,1238,Vehicle,TX_ObjectCount,0,0
27.1615,3930,Vehicle,ChannelLoad,0.05632,0
27.1615,3930,Vehicle,ChannelLoad,0.05632,0
27.1615,3930,Vehicle,TX_Throughput,4560,0
27.1615,3930,Vehicle,TX_ObjectCount,0,0
27.1622,8724,RSU,ChannelLoad,0.09776,0
27.1622,8724,RSU,ChannelLoad,0.09776,0
27.1622,8724,RSU,TX_Throughput,5280,0
27.1622,8724,RSU,TX_ObjectCount,1,0
27.1637,2669,Vehicle,ChannelLoad,0.05512,0
27.1637,2669,Vehicle,ChannelLoad,0.05512,0
27.1637,2669,Vehicle,TX_Throughput,4560,0
27.1637,2669,Vehicle,TX_ObjectCount,0,0
27.1647,1842,RSU,ChannelLoad,0.05968,0
27.1647,1842,RSU,ChannelLoad,0.05968,0
27.1647,1842,RSU,TX_Throughput,8080,0
27.1647,1842,RSU,TX_ObjectCount,2,0
27.1649,1311,RSU,ChannelLoad,0.05504,0
27.1649,1311,RSU,ChannelLoad,0.05504,0
27.1649,1311,RSU,TX_Throughput,5280,0
27.1649,1311,RSU,TX_ObjectCount,1,0
27.1651,7898,Vehicle,ChannelLoad,0.04392,0
27.1651,7898,Vehicle,ChannelLoad,0.04392,0
27.1651,7898,Vehicle,TX_Throughput,4560,0
27.1651,7898,Vehicle,TX_ObjectCount,0,0
27.1652,4608,Vehicle,ChannelLoad,0.05392,0
27.1652,4608,Vehicle,ChannelLoad,0.05392,0
27.1652,4608,Vehicle,TX_Throughput,4560,0
27.1652,4608,Vehicle,TX_ObjectCount,0,0
27.1663,4003,Vehicle,ChannelLoad,0.05696,0
27.1663,4003,Vehicle,ChannelLoad,0.05696,0
27.1663,4003,Vehicle,TX_Throughput,7760,0
27.1663,4003,Vehicle,TX_ObjectCount,1,0
27.1666,4681,Vehicle,ChannelLoad,0.04864,0
27.1666,4681,Vehicle,ChannelLoad,0.04864,0
27.1666,4681,Vehicle,TX_Throughput,7760,0
27.1666,4681,Vehicle,TX_ObjectCount,1,0
27.1684,4756,Vehicle,ChannelLoad,0.05568,0
27.1684,4756,Vehicle,ChannelLoad,0.05568,0
27.1684,4756,Vehicle,TX_Throughput,7760,0
27.1684,4756,Vehicle,TX_ObjectCount,1,0
27.1687,4076,Vehicle,ChannelLoad,0.08296,0
27.1687,4076,Vehicle,ChannelLoad,0.08296,0
27.1687,4076,Vehicle,TX_Throughput,7760,0
27.1687,4076,Vehicle,TX_ObjectCount,1,0
27.1687,2744,Vehicle,ChannelLoad,0.05192,0
27.1687,2744,Vehicle,ChannelLoad,0.05192,0
27.1687,2744,Vehicle,TX_Throughput,10560,0
27.1687,2744,Vehicle,TX_ObjectCount,2,0
27.1696,4829,RSU,ChannelLoad,0.09616,0
27.1696,4829,RSU,ChannelLoad,0.09616,0
27.1696,4829,RSU,TX_Throughput,5280,0
27.1696,4829,RSU,TX_ObjectCount,1,0
27.1698,2817,RSU,ChannelLoad,0.07304,0
27.1698,2817,RSU,ChannelLoad,0.07304,0
27.1698,2817,RSU,TX_Throughput,2080,0
27.1698,2817,RSU,TX_ObjectCount,0,0
27.17,1918,RSU,ChannelLoad,0.10688,0
27.17,1918,RSU,ChannelLoad,0.10688,0
27.17,1918,RSU,TX_Throughput,5280,0
27.17,1918,RSU,TX_ObjectCount,1,0
27.17,7971,Vehicle,ChannelLoad,0.0672,0
27.17,7971,Vehicle,ChannelLoad,0.0672,0
27.17,7971,Vehicle,TX_Throughput,7760,0
27.17,7971,Vehicle,TX_ObjectCount,1,0
27.1701,8044,Vehicle,ChannelLoad,0.06168,0
27.1701,8044,Vehicle,ChannelLoad,0.06168,0
27.1701,8044,Vehicle,TX_Throughput,4560,0
27.1701,8044,Vehicle,TX_ObjectCount,0,0
27.1709,1385,Vehicle,ChannelLoad,0.05192,0
27.1709,1385,Vehicle,ChannelLoad,0.05192,0
27.1709,1385,Vehicle,TX_Throughput,7760,0
27.1709,1385,Vehicle,TX_ObjectCount,1,0
27.171,270,Vehicle,ChannelLoad,0.0632,0
27.171,270,Vehicle,ChannelLoad,0.0632,0
27.171,270,Vehicle,TX_Throughput,13360,0
27.171,270,Vehicle,TX_ObjectCount,3,0
27.1723,4905,RSU,ChannelLoad,0.09032,0
27.1723,4905,RSU,ChannelLoad,0.09032,0
27.1723,4905,RSU,TX_Throughput,5280,0
27.1723,4905,RSU,TX_ObjectCount,1,0
27.1727,1992,Vehicle,ChannelLoad,0.04664,0
27.1727,1992,Vehicle,ChannelLoad,0.04664,0
27.1727,1992,Vehicle,TX_Throughput,4560,0
27.1727,1992,Vehicle,TX_ObjectCount,0,0
27.1742,7079,Vehicle,ChannelLoad,0.06128,0
27.1742,7079,Vehicle,ChannelLoad,0.06128,0
27.1742,7079,Vehicle,TX_Throughput,10560,0
27.1742,7079,Vehicle,TX_ObjectCount,2,0
27.1747,4153,Vehicle,ChannelLoad,0.10384,0
27.1747,4153,Vehicle,ChannelLoad,0.10384,0
27.1747,4153,Vehicle,TX_Throughput,4560,0
27.1747,4153,Vehicle,TX_ObjectCount,0,0
27.1748,6043,Vehicle,ChannelLoad,0.05136,0
27.1748,6043,Vehicle,ChannelLoad,0.05136,0
27.1748,6043,Vehicle,TX_Throughput,4560,0
27.1748,6043,Vehicle,TX_ObjectCount,0,0
27.1759,4979,Vehicle,ChannelLoad,0.06704,0
27.1759,4979,Vehicle,ChannelLoad,0.06704,0
27.1759,4979,Vehicle,TX_Throughput,4560,0
27.1759,4979,Vehicle,TX_ObjectCount,0,0
27.1762,5052,RSU,ChannelLoad,0.07224,0
27.1762,5052,RSU,ChannelLoad,0.07224,0
27.1762,5052,RSU,TX_Throughput,5280,0
27.1762,5052,RSU,TX_ObjectCount,1,0
27.1777,2065,Vehicle,ChannelLoad,0.05912,0
27.1777,2065,Vehicle,ChannelLoad,0.05912,0
27.1777,2065,Vehicle,TX_Throughput,4560,0
27.1777,2065,Vehicle,TX_ObjectCount,0,0
27.1778,6116,RSU,ChannelLoad,0.11944,0
27.1778,6116,RSU,ChannelLoad,0.11944,0
27.1778,6116,RSU,TX_Throughput,5280,0
27.1778,6116,RSU,TX_ObjectCount,1,0
27.1782,7152,Vehicle,ChannelLoad,0.07032,0
27.1782,7152,Vehicle,ChannelLoad,0.07032,0
27.1782,7152,Vehicle,TX_Throughput,7760,0
27.1782,7152,Vehicle,TX_ObjectCount,1,0
27.1786,8808,Vehicle,ChannelLoad,0.07056,0
27.1786,8808,Vehicle,ChannelLoad,0.07056,0
27.1786,8808,Vehicle,TX_Throughput,7760,0
27.1786,8808,Vehicle,TX_ObjectCount,1,0
27.1801,6192,RSU,ChannelLoad,0.08656,0
27.1801,6192,RSU,ChannelLoad,0.08656,0
27.1801,6192,RSU,TX_Throughput,10880,0
27.1801,6192,RSU,TX_ObjectCount,3,0
27.1805,8119,Vehicle,ChannelLoad,0.04608,0
27.1805,8119,Vehicle,ChannelLoad,0.04608,0
27.1805,8119,Vehicle,TX_Throughput,4560,0
27.1805,8119,Vehicle,TX_ObjectCount,0,0
27.1805,7227,Vehicle,ChannelLoad,0.05216,0
27.1805,7227,Vehicle,ChannelLoad,0.05216,0
27.1805,7227,Vehicle,TX_Throughput,4560,0
27.1805,7227,Vehicle,TX_ObjectCount,0,0
27.1809,4230,Vehicle,ChannelLoad,0.08568,0
27.1809,4230,Vehicle,ChannelLoad,0.08568,0
27.1809,4230,Vehicle,TX_Throughput,7760,0
27.1809,4230,Vehicle,TX_ObjectCount,1,0
27.1818,6266,Vehicle,ChannelLoad,0.06552,0
27.1818,6266,Vehicle,ChannelLoad,0.06552,0
27.1818,6266,Vehicle,TX_Throughput,4560,0
27.1818,6266,Vehicle,TX_ObjectCount,0,0
27.1819,5126,Vehicle,ChannelLoad,0.0668,0
27.1819,5126,Vehicle,ChannelLoad,0.0668,0
27.1819,5126,Vehicle,TX_Throughput,4560,0
27.1819,5126,Vehicle,TX_ObjectCount,0,0
27.1831,343,Vehicle,ChannelLoad,0.04528,0
27.1831,343,Vehicle,ChannelLoad,0.04528,0
27.1831,343,Vehicle,TX_Throughput,7760,0
27.1831,343,Vehicle,TX_ObjectCount,1,0
27.1832,1458,RSU,ChannelLoad,0.08512,0
27.1832,1458,RSU,ChannelLoad,0.08512,0
27.1832,1458,RSU,TX_Throughput,8080,0
27.1832,1458,RSU,TX_ObjectCount,2,0
27.1834,2891,Vehicle,ChannelLoad,0.05888,0
27.1834,2891,Vehicle,ChannelLoad,0.05888,0
27.1834,2891,Vehicle,TX_Throughput,4560,0
27.1834,2891,Vehicle,TX_ObjectCount,0,0
27.1865,2966,Vehicle,ChannelLoad,0.07216,0
27.1865,2966,Vehicle,ChannelLoad,0.07216,0
27.1865,2966,Vehicle,TX_Throughput,4560,0
27.1865,2966,Vehicle,TX_ObjectCount,0,0
27.1865,5201,RSU,ChannelLoad,0.09328,0
27.1865,5201,RSU,ChannelLoad,0.09328,0
27.1865,5201,RSU,TX_Throughput,5280,0
27.1865,5201,RSU,TX_ObjectCount,1,0
27.1871,416,Vehicle,ChannelLoad,0.05952,0
27.1871,416,Vehicle,ChannelLoad,0.05952,0
27.1871,416,Vehicle,TX_Throughput,7760,0
27.1871,416,Vehicle,TX_ObjectCount,1,0
27.1884,8883,Vehicle,ChannelLoad,0.05712,0
27.1884,8883,Vehicle,ChannelLoad,0.05712,0
27.1884,8883,Vehicle,TX_Throughput,10560,0
27.1884,8883,Vehicle,TX_ObjectCount,2,0
27.1885,2140,RSU,ChannelLoad,0.09136,0
27.1885,2140,RSU,ChannelLoad,0.09136,0
27.1885,2140,RSU,TX_Throughput,5280,0
27.1885,2140,RSU,TX_ObjectCount,1,0
27.1887,6339,Vehicle,ChannelLoad,0.07968,0
27.1887,6339,Vehicle,ChannelLoad,0.07968,0
27.1887,6339,Vehicle,TX_Throughput,4560,0
27.1887,6339,Vehicle,TX_ObjectCount,0,0
27.1894,2214,RSU,ChannelLoad,0.05888,0
27.1894,2214,RSU,ChannelLoad,0.05888,0
27.1894,2214,RSU,TX_Throughput,8080,0
27.1894,2214,RSU,TX_ObjectCount,2,0
27.1916,8192,RSU,ChannelLoad,0.08208,0
27.1916,8192,RSU,ChannelLoad,0.08208,0
27.1916,8192,RSU,TX_Throughput,8080,0
27.1916,8192,RSU,TX_ObjectCount,2,0
27.192,5275,RSU,ChannelLoad,0.08144,0
27.192,5275,RSU,ChannelLoad,0.08144,0
27.192,5275,RSU,TX_Throughput,10880,0
27.192,5275,RSU,TX_ObjectCount,3,0
27.1925,6412,Vehicle,ChannelLoad,0.03224,0
27.1925,6412,Vehicle,ChannelLoad,0.03224,0
27.1925,6412,Vehicle,TX_Throughput,10560,0
27.1925,6412,Vehicle,TX_ObjectCount,2,0
27.1928,3039,Vehicle,ChannelLoad,0.06448,0
27.1928,3039,Vehicle,ChannelLoad,0.06448,0
27.1928,3039,Vehicle,TX_Throughput,7760,0
27.1928,3039,Vehicle,TX_ObjectCount,1,0
27.1928,5349,Vehicle,ChannelLoad,0.06128,0
27.1928,5349,Vehicle,ChannelLoad,0.06128,0
27.1928,5349,Vehicle,TX_Throughput,7760,0
27.1928,5349,Vehicle,TX_ObjectCount,1,0
27.1939,489,Vehicle,ChannelLoad,0.05192,0
27.1939,489,Vehicle,ChannelLoad,0.05192,0
27.1939,489,Vehicle,TX_Throughput,7760,0
27.1939,489,Vehicle,TX_ObjectCount,1,0
27.1953,8956,Vehicle,ChannelLoad,0.07576,0
27.1953,8956,Vehicle,ChannelLoad,0.07576,0
27.1953,8956,Vehicle,TX_Throughput,4560,0
27.1953,8956,Vehicle,TX_ObjectCount,0,0
27.196,8268,RSU,ChannelLoad,0.08856,0
27.196,8268,RSU,ChannelLoad,0.08856,0
27.196,8268,RSU,TX_Throughput,5280,0
27.196,8268,RSU,TX_ObjectCount,1,0
27.1961,3112,RSU,ChannelLoad,0.08056,0
27.1961,3112,RSU,ChannelLoad,0.08056,0
27.1961,3112,RSU,TX_Throughput,10880,0
27.1961,3112,RSU,TX_ObjectCount,3,0
27.1961,562,Vehicle,ChannelLoad,0.05384,0
27.1961,562,Vehicle,ChannelLoad,0.05384,0
27.1961,562,Vehicle,TX_Throughput,4560,0
27.1961,562,Vehicle,TX_ObjectCount,0,0
27.1976,6485,Vehicle,ChannelLoad,0.08464,0
27.1976,6485,Vehicle,ChannelLoad,0.08464,0
27.1976,6485,Vehicle,TX_Throughput,4560,0
27.1976,6485,Vehicle,TX_ObjectCount,0,0
27.1978,3186,RSU,ChannelLoad,0.0512,0
27.1978,3186,RSU,ChannelLoad,0.0512,0
27.1978,3186,RSU,TX_Throughput,5280,0
27.1978,3186,RSU,TX_ObjectCount,1,0
27.2009,7304,Vehicle,ChannelLoad,0.05496,0
27.2009,7304,Vehicle,ChannelLoad,0.05496,0
27.2009,7304,Vehicle,TX_Throughput,4560,0
27.2009,7304,Vehicle,TX_ObjectCount,0,0
27.202,639,Vehicle,ChannelLoad,0.05544,0
27.202,639,Vehicle,ChannelLoad,0.05544,0
27.202,639,Vehicle,TX_Throughput,4560,0
27.202,639,Vehicle,TX_ObjectCount,0,0
27.2028,5422,Vehicle,ChannelLoad,0.07,0
27.2028,5422,Vehicle,ChannelLoad,0.07,0
27.2028,5422,Vehicle,TX_Throughput,4560,0
27.2028,5422,Vehicle,TX_ObjectCount,0,0
27.2037,6558,RSU,ChannelLoad,0.07152,0
27.2037,6558,RSU,ChannelLoad,0.07152,0
27.2037,6558,RSU,TX_Throughput,2080,0
27.2037,6558,RSU,TX_ObjectCount,0,0
27.2047,29,RSU,ChannelLoad,0.08368,0
27.2047,29,RSU,ChannelLoad,0.08368,0
27.2047,29,RSU,TX_Throughput,2080,0
27.2047,29,RSU,TX_ObjectCount,0,0
27.209,4303,Vehicle,ChannelLoad,0.04984,0
27.209,4303,Vehicle,ChannelLoad,0.04984,0
27.209,4303,Vehicle,TX_Throughput,10560,0
27.209,4303,Vehicle,TX_ObjectCount,2,0
27.2104,1538,Vehicle,ChannelLoad,0.03168,0
27.2104,1538,Vehicle,ChannelLoad,0.03168,0
27.2104,1538,Vehicle,TX_Throughput,7760,0
27.2104,1538,Vehicle,TX_ObjectCount,1,0
27.2122,7377,Vehicle,ChannelLoad,0.05608,0
27.2122,7377,Vehicle,ChannelLoad,0.05608,0
27.2122,7377,Vehicle,TX_Throughput,4560,0
27.2122,7377,Vehicle,TX_ObjectCount,0,0
27.2131,5501,Vehicle,ChannelLoad,0.06464,0
27.2131,5501,Vehicle,ChannelLoad,0.06464,0
27.2131,5501,Vehicle,TX_Throughput,4560,0
27.2131,5501,Vehicle,TX_ObjectCount,0,0
27.2143,3260,Vehicle,ChannelLoad,0.06352,0
27.2143,3260,Vehicle,ChannelLoad,0.06352,0
27.2143,3260,Vehicle,TX_Throughput,4560,0
27.2143,3260,Vehicle,TX_ObjectCount,0,0
27.2144,3333,Vehicle,ChannelLoad,0.07928,0
27.2144,3333,Vehicle,ChannelLoad,0.07928,0
27.2144,3333,Vehicle,TX_Throughput,4560,0
27.2144,3333,Vehicle,TX_ObjectCount,0,0
27.2147,3406,Vehicle,ChannelLoad,0.03112,0
27.2147,3406,Vehicle,ChannelLoad,0.03112,0
27.2147,3406,Vehicle,TX_Throughput,4560,0
27.2147,3406,Vehicle,TX_ObjectCount,0,0
27.2154,2292,Vehicle,ChannelLoad,0.04704,0
27.2154,2292,Vehicle,ChannelLoad,0.04704,0
27.2154,2292,Vehicle,TX_Throughput,4560,0
27.2154,2292,Vehicle,TX_ObjectCount,0,0
27.2163,6634,RSU,ChannelLoad,0.0572,0
27.2163,6634,RSU,ChannelLoad,0.0572,0
27.2163,6634,RSU,TX_Throughput,2080,0
27.2163,6634,RSU,TX_ObjectCount,0,0
27.2166,1611,Vehicle,ChannelLoad,0.03928,0
27.2166,1611,Vehicle,ChannelLoad,0.03928,0
27.2166,1611,Vehicle,TX_Throughput,4560,0
27.2166,1611,Vehicle,TX_ObjectCount,0,0
27.2172,2365,Vehicle,ChannelLoad,0.03376,0
27.2172,2365,Vehicle,ChannelLoad,0.03376,0
27.2172,2365,Vehicle,TX_Throughput,4560,0
27.2172,2365,Vehicle,TX_ObjectCount,0,0
27.2182,8348,Vehicle,ChannelLoad,0.0464,0
27.2182,8348,Vehicle,ChannelLoad,0.0464,0
27.2182,8348,Vehicle,TX_Throughput,4560,0
27.2182,8348,Vehicle,TX_ObjectCount,0,0
27.2186,2440,Vehicle,ChannelLoad,0.05688,0
27.2186,2440,Vehicle,ChannelLoad,0.05688,0
27.2186,2440,Vehicle,TX_Throughput,4560,0
27.2186,2440,Vehicle,TX_ObjectCount,0,0
27.2187,718,Vehicle,ChannelLoad,0.06704,0
27.2187,718,Vehicle,ChannelLoad,0.06704,0
27.2187,718,Vehicle,TX_Throughput,10560,0
27.2187,718,Vehicle,TX_ObjectCount,2,0
27.2188,107,Vehicle,ChannelLoad,0.07424,0
27.2188,107,Vehicle,ChannelLoad,0.07424,0
27.2188,107,Vehicle,TX_Throughput,4560,0
27.2188,107,Vehicle,TX_ObjectCount,0,0
27.2201,182,RSU,ChannelLoad,0.08336,0
27.2201,182,RSU,ChannelLoad,0.08336,0
27.2201,182,RSU,TX_Throughput,10880,0
27.2201,182,RSU,TX_ObjectCount,3,0
27.2202,791,Vehicle,ChannelLoad,0.05928,0
27.2202,791,Vehicle,ChannelLoad,0.05928,0
27.2202,791,Vehicle,TX_Throughput,7760,0
27.2202,791,Vehicle,TX_ObjectCount,1,0
27.2206,6708,Vehicle,ChannelLoad,0.07728,0
27.2206,6708,Vehicle,ChannelLoad,0.07728,0
27.2206,6708,Vehicle,TX_Throughput,4560,0
27.2206,6708,Vehicle,TX_ObjectCount,0,0
27.2218,4380,Vehicle,ChannelLoad,0.05952,0
27.2218,4380,Vehicle,ChannelLoad,0.05952,0
27.2218,4380,Vehicle,TX_Throughput,7760,0
27.2218,4380,Vehicle,TX_ObjectCount,1,0
27.2231,1688,RSU,ChannelLoad,0.06336,0
27.2231,1688,RSU,ChannelLoad,0.06336,0
27.2231,1688,RSU,TX_Throughput,8080,0
27.2231,1688,RSU,TX_ObjectCount,2,0
27.2235,5580,Vehicle,ChannelLoad,0.07792,0
27.2235,5580,Vehicle,ChannelLoad,0.07792,0
27.2235,5580,Vehicle,TX_Throughput,4560,0
27.2235,5580,Vehicle,TX_ObjectCount,0,0
27.2256,8494,Vehicle,ChannelLoad,0.05832,0
27.2256,8494,Vehicle,ChannelLoad,0.05832,0
27.2256,8494,Vehicle,TX_Throughput,7760,0
27.2256,8494,Vehicle,TX_ObjectCount,1,0
27.2289,4455,Vehicle,ChannelLoad,0.07776,0
27.2289,4455,Vehicle,ChannelLoad,0.07776,0
27.2289,4455,Vehicle,TX_Throughput,4560,0
27.2289,4455,Vehicle,TX_ObjectCount,0,0
27.2289,7452,RSU,ChannelLoad,0.08312,0
27.2289,7452,RSU,ChannelLoad,0.08312,0
27.2289,7452,RSU,TX_Throughput,8080,0
27.2289,7452,RSU,TX_ObjectCount,2,0
27.2318,866,Vehicle,ChannelLoad,0.09528,0
27.2318,866,Vehicle,ChannelLoad,0.09528,0
27.2318,866,Vehicle,TX_Throughput,4560,0
27.2318,866,Vehicle,TX_ObjectCount,0,0
27.2326,7526,Vehicle,ChannelLoad,0.09496,0
27.2326,7526,Vehicle,ChannelLoad,0.09496,0
27.2326,7526,Vehicle,TX_Throughput,4560,0
27.2326,7526,Vehicle,TX_ObjectCount,0,0
27.2333,3481,RSU,ChannelLoad,0.08824,0
27.2333,3481,RSU,ChannelLoad,0.08824,0
27.2333,3481,RSU,TX_Throughput,8080,0
27.2333,3481,RSU,TX_ObjectCount,2,0
27.2343,5655,Vehicle,ChannelLoad,0.0536,0
27.2343,5655,Vehicle,ChannelLoad,0.0536,0
27.2343,5655,Vehicle,TX_Throughput,4560,0
27.2343,5655,Vehicle,TX_ObjectCount,0,0
27.2351,5728,Vehicle,ChannelLoad,0.06784,0
27.2351,5728,Vehicle,ChannelLoad,0.06784,0
27.2351,5728,Vehicle,TX_Throughput,7760,0
27.2351,5728,Vehicle,TX_ObjectCount,1,0
27.2352,6781,RSU,ChannelLoad,0.05992,0
27.2352,6781,RSU,ChannelLoad,0.05992,0
27.2352,6781,RSU,TX_Throughput,2080,0
27.2352,6781,RSU,TX_ObjectCount,0,0
27.2382,941,Vehicle,ChannelLoad,0.0352,0
27.2382,941,Vehicle,ChannelLoad,0.0352,0
27.2382,941,Vehicle,TX_Throughput,4560,0
27.2382,941,Vehicle,TX_ObjectCount,0,0
27.2389,5801,RSU,ChannelLoad,0.07184,0
27.2389,5801,RSU,ChannelLoad,0.07184,0
27.2389,5801,RSU,TX_Throughput,2080,0
27.2389,5801,RSU,TX_ObjectCount,0,0
27.2399,5875,Vehicle,ChannelLoad,0.06776,0
27.2399,5875,Vehicle,ChannelLoad,0.06776,0
27.2399,5875,Vehicle,TX_Throughput,4560,0
27.2399,5875,Vehicle,TX_ObjectCount,0,0
27.2414,7674,RSU,ChannelLoad,0.05536,0
27.2414,7674,RSU,ChannelLoad,0.05536,0
27.2414,7674,RSU,TX_Throughput,8080,0
27.2414,7674,RSU,TX_ObjectCount,2,0
27.2417,3561,Vehicle,ChannelLoad,0.07016,0
27.2417,3561,Vehicle,ChannelLoad,0.07016,0
27.2417,3561,Vehicle,TX_Throughput,4560,0
27.2417,3561,Vehicle,TX_ObjectCount,0,0
27.2423,7748,Vehicle,ChannelLoad,0.082,0
27.2423,7748,Vehicle,ChannelLoad,0.082,0
27.2423,7748,Vehicle,TX_Throughput,4560,0
27.2423,7748,Vehicle,TX_ObjectCount,0,0
27.2434,1016,Vehicle,ChannelLoad,0.0328,0
27.2434,1016,Vehicle,ChannelLoad,0.0328,0
27.2434,1016,Vehicle,TX_Throughput,4560,0
27.2434,1016,Vehicle,TX_ObjectCount,0,0
27.2464,1089,RSU,ChannelLoad,0.09264,0
27.2464,1089,RSU,ChannelLoad,0.09264,0
27.2464,1089,RSU,TX_Throughput,2080,0
27.2464,1089,RSU,TX_ObjectCount,0,0
27.2471,3634,RSU,ChannelLoad,0.0984,0
27.2471,3634,RSU,ChannelLoad,0.0984,0
27.2471,3634,RSU,TX_Throughput,5280,0
27.2471,3634,RSU,TX_ObjectCount,1,0
27.2472,5950,Vehicle,ChannelLoad,0.05744,0
27.2472,5950,Vehicle,ChannelLoad,0.05744,0
27.2472,5950,Vehicle,TX_Throughput,10560,0
27.2472,5950,Vehicle,TX_ObjectCount,2,0
27.2488,1764,RSU,ChannelLoad,0.09696,0
27.2488,1764,RSU,ChannelLoad,0.09696,0
27.2488,1764,RSU,TX_Throughput,8080,0
27.2488,1764,RSU,TX_ObjectCount,2,0
27.2492,3708,RSU,ChannelLoad,0.06864,0
27.2492,3708,RSU,ChannelLoad,0.06864,0
27.2492,3708,RSU,TX_Throughput,2080,0
27.2492,3708,RSU,TX_ObjectCount,0,0
27.2497,1163,Vehicle,ChannelLoad,0.046,0
27.2497,1163,Vehicle,ChannelLoad,0.046,0
27.2497,1163,Vehicle,TX_Throughput,4560,0
27.2497,1163,Vehicle,TX_ObjectCount,0,0
27.2499,3782,Vehicle,ChannelLoad,0.0488,0
27.2499,3782,Vehicle,ChannelLoad,0.0488,0
27.2499,3782,Vehicle,TX_Throughput,4560,0
27.2499,3782,Vehicle,TX_ObjectCount,0,0
27.2507,6859,Vehicle,ChannelLoad,0.03232,0
27.2507,6859,Vehicle,ChannelLoad,0.03232,0
27.2507,6859,Vehicle,TX_Throughput,7760,0
27.2507,6859,Vehicle,TX_ObjectCount,1,0
27.2512,3855,Vehicle,ChannelLoad,0.03856,0
27.2512,3855,Vehicle,ChannelLoad,0.03856,0
27.2512,3855,Vehicle,TX_Throughput,4560,0
27.2512,3855,Vehicle,TX_ObjectCount,0,0
27.2527,8575,RSU,ChannelLoad,0.09704,0
27.2527,8575,RSU,ChannelLoad,0.09704,0
27.2527,8575,RSU,TX_Throughput,5280,0
27.2527,8575,RSU,TX_ObjectCount,1,0
27.2528,4534,RSU,ChannelLoad,0.0716,0
27.2528,4534,RSU,ChannelLoad,0.0716,0
27.2528,4534,RSU,TX_Throughput,2080,0
27.2528,4534,RSU,TX_ObjectCount,0,0
27.2561,6932,RSU,ChannelLoad,0.06256,0
27.2561,6932,RSU,ChannelLoad,0.06256,0
27.2561,6932,RSU,TX_Throughput,2080,0
27.2561,6932,RSU,TX_ObjectCount,0,0
27.2572,8649,Vehicle,ChannelLoad,0.05856,0
27.2572,8649,Vehicle,ChannelLoad,0.05856,0
27.2572,8649,Vehicle,TX_Throughput,4560,0
27.2572,8649,Vehicle,TX_ObjectCount,0,0
27.2579,7825,Vehicle,ChannelLoad,0.06568,0
27.2579,7825,Vehicle,ChannelLoad,0.06568,0
27.2579,7825,Vehicle,TX_Throughput,4560,0
27.2579,7825,Vehicle,TX_ObjectCount,0,0
27.2586,7006,Vehicle,ChannelLoad,0.06352,0
27.2586,7006,Vehicle,ChannelLoad,0.06352,0
27.2586,7006,Vehicle,TX_Throughput,4560,0
27.2586,7006,Vehicle,TX_ObjectCount,0,0
27.2594,2523,Vehicle,ChannelLoad,0.05944,0
27.2594,2523,Vehicle,ChannelLoad,0.05944,0
27.2594,2523,Vehicle,TX_Throughput,4560,0
27.2594,2523,Vehicle,TX_ObjectCount,0,0
27.2595,2596,Vehicle,ChannelLoad,0.04128,0
27.2595,2596,Vehicle,ChannelLoad,0.04128,0
27.2595,2596,Vehicle,TX_Throughput,4560,0
27.2595,2596,Vehicle,TX_ObjectCount,0,0
27.2613,1238,Vehicle,ChannelLoad,0.05688,0
27.2613,1238,Vehicle,ChannelLoad,0.05688,0
27.2613,1238,Vehicle,TX_Throughput,4560,0
27.2613,1238,Vehicle,TX_ObjectCount,0,0
27.2615,3930,Vehicle,ChannelLoad,0.05448,0
27.2615,3930,Vehicle,ChannelLoad,0.05448,0
27.2615,3930,Vehicle,TX_Throughput,7760,0
27.2615,3930,Vehicle,TX_ObjectCount,1,0
27.2622,8724,RSU,ChannelLoad,0.10072,0
27.2622,8724,RSU,ChannelLoad,0.10072,0
27.2622,8724,RSU,TX_Throughput,10880,0
27.2622,8724,RSU,TX_ObjectCount,3,0
27.2637,2669,Vehicle,ChannelLoad,0.05664,0
27.2637,2669,Vehicle,ChannelLoad,0.05664,0
27.2637,2669,Vehicle,TX_Throughput,4560,0
27.2637,2669,Vehicle,TX_ObjectCount,0,0
27.2647,1842,RSU,ChannelLoad,0.05768,0
27.2647,1842,RSU,ChannelLoad,0.05768,0
27.2647,1842,RSU,TX_Throughput,10880,0
27.2647,1842,RSU,TX_ObjectCount,3,0
27.2649,1311,RSU,ChannelLoad,0.05272,0
27.2649,1311,RSU,ChannelLoad,0.05272,0
27.2649,1311,RSU,TX_Throughput,2080,0
27.2649,1311,RSU,TX_ObjectCount,0,0
27.2651,7898,Vehicle,ChannelLoad,0.0552,0
27.2651,7898,Vehicle,ChannelLoad,0.0552,0
27.2651,7898,Vehicle,TX_Throughput,4560,0
27.2651,7898,Vehicle,TX_ObjectCount,0,0
27.2652,4608,Vehicle,ChannelLoad,0.04784,0
27.2652,4608,Vehicle,ChannelLoad,0.04784,0
27.2652,4608,Vehicle,TX_Throughput,4560,0
27.2652,4608,Vehicle,TX_ObjectCount,0,0
27.2663,4003,Vehicle,ChannelLoad,0.06504,0
27.2663,4003,Vehicle,ChannelLoad,0.06504,0
27.2663,4003,Vehicle,TX_Throughput,4560,0
27.2663,4003,Vehicle,TX_ObjectCount,0,0
27.2666,4681,Vehicle,ChannelLoad,0.06256,0
27.2666,4681,Vehicle,ChannelLoad,0.06256,0
27.2666,4681,Vehicle,TX_Throughput,7760,0
27.2666,4681,Vehicle,TX_ObjectCount,1,0
27.2684,4756,Vehicle,ChannelLoad,0.066,0
27.2684,4756,Vehicle,ChannelLoad,0.066,0
27.2684,4756,Vehicle,TX_Throughput,7760,0
27.2684,4756,Vehicle,TX_ObjectCount,1,0
27.2687,4076,Vehicle,ChannelLoad,0.08368,0
27.2687,4076,Vehicle,ChannelLoad,0.08368,0
27.2687,4076,Vehicle,TX_Throughput,4560,0
27.2687,4076,Vehicle,TX_ObjectCount,0,0
27.2687,2744,Vehicle,ChannelLoad,0.05488,0
27.2687,2744,Vehicle,ChannelLoad,0.05488,0
27.2687,2744,Vehicle,TX_Throughput,7760,0
27.2687,2744,Vehicle,TX_ObjectCount,1,0
27.2696,4829,RSU,ChannelLoad,0.08512,0
27.2696,4829,RSU,ChannelLoad,0.08512,0
27.2696,4829,RSU,TX_Throughput,10880,0
27.2696,4829,RSU,TX_ObjectCount,3,0
27.2698,2817,RSU,ChannelLoad,0.07616,0
27.2698,2817,RSU,ChannelLoad,0.07616,0
27.2698,2817,RSU,TX_Throughput,5280,0
27.2698,2817,RSU,TX_ObjectCount,1,0
27.27,1918,RSU,ChannelLoad,0.10792,0
27.27,1918,RSU,ChannelLoad,0.10792,0
27.27,1918,RSU,TX_Throughput,5280,0
27.27,1918,RSU,TX_ObjectCount,1,0
27.27,7971,Vehicle,ChannelLoad,0.06408,0
27.27,7971,Vehicle,ChannelLoad,0.06408,0
27.27,7971,Vehicle,TX_Throughput,4560,0
27.27,7971,Vehicle,TX_ObjectCount,0,0
27.2701,8044,Vehicle,ChannelLoad,0.04192,0
27.2701,8044,Vehicle,ChannelLoad,0.04192,0
27.2701,8044,Vehicle,TX_Throughput,4560,0
27.2701,8044,Vehicle,TX_ObjectCount,0,0
27.2709,1385,Vehicle,ChannelLoad,0.05504,0
27.2709,1385,Vehicle,ChannelLoad,0.05504,0
27.2709,1385,Vehicle,TX_Throughput,4560,0
27.2709,1385,Vehicle,TX_ObjectCount,0,0
27.271,270,Vehicle,ChannelLoad,0.05576,0
27.271,270,Vehicle,ChannelLoad,0.05576,0
27.271,270,Vehicle,TX_Throughput,10560,0
27.271,270,Vehicle,TX_ObjectCount,2,0
27.2723,4905,RSU,ChannelLoad,0.09696,0
27.2723,4905,RSU,ChannelLoad,0.09696,0
27.2723,4905,RSU,TX_Throughput,10880,0
27.2723,4905,RSU,TX_ObjectCount,3,0
27.2727,1992,Vehicle,ChannelLoad,0.04656,0
27.2727,1992,Vehicle,ChannelLoad,0.04656,0
27.2727,1992,Vehicle,TX_Throughput,4560,0
27.2727,1992,Vehicle,TX_ObjectCount,0,0
27.2742,7079,Vehicle,ChannelLoad,0.0532,0
27.2742,7079,Vehicle,ChannelLoad,0.0532,0
27.2742,7079,Vehicle,TX_Throughput,4560,0
27.2742,7079,Vehicle,TX_ObjectCount,0,0
27.2747,4153,Vehicle,ChannelLoad,0.07952,0
27.2747,4153,Vehicle,ChannelLoad,0.07952,0
27.2747,4153,Vehicle,TX_Throughput,4560,0
27.2747,4153,Vehicle,TX_ObjectCount,0,0
27.2748,6043,Vehicle,ChannelLoad,0.0456,0
27.2748,6043,Vehicle,ChannelLoad,0.0456,0
27.2748,6043,Vehicle,TX_Throughput,7760,0
27.2748,6043,Vehicle,TX_ObjectCount,1,0
27.2759,4979,Vehicle,ChannelLoad,0.07544,0
27.2759,4979,Vehicle,ChannelLoad,0.07544,0
27.2759,4979,Vehicle,TX_Throughput,4560,0
27.2759,4979,Vehicle,TX_ObjectCount,0,0
27.2762,5052,RSU,ChannelLoad,0.0724,0
27.2762,5052,RSU,ChannelLoad,0.0724,0
27.2762,5052,RSU,TX_Throughput,5280,0
27.2762,5052,RSU,TX_ObjectCount,1,0
27.2777,2065,Vehicle,ChannelLoad,0.06,0
27.2777,2065,Vehicle,ChannelLoad,0.06,0
27.2777,2065,Vehicle,TX_Throughput,7760,0
27.2777,2065,Vehicle,TX_ObjectCount,1,0
27.2778,6116,RSU,ChannelLoad,0.0876,0
27.2778,6116,RSU,ChannelLoad,0.0876,0
27.2778,6116,RSU,TX_Throughput,5280,0
27.2778,6116,RSU,TX_ObjectCount,1,0
27.2782,7152,Vehicle,ChannelLoad,0.06504,0
27.2782,7152,Vehicle,ChannelLoad,0.06504,0
27.2782,7152,Vehicle,TX_Throughput,4560,0
27.2782,7152,Vehicle,TX_ObjectCount,0,0
27.2786,8808,Vehicle,ChannelLoad,0.054,0
27.2786,8808,Vehicle,ChannelLoad,0.054,0
27.2786,8808,Vehicle,TX_Throughput,4560,0
27.2786,8808,Vehicle,TX_ObjectCount,0,0
27.2801,6192,RSU,ChannelLoad,0.08256,0
27.2801,6192,RSU,ChannelLoad,0.08256,0
27.2801,6192,RSU,TX_Throughput,13680,0
27.2801,6192,RSU,TX_ObjectCount,4,0
27.2805,8119,Vehicle,ChannelLoad,0.03024,0
27.2805,8119,Vehicle,ChannelLoad,0.03024,0
27.2805,8119,Vehicle,TX_Throughput,7760,0
27.2805,8119,Vehicle,TX_ObjectCount,1,0
27.2805,7227,Vehicle,ChannelLoad,0.0508,0
27.2805,7227,Vehicle,ChannelLoad,0.0508,0
27.2805,7227,Vehicle,TX_Throughput,7760,0
27.2805,7227,Vehicle,TX_ObjectCount,1,0
27.2809,4230,Vehicle,ChannelLoad,0.07264,0
27.2809,4230,Vehicle,ChannelLoad,0.07264,0
27.2809,4230,Vehicle,TX_Throughput,4560,0
27.2809,4230,Vehicle,TX_ObjectCount,0,0
27.2818,6266,Vehicle,ChannelLoad,0.05208,0
27.2818,6266,Vehicle,ChannelLoad,0.05208,0
27.2818,6266,Vehicle,TX_Throughput,10560,0
27.2818,6266,Vehicle,TX_ObjectCount,2,0
27.2819,5126,Vehicle,ChannelLoad,0.08824,0
27.2819,5126,Vehicle,ChannelLoad,0.08824,0
27.2819,5126,Vehicle,TX_Throughput,7760,0
27.2819,5126,Vehicle,TX_ObjectCount,1,0
27.2831,343,Vehicle,ChannelLoad,0.04264,0
27.2831,343,Vehicle,ChannelLoad,0.04264,0
27.2831,343,Vehicle,TX_Throughput,4560,0
27.2831,343,Vehicle,TX_ObjectCount,0,0
27.2832,1458,RSU,ChannelLoad,0.08264,0
27.2832,1458,RSU,ChannelLoad,0.08264,0
27.2832,1458,RSU,TX_Throughput,2080,0
27.2832,1458,RSU,TX_ObjectCount,0,0
27.2834,2891,Vehicle,ChannelLoad,0.05296,0
27.2834,2891,Vehicle,ChannelLoad,0.05296,0
27.2834,2891,Vehicle,TX_Throughput,4560,0
27.2834,2891,Vehicle,TX_ObjectCount,0,0
27.2865,2966,Vehicle,ChannelLoad,0.0772,0
27.2865,2966,Vehicle,ChannelLoad,0.0772,0
27.2865,2966,Vehicle,TX_Throughput,4560,0
27.2865,2966,Vehicle,TX_ObjectCount,0,0
27.2865,5201,RSU,ChannelLoad,0.08992,0
27.2865,5201,RSU,ChannelLoad,0.08992,0
27.2865,5201,RSU,TX_Throughput,8080,0
27.2865,5201,RSU,TX_ObjectCount,2,0
27.2871,416,Vehicle,ChannelLoad,0.04808,0
27.2871,416,Vehicle,ChannelLoad,0.04808,0
27.2871,416,Vehicle,TX_Throughput,4560,0
27.2871,416,Vehicle,TX_ObjectCount,0,0
27.2884,8883,Vehicle,ChannelLoad,0.05496,0
27.2884,8883,Vehicle,ChannelLoad,0.05496,0
27.2884,8883,Vehicle,TX_Throughput,7760,0
27.2884,8883,Vehicle,TX_ObjectCount,1,0
27.2885,2140,RSU,ChannelLoad,0.09152,0
27.2885,2140,RSU,ChannelLoad,0.09152,0
27.2885,2140,RSU,TX_Throughput,8080,0
27.2885,2140,RSU,TX_ObjectCount,2,0
27.2887,6339,Vehicle,ChannelLoad,0.05752,0
27.2887,6339,Vehicle,ChannelLoad,0.05752,0
27.2887,6339,Vehicle,TX_Throughput,4560,0
27.2887,6339,Vehicle,TX_ObjectCount,0,0
27.2894,2214,RSU,ChannelLoad,0.06912,0
27.2894,2214,RSU,ChannelLoad,0.06912,0
27.2894,2214,RSU,TX_Throughput,5280,0
27.2894,2214,RSU,TX_ObjectCount,1,0
27.2916,8192,RSU,ChannelLoad,0.07,0
27.2916,8192,RSU,ChannelLoad,0.07,0
27.2916,8192,RSU,TX_Throughput,5280,0
27.2916,8192,RSU,TX_ObjectCount,1,0
27.292,5275,RSU,ChannelLoad,0.0848,0
27.292,5275,RSU,ChannelLoad,0.0848,0
27.292,5275,RSU,TX_Throughput,13680,0
27.292,5275,RSU,TX_ObjectCount,4,0
27.2925,6412,Vehicle,ChannelLoad,0.04664,0
27.2925,6412,Vehicle,ChannelLoad,0.04664,0
27.2925,6412,Vehicle,TX_Throughput,4560,0
27.2925,6412,Vehicle,TX_ObjectCount,0,0
27.2928,3039,Vehicle,ChannelLoad,0.07936,0
27.2928,3039,Vehicle,ChannelLoad,0.07936,0
27.2928,3039,Vehicle,TX_Throughput,4560,0
27.2928,3039,Vehicle,TX_ObjectCount,0,0
27.2928,5349,Vehicle,ChannelLoad,0.05552,0
27.2928,5349,Vehicle,ChannelLoad,0.05552,0
27.2928,5349,Vehicle,TX_Throughput,4560,0
27.2928,5349,Vehicle,TX_ObjectCount,0,0
27.2939,489,Vehicle,ChannelLoad,0.05848,0
27.2939,489,Vehicle,ChannelLoad,0.05848,0
27.2939,489,Vehicle,TX_Throughput,4560,0
27.2939,489,Vehicle,TX_ObjectCount,0,0
27.2953,8956,Vehicle,ChannelLoad,0.05976,0
27.2953,8956,Vehicle,ChannelLoad,0.05976,0
27.2953,8956,Vehicle,TX_Throughput,4560,0
27.2953,8956,Vehicle,TX_ObjectCount,0,0
27.296,8268,RSU,ChannelLoad,0.10024,0
27.296,8268,RSU,ChannelLoad,0.10024,0
27.296,8268,RSU,TX_Throughput,10880,0
27.296,8268,RSU,TX_ObjectCount,3,0
27.2961,3112,RSU,ChannelLoad,0.0924,0
27.2961,3112,RSU,ChannelLoad,0.0924,0
27.2961,3112,RSU,TX_Throughput,5280,0
27.2961,3112,RSU,TX_ObjectCount,1,0
27.2961,562,Vehicle,ChannelLoad,0.03856,0
27.2961,562,Vehicle,ChannelLoad,0.03856,0
27.2961,562,Vehicle,TX_Throughput,4560,0
27.2961,562,Vehicle,TX_ObjectCount,0,0
27.2976,6485,Vehicle,ChannelLoad,0.1,0
27.2976,6485,Vehicle,ChannelLoad,0.1,0
27.2976,6485,Vehicle,TX_Throughput,4560,0
27.2976,6485,Vehicle,TX_ObjectCount,0,0
27.2978,3186,RSU,ChannelLoad,0.0616,0
27.2978,3186,RSU,ChannelLoad,0.0616,0
27.2978,3186,RSU,TX_Throughput,2080,0
27.2978,3186,RSU,TX_ObjectCount,0,0
27.3009,7304,Vehicle,ChannelLoad,0.06744,0
27.3009,7304,Vehicle,ChannelLoad,0.06744,0
27.3009,7304,Vehicle,TX_Throughput,7760,0
27.3009,7304,Vehicle,TX_ObjectCount,1,0
27.302,639,Vehicle,ChannelLoad,0.05952,0
27.302,639,Vehicle,ChannelLoad,0.05952,0
27.302,639,Vehicle,TX_Throughput,4560,0
27.302,639,Vehicle,TX_ObjectCount,0,0
27.3028,5422,Vehicle,ChannelLoad,0.06024,0
27.3028,5422,Vehicle,ChannelLoad,0.06024,0
27.3028,5422,Vehicle,TX_Throughput,4560,0
27.3028,5422,Vehicle,TX_ObjectCount,0,0
27.3037,6558,RSU,ChannelLoad,0.07512,0
27.3037,6558,RSU,ChannelLoad,0.07512,0
27.3037,6558,RSU,TX_Throughput,5280,0
27.3037,6558,RSU,TX_ObjectCount,1,0
27.3047,29,RSU,ChannelLoad,0.07344,0
27.3047,29,RSU,ChannelLoad,0.07344,0
27.3047,29,RSU,TX_Throughput,10880,0
27.3047,29,RSU,TX_ObjectCount,3,0
27.309,4303,Vehicle,ChannelLoad,0.05464,0
27.309,4303,Vehicle,ChannelLoad,0.05464,0
27.309,4303,Vehicle,TX_Throughput,7760,0
27.309,4303,Vehicle,TX_ObjectCount,1,0
27.3104,1538,Vehicle,ChannelLoad,0.04152,0
27.3104,1538,Vehicle,ChannelLoad,0.04152,0
27.3104,1538,Vehicle,TX_Throughput,10560,0
27.3104,1538,Vehicle,TX_ObjectCount,2,0
27.3122,7377,Vehicle,ChannelLoad,0.0632,0
27.3122,7377,Vehicle,ChannelLoad,0.0632,0
27.3122,7377,Vehicle,TX_Throughput,4560,0
27.3122,7377,Vehicle,TX_ObjectCount,0,0
27.3131,5501,Vehicle,ChannelLoad,0.0688,0
27.3131,5501,Vehicle,ChannelLoad,0.0688,0
27.3131,5501,Vehicle,TX_Throughput,4560,0
27.3131,5501,Vehicle,TX_ObjectCount,0,0
27.3143,3260,Vehicle,ChannelLoad,0.05792,0
27.3143,3260,Vehicle,ChannelLoad,0.05792,0
27.3143,3260,Vehicle,TX_Throughput,4560,0
27.3143,3260,Vehicle,TX_ObjectCount,0,0
27.3144,3333,Vehicle,ChannelLoad,0.07392,0
27.3144,3333,Vehicle,ChannelLoad,0.07392,0
27.3144,3333,Vehicle,TX_Throughput,4560,0
27.3144,3333,Vehicle,TX_ObjectCount,0,0
27.3147,3406,Vehicle,ChannelLoad,0.03096,0
27.3147,3406,Vehicle,ChannelLoad,0.03096,0
27.3147,3406,Vehicle,TX_Throughput,4560,0
27.3147,3406,Vehicle,TX_ObjectCount,0,0
27.3154,2292,Vehicle,ChannelLoad,0.04008,0
27.3154,2292,Vehicle,ChannelLoad,0.04008,0
27.3154,2292,Vehicle,TX_Throughput,4560,0
27.3154,2292,Vehicle,TX_ObjectCount,0,0
27.3163,6634,RSU,ChannelLoad,0.04848,0
27.3163,6634,RSU,ChannelLoad,0.04848,0
27.3163,6634,RSU,TX_Throughput,2080,0
27.3163,6634,RSU,TX_ObjectCount,0,0
27.3166,1611,Vehicle,ChannelLoad,0.05008,0
27.3166,1611,Vehicle,ChannelLoad,0.05008,0
27.3166,1611,Vehicle,TX_Throughput,4560,0
27.3166,1611,Vehicle,TX_ObjectCount,0,0
27.3172,2365,Vehicle,ChannelLoad,0.04056,0
27.3172,2365,Vehicle,ChannelLoad,0.04056,0
27.3172,2365,Vehicle,TX_Throughput,10560,0
27.3172,2365,Vehicle,TX_ObjectCount,2,0
27.3182,8348,Vehicle,ChannelLoad,0.04704,0
27.3182,8348,Vehicle,ChannelLoad,0.04704,0
27.3182,8348,Vehicle,TX_Throughput,4560,0
27.3182,8348,Vehicle,TX_ObjectCount,0,0
27.3186,2440,Vehicle,ChannelLoad,0.05872,0
27.3186,2440,Vehicle,ChannelLoad,0.05872,0
27.3186,2440,Vehicle,TX_Throughput,7760,0
27.3186,2440,Vehicle,TX_ObjectCount,1,0
27.3187,718,Vehicle,ChannelLoad,0.062,0
27.3187,718,Vehicle,ChannelLoad,0.062,0
27.3187,718,Vehicle,TX_Throughput,4560,0
27.3187,718,Vehicle,TX_ObjectCount,0,0
27.3188,107,Vehicle,ChannelLoad,0.06264,0
27.3188,107,Vehicle,ChannelLoad,0.06264,0
27.3188,107,Vehicle,TX_Throughput,4560,0
27.3188,107,Vehicle,TX_ObjectCount,0,0
27.3201,182,RSU,ChannelLoad,0.07696,0
27.3201,182,RSU,ChannelLoad,0.07696,0
27.3201,182,RSU,TX_Throughput,2080,0
27.3201,182,RSU,TX_ObjectCount,0,0
27.3202,791,Vehicle,ChannelLoad,0.05928,0
27.3202,791,Vehicle,ChannelLoad,0.05928,0
27.3202,791,Vehicle,TX_Throughput,4560,0
27.3202,791,Vehicle,TX_ObjectCount,0,0
27.3206,6708,Vehicle,ChannelLoad,0.07728,0
27.3206,6708,Vehicle,ChannelLoad,0.07728,0
27.3206,6708,Vehicle,TX_Throughput,4560,0
27.3206,6708,Vehicle,TX_ObjectCount,0,0
27.3218,4380,Vehicle,ChannelLoad,0.06944,0
27.3218,4380,Vehicle,ChannelLoad,0.06944,0
27.3218,4380,Vehicle,TX_Throughput,7760,0
27.3218,4380,Vehicle,TX_ObjectCount,1,0
27.3231,1688,RSU,ChannelLoad,0.05592,0
27.3231,1688,RSU,ChannelLoad,0.05592,0
27.3231,1688,RSU,TX_Throughput,5280,0
27.3231,1688,RSU,TX_ObjectCount,1,0
27.3235,5580,Vehicle,ChannelLoad,0.08072,0
27.3235,5580,Vehicle,ChannelLoad,0.08072,0
27.3235,5580,Vehicle,TX_Throughput,7760,0
27.3235,5580,Vehicle,TX_ObjectCount,1,0
27.3256,8494,Vehicle,ChannelLoad,0.06448,0
27.3256,8494,Vehicle,ChannelLoad,0.06448,0
27.3256,8494,Vehicle,TX_Throughput,7760,0
27.3256,8494,Vehicle,TX_ObjectCount,1,0
27.3289,4455,Vehicle,ChannelLoad,0.09584,0
27.3289,4455,Vehicle,ChannelLoad,0.09584,0
27.3289,4455,Vehicle,TX_Throughput,7760,0
27.3289,4455,Vehicle,TX_ObjectCount,1,0
27.3289,7452,RSU,ChannelLoad,0.08896,0
27.3289,7452,RSU,ChannelLoad,0.08896,0
27.3289,7452,RSU,TX_Throughput,5280,0
27.3289,7452,RSU,TX_ObjectCount,1,0
27.3318,866,Vehicle,ChannelLoad,0.10872,0
27.3318,866,Vehicle,ChannelLoad,0.10872,0
27.3318,866,Vehicle,TX_Throughput,4560,0
27.3318,866,Vehicle,TX_ObjectCount,0,0
27.3326,7526,Vehicle,ChannelLoad,0.08104,0
27.3326,7526,Vehicle,ChannelLoad,0.08104,0
27.3326,7526,Vehicle,TX_Throughput,4560,0
27.3326,7526,Vehicle,TX_ObjectCount,0,0
27.3333,3481,RSU,ChannelLoad,0.07464,0
27.3333,3481,RSU,ChannelLoad,0.07464,0
27.3333,3481,RSU,TX_Throughput,2080,0
27.3333,3481,RSU,TX_ObjectCount,0,0
27.3343,5655,Vehicle,ChannelLoad,0.06512,0
27.3343,5655,Vehicle,ChannelLoad,0.06512,0
27.3343,5655,Vehicle,TX_Throughput,4560,0
27.3343,5655,Vehicle,TX_ObjectCount,0,0
27.3351,5728,Vehicle,ChannelLoad,0.04648,0
27.3351,5728,Vehicle,ChannelLoad,0.04648,0
27.3351,5728,Vehicle,TX_Throughput,7760,0
27.3351,5728,Vehicle,TX_ObjectCount,1,0
27.3352,6781,RSU,ChannelLoad,0.07464,0
27.3352,6781,RSU,ChannelLoad,0.07464,0
27.3352,6781,RSU,TX_Throughput,10880,0
27.3352,6781,RSU,TX_ObjectCount,3,0
27.3382,941,Vehicle,ChannelLoad,0.03048,0
27.3382,941,Vehicle,ChannelLoad,0.03048,0
27.3382,941,Vehicle,TX_Throughput,7760,0
27.3382,941,Vehicle,TX_ObjectCount,1,0
27.3389,5801,RSU,ChannelLoad,0.06416,0
27.3389,5801,RSU,ChannelLoad,0.06416,0
27.3389,5801,RSU,TX_Throughput,5280,0
27.3389,5801,RSU,TX_ObjectCount,1,0
27.3399,5875,Vehicle,ChannelLoad,0.052,0
27.3399,5875,Vehicle,ChannelLoad,0.052,0
27.3399,5875,Vehicle,TX_Throughput,4560,0
27.3399,5875,Vehicle,TX_ObjectCount,0,0
27.3414,7674,RSU,ChannelLoad,0.05968,0
27.3414,7674,RSU,ChannelLoad,0.05968,0
27.3414,7674,RSU,TX_Throughput,8080,0
27.3414,7674,RSU,TX_ObjectCount,2,0
27.3417,3561,Vehicle,ChannelLoad,0.06512,0
27.3417,3561,Vehicle,ChannelLoad,0.06512,0
27.3417,3561,Vehicle,TX_Throughput,4560,0
27.3417,3561,Vehicle,TX_ObjectCount,0,0
27.3423,7748,Vehicle,ChannelLoad,0.0684,0
27.3423,7748,Vehicle,ChannelLoad,0.0684,0
27.3423,7748,Vehicle,TX_Throughput,4560,0
27.3423,7748,Vehicle,TX_ObjectCount,0,0
27.3434,1016,Vehicle,ChannelLoad,0.03808,0
27.3434,1016,Vehicle,ChannelLoad,0.03808,0
27.3434,1016,Vehicle,TX_Throughput,4560,0
27.3434,1016,Vehicle,TX_ObjectCount,0,0
27.3464,1089,RSU,ChannelLoad,0.08488,0
27.3464,1089,RSU,ChannelLoad,0.08488,0
27.3464,1089,RSU,TX_Throughput,13680,0
27.3464,1089,RSU,TX_ObjectCount,4,0
27.3471,3634,RSU,ChannelLoad,0.0864,0
27.3471,3634,RSU,ChannelLoad,0.0864,0
27.3471,3634,RSU,TX_Throughput,8080,0
27.3471,3634,RSU,TX_ObjectCount,2,0
27.3472,5950,Vehicle,ChannelLoad,0.05352,0
27.3472,5950,Vehicle,ChannelLoad,0.05352,0
27.3472,5950,Vehicle,TX_Throughput,7760,0
27.3472,5950,Vehicle,TX_ObjectCount,1,0
27.3488,1764,RSU,ChannelLoad,0.0908,0
27.3488,1764,RSU,ChannelLoad,0.0908,0
27.3488,1764,RSU,TX_Throughput,5280,0
27.3488,1764,RSU,TX_ObjectCount,1,0
27.3492,3708,RSU,ChannelLoad,0.0616,0
27.3492,3708,RSU,ChannelLoad,0.0616,0
27.3492,3708,RSU,TX_Throughput,2080,0
27.3492,3708,RSU,TX_ObjectCount,0,0
27.3497,1163,Vehicle,ChannelLoad,0.04176,0
27.3497,1163,Vehicle,ChannelLoad,0.04176,0
27.3497,1163,Vehicle,TX_Throughput,4560,0
27.3497,1163,Vehicle,TX_ObjectCount,0,0
27.3499,3782,Vehicle,ChannelLoad,0.05824,0
27.3499,3782,Vehicle,ChannelLoad,0.05824,0
27.3499,3782,Vehicle,TX_Throughput,7760,0
27.3499,3782,Vehicle,TX_ObjectCount,1,0
27.3507,6859,Vehicle,ChannelLoad,0.04312,0
27.3507,6859,Vehicle,ChannelLoad,0.04312,0
27.3507,6859,Vehicle,TX_Throughput,7760,0
27.3507,6859,Vehicle,TX_ObjectCount,1,0
27.3512,3855,Vehicle,ChannelLoad,0.02528,0
27.3512,3855,Vehicle,ChannelLoad,0.02528,0
27.3512,3855,Vehicle,TX_Throughput,4560,0
27.3512,3855,Vehicle,TX_ObjectCount,0,0
27.3527,8575,RSU,ChannelLoad,0.106,0
27.3527,8575,RSU,ChannelLoad,0.106,0
27.3527,8575,RSU,TX_Throughput,5280,0
27.3527,8575,RSU,TX_ObjectCount,1,0
27.3528,4534,RSU,ChannelLoad,0.07736,0
27.3528,4534,RSU,ChannelLoad,0.07736,0
27.3528,4534,RSU,TX_Throughput,2080,0
27.3528,4534,RSU,TX_ObjectCount,0,0
27.3561,6932,RSU,ChannelLoad,0.0728,0
27.3561,6932,RSU,ChannelLoad,0.0728,0
27.3561,6932,RSU,TX_Throughput,8080,0
27.3561,6932,RSU,TX_ObjectCount,2,0
27.3572,8649,Vehicle,ChannelLoad,0.06224,0
27.3572,8649,Vehicle,ChannelLoad,0.06224,0
27.3572,8649,Vehicle,TX_Throughput,4560,0
27.3572,8649,Vehicle,TX_ObjectCount,0,0
27.3579,7825,Vehicle,ChannelLoad,0.04232,0
27.3579,7825,Vehicle,ChannelLoad,0.04232,0
27.3579,7825,Vehicle,TX_Throughput,4560,0
27.3579,7825,Vehicle,TX_ObjectCount,0,0
27.3586,7006,Vehicle,ChannelLoad,0.06472,0
27.3586,7006,Vehicle,ChannelLoad,0.06472,0
27.3586,7006,Vehicle,TX_Throughput,4560,0
27.3586,7006,Vehicle,TX_ObjectCount,0,0
27.3594,2523,Vehicle,ChannelLoad,0.058,0
27.3594,2523,Vehicle,ChannelLoad,0.058,0
27.3594,2523,Vehicle,TX_Throughput,4560,0
27.3594,2523,Vehicle,TX_ObjectCount,0,0
27.3595,2596,Vehicle,ChannelLoad,0.0352,0
27.3595,2596,Vehicle,ChannelLoad,0.0352,0
27.3595,2596,Vehicle,TX_Throughput,7760,0
27.3595,2596,Vehicle,TX_ObjectCount,1,0
27.3613,1238,Vehicle,ChannelLoad,0.07344,0
27.3613,1238,Vehicle,ChannelLoad,0.07344,0
27.3613,1238,Vehicle,TX_Throughput,4560,0
27.3613,1238,Vehicle,TX_ObjectCount,0,0
27.3615,3930,Vehicle,ChannelLoad,0.05984,0
27.3615,3930,Vehicle,ChannelLoad,0.05984,0
27.3615,3930,Vehicle,TX_Throughput,4560,0
27.3615,3930,Vehicle,TX_ObjectCount,0,0
27.3622,8724,RSU,ChannelLoad,0.10736,0
27.3622,8724,RSU,ChannelLoad,0.10736,0
27.3622,8724,RSU,TX_Throughput,2080,0
27.3622,8724,RSU,TX_ObjectCount,0,0
27.3637,2669,Vehicle,ChannelLoad,0.062,0
27.3637,2669,Vehicle,ChannelLoad,0.062,0
27.3637,2669,Vehicle,TX_Throughput,4560,0
27.3637,2669,Vehicle,TX_ObjectCount,0,0
27.3647,1842,RSU,ChannelLoad,0.04536,0
27.3647,1842,RSU,ChannelLoad,0.04536,0
27.3647,1842,RSU,TX_Throughput,8080,0
27.3647,1842,RSU,TX_ObjectCount,2,0
27.3649,1311,RSU,ChannelLoad,0.0504,0
27.3649,1311,RSU,ChannelLoad,0.0504,0
27.3649,1311,RSU,TX_Throughput,2080,0
27.3649,1311,RSU,TX_ObjectCount,0,0
27.3651,7898,Vehicle,ChannelLoad,0.04624,0
27.3651,7898,Vehicle,ChannelLoad,0.04624,0
27.3651,7898,Vehicle,TX_Throughput,4560,0
27.3651,7898,Vehicle,TX_ObjectCount,0,0
27.3652,4608,Vehicle,ChannelLoad,0.05128,0
27.3652,4608,Vehicle,ChannelLoad,0.05128,0
27.3652,4608,Vehicle,TX_Throughput,4560,0
27.3652,4608,Vehicle,TX_ObjectCount,0,0
27.3663,4003,Vehicle,ChannelLoad,0.05296,0
27.3663,4003,Vehicle,ChannelLoad,0.05296,0
27.3663,4003,Vehicle,TX_Throughput,4560,0
27.3663,4003,Vehicle,TX_ObjectCount,0,0
27.3666,4681,Vehicle,ChannelLoad,0.04928,0
27.3666,4681,Vehicle,ChannelLoad,0.04928,0
27.3666,4681,Vehicle,TX_Throughput,7760,0
27.3666,4681,Vehicle,TX_ObjectCount,1,0
27.3684,4756,Vehicle,ChannelLoad,0.04784,0
27.3684,4756,Vehicle,ChannelLoad,0.04784,0
27.3684,4756,Vehicle,TX_Throughput,4560,0
27.3684,4756,Vehicle,TX_ObjectCount,0,0
27.3687,4076,Vehicle,ChannelLoad,0.09008,0
27.3687,4076,Vehicle,ChannelLoad,0.09008,0
27.3687,4076,Vehicle,TX_Throughput,4560,0
27.3687,4076,Vehicle,TX_ObjectCount,0,0
27.3687,2744,Vehicle,ChannelLoad,0.06152,0
27.3687,2744,Vehicle,ChannelLoad,0.06152,0
27.3687,2744,Vehicle,TX_Throughput,10560,0
27.3687,2744,Vehicle,TX_ObjectCount,2,0
27.3696,4829,RSU,ChannelLoad,0.0852,0
27.3696,4829,RSU,ChannelLoad,0.0852,0
27.3696,4829,RSU,TX_Throughput,8080,0
27.3696,4829,RSU,TX_ObjectCount,2,0
27.3698,2817,RSU,ChannelLoad,0.07504,0
27.3698,2817,RSU,ChannelLoad,0.07504,0
27.3698,2817,RSU,TX_Throughput,5280,0
27.3698,2817,RSU,TX_ObjectCount,1,0
27.37,1918,RSU,ChannelLoad,0.11528,0
27.37,1918,RSU,ChannelLoad,0.11528,0
27.37,1918,RSU,TX_Throughput,5280,0
27.37,1918,RSU,TX_ObjectCount,1,0
27.37,7971,Vehicle,ChannelLoad,0.06712,0
27.37,7971,Vehicle,ChannelLoad,0.06712,0
27.37,7971,Vehicle,TX_Throughput,7760,0
27.37,7971,Vehicle,TX_ObjectCount,1,0
27.3701,8044,Vehicle,ChannelLoad,0.05904,0
27.3701,8044,Vehicle,ChannelLoad,0.05904,0
27.3701,8044,Vehicle,TX_Throughput,7760,0
27.3701,8044,Vehicle,TX_ObjectCount,1,0
27.3709,1385,Vehicle,ChannelLoad,0.06304,0
27.3709,1385,Vehicle,ChannelLoad,0.06304,0
27.3709,1385,Vehicle,TX_Throughput,7760,0
27.3709,1385,Vehicle,TX_ObjectCount,1,0
27.371,270,Vehicle,ChannelLoad,0.06864,0
27.371,270,Vehicle,ChannelLoad,0.06864,0
27.371,270,Vehicle,TX_Throughput,10560,0
27.371,270,Vehicle,TX_ObjectCount,2,0
27.3723,4905,RSU,ChannelLoad,0.09832,0
27.3723,4905,RSU,ChannelLoad,0.09832,0
27.3723,4905,RSU,TX_Throughput,5280,0
27.3723,4905,RSU,TX_ObjectCount,1,0
27.3727,1992,Vehicle,ChannelLoad,0.044,0
27.3727,1992,Vehicle,ChannelLoad,0.044,0
27.3727,1992,Vehicle,TX_Throughput,4560,0
27.3727,1992,Vehicle,TX_ObjectCount,0,0
27.3742,7079,Vehicle,ChannelLoad,0.05376,0
27.3742,7079,Vehicle,ChannelLoad,0.05376,0
27.3742,7079,Vehicle,TX_Throughput,10560,0
27.3742,7079,Vehicle,TX_ObjectCount,2,0
27.3747,4153,Vehicle,ChannelLoad,0.09304,0
27.3747,4153,Vehicle,ChannelLoad,0.09304,0
27.3747,4153,Vehicle,TX_Throughput,4560,0
27.3747,4153,Vehicle,TX_ObjectCount,0,0
27.3748,6043,Vehicle,ChannelLoad,0.04352,0
27.3748,6043,Vehicle,ChannelLoad,0.04352,0
27.3748,6043,Vehicle,TX_Throughput,7760,0
27.3748,6043,Vehicle,TX_ObjectCount,1,0
27.3759,4979,Vehicle,ChannelLoad,0.0796,0
27.3759,4979,Vehicle,ChannelLoad,0.0796,0
27.3759,4979,Vehicle,TX_Throughput,4560,0
27.3759,4979,Vehicle,TX_ObjectCount,0,0
27.3762,5052,RSU,ChannelLoad,0.06816,0
27.3762,5052,RSU,ChannelLoad,0.06816,0
27.3762,5052,RSU,TX_Throughput,5280,0
27.3762,5052,RSU,TX_ObjectCount,1,0
27.3777,2065,Vehicle,ChannelLoad,0.05512,0
27.3777,2065,Vehicle,ChannelLoad,0.05512,0
27.3777,2065,Vehicle,TX_Throughput,4560,0
27.3777,2065,Vehicle,TX_ObjectCount,0,0
27.3778,6116,RSU,ChannelLoad,0.12824,0
27.3778,6116,RSU,ChannelLoad,0.12824,0
27.3778,6116,RSU,TX_Throughput,5280,0
27.3778,6116,RSU,TX_ObjectCount,1,0
27.3782,7152,Vehicle,ChannelLoad,0.07544,0
27.3782,7152,Vehicle,ChannelLoad,0.07544,0
27.3782,7152,Vehicle,TX_Throughput,4560,0
27.3782,7152,Vehicle,TX_ObjectCount,0,0
27.3786,8808,Vehicle,ChannelLoad,0.06112,0
27.3786,8808,Vehicle,ChannelLoad,0.06112,0
27.3786,8808,Vehicle,TX_Throughput,4560,0
27.3786,8808,Vehicle,TX_ObjectCount,0,0
27.3801,6192,RSU,ChannelLoad,0.08552,0
27.3801,6192,RSU,ChannelLoad,0.08552,0
27.3801,6192,RSU,TX_Throughput,8080,0
27.3801,6192,RSU,TX_ObjectCount,2,0
27.3805,8119,Vehicle,ChannelLoad,0.03352,0
27.3805,8119,Vehicle,ChannelLoad,0.03352,0
27.3805,8119,Vehicle,TX_Throughput,4560,0
27.3805,8119,Vehicle,TX_ObjectCount,0,0
27.3805,7227,Vehicle,ChannelLoad,0.05584,0
27.3805,7227,Vehicle,ChannelLoad,0.05584,0
27.3805,7227,Vehicle,TX_Throughput,4560,0
27.3805,7227,Vehicle,TX_ObjectCount,0,0
27.3809,4230,Vehicle,ChannelLoad,0.1008,0
27.3809,4230,Vehicle,ChannelLoad,0.1008,0
27.3809,4230,Vehicle,TX_Throughput,7760,0
27.3809,4230,Vehicle,TX_ObjectCount,1,0
27.3818,6266,Vehicle,ChannelLoad,0.05488,0
27.3818,6266,Vehicle,ChannelLoad,0.05488,0
27.3818,6266,Vehicle,TX_Throughput,4560,0
27.3818,6266,Vehicle,TX_ObjectCount,0,0
27.3819,5126,Vehicle,ChannelLoad,0.07664,0
27.3819,5126,Vehicle,ChannelLoad,0.07664,0
27.3819,5126,Vehicle,TX_Throughput,4560,0
27.3819,5126,Vehicle,TX_ObjectCount,0,0
27.3831,343,Vehicle,ChannelLoad,0.056,0
27.3831,343,Vehicle,ChannelLoad,0.056,0
27.3831,343,Vehicle,TX_Throughput,7760,0
27.3831,343,Vehicle,TX_ObjectCount,1,0
27.3832,1458,RSU,ChannelLoad,0.09104,0
27.3832,1458,RSU,ChannelLoad,0.09104,0
27.3832,1458,RSU,TX_Throughput,8080,0
27.3832,1458,RSU,TX_ObjectCount,2,0
27.3834,2891,Vehicle,ChannelLoad,0.0652,0
27.3834,2891,Vehicle,ChannelLoad,0.0652,0
27.3834,2891,Vehicle,TX_Throughput,4560,0
27.3834,2891,Vehicle,TX_ObjectCount,0,0
27.3865,2966,Vehicle,ChannelLoad,0.08416,0
27.3865,2966,Vehicle,ChannelLoad,0.08416,0
27.3865,2966,Vehicle,TX_Throughput,4560,0
27.3865,2966,Vehicle,TX_ObjectCount,0,0
27.3865,5201,RSU,ChannelLoad,0.10192,0
27.3865,5201,RSU,ChannelLoad,0.10192,0
27.3865,5201,RSU,TX_Throughput,2080,0
27.3865,5201,RSU,TX_ObjectCount,0,0
27.3871,416,Vehicle,ChannelLoad,0.06424,0
27.3871,416,Vehicle,ChannelLoad,0.06424,0
27.3871,416,Vehicle,TX_Throughput,7760,0
27.3871,416,Vehicle,TX_ObjectCount,1,0
27.3884,8883,Vehicle,ChannelLoad,0.06192,0
27.3884,8883,Vehicle,ChannelLoad,0.06192,0
27.3884,8883,Vehicle,TX_Throughput,7760,0
27.3884,8883,Vehicle,TX_ObjectCount,1,0
27.3885,2140,RSU,ChannelLoad,0.0848,0
27.3885,2140,RSU,ChannelLoad,0.0848,0
27.3885,2140,RSU,TX_Throughput,5280,0
27.3885,2140,RSU,TX_ObjectCount,1,0
27.3887,6339,Vehicle,ChannelLoad,0.08112,0
27.3887,6339,Vehicle,ChannelLoad,0.08112,0
27.3887,6339,Vehicle,TX_Throughput,4560,0
27.3887,6339,Vehicle,TX_ObjectCount,0,0
27.3894,2214,RSU,ChannelLoad,0.06376,0
27.3894,2214,RSU,ChannelLoad,0.06376,0
27.3894,2214,RSU,TX_Throughput,13680,0
27.3894,2214,RSU,TX_ObjectCount,4,0
27.3916,8192,RSU,ChannelLoad,0.07888,0
27.3916,8192,RSU,ChannelLoad,0.07888,0
27.3916,8192,RSU,TX_Throughput,5280,0
27.3916,8192,RSU,TX_ObjectCount,1,0
27.392,5275,RSU,ChannelLoad,0.1008,0
27.392,5275,RSU,ChannelLoad,0.1008,0
27.392,5275,RSU,TX_Throughput,8080,0
27.392,5275,RSU,TX_ObjectCount,2,0
27.3925,6412,Vehicle,ChannelLoad,0.06888,0
27.3925,6412,Vehicle,ChannelLoad,0.06888,0
27.3925,6412,Vehicle,TX_Throughput,7760,0
27.3925,6412,Vehicle,TX_ObjectCount,1,0
27.3928,3039,Vehicle,ChannelLoad,0.07568,0
27.3928,3039,Vehicle,ChannelLoad,0.07568,0
27.3928,3039,Vehicle,TX_Throughput,7760,0
27.3928,3039,Vehicle,TX_ObjectCount,1,0
27.3928,5349,Vehicle,ChannelLoad,0.04368,0
27.3928,5349,Vehicle,ChannelLoad,0.04368,0
27.3928,5349,Vehicle,TX_Throughput,7760,0
27.3928,5349,Vehicle,TX_ObjectCount,1,0
27.3939,489,Vehicle,ChannelLoad,0.05192,0
27.3939,489,Vehicle,ChannelLoad,0.05192,0
27.3939,489,Vehicle,TX_Throughput,7760,0
27.3939,489,Vehicle,TX_ObjectCount,1,0
27.3953,8956,Vehicle,ChannelLoad,0.06952,0
27.3953,8956,Vehicle,ChannelLoad,0.06952,0
27.3953,8956,Vehicle,TX_Throughput,7760,0
27.3953,8956,Vehicle,TX_ObjectCount,1,0
27.396,8268,RSU,ChannelLoad,0.074,0
27.396,8268,RSU,ChannelLoad,0.074,0
27.396,8268,RSU,TX_Throughput,2080,0
27.396,8268,RSU,TX_ObjectCount,0,0
27.3961,3112,RSU,ChannelLoad,0.07984,0
27.3961,3112,RSU,ChannelLoad,0.07984,0
27.3961,3112,RSU,TX_Throughput,10880,0
27.3961,3112,RSU,TX_ObjectCount,3,0
27.3961,562,Vehicle,ChannelLoad,0.02952,0
27.3961,562,Vehicle,ChannelLoad,0.02952,0
27.3961,562,Vehicle,TX_Throughput,4560,0
27.3961,562,Vehicle,TX_ObjectCount,0,0
27.3976,6485,Vehicle,ChannelLoad,0.1016,0
27.3976,6485,Vehicle,ChannelLoad,0.1016,0
27.3976,6485,Vehicle,TX_Throughput,4560,0
27.3976,6485,Vehicle,TX_ObjectCount,0,0
27.3978,3186,RSU,ChannelLoad,0.04872,0
27.3978,3186,RSU,ChannelLoad,0.04872,0
27.3978,3186,RSU,TX_Throughput,5280,0
27.3978,3186,RSU,TX_ObjectCount,1,0
27.4009,7304,Vehicle,ChannelLoad,0.0632,0
27.4009,7304,Vehicle,ChannelLoad,0.0632,0
27.4009,7304,Vehicle,TX_Throughput,4560,0
27.4009,7304,Vehicle,TX_ObjectCount,0,0
27.402,639,Vehicle,ChannelLoad,0.0608,0
27.402,639,Vehicle,ChannelLoad,0.0608,0
27.402,639,Vehicle,TX_Throughput,4560,0
27.402,639,Vehicle,TX_ObjectCount,0,0
27.4028,5422,Vehicle,ChannelLoad,0.072,0
27.4028,5422,Vehicle,ChannelLoad,0.072,0
27.4028,5422,Vehicle,TX_Throughput,4560,0
27.4028,5422,Vehicle,TX_ObjectCount,0,0
27.4037,6558,RSU,ChannelLoad,0.06184,0
27.4037,6558,RSU,ChannelLoad,0.06184,0
27.4037,6558,RSU,TX_Throughput,5280,0
27.4037,6558,RSU,TX_ObjectCount,1,0
27.4047,29,RSU,ChannelLoad,0.0816,0
27.4047,29,RSU,ChannelLoad,0.0816,0
27.4047,29,RSU,TX_Throughput,2080,0
27.4047,29,RSU,TX_ObjectCount,0,0
27.409,4303,Vehicle,ChannelLoad,0.0704,0
27.409,4303,Vehicle,ChannelLoad,0.0704,0
27.409,4303,Vehicle,TX_Throughput,7760,0
27.409,4303,Vehicle,TX_ObjectCount,1,0
27.4104,1538,Vehicle,ChannelLoad,0.03488,0
27.4104,1538,Vehicle,ChannelLoad,0.03488,0
27.4104,1538,Vehicle,TX_Throughput,7760,0
27.4104,1538,Vehicle,TX_ObjectCount,1,0
27.4122,7377,Vehicle,ChannelLoad,0.064,0
27.4122,7377,Vehicle,ChannelLoad,0.064,0
27.4122,7377,Vehicle,TX_Throughput,4560,0
27.4122,7377,Vehicle,TX_ObjectCount,0,0
27.4131,5501,Vehicle,ChannelLoad,0.062,0
27.4131,5501,Vehicle,ChannelLoad,0.062,0
27.4131,5501,Vehicle,TX_Throughput,4560,0
27.4131,5501,Vehicle,TX_ObjectCount,0,0
27.4143,3260,Vehicle,ChannelLoad,0.05248,0
27.4143,3260,Vehicle,ChannelLoad,0.05248,0
27.4143,3260,Vehicle,TX_Throughput,4560,0
27.4143,3260,Vehicle,TX_ObjectCount,0,0
27.4144,3333,Vehicle,ChannelLoad,0.08616,0
27.4144,3333,Vehicle,ChannelLoad,0.08616,0
27.4144,3333,Vehicle,TX_Throughput,4560,0
27.4144,3333,Vehicle,TX_ObjectCount,0,0
27.4147,3406,Vehicle,ChannelLoad,0.02992,0
27.4147,3406,Vehicle,ChannelLoad,0.02992,0
27.4147,3406,Vehicle,TX_Throughput,4560,0
27.4147,3406,Vehicle,TX_ObjectCount,0,0
27.4154,2292,Vehicle,ChannelLoad,0.03624,0
27.4154,2292,Vehicle,ChannelLoad,0.03624,0
27.4154,2292,Vehicle,TX_Throughput,4560,0
27.4154,2292,Vehicle,TX_ObjectCount,0,0
27.4163,6634,RSU,ChannelLoad,0.05824,0
27.4163,6634,RSU,ChannelLoad,0.05824,0
27.4163,6634,RSU,TX_Throughput,2080,0
27.4163,6634,RSU,TX_ObjectCount,0,0
27.4166,1611,Vehicle,ChannelLoad,0.046,0
27.4166,1611,Vehicle,ChannelLoad,0.046,0
27.4166,1611,Vehicle,TX_Throughput,4560,0
27.4166,1611,Vehicle,TX_ObjectCount,0,0
27.4172,2365,Vehicle,ChannelLoad,0.04264,0
27.4172,2365,Vehicle,ChannelLoad,0.04264,0
27.4172,2365,Vehicle,TX_Throughput,4560,0
27.4172,2365,Vehicle,TX_ObjectCount,0,0
27.4182,8348,Vehicle,ChannelLoad,0.03984,0
27.4182,8348,Vehicle,ChannelLoad,0.03984,0
27.4182,8348,Vehicle,TX_Throughput,4560,0
27.4182,8348,Vehicle,TX_ObjectCount,0,0
27.4186,2440,Vehicle,ChannelLoad,0.06864,0
27.4186,2440,Vehicle,ChannelLoad,0.06864,0
27.4186,2440,Vehicle,TX_Throughput,4560,0
27.4186,2440,Vehicle,TX_ObjectCount,0,0
27.4187,718,Vehicle,ChannelLoad,0.06536,0
27.4187,718,Vehicle,ChannelLoad,0.06536,0
27.4187,718,Vehicle,TX_Throughput,7760,0
27.4187,718,Vehicle,TX_ObjectCount,1,0
27.4188,107,Vehicle,ChannelLoad,0.07032,0
27.4188,107,Vehicle,ChannelLoad,0.07032,0
27.4188,107,Vehicle,TX_Throughput,4560,0
27.4188,107,Vehicle,TX_ObjectCount,0,0
27.4201,182,RSU,ChannelLoad,0.08312,0
27.4201,182,RSU,ChannelLoad,0.08312,0
27.4201,182,RSU,TX_Throughput,8080,0
27.4201,182,RSU,TX_ObjectCount,2,0
27.4202,791,Vehicle,ChannelLoad,0.07184,0
27.4202,791,Vehicle,ChannelLoad,0.07184,0
27.4202,791,Vehicle,TX_Throughput,7760,0
27.4202,791,Vehicle,TX_ObjectCount,1,0
27.4206,6708,Vehicle,ChannelLoad,0.10808,0
27.4206,6708,Vehicle,ChannelLoad,0.10808,0
27.4206,6708,Vehicle,TX_Throughput,4560,0
27.4206,6708,Vehicle,TX_ObjectCount,0,0
27.4218,4380,Vehicle,ChannelLoad,0.06592,0
27.4218,4380,Vehicle,ChannelLoad,0.06592,0
27.4218,4380,Vehicle,TX_Throughput,7760,0
27.4218,4380,Vehicle,TX_ObjectCount,1,0
27.4231,1688,RSU,ChannelLoad,0.06792,0
27.4231,1688,RSU,ChannelLoad,0.06792,0
27.4231,1688,RSU,TX_Throughput,5280,0
27.4231,1688,RSU,TX_ObjectCount,1,0
27.4235,5580,Vehicle,ChannelLoad,0.082,0
27.4235,5580,Vehicle,ChannelLoad,0.082,0
27.4235,5580,Vehicle,TX_Throughput,4560,0
27.4235,5580,Vehicle,TX_ObjectCount,0,0
27.4256,8494,Vehicle,ChannelLoad,0.06168,0
27.4256,8494,Vehicle,ChannelLoad,0.06168,0
27.4256,8494,Vehicle,TX_Throughput,7760,0
27.4256,8494,Vehicle,TX_ObjectCount,1,0
27.4289,4455,Vehicle,ChannelLoad,0.11192,0
27.4289,4455,Vehicle,ChannelLoad,0.11192,0
27.4289,4455,Vehicle,TX_Throughput,4560,0
27.4289,4455,Vehicle,TX_ObjectCount,0,0
27.4289,7452,RSU,ChannelLoad,0.10488,0
27.4289,7452,RSU,ChannelLoad,0.10488,0
27.4289,7452,RSU,TX_Throughput,10880,0
27.4289,7452,RSU,TX_ObjectCount,3,0
27.4318,866,Vehicle,ChannelLoad,0.1272,0
27.4318,866,Vehicle,ChannelLoad,0.1272,0
27.4318,866,Vehicle,TX_Throughput,4560,0
27.4318,866,Vehicle,TX_ObjectCount,0,0
27.4326,7526,Vehicle,ChannelLoad,0.09104,0
27.4326,7526,Vehicle,ChannelLoad,0.09104,0
27.4326,7526,Vehicle,TX_Throughput,4560,0
27.4326,7526,Vehicle,TX_ObjectCount,0,0
27.4333,3481,RSU,ChannelLoad,0.08528,0
27.4333,3481,RSU,ChannelLoad,0.08528,0
27.4333,3481,RSU,TX_Throughput,8080,0
27.4333,3481,RSU,TX_ObjectCount,2,0
27.4343,5655,Vehicle,ChannelLoad,0.05704,0
27.4343,5655,Vehicle,ChannelLoad,0.05704,0
27.4343,5655,Vehicle,TX_Throughput,4560,0
27.4343,5655,Vehicle,TX_ObjectCount,0,0
27.4351,5728,Vehicle,ChannelLoad,0.05568,0
27.4351,5728,Vehicle,ChannelLoad,0.05568,0
27.4351,5728,Vehicle,TX_Throughput,7760,0
27.4351,5728,Vehicle,TX_ObjectCount,1,0
27.4352,6781,RSU,ChannelLoad,0.07864,0
27.4352,6781,RSU,ChannelLoad,0.07864,0
27.4352,6781,RSU,TX_Throughput,8080,0
27.4352,6781,RSU,TX_ObjectCount,2,0
27.4382,941,Vehicle,ChannelLoad,0.03808,0
27.4382,941,Vehicle,ChannelLoad,0.03808,0
27.4382,941,Vehicle,TX_Throughput,4560,0
27.4382,941,Vehicle,TX_ObjectCount,0,0
27.4389,5801,RSU,ChannelLoad,0.07936,0
27.4389,5801,RSU,ChannelLoad,0.07936,0
27.4389,5801,RSU,TX_Throughput,2080,0
27.4389,5801,RSU,TX_ObjectCount,0,0
27.4399,5875,Vehicle,ChannelLoad,0.0552,0
27.4399,5875,Vehicle,ChannelLoad,0.0552,0
27.4399,5875,Vehicle,TX_Throughput,4560,0
27.4399,5875,Vehicle,TX_ObjectCount,0,0
27.4414,7674,RSU,ChannelLoad,0.06344,0
27.4414,7674,RSU,ChannelLoad,0.06344,0
27.4414,7674,RSU,TX_Throughput,8080,0
27.4414,7674,RSU,TX_ObjectCount,2,0
27.4417,3561,Vehicle,ChannelLoad,0.0832,0
27.4417,3561,Vehicle,ChannelLoad,0.0832,0
27.4417,3561,Vehicle,TX_Throughput,4560,0
27.4417,3561,Vehicle,TX_ObjectCount,0,0
27.4423,7748,Vehicle,ChannelLoad,0.064,0
27.4423,7748,Vehicle,ChannelLoad,0.064,0
27.4423,7748,Vehicle,TX_Throughput,4560,0
27.4423,7748,Vehicle,TX_ObjectCount,0,0
27.4434,1016,Vehicle,ChannelLoad,0.04616,0
27.4434,1016,Vehicle,ChannelLoad,0.04616,0
27.4434,1016,Vehicle,TX_Throughput,4560,0
27.4434,1016,Vehicle,TX_ObjectCount,0,0
27.4464,1089,RSU,ChannelLoad,0.10432,0
27.4464,1089,RSU,ChannelLoad,0.10432,0
27.4464,1089,RSU,TX_Throughput,8080,0
27.4464,1089,RSU,TX_ObjectCount,2,0
27.4471,3634,RSU,ChannelLoad,0.07312,0
27.4471,3634,RSU,ChannelLoad,0.07312,0
27.4471,3634,RSU,TX_Throughput,8080,0
27.4471,3634,RSU,TX_ObjectCount,2,0
27.4472,5950,Vehicle,ChannelLoad,0.06056,0
27.4472,5950,Vehicle,ChannelLoad,0.06056,0
27.4472,5950,Vehicle,TX_Throughput,7760,0
27.4472,5950,Vehicle,TX_ObjectCount,1,0
27.4488,1764,RSU,ChannelLoad,0.09984,0
27.4488,1764,RSU,ChannelLoad,0.09984,0
27.4488,1764,RSU,TX_Throughput,8080,0
27.4488,1764,RSU,TX_ObjectCount,2,0
27.4492,3708,RSU,ChannelLoad,0.06048,0
27.4492,3708,RSU,ChannelLoad,0.06048,0
27.4492,3708,RSU,TX_Throughput,2080,0
27.4492,3708,RSU,TX_ObjectCount,0,0
27.4497,1163,Vehicle,ChannelLoad,0.0416,0
27.4497,1163,Vehicle,ChannelLoad,0.0416,0
27.4497,1163,Vehicle,TX_Throughput,4560,0
27.4497,1163,Vehicle,TX_ObjectCount,0,0
27.4499,3782,Vehicle,ChannelLoad,0.06048,0
27.4499,3782,Vehicle,ChannelLoad,0.06048,0
27.4499,3782,Vehicle,TX_Throughput,4560,0
27.4499,3782,Vehicle,TX_ObjectCount,0,0
27.4507,6859,Vehicle,ChannelLoad,0.04064,0
27.4507,6859,Vehicle,ChannelLoad,0.04064,0
27.4507,6859,Vehicle,TX_Throughput,7760,0
27.4507,6859,Vehicle,TX_ObjectCount,1,0
27.4512,3855,Vehicle,ChannelLoad,0.02528,0
27.4512,3855,Vehicle,ChannelLoad,0.02528,0
27.4512,3855,Vehicle,TX_Throughput,4560,0
27.4512,3855,Vehicle,TX_ObjectCount,0,0
27.4527,8575,RSU,ChannelLoad,0.082,0
27.4527,8575,RSU,ChannelLoad,0.082,0
27.4527,8575,RSU,TX_Throughput,8080,0
27.4527,8575,RSU,TX_ObjectCount,2,0
27.4528,4534,RSU,ChannelLoad,0.07328,0
27.4528,4534,RSU,ChannelLoad,0.07328,0
27.4528,4534,RSU,TX_Throughput,5280,0
27.4528,4534,RSU,TX_ObjectCount,1,0
27.4561,6932,RSU,ChannelLoad,0.07712,0
27.4561,6932,RSU,ChannelLoad,0.07712,0
27.4561,6932,RSU,TX_Throughput,2080,0
27.4561,6932,RSU,TX_ObjectCount,0,0
27.4572,8649,Vehicle,ChannelLoad,0.0584,0
27.4572,8649,Vehicle,ChannelLoad,0.0584,0
27.4572,8649,Vehicle,TX_Throughput,4560,0
27.4572,8649,Vehicle,TX_ObjectCount,0,0
27.4579,7825,Vehicle,ChannelLoad,0.04408,0
27.4579,7825,Vehicle,ChannelLoad,0.04408,0
27.4579,7825,Vehicle,TX_Throughput,4560,0
27.4579,7825,Vehicle,TX_ObjectCount,0,0
27.4586,7006,Vehicle,ChannelLoad,0.07144,0
27.4586,7006,Vehicle,ChannelLoad,0.07144,0
27.4586,7006,Vehicle,TX_Throughput,4560,0
27.4586,7006,Vehicle,TX_ObjectCount,0,0
27.4594,2523,Vehicle,ChannelLoad,0.06472,0
27.4594,2523,Vehicle,ChannelLoad,0.06472,0
27.4594,2523,Vehicle,TX_Throughput,4560,0
27.4594,2523,Vehicle,TX_ObjectCount,0,0
27.4595,2596,Vehicle,ChannelLoad,0.03152,0
27.4595,2596,Vehicle,ChannelLoad,0.03152,0
27.4595,2596,Vehicle,TX_Throughput,4560,0
27.4595,2596,Vehicle,TX_ObjectCount,0,0
27.4613,1238,Vehicle,ChannelLoad,0.05664,0
27.4613,1238,Vehicle,ChannelLoad,0.05664,0
27.4613,1238,Vehicle,TX_Throughput,4560,0
27.4613,1238,Vehicle,TX_ObjectCount,0,0
27.4615,3930,Vehicle,ChannelLoad,0.06408,0
27.4615,3930,Vehicle,ChannelLoad,0.06408,0
27.4615,3930,Vehicle,TX_Throughput,7760,0
27.4615,3930,Vehicle,TX_ObjectCount,1,0
27.4622,8724,RSU,ChannelLoad,0.1092,0
27.4622,8724,RSU,ChannelLoad,0.1092,0
27.4622,8724,RSU,TX_Throughput,8080,0
27.4622,8724,RSU,TX_ObjectCount,2,0
27.4637,2669,Vehicle,ChannelLoad,0.06376,0
27.4637,2669,Vehicle,ChannelLoad,0.06376,0
27.4637,2669,Vehicle,TX_Throughput,4560,0
27.4637,2669,Vehicle,TX_ObjectCount,0,0
27.4647,1842,RSU,ChannelLoad,0.05792,0
27.4647,1842,RSU,ChannelLoad,0.05792,0
27.4647,1842,RSU,TX_Throughput,10880,0
27.4647,1842,RSU,TX_ObjectCount,3,0
27.4649,1311,RSU,ChannelLoad,0.05456,0
27.4649,1311,RSU,ChannelLoad,0.05456,0
27.4649,1311,RSU,TX_Throughput,2080,0
27.4649,1311,RSU,TX_ObjectCount,0,0
27.4651,7898,Vehicle,ChannelLoad,0.04808,0
27.4651,7898,Vehicle,ChannelLoad,0.04808,0
27.4651,7898,Vehicle,TX_Throughput,4560,0
27.4651,7898,Vehicle,TX_ObjectCount,0,0
27.4652,4608,Vehicle,ChannelLoad,0.02976,0
27.4652,4608,Vehicle,ChannelLoad,0.02976,0
27.4652,4608,Vehicle,TX_Throughput,4560,0
27.4652,4608,Vehicle,TX_ObjectCount,0,0
27.4663,4003,Vehicle,ChannelLoad,0.06024,0
27.4663,4003,Vehicle,ChannelLoad,0.06024,0
27.4663,4003,Vehicle,TX_Throughput,4560,0
27.4663,4003,Vehicle,TX_ObjectCount,0,0
27.4666,4681,Vehicle,ChannelLoad,0.0536,0
27.4666,4681,Vehicle,ChannelLoad,0.0536,0
27.4666,4681,Vehicle,TX_Throughput,4560,0
27.4666,4681,Vehicle,TX_ObjectCount,0,0
27.4684,4756,Vehicle,ChannelLoad,0.05856,0
27.4684,4756,Vehicle,ChannelLoad,0.05856,0
27.4684,4756,Vehicle,TX_Throughput,10560,0
27.4684,4756,Vehicle,TX_ObjectCount,2,0
27.4687,4076,Vehicle,ChannelLoad,0.08576,0
27.4687,4076,Vehicle,ChannelLoad,0.08576,0
27.4687,4076,Vehicle,TX_Throughput,4560,0
27.4687,4076,Vehicle,TX_ObjectCount,0,0
27.4687,2744,Vehicle,ChannelLoad,0.05224,0
27.4687,2744,Vehicle,ChannelLoad,0.05224,0
27.4687,2744,Vehicle,TX_Throughput,7760,0
27.4687,2744,Vehicle,TX_ObjectCount,1,0
27.4696,4829,RSU,ChannelLoad,0.09552,0
27.4696,4829,RSU,ChannelLoad,0.09552,0
27.4696,4829,RSU,TX_Throughput,8080,0
27.4696,4829,RSU,TX_ObjectCount,2,0
27.4698,2817,RSU,ChannelLoad,0.06848,0
27.4698,2817,RSU,ChannelLoad,0.06848,0
27.4698,2817,RSU,TX_Throughput,2080,0
27.4698,2817,RSU,TX_ObjectCount,0,0
27.47,1918,RSU,ChannelLoad,0.11072,0
27.47,1918,RSU,ChannelLoad,0.11072,0
27.47,1918,RSU,TX_Throughput,5280,0
27.47,1918,RSU,TX_ObjectCount,1,0
27.47,7971,Vehicle,ChannelLoad,0.0716,0
27.47,7971,Vehicle,ChannelLoad,0.0716,0
27.47,7971,Vehicle,TX_Throughput,4560,0
27.47,7971,Vehicle,TX_ObjectCount,0,0
27.4701,8044,Vehicle,ChannelLoad,0.06272,0
27.4701,8044,Vehicle,ChannelLoad,0.06272,0
27.4701,8044,Vehicle,TX_Throughput,4560,0
27.4701,8044,Vehicle,TX_ObjectCount,0,0
27.4709,1385,Vehicle,ChannelLoad,0.05992,0
27.4709,1385,Vehicle,ChannelLoad,0.05992,0
27.4709,1385,Vehicle,TX_Throughput,4560,0
27.4709,1385,Vehicle,TX_ObjectCount,0,0
27.471,270,Vehicle,ChannelLoad,0.06096,0
27.471,270,Vehicle,ChannelLoad,0.06096,0
27.471,270,Vehicle,TX_Throughput,10560,0
27.471,270,Vehicle,TX_ObjectCount,2,0
27.4723,4905,RSU,ChannelLoad,0.09696,0
27.4723,4905,RSU,ChannelLoad,0.09696,0
27.4723,4905,RSU,TX_Throughput,8080,0
27.4723,4905,RSU,TX_ObjectCount,2,0
27.4727,1992,Vehicle,ChannelLoad,0.04984,0
27.4727,1992,Vehicle,ChannelLoad,0.04984,0
27.4727,1992,Vehicle,TX_Throughput,4560,0
27.4727,1992,Vehicle,TX_ObjectCount,0,0
27.4742,7079,Vehicle,ChannelLoad,0.05464,0
27.4742,7079,Vehicle,ChannelLoad,0.05464,0
27.4742,7079,Vehicle,TX_Throughput,4560,0
27.4742,7079,Vehicle,TX_ObjectCount,0,0
27.4747,4153,Vehicle,ChannelLoad,0.09,0
27.4747,4153,Vehicle,ChannelLoad,0.09,0
27.4747,4153,Vehicle,TX_Throughput,4560,0
27.4747,4153,Vehicle,TX_ObjectCount,0,0
27.4748,6043,Vehicle,ChannelLoad,0.04504,0
27.4748,6043,Vehicle,ChannelLoad,0.04504,0
27.4748,6043,Vehicle,TX_Throughput,7760,0
27.4748,6043,Vehicle,TX_ObjectCount,1,0
27.4759,4979,Vehicle,ChannelLoad,0.09848,0
27.4759,4979,Vehicle,ChannelLoad,0.09848,0
27.4759,4979,Vehicle,TX_Throughput,7760,0
27.4759,4979,Vehicle,TX_ObjectCount,1,0
27.4762,5052,RSU,ChannelLoad,0.07344,0
27.4762,5052,RSU,ChannelLoad,0.07344,0
27.4762,5052,RSU,TX_Throughput,5280,0
27.4762,5052,RSU,TX_ObjectCount,1,0
27.4777,2065,Vehicle,ChannelLoad,0.05336,0
27.4777,2065,Vehicle,ChannelLoad,0.05336,0
27.4777,2065,Vehicle,TX_Throughput,7760,0
27.4777,2065,Vehicle,TX_ObjectCount,1,0
27.4778,6116,RSU,ChannelLoad,0.10592,0
27.4778,6116,RSU,ChannelLoad,0.10592,0
27.4778,6116,RSU,TX_Throughput,8080,0
27.4778,6116,RSU,TX_ObjectCount,2,0
27.4782,7152,Vehicle,ChannelLoad,0.07856,0
27.4782,7152,Vehicle,ChannelLoad,0.07856,0
27.4782,7152,Vehicle,TX_Throughput,7760,0
27.4782,7152,Vehicle,TX_ObjectCount,1,0
27.4786,8808,Vehicle,ChannelLoad,0.06632,0
27.4786,8808,Vehicle,ChannelLoad,0.06632,0
27.4786,8808,Vehicle,TX_Throughput,7760,0
27.4786,8808,Vehicle,TX_ObjectCount,1,0
27.4801,6192,RSU,ChannelLoad,0.07112,0
27.4801,6192,RSU,ChannelLoad,0.07112,0
27.4801,6192,RSU,TX_Throughput,8080,0
27.4801,6192,RSU,TX_ObjectCount,2,0
27.4805,8119,Vehicle,ChannelLoad,0.046,0
27.4805,8119,Vehicle,ChannelLoad,0.046,0
27.4805,8119,Vehicle,TX_Throughput,4560,0
27.4805,8119,Vehicle,TX_ObjectCount,0,0
27.4805,7227,Vehicle,ChannelLoad,0.05784,0
27.4805,7227,Vehicle,ChannelLoad,0.05784,0
27.4805,7227,Vehicle,TX_Throughput,7760,0
27.4805,7227,Vehicle,TX_ObjectCount,1,0
27.4809,4230,Vehicle,ChannelLoad,0.08424,0
27.4809,4230,Vehicle,ChannelLoad,0.08424,0
27.4809,4230,Vehicle,TX_Throughput,4560,0
27.4809,4230,Vehicle,TX_ObjectCount,0,0
27.4818,6266,Vehicle,ChannelLoad,0.06128,0
27.4818,6266,Vehicle,ChannelLoad,0.06128,0
27.4818,6266,Vehicle,TX_Throughput,7760,0
27.4818,6266,Vehicle,TX_ObjectCount,1,0
27.4819,5126,Vehicle,ChannelLoad,0.08608,0
27.4819,5126,Vehicle,ChannelLoad,0.08608,0
27.4819,5126,Vehicle,TX_Throughput,4560,0
27.4819,5126,Vehicle,TX_ObjectCount,0,0
27.4831,343,Vehicle,ChannelLoad,0.05016,0
27.4831,343,Vehicle,ChannelLoad,0.05016,0
27.4831,343,Vehicle,TX_Throughput,4560,0
27.4831,343,Vehicle,TX_ObjectCount,0,0
27.4832,1458,RSU,ChannelLoad,0.08672,0
27.4832,1458,RSU,ChannelLoad,0.08672,0
27.4832,1458,RSU,TX_Throughput,5280,0
27.4832,1458,RSU,TX_ObjectCount,1,0
27.4834,2891,Vehicle,ChannelLoad,0.05488,0
27.4834,2891,Vehicle,ChannelLoad,0.05488,0
27.4834,2891,Vehicle,TX_Throughput,4560,0
27.4834,2891,Vehicle,TX_ObjectCount,0,0
27.4865,2966,Vehicle,ChannelLoad,0.08312,0
27.4865,2966,Vehicle,ChannelLoad,0.08312,0
27.4865,2966,Vehicle,TX_Throughput,4560,0
27.4865,2966,Vehicle,TX_ObjectCount,0,0
27.4865,5201,RSU,ChannelLoad,0.10256,0
27.4865,5201,RSU,ChannelLoad,0.10256,0
27.4865,5201,RSU,TX_Throughput,5280,0
27.4865,5201,RSU,TX_ObjectCount,1,0
27.4871,416,Vehicle,ChannelLoad,0.06184,0
27.4871,416,Vehicle,ChannelLoad,0.06184,0
27.4871,416,Vehicle,TX_Throughput,7760,0
27.4871,416,Vehicle,TX_ObjectCount,1,0
27.4884,8883,Vehicle,ChannelLoad,0.0748,0
27.4884,8883,Vehicle,ChannelLoad,0.0748,0
27.4884,8883,Vehicle,TX_Throughput,10560,0
27.4884,8883,Vehicle,TX_ObjectCount,2,0
27.4885,2140,RSU,ChannelLoad,0.08112,0
27.4885,2140,RSU,ChannelLoad,0.08112,0
27.4885,2140,RSU,TX_Throughput,10880,0
27.4885,2140,RSU,TX_ObjectCount,3,0
27.4887,6339,Vehicle,ChannelLoad,0.07856,0
27.4887,6339,Vehicle,ChannelLoad,0.07856,0
27.4887,6339,Vehicle,TX_Throughput,4560,0
27.4887,6339,Vehicle,TX_ObjectCount,0,0
27.4894,2214,RSU,ChannelLoad,0.076,0
27.4894,2214,RSU,ChannelLoad,0.076,0
27.4894,2214,RSU,TX_Throughput,8080,0
27.4894,2214,RSU,TX_ObjectCount,2,0
27.4916,8192,RSU,ChannelLoad,0.07312,0
27.4916,8192,RSU,ChannelLoad,0.07312,0
27.4916,8192,RSU,TX_Throughput,8080,0
27.4916,8192,RSU,TX_ObjectCount,2,0
27.492,5275,RSU,ChannelLoad,0.08928,0
27.492,5275,RSU,ChannelLoad,0.08928,0
27.492,5275,RSU,TX_Throughput,5280,0
27.492,5275,RSU,TX_ObjectCount,1,0
27.4925,6412,Vehicle,ChannelLoad,0.05256,0
27.4925,6412,Vehicle,ChannelLoad,0.05256,0
27.4925,6412,Vehicle,TX_Throughput,4560,0
27.4925,6412,Vehicle,TX_ObjectCount,0,0
27.4928,3039,Vehicle,ChannelLoad,0.07936,0
27.4928,3039,Vehicle,ChannelLoad,0.07936,0
27.4928,3039,Vehicle,TX_Throughput,4560,0
27.4928,3039,Vehicle,TX_ObjectCount,0,0
27.4928,5349,Vehicle,ChannelLoad,0.0472,0
27.4928,5349,Vehicle,ChannelLoad,0.0472,0
27.4928,5349,Vehicle,TX_Throughput,4560,0
27.4928,5349,Vehicle,TX_ObjectCount,0,0
27.4939,489,Vehicle,ChannelLoad,0.05632,0
27.4939,489,Vehicle,ChannelLoad,0.05632,0
27.4939,489,Vehicle,TX_Throughput,4560,0
27.4939,489,Vehicle,TX_ObjectCount,0,0
27.4953,8956,Vehicle,ChannelLoad,0.082,0
27.4953,8956,Vehicle,ChannelLoad,0.082,0
27.4953,8956,Vehicle,TX_Throughput,4560,0
27.4953,8956,Vehicle,TX_ObjectCount,0,0
27.496,8268,RSU,ChannelLoad,0.10328,0
27.496,8268,RSU,ChannelLoad,0.10328,0
27.496,8268,RSU,TX_Throughput,8080,0
27.496,8268,RSU,TX_ObjectCount,2,0
27.4961,3112,RSU,ChannelLoad,0.08824,0
27.4961,3112,RSU,ChannelLoad,0.08824,0
27.4961,3112,RSU,TX_Throughput,5280,0
27.4961,3112,RSU,TX_ObjectCount,1,0
27.4961,562,Vehicle,ChannelLoad,0.02496,0
27.4961,562,Vehicle,ChannelLoad,0.02496,0
27.4961,562,Vehicle,TX_Throughput,4560,0
27.4961,562,Vehicle,TX_ObjectCount,0,0
27.4976,6485,Vehicle,ChannelLoad,0.09152,0
27.4976,6485,Vehicle,ChannelLoad,0.09152,0
27.4976,6485,Vehicle,TX_Throughput,4560,0
27.4976,6485,Vehicle,TX_ObjectCount,0,0
27.4978,3186,RSU,ChannelLoad,0.06376,0
27.4978,3186,RSU,ChannelLoad,0.06376,0
27.4978,3186,RSU,TX_Throughput,2080,0
27.4978,3186,RSU,TX_ObjectCount,0,0
27.5009,7304,Vehicle,ChannelLoad,0.05408,0
27.5009,7304,Vehicle,ChannelLoad,0.05408,0
27.5009,7304,Vehicle,TX_Throughput,4560,0
27.5009,7304,Vehicle,TX_ObjectCount,0,0
27.502,639,Vehicle,ChannelLoad,0.06088,0
27.502,639,Vehicle,ChannelLoad,0.06088,0
27.502,639,Vehicle,TX_Throughput,4560,0
27.502,639,Vehicle,TX_ObjectCount,0,0
27.5028,5422,Vehicle,ChannelLoad,0.06072,0
27.5028,5422,Vehicle,ChannelLoad,0.06072,0
27.5028,5422,Vehicle,TX_Throughput,4560,0
27.5028,5422,Vehicle,TX_ObjectCount,0,0
27.5037,6558,RSU,ChannelLoad,0.07544,0
27.5037,6558,RSU,ChannelLoad,0.07544,0
27.5037,6558,RSU,TX_Throughput,5280,0
27.5037,6558,RSU,TX_ObjectCount,1,0
27.5047,29,RSU,ChannelLoad,0.0912,0
27.5047,29,RSU,ChannelLoad,0.0912,0
27.5047,29,RSU,TX_Throughput,2080,0
27.5047,29,RSU,TX_ObjectCount,0,0
27.509,4303,Vehicle,ChannelLoad,0.05672,0
27.509,4303,Vehicle,ChannelLoad,0.05672,0
27.509,4303,Vehicle,TX_Throughput,10560,0
27.509,4303,Vehicle,TX_ObjectCount,2,0
27.5104,1538,Vehicle,ChannelLoad,0.03208,0
27.5104,1538,Vehicle,ChannelLoad,0.03208,0
27.5104,1538,Vehicle,TX_Throughput,10560,0
27.5104,1538,Vehicle,TX_ObjectCount,2,0
27.5122,7377,Vehicle,ChannelLoad,0.06224,0
27.5122,7377,Vehicle,ChannelLoad,0.06224,0
27.5122,7377,Vehicle,TX_Throughput,4560,0
27.5122,7377,Vehicle,TX_ObjectCount,0,0
27.5131,5501,Vehicle,ChannelLoad,0.06,0
27.5131,5501,Vehicle,ChannelLoad,0.06,0
27.5131,5501,Vehicle,TX_Throughput,4560,0
27.5131,5501,Vehicle,TX_ObjectCount,0,0
27.5143,3260,Vehicle,ChannelLoad,0.06752,0
27.5143,3260,Vehicle,ChannelLoad,0.06752,0
27.5143,3260,Vehicle,TX_Throughput,4560,0
27.5143,3260,Vehicle,TX_ObjectCount,0,0
27.5144,3333,Vehicle,ChannelLoad,0.09152,0
27.5144,3333,Vehicle,ChannelLoad,0.09152,0
27.5144,3333,Vehicle,TX_Throughput,4560,0
27.5144,3333,Vehicle,TX_ObjectCount,0,0
27.5147,3406,Vehicle,ChannelLoad,0.03424,0
27.5147,3406,Vehicle,ChannelLoad,0.03424,0
27.5147,3406,Vehicle,TX_Throughput,4560,0
27.5147,3406,Vehicle,TX_ObjectCount,0,0
27.5154,2292,Vehicle,ChannelLoad,0.04624,0
27.5154,2292,Vehicle,ChannelLoad,0.04624,0
27.5154,2292,Vehicle,TX_Throughput,4560,0
27.5154,2292,Vehicle,TX_ObjectCount,0,0
27.5163,6634,RSU,ChannelLoad,0.05632,0
27.5163,6634,RSU,ChannelLoad,0.05632,0
27.5163,6634,RSU,TX_Throughput,2080,0
27.5163,6634,RSU,TX_ObjectCount,0,0
27.5166,1611,Vehicle,ChannelLoad,0.04168,0
27.5166,1611,Vehicle,ChannelLoad,0.04168,0
27.5166,1611,Vehicle,TX_Throughput,4560,0
27.5166,1611,Vehicle,TX_ObjectCount,0,0
27.5172,2365,Vehicle,ChannelLoad,0.02696,0
27.5172,2365,Vehicle,ChannelLoad,0.02696,0
27.5172,2365,Vehicle,TX_Throughput,7760,0
27.5172,2365,Vehicle,TX_ObjectCount,1,0
27.5182,8348,Vehicle,ChannelLoad,0.04768,0
27.5182,8348,Vehicle,ChannelLoad,0.04768,0
27.5182,8348,Vehicle,TX_Throughput,4560,0
27.5182,8348,Vehicle,TX_ObjectCount,0,0
27.5186,2440,Vehicle,ChannelLoad,0.066,0
27.5186,2440,Vehicle,ChannelLoad,0.066,0
27.5186,2440,Vehicle,TX_Throughput,4560,0
27.5186,2440,Vehicle,TX_ObjectCount,0,0
27.5187,718,Vehicle,ChannelLoad,0.07304,0
27.5187,718,Vehicle,ChannelLoad,0.07304,0
27.5187,718,Vehicle,TX_Throughput,4560,0
27.5187,718,Vehicle,TX_ObjectCount,0,0
27.5188,107,Vehicle,ChannelLoad,0.0764,0
27.5188,107,Vehicle,ChannelLoad,0.0764,0
27.5188,107,Vehicle,TX_Throughput,4560,0
27.5188,107,Vehicle,TX_ObjectCount,0,0
27.5201,182,RSU,ChannelLoad,0.07856,0
27.5201,182,RSU,ChannelLoad,0.07856,0
27.5201,182,RSU,TX_Throughput,10880,0
27.5201,182,RSU,TX_ObjectCount,3,0
27.5202,791,Vehicle,ChannelLoad,0.06392,0
27.5202,791,Vehicle,ChannelLoad,0.06392,0
27.5202,791,Vehicle,TX_Throughput,4560,0
27.5202,791,Vehicle,TX_ObjectCount,0,0
27.5206,6708,Vehicle,ChannelLoad,0.07568,0
27.5206,6708,Vehicle,ChannelLoad,0.07568,0
27.5206,6708,Vehicle,TX_Throughput,4560,0
27.5206,6708,Vehicle,TX_ObjectCount,0,0
27.5218,4380,Vehicle,ChannelLoad,0.05208,0
27.5218,4380,Vehicle,ChannelLoad,0.05208,0
27.5218,4380,Vehicle,TX_Throughput,7760,0
27.5218,4380,Vehicle,TX_ObjectCount,1,0
27.5231,1688,RSU,ChannelLoad,0.058,0
27.5231,1688,RSU,ChannelLoad,0.058,0
27.5231,1688,RSU,TX_Throughput,8080,0
27.5231,1688,RSU,TX_ObjectCount,2,0
27.5235,5580,Vehicle,ChannelLoad,0.07816,0
27.5235,5580,Vehicle,ChannelLoad,0.07816,0
27.5235,5580,Vehicle,TX_Throughput,4560,0
27.5235,5580,Vehicle,TX_ObjectCount,0,0
27.5256,8494,Vehicle,ChannelLoad,0.06064,0
27.5256,8494,Vehicle,ChannelLoad,0.06064,0
27.5256,8494,Vehicle,TX_Throughput,4560,0
27.5256,8494,Vehicle,TX_ObjectCount,0,0
27.5289,4455,Vehicle,ChannelLoad,0.09216,0
27.5289,4455,Vehicle,ChannelLoad,0.09216,0
27.5289,4455,Vehicle,TX_Throughput,7760,0
27.5289,4455,Vehicle,TX_ObjectCount,1,0
27.5289,7452,RSU,ChannelLoad,0.07896,0
27.5289,7452,RSU,ChannelLoad,0.07896,0
27.5289,7452,RSU,TX_Throughput,8080,0
27.5289,7452,RSU,TX_ObjectCount,2,0
27.5318,866,Vehicle,ChannelLoad,0.09384,0
27.5318,866,Vehicle,ChannelLoad,0.09384,0
27.5318,866,Vehicle,TX_Throughput,4560,0
27.5318,866,Vehicle,TX_ObjectCount,0,0
27.5326,7526,Vehicle,ChannelLoad,0.08632,0
27.5326,7526,Vehicle,ChannelLoad,0.08632,0
27.5326,7526,Vehicle,TX_Throughput,4560,0
27.5326,7526,Vehicle,TX_ObjectCount,0,0
27.5333,3481,RSU,ChannelLoad,0.08576,0
27.5333,3481,RSU,ChannelLoad,0.08576,0
27.5333,3481,RSU,TX_Throughput,8080,0
27.5333,3481,RSU,TX_ObjectCount,2,0
27.5343,5655,Vehicle,ChannelLoad,0.05144,0
27.5343,5655,Vehicle,ChannelLoad,0.05144,0
27.5343,5655,Vehicle,TX_Throughput,4560,0
27.5343,5655,Vehicle,TX_ObjectCount,0,0
27.5351,5728,Vehicle,ChannelLoad,0.06152,0
27.5351,5728,Vehicle,ChannelLoad,0.06152,0
27.5351,5728,Vehicle,TX_Throughput,4560,0
27.5351,5728,Vehicle,TX_ObjectCount,0,0
27.5352,6781,RSU,ChannelLoad,0.06632,0
27.5352,6781,RSU,ChannelLoad,0.06632,0
27.5352,6781,RSU,TX_Throughput,2080,0
27.5352,6781,RSU,TX_ObjectCount,0,0
27.5382,941,Vehicle,ChannelLoad,0.032,0
27.5382,941,Vehicle,ChannelLoad,0.032,0
27.5382,941,Vehicle,TX_Throughput,4560,0
27.5382,941,Vehicle,TX_ObjectCount,0,0
27.5389,5801,RSU,ChannelLoad,0.07376,0
27.5389,5801,RSU,ChannelLoad,0.07376,0
27.5389,5801,RSU,TX_Throughput,5280,0
27.5389,5801,RSU,TX_ObjectCount,1,0
27.5399,5875,Vehicle,ChannelLoad,0.05144,0
27.5399,5875,Vehicle,ChannelLoad,0.05144,0
27.5399,5875,Vehicle,TX_Throughput,4560,0
27.5399,5875,Vehicle,TX_ObjectCount,0,0
27.5414,7674,RSU,ChannelLoad,0.05784,0
27.5414,7674,RSU,ChannelLoad,0.05784,0
27.5414,7674,RSU,TX_Throughput,8080,0
27.5414,7674,RSU,TX_ObjectCount,2,0
27.5417,3561,Vehicle,ChannelLoad,0.0632,0
27.5417,3561,Vehicle,ChannelLoad,0.0632,0
27.5417,3561,Vehicle,TX_Throughput,4560,0
27.5417,3561,Vehicle,TX_ObjectCount,0,0
27.5423,7748,Vehicle,ChannelLoad,0.07168,0
27.5423,7748,Vehicle,ChannelLoad,0.07168,0
27.5423,7748,Vehicle,TX_Throughput,4560,0
27.5423,7748,Vehicle,TX_ObjectCount,0,0
27.5434,1016,Vehicle,ChannelLoad,0.04104,0
27.5434,1016,Vehicle,ChannelLoad,0.04104,0
27.5434,1016,Vehicle,TX_Throughput,4560,0
27.5434,1016,Vehicle,TX_ObjectCount,0,0
27.5464,1089,RSU,ChannelLoad,0.07864,0
27.5464,1089,RSU,ChannelLoad,0.07864,0
27.5464,1089,RSU,TX_Throughput,5280,0
27.5464,1089,RSU,TX_ObjectCount,1,0
27.5471,3634,RSU,ChannelLoad,0.09528,0
27.5471,3634,RSU,ChannelLoad,0.09528,0
27.5471,3634,RSU,TX_Throughput,8080,0
27.5471,3634,RSU,TX_ObjectCount,2,0
27.5472,5950,Vehicle,ChannelLoad,0.0636,0
27.5472,5950,Vehicle,ChannelLoad,0.0636,0
27.5472,5950,Vehicle,TX_Throughput,13360,0
27.5472,5950,Vehicle,TX_ObjectCount,3,0
27.5488,1764,RSU,ChannelLoad,0.10648,0
27.5488,1764,RSU,ChannelLoad,0.10648,0
27.5488,1764,RSU,TX_Throughput,8080,0
27.5488,1764,RSU,TX_ObjectCount,2,0
27.5492,3708,RSU,ChannelLoad,0.06208,0
27.5492,3708,RSU,ChannelLoad,0.06208,0
27.5492,3708,RSU,TX_Throughput,2080,0
27.5492,3708,RSU,TX_ObjectCount,0,0
27.5497,1163,Vehicle,ChannelLoad,0.04552,0
27.5497,1163,Vehicle,ChannelLoad,0.04552,0
27.5497,1163,Vehicle,TX_Throughput,4560,0
27.5497,1163,Vehicle,TX_ObjectCount,0,0
27.5499,3782,Vehicle,ChannelLoad,0.05368,0
27.5499,3782,Vehicle,ChannelLoad,0.05368,0
27.5499,3782,Vehicle,TX_Throughput,7760,0
27.5499,3782,Vehicle,TX_ObjectCount,1,0
27.5507,6859,Vehicle,ChannelLoad,0.0352,0
27.5507,6859,Vehicle,ChannelLoad,0.0352,0
27.5507,6859,Vehicle,TX_Throughput,7760,0
27.5507,6859,Vehicle,TX_ObjectCount,1,0
27.5512,3855,Vehicle,ChannelLoad,0.0316,0
27.5512,3855,Vehicle,ChannelLoad,0.0316,0
27.5512,3855,Vehicle,TX_Throughput,7760,0
27.5512,3855,Vehicle,TX_ObjectCount,1,0
27.5527,8575,RSU,ChannelLoad,0.08696,0
27.5527,8575,RSU,ChannelLoad,0.08696,0
27.5527,8575,RSU,TX_Throughput,5280,0
27.5527,8575,RSU,TX_ObjectCount,1,0
27.5528,4534,RSU,ChannelLoad,0.07448,0
27.5528,4534,RSU,ChannelLoad,0.07448,0
27.5528,4534,RSU,TX_Throughput,5280,0
27.5528,4534,RSU,TX_ObjectCount,1,0
27.5561,6932,RSU,ChannelLoad,0.06616,0
27.5561,6932,RSU,ChannelLoad,0.06616,0
27.5561,6932,RSU,TX_Throughput,5280,0
27.5561,6932,RSU,TX_ObjectCount,1,0
27.5572,8649,Vehicle,ChannelLoad,0.06024,0
27.5572,8649,Vehicle,ChannelLoad,0.06024,0
27.5572,8649,Vehicle,TX_Throughput,4560,0
27.5572,8649,Vehicle,TX_ObjectCount,0,0
27.5579,7825,Vehicle,ChannelLoad,0.05624,0
27.5579,7825,Vehicle,ChannelLoad,0.05624,0
27.5579,7825,Vehicle,TX_Throughput,4560,0
27.5579,7825,Vehicle,TX_ObjectCount,0,0
27.5586,7006,Vehicle,ChannelLoad,0.0628,0
27.5586,7006,Vehicle,ChannelLoad,0.0628,0
27.5586,7006,Vehicle,TX_Throughput,4560,0
27.5586,7006,Vehicle,TX_ObjectCount,0,0
27.5594,2523,Vehicle,ChannelLoad,0.06656,0
27.5594,2523,Vehicle,ChannelLoad,0.06656,0
27.5594,2523,Vehicle,TX_Throughput,10560,0
27.5594,2523,Vehicle,TX_ObjectCount,2,0
27.5595,2596,Vehicle,ChannelLoad,0.0368,0
27.5595,2596,Vehicle,ChannelLoad,0.0368,0
27.5595,2596,Vehicle,TX_Throughput,7760,0
27.5595,2596,Vehicle,TX_ObjectCount,1,0
27.5613,1238,Vehicle,ChannelLoad,0.07488,0
27.5613,1238,Vehicle,ChannelLoad,0.07488,0
27.5613,1238,Vehicle,TX_Throughput,4560,0
27.5613,1238,Vehicle,TX_ObjectCount,0,0
27.5615,3930,Vehicle,ChannelLoad,0.05008,0
27.5615,3930,Vehicle,ChannelLoad,0.05008,0
27.5615,3930,Vehicle,TX_Throughput,4560,0
27.5615,3930,Vehicle,TX_ObjectCount,0,0
27.5622,8724,RSU,ChannelLoad,0.11032,0
27.5622,8724,RSU,ChannelLoad,0.11032,0
27.5622,8724,RSU,TX_Throughput,8080,0
27.5622,8724,RSU,TX_ObjectCount,2,0
27.5637,2669,Vehicle,ChannelLoad,0.05456,0
27.5637,2669,Vehicle,ChannelLoad,0.05456,0
27.5637,2669,Vehicle,TX_Throughput,4560,0
27.5637,2669,Vehicle,TX_ObjectCount,0,0
27.5647,1842,RSU,ChannelLoad,0.05368,0
27.5647,1842,RSU,ChannelLoad,0.05368,0
27.5647,1842,RSU,TX_Throughput,8080,0
27.5647,1842,RSU,TX_ObjectCount,2,0
27.5649,1311,RSU,ChannelLoad,0.05024,0
27.5649,1311,RSU,ChannelLoad,0.05024,0
27.5649,1311,RSU,TX_Throughput,5280,0
27.5649,1311,RSU,TX_ObjectCount,1,0
27.5651,7898,Vehicle,ChannelLoad,0.04936,0
27.5651,7898,Vehicle,ChannelLoad,0.04936,0
27.5651,7898,Vehicle,TX_Throughput,4560,0
27.5651,7898,Vehicle,TX_ObjectCount,0,0
27.5652,4608,Vehicle,ChannelLoad,0.03944,0
27.5652,4608,Vehicle,ChannelLoad,0.03944,0
27.5652,4608,Vehicle,TX_Throughput,4560,0
27.5652,4608,Vehicle,TX_ObjectCount,0,0
27.5663,4003,Vehicle,ChannelLoad,0.05392,0
27.5663,4003,Vehicle,ChannelLoad,0.05392,0
27.5663,4003,Vehicle,TX_Throughput,4560,0
27.5663,4003,Vehicle,TX_ObjectCount,0,0
27.5666,4681,Vehicle,ChannelLoad,0.0596,0
27.5666,4681,Vehicle,ChannelLoad,0.0596,0
27.5666,4681,Vehicle,TX_Throughput,10560,0
27.5666,4681,Vehicle,TX_ObjectCount,2,0
27.5684,4756,Vehicle,ChannelLoad,0.06296,0
27.5684,4756,Vehicle,ChannelLoad,0.06296,0
27.5684,4756,Vehicle,TX_Throughput,4560,0
27.5684,4756,Vehicle,TX_ObjectCount,0,0
27.5687,4076,Vehicle,ChannelLoad,0.09032,0
27.5687,4076,Vehicle,ChannelLoad,0.09032,0
27.5687,4076,Vehicle,TX_Throughput,4560,0
27.5687,4076,Vehicle,TX_ObjectCount,0,0
27.5687,2744,Vehicle,ChannelLoad,0.06872,0
27.5687,2744,Vehicle,ChannelLoad,0.06872,0
27.5687,2744,Vehicle,TX_Throughput,13360,0
27.5687,2744,Vehicle,TX_ObjectCount,3,0
27.5696,4829,RSU,ChannelLoad,0.08368,0
27.5696,4829,RSU,ChannelLoad,0.08368,0
27.5696,4829,RSU,TX_Throughput,8080,0
27.5696,4829,RSU,TX_ObjectCount,2,0
27.5698,2817,RSU,ChannelLoad,0.07688,0
27.5698,2817,RSU,ChannelLoad,0.07688,0
27.5698,2817,RSU,TX_Throughput,5280,0
27.5698,2817,RSU,TX_ObjectCount,1,0
27.57,1918,RSU,ChannelLoad,0.10096,0
27.57,1918,RSU,ChannelLoad,0.10096,0
27.57,1918,RSU,TX_Throughput,8080,0
27.57,1918,RSU,TX_ObjectCount,2,0
27.57,7971,Vehicle,ChannelLoad,0.06776,0
27.57,7971,Vehicle,ChannelLoad,0.06776,0
27.57,7971,Vehicle,TX_Throughput,10560,0
27.57,7971,Vehicle,TX_ObjectCount,2,0
27.5701,8044,Vehicle,ChannelLoad,0.05456,0
27.5701,8044,Vehicle,ChannelLoad,0.05456,0
27.5701,8044,Vehicle,TX_Throughput,7760,0
27.5701,8044,Vehicle,TX_ObjectCount,1,0
27.5709,1385,Vehicle,ChannelLoad,0.06032,0
27.5709,1385,Vehicle,ChannelLoad,0.06032,0
27.5709,1385,Vehicle,TX_Throughput,7760,0
27.5709,1385,Vehicle,TX_ObjectCount,1,0
27.571,270,Vehicle,ChannelLoad,0.05184,0
27.571,270,Vehicle,ChannelLoad,0.05184,0
27.571,270,Vehicle,TX_Throughput,10560,0
27.571,270,Vehicle,TX_ObjectCount,2,0
27.5723,4905,RSU,ChannelLoad,0.09728,0
27.5723,4905,RSU,ChannelLoad,0.09728,0
27.5723,4905,RSU,TX_Throughput,5280,0
27.5723,4905,RSU,TX_ObjectCount,1,0
27.5727,1992,Vehicle,ChannelLoad,0.04,0
27.5727,1992,Vehicle,ChannelLoad,0.04,0
27.5727,1992,Vehicle,TX_Throughput,4560,0
27.5727,1992,Vehicle,TX_ObjectCount,0,0
27.5742,7079,Vehicle,ChannelLoad,0.04192,0
27.5742,7079,Vehicle,ChannelLoad,0.04192,0
27.5742,7079,Vehicle,TX_Throughput,7760,0
27.5742,7079,Vehicle,TX_ObjectCount,1,0
27.5747,4153,Vehicle,ChannelLoad,0.08712,0
27.5747,4153,Vehicle,ChannelLoad,0.08712,0
27.5747,4153,Vehicle,TX_Throughput,4560,0
27.5747,4153,Vehicle,TX_ObjectCount,0,0
27.5748,6043,Vehicle,ChannelLoad,0.0384,0
27.5748,6043,Vehicle,ChannelLoad,0.0384,0
27.5748,6043,Vehicle,TX_Throughput,7760,0
27.5748,6043,Vehicle,TX_ObjectCount,1,0
27.5759,4979,Vehicle,ChannelLoad,0.08168,0
27.5759,4979,Vehicle,ChannelLoad,0.08168,0
27.5759,4979,Vehicle,TX_Throughput,4560,0
27.5759,4979,Vehicle,TX_ObjectCount,0,0
27.5762,5052,RSU,ChannelLoad,0.07648,0
27.5762,5052,RSU,ChannelLoad,0.07648,0
27.5762,5052,RSU,TX_Throughput,5280,0
27.5762,5052,RSU,TX_ObjectCount,1,0
27.5777,2065,Vehicle,ChannelLoad,0.06408,0
27.5777,2065,Vehicle,ChannelLoad,0.06408,0
27.5777,2065,Vehicle,TX_Throughput,10560,0
27.5777,2065,Vehicle,TX_ObjectCount,2,0
27.5778,6116,RSU,ChannelLoad,0.09384,0
27.5778,6116,RSU,ChannelLoad,0.09384,0
27.5778,6116,RSU,TX_Throughput,5280,0
27.5778,6116,RSU,TX_ObjectCount,1,0
27.5782,7152,Vehicle,ChannelLoad,0.068,0
27.5782,7152,Vehicle,ChannelLoad,0.068,0
27.5782,7152,Vehicle,TX_Throughput,4560,0
27.5782,7152,Vehicle,TX_ObjectCount,0,0
27.5786,8808,Vehicle,ChannelLoad,0.05704,0
27.5786,8808,Vehicle,ChannelLoad,0.05704,0
27.5786,8808,Vehicle,TX_Throughput,4560,0
27.5786,8808,Vehicle,TX_ObjectCount,0,0
27.5801,6192,RSU,ChannelLoad,0.07928,0
27.5801,6192,RSU,ChannelLoad,0.07928,0
27.5801,6192,RSU,TX_Throughput,16480,0
27.5801,6192,RSU,TX_ObjectCount,5,0
27.5805,8119,Vehicle,ChannelLoad,0.03864,0
27.5805,8119,Vehicle,ChannelLoad,0.03864,0
27.5805,8119,Vehicle,TX_Throughput,7760,0
27.5805,8119,Vehicle,TX_ObjectCount,1,0
27.5805,7227,Vehicle,ChannelLoad,0.05608,0
27.5805,7227,Vehicle,ChannelLoad,0.05608,0
27.5805,7227,Vehicle,TX_Throughput,4560,0
27.5805,7227,Vehicle,TX_ObjectCount,0,0
27.5809,4230,Vehicle,ChannelLoad,0.05272,0
27.5809,4230,Vehicle,ChannelLoad,0.05272,0
27.5809,4230,Vehicle,TX_Throughput,4560,0
27.5809,4230,Vehicle,TX_ObjectCount,0,0
27.5818,6266,Vehicle,ChannelLoad,0.0492,0
27.5818,6266,Vehicle,ChannelLoad,0.0492,0
27.5818,6266,Vehicle,TX_Throughput,7760,0
27.5818,6266,Vehicle,TX_ObjectCount,1,0
27.5819,5126,Vehicle,ChannelLoad,0.08288,0
27.5819,5126,Vehicle,ChannelLoad,0.08288,0
27.5819,5126,Vehicle,TX_Throughput,4560,0
27.5819,5126,Vehicle,TX_ObjectCount,0,0
27.5831,343,Vehicle,ChannelLoad,0.04288,0
27.5831,343,Vehicle,ChannelLoad,0.04288,0
27.5831,343,Vehicle,TX_Throughput,7760,0
27.5831,343,Vehicle,TX_ObjectCount,1,0
27.5832,1458,RSU,ChannelLoad,0.07968,0
27.5832,1458,RSU,ChannelLoad,0.07968,0
27.5832,1458,RSU,TX_Throughput,5280,0
27.5832,1458,RSU,TX_ObjectCount,1,0
27.5834,2891,Vehicle,ChannelLoad,0.06352,0
27.5834,2891,Vehicle,ChannelLoad,0.06352,0
27.5834,2891,Vehicle,TX_Throughput,4560,0
27.5834,2891,Vehicle,TX_ObjectCount,0,0
27.5865,2966,Vehicle,ChannelLoad,0.074,0
27.5865,2966,Vehicle,ChannelLoad,0.074,0
27.5865,2966,Vehicle,TX_Throughput,4560,0
27.5865,2966,Vehicle,TX_ObjectCount,0,0
27.5865,5201,RSU,ChannelLoad,0.08576,0
27.5865,5201,RSU,ChannelLoad,0.08576,0
27.5865,5201,RSU,TX_Throughput,8080,0
27.5865,5201,RSU,TX_ObjectCount,2,0
27.5871,416,Vehicle,ChannelLoad,0.04568,0
27.5871,416,Vehicle,ChannelLoad,0.04568,0
27.5871,416,Vehicle,TX_Throughput,7760,0
27.5871,416,Vehicle,TX_ObjectCount,1,0
27.5884,8883,Vehicle,ChannelLoad,0.05488,0
27.5884,8883,Vehicle,ChannelLoad,0.05488,0
27.5884,8883,Vehicle,TX_Throughput,7760,0
27.5884,8883,Vehicle,TX_ObjectCount,1,0
27.5885,2140,RSU,ChannelLoad,0.10184,0
27.5885,2140,RSU,ChannelLoad,0.10184,0
27.5885,2140,RSU,TX_Throughput,5280,0
27.5885,2140,RSU,TX_ObjectCount,1,0
27.5887,6339,Vehicle,ChannelLoad,0.06296,0
27.5887,6339,Vehicle,ChannelLoad,0.06296,0
27.5887,6339,Vehicle,TX_Throughput,4560,0
27.5887,6339,Vehicle,TX_ObjectCount,0,0
27.5894,2214,RSU,ChannelLoad,0.06864,0
27.5894,2214,RSU,ChannelLoad,0.06864,0
27.5894,2214,RSU,TX_Throughput,8080,0
27.5894,2214,RSU,TX_ObjectCount,2,0
27.5916,8192,RSU,ChannelLoad,0.06512,0
27.5916,8192,RSU,ChannelLoad,0.06512,0
27.5916,8192,RSU,TX_Throughput,2080,0
27.5916,8192,RSU,TX_ObjectCount,0,0
27.592,5275,RSU,ChannelLoad,0.08336,0
27.592,5275,RSU,ChannelLoad,0.08336,0
27.592,5275,RSU,TX_Throughput,19280,0
27.592,5275,RSU,TX_ObjectCount,6,0
27.5925,6412,Vehicle,ChannelLoad,0.05704,0
27.5925,6412,Vehicle,ChannelLoad,0.05704,0
27.5925,6412,Vehicle,TX_Throughput,10560,0
27.5925,6412,Vehicle,TX_ObjectCount,2,0
27.5928,3039,Vehicle,ChannelLoad,0.07448,0
27.5928,3039,Vehicle,ChannelLoad,0.07448,0
27.5928,3039,Vehicle,TX_Throughput,10560,0
27.5928,3039,Vehicle,TX_ObjectCount,2,0
27.5928,5349,Vehicle,ChannelLoad,0.03704,0
27.5928,5349,Vehicle,ChannelLoad,0.03704,0
27.5928,5349,Vehicle,TX_Throughput,7760,0
27.5928,5349,Vehicle,TX_ObjectCount,1,0
27.5939,489,Vehicle,ChannelLoad,0.05704,0
27.5939,489,Vehicle,ChannelLoad,0.05704,0
27.5939,489,Vehicle,TX_Throughput,7760,0
27.5939,489,Vehicle,TX_ObjectCount,1,0
27.5953,8956,Vehicle,ChannelLoad,0.06576,0
27.5953,8956,Vehicle,ChannelLoad,0.06576,0
27.5953,8956,Vehicle,TX_Throughput,4560,0
27.5953,8956,Vehicle,TX_ObjectCount,0,0
27.596,8268,RSU,ChannelLoad,0.08808,0
27.596,8268,RSU,ChannelLoad,0.08808,0
27.596,8268,RSU,TX_Throughput,5280,0
27.596,8268,RSU,TX_ObjectCount,1,0
27.5961,3112,RSU,ChannelLoad,0.08856,0
27.5961,3112,RSU,ChannelLoad,0.08856,0
27.5961,3112,RSU,TX_Throughput,8080,0
27.5961,3112,RSU,TX_ObjectCount,2,0
27.5961,562,Vehicle,ChannelLoad,0.02784,0
27.5961,562,Vehicle,ChannelLoad,0.02784,0
27.5961,562,Vehicle,TX_Throughput,4560,0
27.5961,562,Vehicle,TX_ObjectCount,0,0
27.5976,6485,Vehicle,ChannelLoad,0.09952,0
27.5976,6485,Vehicle,ChannelLoad,0.09952,0
27.5976,6485,Vehicle,TX_Throughput,4560,0
27.5976,6485,Vehicle,TX_ObjectCount,0,0
27.5978,3186,RSU,ChannelLoad,0.05752,0
27.5978,3186,RSU,ChannelLoad,0.05752,0
27.5978,3186,RSU,TX_Throughput,5280,0
27.5978,3186,RSU,TX_ObjectCount,1,0
27.6009,7304,Vehicle,ChannelLoad,0.05536,0
27.6009,7304,Vehicle,ChannelLoad,0.05536,0
27.6009,7304,Vehicle,TX_Throughput,4560,0
27.6009,7304,Vehicle,TX_ObjectCount,0,0
27.602,639,Vehicle,ChannelLoad,0.06864,0
27.602,639,Vehicle,ChannelLoad,0.06864,0
27.602,639,Vehicle,TX_Throughput,7760,0
27.602,639,Vehicle,TX_ObjectCount,1,0
27.6028,5422,Vehicle,ChannelLoad,0.06672,0
27.6028,5422,Vehicle,ChannelLoad,0.06672,0
27.6028,5422,Vehicle,TX_Throughput,4560,0
27.6028,5422,Vehicle,TX_ObjectCount,0,0
27.6037,6558,RSU,ChannelLoad,0.07064,0
27.6037,6558,RSU,ChannelLoad,0.07064,0
27.6037,6558,RSU,TX_Throughput,2080,0
27.6037,6558,RSU,TX_ObjectCount,0,0
27.6047,29,RSU,ChannelLoad,0.07416,0
27.6047,29,RSU,ChannelLoad,0.07416,0
27.6047,29,RSU,TX_Throughput,5280,0
27.6047,29,RSU,TX_ObjectCount,1,0
27.609,4303,Vehicle,ChannelLoad,0.06512,0
27.609,4303,Vehicle,ChannelLoad,0.06512,0
27.609,4303,Vehicle,TX_Throughput,10560,0
27.609,4303,Vehicle,TX_ObjectCount,2,0
27.6104,1538,Vehicle,ChannelLoad,0.05624,0
27.6104,1538,Vehicle,ChannelLoad,0.05624,0
27.6104,1538,Vehicle,TX_Throughput,7760,0
27.6104,1538,Vehicle,TX_ObjectCount,1,0
27.6122,7377,Vehicle,ChannelLoad,0.06576,0
27.6122,7377,Vehicle,ChannelLoad,0.06576,0
27.6122,7377,Vehicle,TX_Throughput,4560,0
27.6122,7377,Vehicle,TX_ObjectCount,0,0
27.6131,5501,Vehicle,ChannelLoad,0.0604,0
27.6131,5501,Vehicle,ChannelLoad,0.0604,0
27.6131,5501,Vehicle,TX_Throughput,4560,0
27.6131,5501,Vehicle,TX_ObjectCount,0,0
27.6143,3260,Vehicle,ChannelLoad,0.05696,0
27.6143,3260,Vehicle,ChannelLoad,0.05696,0
27.6143,3260,Vehicle,TX_Throughput,4560,0
27.6143,3260,Vehicle,TX_ObjectCount,0,0
27.6144,3333,Vehicle,ChannelLoad,0.06736,0
27.6144,3333,Vehicle,ChannelLoad,0.06736,0
27.6144,3333,Vehicle,TX_Throughput,4560,0
27.6144,3333,Vehicle,TX_ObjectCount,0,0
27.6147,3406,Vehicle,ChannelLoad,0.02776,0
27.6147,3406,Vehicle,ChannelLoad,0.02776,0
27.6147,3406,Vehicle,TX_Throughput,4560,0
27.6147,3406,Vehicle,TX_ObjectCount,0,0
27.6154,2292,Vehicle,ChannelLoad,0.03408,0
27.6154,2292,Vehicle,ChannelLoad,0.03408,0
27.6154,2292,Vehicle,TX_Throughput,4560,0
27.6154,2292,Vehicle,TX_ObjectCount,0,0
27.6163,6634,RSU,ChannelLoad,0.05032,0
27.6163,6634,RSU,ChannelLoad,0.05032,0
27.6163,6634,RSU,TX_Throughput,2080,0
27.6163,6634,RSU,TX_ObjectCount,0,0
27.6166,1611,Vehicle,ChannelLoad,0.06128,0
27.6166,1611,Vehicle,ChannelLoad,0.06128,0
27.6166,1611,Vehicle,TX_Throughput,4560,0
27.6166,1611,Vehicle,TX_ObjectCount,0,0
27.6172,2365,Vehicle,ChannelLoad,0.04896,0
27.6172,2365,Vehicle,ChannelLoad,0.04896,0
27.6172,2365,Vehicle,TX_Throughput,10560,0
27.6172,2365,Vehicle,TX_ObjectCount,2,0
27.6182,8348,Vehicle,ChannelLoad,0.05728,0
27.6182,8348,Vehicle,ChannelLoad,0.05728,0
27.6182,8348,Vehicle,TX_Throughput,4560,0
27.6182,8348,Vehicle,TX_ObjectCount,0,0
27.6186,2440,Vehicle,ChannelLoad,0.06288,0
27.6186,2440,Vehicle,ChannelLoad,0.06288,0
27.6186,2440,Vehicle,TX_Throughput,4560,0
27.6186,2440,Vehicle,TX_ObjectCount,0,0
27.6187,718,Vehicle,ChannelLoad,0.05064,0
27.6187,718,Vehicle,ChannelLoad,0.05064,0
27.6187,718,Vehicle,TX_Throughput,7760,0
27.6187,718,Vehicle,TX_ObjectCount,1,0
27.6188,107,Vehicle,ChannelLoad,0.06856,0
27.6188,107,Vehicle,ChannelLoad,0.06856,0
27.6188,107,Vehicle,TX_Throughput,4560,0
27.6188,107,Vehicle,TX_ObjectCount,0,0
27.6201,182,RSU,ChannelLoad,0.09368,0
27.6201,182,RSU,ChannelLoad,0.09368,0
27.6201,182,RSU,TX_Throughput,8080,0
27.6201,182,RSU,TX_ObjectCount,2,0
27.6202,791,Vehicle,ChannelLoad,0.05192,0
27.6202,791,Vehicle,ChannelLoad,0.05192,0
27.6202,791,Vehicle,TX_Throughput,7760,0
27.6202,791,Vehicle,TX_ObjectCount,1,0
27.6206,6708,Vehicle,ChannelLoad,0.1088,0
27.6206,6708,Vehicle,ChannelLoad,0.1088,0
27.6206,6708,Vehicle,TX_Throughput,7760,0
27.6206,6708,Vehicle,TX_ObjectCount,1,0
27.6218,4380,Vehicle,ChannelLoad,0.06656,0
27.6218,4380,Vehicle,ChannelLoad,0.06656,0
27.6218,4380,Vehicle,TX_Throughput,7760,0
27.6218,4380,Vehicle,TX_ObjectCount,1,0
27.6231,1688,RSU,ChannelLoad,0.05576,0
27.6231,1688,RSU,ChannelLoad,0.05576,0
27.6231,1688,RSU,TX_Throughput,10880,0
27.6231,1688,RSU,TX_ObjectCount,3,0
27.6235,5580,Vehicle,ChannelLoad,0.09536,0
27.6235,5580,Vehicle,ChannelLoad,0.09536,0
27.6235,5580,Vehicle,TX_Throughput,7760,0
27.6235,5580,Vehicle,TX_ObjectCount,1,0
27.6256,8494,Vehicle,ChannelLoad,0.0748,0
27.6256,8494,Vehicle,ChannelLoad,0.0748,0
27.6256,8494,Vehicle,TX_Throughput,7760,0
27.6256,8494,Vehicle,TX_ObjectCount,1,0
27.6289,4455,Vehicle,ChannelLoad,0.10424,0
27.6289,4455,Vehicle,ChannelLoad,0.10424,0
27.6289,4455,Vehicle,TX_Throughput,4560,0
27.6289,4455,Vehicle,TX_ObjectCount,0,0
27.6289,7452,RSU,ChannelLoad,0.10168,0
27.6289,7452,RSU,ChannelLoad,0.10168,0
27.6289,7452,RSU,TX_Throughput,10880,0
27.6289,7452,RSU,TX_ObjectCount,3,0
27.6318,866,Vehicle,ChannelLoad,0.06688,0
27.6318,866,Vehicle,ChannelLoad,0.06688,0
27.6318,866,Vehicle,TX_Throughput,4560,0
27.6318,866,Vehicle,TX_ObjectCount,0,0
27.6326,7526,Vehicle,ChannelLoad,0.07584,0
27.6326,7526,Vehicle,ChannelLoad,0.07584,0
27.6326,7526,Vehicle,TX_Throughput,4560,0
27.6326,7526,Vehicle,TX_ObjectCount,0,0
27.6333,3481,RSU,ChannelLoad,0.09072,0
27.6333,3481,RSU,ChannelLoad,0.09072,0
27.6333,3481,RSU,TX_Throughput,5280,0
27.6333,3481,RSU,TX_ObjectCount,1,0
27.6343,5655,Vehicle,ChannelLoad,0.06648,0
27.6343,5655,Vehicle,ChannelLoad,0.06648,0
27.6343,5655,Vehicle,TX_Throughput,4560,0
27.6343,5655,Vehicle,TX_ObjectCount,0,0
27.6351,5728,Vehicle,ChannelLoad,0.06544,0
27.6351,5728,Vehicle,ChannelLoad,0.06544,0
27.6351,5728,Vehicle,TX_Throughput,7760,0
27.6351,5728,Vehicle,TX_ObjectCount,1,0
27.6352,6781,RSU,ChannelLoad,0.08288,0
27.6352,6781,RSU,ChannelLoad,0.08288,0
27.6352,6781,RSU,TX_Throughput,13680,0
27.6352,6781,RSU,TX_ObjectCount,4,0
27.6382,941,Vehicle,ChannelLoad,0.02664,0
27.6382,941,Vehicle,ChannelLoad,0.02664,0
27.6382,941,Vehicle,TX_Throughput,7760,0
27.6382,941,Vehicle,TX_ObjectCount,1,0
27.6389,5801,RSU,ChannelLoad,0.06456,0
27.6389,5801,RSU,ChannelLoad,0.06456,0
27.6389,5801,RSU,TX_Throughput,2080,0
27.6389,5801,RSU,TX_ObjectCount,0,0
27.6399,5875,Vehicle,ChannelLoad,0.04504,0
27.6399,5875,Vehicle,ChannelLoad,0.04504,0
27.6399,5875,Vehicle,TX_Throughput,4560,0
27.6399,5875,Vehicle,TX_ObjectCount,0,0
27.6414,7674,RSU,ChannelLoad,0.05424,0
27.6414,7674,RSU,ChannelLoad,0.05424,0
27.6414,7674,RSU,TX_Throughput,8080,0
27.6414,7674,RSU,TX_ObjectCount,2,0
27.6417,3561,Vehicle,ChannelLoad,0.07672,0
27.6417,3561,Vehicle,ChannelLoad,0.07672,0
27.6417,3561,Vehicle,TX_Throughput,4560,0
27.6417,3561,Vehicle,TX_ObjectCount,0,0
27.6423,7748,Vehicle,ChannelLoad,0.04192,0
27.6423,7748,Vehicle,ChannelLoad,0.04192,0
27.6423,7748,Vehicle,TX_Throughput,4560,0
27.6423,7748,Vehicle,TX_ObjectCount,0,0
27.6434,1016,Vehicle,ChannelLoad,0.04064,0
27.6434,1016,Vehicle,ChannelLoad,0.04064,0
27.6434,1016,Vehicle,TX_Throughput,4560,0
27.6434,1016,Vehicle,TX_ObjectCount,0,0
27.6464,1089,RSU,ChannelLoad,0.08664,0
27.6464,1089,RSU,ChannelLoad,0.08664,0
27.6464,1089,RSU,TX_Throughput,10880,0
27.6464,1089,RSU,TX_ObjectCount,3,0
27.6471,3634,RSU,ChannelLoad,0.07128,0
27.6471,3634,RSU,ChannelLoad,0.07128,0
27.6471,3634,RSU,TX_Throughput,5280,0
27.6471,3634,RSU,TX_ObjectCount,1,0
27.6472,5950,Vehicle,ChannelLoad,0.0576,0
27.6472,5950,Vehicle,ChannelLoad,0.0576,0
27.6472,5950,Vehicle,TX_Throughput,7760,0
27.6472,5950,Vehicle,TX_ObjectCount,1,0
27.6488,1764,RSU,ChannelLoad,0.09632,0
27.6488,1764,RSU,ChannelLoad,0.09632,0
27.6488,1764,RSU,TX_Throughput,5280,0
27.6488,1764,RSU,TX_ObjectCount,1,0
27.6492,3708,RSU,ChannelLoad,0.05376,0
27.6492,3708,RSU,ChannelLoad,0.05376,0
27.6492,3708,RSU,TX_Throughput,2080,0
27.6492,3708,RSU,TX_ObjectCount,0,0
27.6497,1163,Vehicle,ChannelLoad,0.03248,0
27.6497,1163,Vehicle,ChannelLoad,0.03248,0
27.6497,1163,Vehicle,TX_Throughput,4560,0
27.6497,1163,Vehicle,TX_ObjectCount,0,0
27.6499,3782,Vehicle,ChannelLoad,0.05904,0
27.6499,3782,Vehicle,ChannelLoad,0.05904,0
27.6499,3782,Vehicle,TX_Throughput,4560,0
27.6499,3782,Vehicle,TX_ObjectCount,0,0
27.6507,6859,Vehicle,ChannelLoad,0.04072,0
27.6507,6859,Vehicle,ChannelLoad,0.04072,0
27.6507,6859,Vehicle,TX_Throughput,7760,0
27.6507,6859,Vehicle,TX_ObjectCount,1,0
27.6512,3855,Vehicle,ChannelLoad,0.02616,0
27.6512,3855,Vehicle,ChannelLoad,0.02616,0
27.6512,3855,Vehicle,TX_Throughput,4560,0
27.6512,3855,Vehicle,TX_ObjectCount,0,0
27.6527,8575,RSU,ChannelLoad,0.09352,0
27.6527,8575,RSU,ChannelLoad,0.09352,0
27.6527,8575,RSU,TX_Throughput,5280,0
27.6527,8575,RSU,TX_ObjectCount,1,0
27.6528,4534,RSU,ChannelLoad,0.07616,0
27.6528,4534,RSU,ChannelLoad,0.07616,0
27.6528,4534,RSU,TX_Throughput,2080,0
27.6528,4534,RSU,TX_ObjectCount,0,0
27.6561,6932,RSU,ChannelLoad,0.06136,0
27.6561,6932,RSU,ChannelLoad,0.06136,0
27.6561,6932,RSU,TX_Throughput,5280,0
27.6561,6932,RSU,TX_ObjectCount,1,0
27.6572,8649,Vehicle,ChannelLoad,0.0588,0
27.6572,8649,Vehicle,ChannelLoad,0.0588,0
27.6572,8649,Vehicle,TX_Throughput,4560,0
27.6572,8649,Vehicle,TX_ObjectCount,0,0
27.6579,7825,Vehicle,ChannelLoad,0.05032,0
27.6579,7825,Vehicle,ChannelLoad,0.05032,0
27.6579,7825,Vehicle,TX_Throughput,4560,0
27.6579,7825,Vehicle,TX_ObjectCount,0,0
27.6586,7006,Vehicle,ChannelLoad,0.04944,0
27.6586,7006,Vehicle,ChannelLoad,0.04944,0
27.6586,7006,Vehicle,TX_Throughput,4560,0
27.6586,7006,Vehicle,TX_ObjectCount,0,0
27.6594,2523,Vehicle,ChannelLoad,0.06056,0
27.6594,2523,Vehicle,ChannelLoad,0.06056,0
27.6594,2523,Vehicle,TX_Throughput,7760,0
27.6594,2523,Vehicle,TX_ObjectCount,1,0
27.6595,2596,Vehicle,ChannelLoad,0.03488,0
27.6595,2596,Vehicle,ChannelLoad,0.03488,0
27.6595,2596,Vehicle,TX_Throughput,4560,0
27.6595,2596,Vehicle,TX_ObjectCount,0,0
27.6613,1238,Vehicle,ChannelLoad,0.06784,0
27.6613,1238,Vehicle,ChannelLoad,0.06784,0
27.6613,1238,Vehicle,TX_Throughput,4560,0
27.6613,1238,Vehicle,TX_ObjectCount,0,0
27.6615,3930,Vehicle,ChannelLoad,0.06272,0
27.6615,3930,Vehicle,ChannelLoad,0.06272,0
27.6615,3930,Vehicle,TX_Throughput,7760,0
27.6615,3930,Vehicle,TX_ObjectCount,1,0
27.6622,8724,RSU,ChannelLoad,0.10288,0
27.6622,8724,RSU,ChannelLoad,0.10288,0
27.6622,8724,RSU,TX_Throughput,8080,0
27.6622,8724,RSU,TX_ObjectCount,2,0
27.6637,2669,Vehicle,ChannelLoad,0.05472,0
27.6637,2669,Vehicle,ChannelLoad,0.05472,0
27.6637,2669,Vehicle,TX_Throughput,4560,0
27.6637,2669,Vehicle,TX_ObjectCount,0,0
27.6647,1842,RSU,ChannelLoad,0.04976,0
27.6647,1842,RSU,ChannelLoad,0.04976,0
27.6647,1842,RSU,TX_Throughput,8080,0
27.6647,1842,RSU,TX_ObjectCount,2,0
27.6649,1311,RSU,ChannelLoad,0.05176,0
27.6649,1311,RSU,ChannelLoad,0.05176,0
27.6649,1311,RSU,TX_Throughput,2080,0
27.6649,1311,RSU,TX_ObjectCount,0,0
27.6651,7898,Vehicle,ChannelLoad,0.0552,0
27.6651,7898,Vehicle,ChannelLoad,0.0552,0
27.6651,7898,Vehicle,TX_Throughput,4560,0
27.6651,7898,Vehicle,TX_ObjectCount,0,0
27.6652,4608,Vehicle,ChannelLoad,0.03408,0
27.6652,4608,Vehicle,ChannelLoad,0.03408,0
27.6652,4608,Vehicle,TX_Throughput,4560,0
27.6652,4608,Vehicle,TX_ObjectCount,0,0
27.6663,4003,Vehicle,ChannelLoad,0.04456,0
27.6663,4003,Vehicle,ChannelLoad,0.04456,0
27.6663,4003,Vehicle,TX_Throughput,4560,0
27.6663,4003,Vehicle,TX_ObjectCount,0,0
27.6666,4681,Vehicle,ChannelLoad,0.05936,0
27.6666,4681,Vehicle,ChannelLoad,0.05936,0
27.6666,4681,Vehicle,TX_Throughput,4560,0
27.6666,4681,Vehicle,TX_ObjectCount,0,0
27.6684,4756,Vehicle,ChannelLoad,0.03704,0
27.6684,4756,Vehicle,ChannelLoad,0.03704,0
27.6684,4756,Vehicle,TX_Throughput,10560,0
27.6684,4756,Vehicle,TX_ObjectCount,2,0
27.6687,4076,Vehicle,ChannelLoad,0.0828,0
27.6687,4076,Vehicle,ChannelLoad,0.0828,0
27.6687,4076,Vehicle,TX_Throughput,4560,0
27.6687,4076,Vehicle,TX_ObjectCount,0,0
27.6687,2744,Vehicle,ChannelLoad,0.07248,0
27.6687,2744,Vehicle,ChannelLoad,0.07248,0
27.6687,2744,Vehicle,TX_Throughput,10560,0
27.6687,2744,Vehicle,TX_ObjectCount,2,0
27.6696,4829,RSU,ChannelLoad,0.0896,0
27.6696,4829,RSU,ChannelLoad,0.0896,0
27.6696,4829,RSU,TX_Throughput,10880,0
27.6696,4829,RSU,TX_ObjectCount,3,0
27.6698,2817,RSU,ChannelLoad,0.07008,0
27.6698,2817,RSU,ChannelLoad,0.07008,0
27.6698,2817,RSU,TX_Throughput,5280,0
27.6698,2817,RSU,TX_ObjectCount,1,0
27.67,1918,RSU,ChannelLoad,0.11352,0
27.67,1918,RSU,ChannelLoad,0.11352,0
27.67,1918,RSU,TX_Throughput,8080,0
27.67,1918,RSU,TX_ObjectCount,2,0
27.67,7971,Vehicle,ChannelLoad,0.05736,0
27.67,7971,Vehicle,ChannelLoad,0.05736,0
27.67,7971,Vehicle,TX_Throughput,7760,0
27.67,7971,Vehicle,TX_ObjectCount,1,0
27.6701,8044,Vehicle,ChannelLoad,0.05264,0
27.6701,8044,Vehicle,ChannelLoad,0.05264,0
27.6701,8044,Vehicle,TX_Throughput,7760,0
27.6701,8044,Vehicle,TX_ObjectCount,1,0
27.6709,1385,Vehicle,ChannelLoad,0.0652,0
27.6709,1385,Vehicle,ChannelLoad,0.0652,0
27.6709,1385,Vehicle,TX_Throughput,4560,0
27.6709,1385,Vehicle,TX_ObjectCount,0,0
27.671,270,Vehicle,ChannelLoad,0.04768,0
27.671,270,Vehicle,ChannelLoad,0.04768,0
27.671,270,Vehicle,TX_Throughput,10560,0
27.671,270,Vehicle,TX_ObjectCount,2,0
27.6723,4905,RSU,ChannelLoad,0.09048,0
27.6723,4905,RSU,ChannelLoad,0.09048,0
27.6723,4905,RSU,TX_Throughput,8080,0
27.6723,4905,RSU,TX_ObjectCount,2,0
27.6727,1992,Vehicle,ChannelLoad,0.03784,0
27.6727,1992,Vehicle,ChannelLoad,0.03784,0
27.6727,1992,Vehicle,TX_Throughput,4560,0
27.6727,1992,Vehicle,TX_ObjectCount,0,0
27.6742,7079,Vehicle,ChannelLoad,0.06256,0
27.6742,7079,Vehicle,ChannelLoad,0.06256,0
27.6742,7079,Vehicle,TX_Throughput,4560,0
27.6742,7079,Vehicle,TX_ObjectCount,0,0
27.6747,4153,Vehicle,ChannelLoad,0.0788,0
27.6747,4153,Vehicle,ChannelLoad,0.0788,0
27.6747,4153,Vehicle,TX_Throughput,4560,0
27.6747,4153,Vehicle,TX_ObjectCount,0,0
27.6748,6043,Vehicle,ChannelLoad,0.04656,0
27.6748,6043,Vehicle,ChannelLoad,0.04656,0
27.6748,6043,Vehicle,TX_Throughput,7760,0
27.6748,6043,Vehicle,TX_ObjectCount,1,0
27.6759,4979,Vehicle,ChannelLoad,0.07104,0
27.6759,4979,Vehicle,ChannelLoad,0.07104,0
27.6759,4979,Vehicle,TX_Throughput,7760,0
27.6759,4979,Vehicle,TX_ObjectCount,1,0
27.6762,5052,RSU,ChannelLoad,0.07224,0
27.6762,5052,RSU,ChannelLoad,0.07224,0
27.6762,5052,RSU,TX_Throughput,5280,0
27.6762,5052,RSU,TX_ObjectCount,1,0
27.6777,2065,Vehicle,ChannelLoad,0.06376,0
27.6777,2065,Vehicle,ChannelLoad,0.06376,0
27.6777,2065,Vehicle,TX_Throughput,7760,0
27.6777,2065,Vehicle,TX_ObjectCount,1,0
27.6778,6116,RSU,ChannelLoad,0.09552,0
27.6778,6116,RSU,ChannelLoad,0.09552,0
27.6778,6116,RSU,TX_Throughput,5280,0
27.6778,6116,RSU,TX_ObjectCount,1,0
27.6782,7152,Vehicle,ChannelLoad,0.07672,0
27.6782,7152,Vehicle,ChannelLoad,0.07672,0
27.6782,7152,Vehicle,TX_Throughput,7760,0
27.6782,7152,Vehicle,TX_ObjectCount,1,0
27.6786,8808,Vehicle,ChannelLoad,0.05128,0
27.6786,8808,Vehicle,ChannelLoad,0.05128,0
27.6786,8808,Vehicle,TX_Throughput,4560,0
27.6786,8808,Vehicle,TX_ObjectCount,0,0
27.6801,6192,RSU,ChannelLoad,0.08384,0
27.6801,6192,RSU,ChannelLoad,0.08384,0
27.6801,6192,RSU,TX_Throughput,5280,0
27.6801,6192,RSU,TX_ObjectCount,1,0
27.6805,8119,Vehicle,ChannelLoad,0.03664,0
27.6805,8119,Vehicle,ChannelLoad,0.03664,0
27.6805,8119,Vehicle,TX_Throughput,4560,0
27.6805,8119,Vehicle,TX_ObjectCount,0,0
27.6805,7227,Vehicle,ChannelLoad,0.05096,0
27.6805,7227,Vehicle,ChannelLoad,0.05096,0
27.6805,7227,Vehicle,TX_Throughput,7760,0
27.6805,7227,Vehicle,TX_ObjectCount,1,0
27.6809,4230,Vehicle,ChannelLoad,0.06656,0
27.6809,4230,Vehicle,ChannelLoad,0.06656,0
27.6809,4230,Vehicle,TX_Throughput,4560,0
27.6809,4230,Vehicle,TX_ObjectCount,0,0
27.6818,6266,Vehicle,ChannelLoad,0.04536,0
27.6818,6266,Vehicle,ChannelLoad,0.04536,0
27.6818,6266,Vehicle,TX_Throughput,7760,0
27.6818,6266,Vehicle,TX_ObjectCount,1,0
27.6819,5126,Vehicle,ChannelLoad,0.0952,0
27.6819,5126,Vehicle,ChannelLoad,0.0952,0
27.6819,5126,Vehicle,TX_Throughput,4560,0
27.6819,5126,Vehicle,TX_ObjectCount,0,0
27.6831,343,Vehicle,ChannelLoad,0.0428,0
27.6831,343,Vehicle,ChannelLoad,0.0428,0
27.6831,343,Vehicle,TX_Throughput,7760,0
27.6831,343,Vehicle,TX_ObjectCount,1,0
27.6832,1458,RSU,ChannelLoad,0.0896,0
27.6832,1458,RSU,ChannelLoad,0.0896,0
27.6832,1458,RSU,TX_Throughput,2080,0
27.6832,1458,RSU,TX_ObjectCount,0,0
27.6834,2891,Vehicle,ChannelLoad,0.06016,0
27.6834,2891,Vehicle,ChannelLoad,0.06016,0
27.6834,2891,Vehicle,TX_Throughput,4560,0
27.6834,2891,Vehicle,TX_ObjectCount,0,0
27.6865,2966,Vehicle,ChannelLoad,0.09152,0
27.6865,2966,Vehicle,ChannelLoad,0.09152,0
27.6865,2966,Vehicle,TX_Throughput,4560,0
27.6865,2966,Vehicle,TX_ObjectCount,0,0
27.6865,5201,RSU,ChannelLoad,0.09288,0
27.6865,5201,RSU,ChannelLoad,0.09288,0
27.6865,5201,RSU,TX_Throughput,5280,0
27.6865,5201,RSU,TX_ObjectCount,1,0
27.6871,416,Vehicle,ChannelLoad,0.06248,0
27.6871,416,Vehicle,ChannelLoad,0.06248,0
27.6871,416,Vehicle,TX_Throughput,7760,0
27.6871,416,Vehicle,TX_ObjectCount,1,0
27.6884,8883,Vehicle,ChannelLoad,0.07264,0
27.6884,8883,Vehicle,ChannelLoad,0.07264,0
27.6884,8883,Vehicle,TX_Throughput,10560,0
27.6884,8883,Vehicle,TX_ObjectCount,2,0
27.6885,2140,RSU,ChannelLoad,0.0756,0
27.6885,2140,RSU,ChannelLoad,0.0756,0
27.6885,2140,RSU,TX_Throughput,10880,0
27.6885,2140,RSU,TX_ObjectCount,3,0
27.6887,6339,Vehicle,ChannelLoad,0.05088,0
27.6887,6339,Vehicle,ChannelLoad,0.05088,0
27.6887,6339,Vehicle,TX_Throughput,4560,0
27.6887,6339,Vehicle,TX_ObjectCount,0,0
27.6894,2214,RSU,ChannelLoad,0.07064,0
27.6894,2214,RSU,ChannelLoad,0.07064,0
27.6894,2214,RSU,TX_Throughput,10880,0
27.6894,2214,RSU,TX_ObjectCount,3,0
27.6916,8192,RSU,ChannelLoad,0.07232,0
27.6916,8192,RSU,ChannelLoad,0.07232,0
27.6916,8192,RSU,TX_Throughput,10880,0
27.6916,8192,RSU,TX_ObjectCount,3,0
27.692,5275,RSU,ChannelLoad,0.0988,0
27.692,5275,RSU,ChannelLoad,0.0988,0
27.692,5275,RSU,TX_Throughput,5280,0
27.692,5275,RSU,TX_ObjectCount,1,0
27.6925,6412,Vehicle,ChannelLoad,0.06312,0
27.6925,6412,Vehicle,ChannelLoad,0.06312,0
27.6925,6412,Vehicle,TX_Throughput,4560,0
27.6925,6412,Vehicle,TX_ObjectCount,0,0
27.6928,3039,Vehicle,ChannelLoad,0.08232,0
27.6928,3039,Vehicle,ChannelLoad,0.08232,0
27.6928,3039,Vehicle,TX_Throughput,4560,0
27.6928,3039,Vehicle,TX_ObjectCount,0,0
27.6928,5349,Vehicle,ChannelLoad,0.04656,0
27.6928,5349,Vehicle,ChannelLoad,0.04656,0
27.6928,5349,Vehicle,TX_Throughput,4560,0
27.6928,5349,Vehicle,TX_ObjectCount,0,0
27.6939,489,Vehicle,ChannelLoad,0.05912,0
27.6939,489,Vehicle,ChannelLoad,0.05912,0
27.6939,489,Vehicle,TX_Throughput,7760,0
27.6939,489,Vehicle,TX_ObjectCount,1,0
27.6953,8956,Vehicle,ChannelLoad,0.06112,0
27.6953,8956,Vehicle,ChannelLoad,0.06112,0
27.6953,8956,Vehicle,TX_Throughput,4560,0
27.6953,8956,Vehicle,TX_ObjectCount,0,0
27.696,8268,RSU,ChannelLoad,0.07992,0
27.696,8268,RSU,ChannelLoad,0.07992,0
27.696,8268,RSU,TX_Throughput,8080,0
27.696,8268,RSU,TX_ObjectCount,2,0
27.6961,3112,RSU,ChannelLoad,0.07624,0
27.6961,3112,RSU,ChannelLoad,0.07624,0
27.6961,3112,RSU,TX_Throughput,8080,0
27.6961,3112,RSU,TX_ObjectCount,2,0
27.6961,562,Vehicle,ChannelLoad,0.0376,0
27.6961,562,Vehicle,ChannelLoad,0.0376,0
27.6961,562,Vehicle,TX_Throughput,4560,0
27.6961,562,Vehicle,TX_ObjectCount,0,0
27.6976,6485,Vehicle,ChannelLoad,0.04736,0
27.6976,6485,Vehicle,ChannelLoad,0.04736,0
27.6976,6485,Vehicle,TX_Throughput,4560,0
27.6976,6485,Vehicle,TX_ObjectCount,0,0
27.6978,3186,RSU,ChannelLoad,0.06368,0
27.6978,3186,RSU,ChannelLoad,0.06368,0
27.6978,3186,RSU,TX_Throughput,5280,0
27.6978,3186,RSU,TX_ObjectCount,1,0
27.7009,7304,Vehicle,ChannelLoad,0.07384,0
27.7009,7304,Vehicle,ChannelLoad,0.07384,0
27.7009,7304,Vehicle,TX_Throughput,4560,0
27.7009,7304,Vehicle,TX_ObjectCount,0,0
27.702,639,Vehicle,ChannelLoad,0.0692,0
27.702,639,Vehicle,ChannelLoad,0.0692,0
27.702,639,Vehicle,TX_Throughput,4560,0
27.702,639,Vehicle,TX_ObjectCount,0,0
27.7028,5422,Vehicle,ChannelLoad,0.05648,0
27.7028,5422,Vehicle,ChannelLoad,0.05648,0
27.7028,5422,Vehicle,TX_Throughput,4560,0
27.7028,5422,Vehicle,TX_ObjectCount,0,0
27.7037,6558,RSU,ChannelLoad,0.06296,0
27.7037,6558,RSU,ChannelLoad,0.06296,0
27.7037,6558,RSU,TX_Throughput,8080,0
27.7037,6558,RSU,TX_ObjectCount,2,0
27.7047,29,RSU,ChannelLoad,0.0828,0
27.7047,29,RSU,ChannelLoad,0.0828,0
27.7047,29,RSU,TX_Throughput,2080,0
27.7047,29,RSU,TX_ObjectCount,0,0
27.709,4303,Vehicle,ChannelLoad,0.07208,0
27.709,4303,Vehicle,ChannelLoad,0.07208,0
27.709,4303,Vehicle,TX_Throughput,7760,0
27.709,4303,Vehicle,TX_ObjectCount,1,0
27.7104,1538,Vehicle,ChannelLoad,0.0404,0
27.7104,1538,Vehicle,ChannelLoad,0.0404,0
27.7104,1538,Vehicle,TX_Throughput,7760,0
27.7104,1538,Vehicle,TX_ObjectCount,1,0
27.7122,7377,Vehicle,ChannelLoad,0.04464,0
27.7122,7377,Vehicle,ChannelLoad,0.04464,0
27.7122,7377,Vehicle,TX_Throughput,4560,0
27.7122,7377,Vehicle,TX_ObjectCount,0,0
27.7131,5501,Vehicle,ChannelLoad,0.04112,0
27.7131,5501,Vehicle,ChannelLoad,0.04112,0
27.7131,5501,Vehicle,TX_Throughput,4560,0
27.7131,5501,Vehicle,TX_ObjectCount,0,0
27.7143,3260,Vehicle,ChannelLoad,0.05304,0
27.7143,3260,Vehicle,ChannelLoad,0.05304,0
27.7143,3260,Vehicle,TX_Throughput,4560,0
27.7143,3260,Vehicle,TX_ObjectCount,0,0
27.7144,3333,Vehicle,ChannelLoad,0.07504,0
27.7144,3333,Vehicle,ChannelLoad,0.07504,0
27.7144,3333,Vehicle,TX_Throughput,7760,0
27.7144,3333,Vehicle,TX_ObjectCount,1,0
27.7147,3406,Vehicle,ChannelLoad,0.02608,0
27.7147,3406,Vehicle,ChannelLoad,0.02608,0
27.7147,3406,Vehicle,TX_Throughput,4560,0
27.7147,3406,Vehicle,TX_ObjectCount,0,0
27.7154,2292,Vehicle,ChannelLoad,0.03528,0
27.7154,2292,Vehicle,ChannelLoad,0.03528,0
27.7154,2292,Vehicle,TX_Throughput,4560,0
27.7154,2292,Vehicle,TX_ObjectCount,0,0
27.7163,6634,RSU,ChannelLoad,0.05632,0
27.7163,6634,RSU,ChannelLoad,0.05632,0
27.7163,6634,RSU,TX_Throughput,2080,0
27.7163,6634,RSU,TX_ObjectCount,0,0
27.7166,1611,Vehicle,ChannelLoad,0.04128,0
27.7166,1611,Vehicle,ChannelLoad,0.04128,0
27.7166,1611,Vehicle,TX_Throughput,4560,0
27.7166,1611,Vehicle,TX_ObjectCount,0,0
27.7172,2365,Vehicle,ChannelLoad,0.0348,0
27.7172,2365,Vehicle,ChannelLoad,0.0348,0
27.7172,2365,Vehicle,TX_Throughput,4560,0
27.7172,2365,Vehicle,TX_ObjectCount,0,0
27.7182,8348,Vehicle,ChannelLoad,0.04712,0
27.7182,8348,Vehicle,ChannelLoad,0.04712,0
27.7182,8348,Vehicle,TX_Throughput,4560,0
27.7182,8348,Vehicle,TX_ObjectCount,0,0
27.7186,2440,Vehicle,ChannelLoad,0.07328,0
27.7186,2440,Vehicle,ChannelLoad,0.07328,0
27.7186,2440,Vehicle,TX_Throughput,7760,0
27.7186,2440,Vehicle,TX_ObjectCount,1,0
27.7187,718,Vehicle,ChannelLoad,0.0592,0
27.7187,718,Vehicle,ChannelLoad,0.0592,0
27.7187,718,Vehicle,TX_Throughput,4560,0
27.7187,718,Vehicle,TX_ObjectCount,0,0
27.7188,107,Vehicle,ChannelLoad,0.0636,0
27.7188,107,Vehicle,ChannelLoad,0.0636,0
27.7188,107,Vehicle,TX_Throughput,4560,0
27.7188,107,Vehicle,TX_ObjectCount,0,0
27.7201,182,RSU,ChannelLoad,0.07728,0
27.7201,182,RSU,ChannelLoad,0.07728,0
27.7201,182,RSU,TX_Throughput,5280,0
27.7201,182,RSU,TX_ObjectCount,1,0
27.7202,791,Vehicle,ChannelLoad,0.06408,0
27.7202,791,Vehicle,ChannelLoad,0.06408,0
27.7202,791,Vehicle,TX_Throughput,4560,0
27.7202,791,Vehicle,TX_ObjectCount,0,0
27.7206,6708,Vehicle,ChannelLoad,0.10528,0
27.7206,6708,Vehicle,ChannelLoad,0.10528,0
27.7206,6708,Vehicle,TX_Throughput,7760,0
27.7206,6708,Vehicle,TX_ObjectCount,1,0
27.7218,4380,Vehicle,ChannelLoad,0.05816,0
27.7218,4380,Vehicle,ChannelLoad,0.05816,0
27.7218,4380,Vehicle,TX_Throughput,7760,0
27.7218,4380,Vehicle,TX_ObjectCount,1,0
27.7231,1688,RSU,ChannelLoad,0.06712,0
27.7231,1688,RSU,ChannelLoad,0.06712,0
27.7231,1688,RSU,TX_Throughput,5280,0
27.7231,1688,RSU,TX_ObjectCount,1,0
27.7235,5580,Vehicle,ChannelLoad,0.0704,0
27.7235,5580,Vehicle,ChannelLoad,0.0704,0
27.7235,5580,Vehicle,TX_Throughput,4560,0
27.7235,5580,Vehicle,TX_ObjectCount,0,0
27.7256,8494,Vehicle,ChannelLoad,0.05392,0
27.7256,8494,Vehicle,ChannelLoad,0.05392,0
27.7256,8494,Vehicle,TX_Throughput,4560,0
27.7256,8494,Vehicle,TX_ObjectCount,0,0
27.7289,4455,Vehicle,ChannelLoad,0.09096,0
27.7289,4455,Vehicle,ChannelLoad,0.09096,0
27.7289,4455,Vehicle,TX_Throughput,4560,0
27.7289,4455,Vehicle,TX_ObjectCount,0,0
27.7289,7452,RSU,ChannelLoad,0.096,0
27.7289,7452,RSU,ChannelLoad,0.096,0
27.7289,7452,RSU,TX_Throughput,8080,0
27.7289,7452,RSU,TX_ObjectCount,2,0
27.7318,866,Vehicle,ChannelLoad,0.06032,0
27.7318,866,Vehicle,ChannelLoad,0.06032,0
27.7318,866,Vehicle,TX_Throughput,4560,0
27.7318,866,Vehicle,TX_ObjectCount,0,0
27.7326,7526,Vehicle,ChannelLoad,0.08616,0
27.7326,7526,Vehicle,ChannelLoad,0.08616,0
27.7326,7526,Vehicle,TX_Throughput,4560,0
27.7326,7526,Vehicle,TX_ObjectCount,0,0
27.7333,3481,RSU,ChannelLoad,0.08112,0
27.7333,3481,RSU,ChannelLoad,0.08112,0
27.7333,3481,RSU,TX_Throughput,5280,0
27.7333,3481,RSU,TX_ObjectCount,1,0
27.7343,5655,Vehicle,ChannelLoad,0.05232,0
27.7343,5655,Vehicle,ChannelLoad,0.05232,0
27.7343,5655,Vehicle,TX_Throughput,4560,0
27.7343,5655,Vehicle,TX_ObjectCount,0,0
27.7351,5728,Vehicle,ChannelLoad,0.04824,0
27.7351,5728,Vehicle,ChannelLoad,0.04824,0
27.7351,5728,Vehicle,TX_Throughput,4560,0
27.7351,5728,Vehicle,TX_ObjectCount,0,0
27.7352,6781,RSU,ChannelLoad,0.0764,0
27.7352,6781,RSU,ChannelLoad,0.0764,0
27.7352,6781,RSU,TX_Throughput,8080,0
27.7352,6781,RSU,TX_ObjectCount,2,0
27.7382,941,Vehicle,ChannelLoad,0.04016,0
27.7382,941,Vehicle,ChannelLoad,0.04016,0
27.7382,941,Vehicle,TX_Throughput,4560,0
27.7382,941,Vehicle,TX_ObjectCount,0,0
27.7389,5801,RSU,ChannelLoad,0.08096,0
27.7389,5801,RSU,ChannelLoad,0.08096,0
27.7389,5801,RSU,TX_Throughput,5280,0
27.7389,5801,RSU,TX_ObjectCount,1,0
27.7399,5875,Vehicle,ChannelLoad,0.0316,0
27.7399,5875,Vehicle,ChannelLoad,0.0316,0
27.7399,5875,Vehicle,TX_Throughput,4560,0
27.7399,5875,Vehicle,TX_ObjectCount,0,0
27.7414,7674,RSU,ChannelLoad,0.06336,0
27.7414,7674,RSU,ChannelLoad,0.06336,0
27.7414,7674,RSU,TX_Throughput,5280,0
27.7414,7674,RSU,TX_ObjectCount,1,0
27.7417,3561,Vehicle,ChannelLoad,0.068,0
27.7417,3561,Vehicle,ChannelLoad,0.068,0
27.7417,3561,Vehicle,TX_Throughput,4560,0
27.7417,3561,Vehicle,TX_ObjectCount,0,0
27.7423,7748,Vehicle,ChannelLoad,0.04224,0
27.7423,7748,Vehicle,ChannelLoad,0.04224,0
27.7423,7748,Vehicle,TX_Throughput,4560,0
27.7423,7748,Vehicle,TX_ObjectCount,0,0
27.7434,1016,Vehicle,ChannelLoad,0.0456,0
27.7434,1016,Vehicle,ChannelLoad,0.0456,0
27.7434,1016,Vehicle,TX_Throughput,4560,0
27.7434,1016,Vehicle,TX_ObjectCount,0,0
27.7464,1089,RSU,ChannelLoad,0.08752,0
27.7464,1089,RSU,ChannelLoad,0.08752,0
27.7464,1089,RSU,TX_Throughput,10880,0
27.7464,1089,RSU,TX_ObjectCount,3,0
27.7471,3634,RSU,ChannelLoad,0.06272,0
27.7471,3634,RSU,ChannelLoad,0.06272,0
27.7471,3634,RSU,TX_Throughput,10880,0
27.7471,3634,RSU,TX_ObjectCount,3,0
27.7472,5950,Vehicle,ChannelLoad,0.04792,0
27.7472,5950,Vehicle,ChannelLoad,0.04792,0
27.7472,5950,Vehicle,TX_Throughput,10560,0
27.7472,5950,Vehicle,TX_ObjectCount,2,0
27.7488,1764,RSU,ChannelLoad,0.09168,0
27.7488,1764,RSU,ChannelLoad,0.09168,0
27.7488,1764,RSU,TX_Throughput,8080,0
27.7488,1764,RSU,TX_ObjectCount,2,0
27.7492,3708,RSU,ChannelLoad,0.06656,0
27.7492,3708,RSU,ChannelLoad,0.06656,0
27.7492,3708,RSU,TX_Throughput,2080,0
27.7492,3708,RSU,TX_ObjectCount,0,0
27.7497,1163,Vehicle,ChannelLoad,0.03872,0
27.7497,1163,Vehicle,ChannelLoad,0.03872,0
27.7497,1163,Vehicle,TX_Throughput,4560,0
27.7497,1163,Vehicle,TX_ObjectCount,0,0
27.7499,3782,Vehicle,ChannelLoad,0.05496,0
27.7499,3782,Vehicle,ChannelLoad,0.05496,0
27.7499,3782,Vehicle,TX_Throughput,7760,0
27.7499,3782,Vehicle,TX_ObjectCount,1,0
27.7507,6859,Vehicle,ChannelLoad,0.04656,0
27.7507,6859,Vehicle,ChannelLoad,0.04656,0
27.7507,6859,Vehicle,TX_Throughput,7760,0
27.7507,6859,Vehicle,TX_ObjectCount,1,0
27.7512,3855,Vehicle,ChannelLoad,0.0208,0
27.7512,3855,Vehicle,ChannelLoad,0.0208,0
27.7512,3855,Vehicle,TX_Throughput,4560,0
27.7512,3855,Vehicle,TX_ObjectCount,0,0
27.7527,8575,RSU,ChannelLoad,0.08648,0
27.7527,8575,RSU,ChannelLoad,0.08648,0
27.7527,8575,RSU,TX_Throughput,8080,0
27.7527,8575,RSU,TX_ObjectCount,2,0
27.7528,4534,RSU,ChannelLoad,0.0652,0
27.7528,4534,RSU,ChannelLoad,0.0652,0
27.7528,4534,RSU,TX_Throughput,2080,0
27.7528,4534,RSU,TX_ObjectCount,0,0
27.7561,6932,RSU,ChannelLoad,0.07728,0
27.7561,6932,RSU,ChannelLoad,0.07728,0
27.7561,6932,RSU,TX_Throughput,5280,0
27.7561,6932,RSU,TX_ObjectCount,1,0
27.7572,8649,Vehicle,ChannelLoad,0.04968,0
27.7572,8649,Vehicle,ChannelLoad,0.04968,0
27.7572,8649,Vehicle,TX_Throughput,7760,0
27.7572,8649,Vehicle,TX_ObjectCount,1,0
27.7579,7825,Vehicle,ChannelLoad,0.04664,0
27.7579,7825,Vehicle,ChannelLoad,0.04664,0
27.7579,7825,Vehicle,TX_Throughput,4560,0
27.7579,7825,Vehicle,TX_ObjectCount,0,0
27.7586,7006,Vehicle,ChannelLoad,0.04032,0
27.7586,7006,Vehicle,ChannelLoad,0.04032,0
27.7586,7006,Vehicle,TX_Throughput,4560,0
27.7586,7006,Vehicle,TX_ObjectCount,0,0
27.7594,2523,Vehicle,ChannelLoad,0.06208,0
27.7594,2523,Vehicle,ChannelLoad,0.06208,0
27.7594,2523,Vehicle,TX_Throughput,13360,0
27.7594,2523,Vehicle,TX_ObjectCount,3,0
27.7595,2596,Vehicle,ChannelLoad,0.04328,0
27.7595,2596,Vehicle,ChannelLoad,0.04328,0
27.7595,2596,Vehicle,TX_Throughput,4560,0
27.7595,2596,Vehicle,TX_ObjectCount,0,0
27.7613,1238,Vehicle,ChannelLoad,0.06664,0
27.7613,1238,Vehicle,ChannelLoad,0.06664,0
27.7613,1238,Vehicle,TX_Throughput,4560,0
27.7613,1238,Vehicle,TX_ObjectCount,0,0
27.7615,3930,Vehicle,ChannelLoad,0.05904,0
27.7615,3930,Vehicle,ChannelLoad,0.05904,0
27.7615,3930,Vehicle,TX_Throughput,4560,0
27.7615,3930,Vehicle,TX_ObjectCount,0,0
27.7622,8724,RSU,ChannelLoad,0.10144,0
27.7622,8724,RSU,ChannelLoad,0.10144,0
27.7622,8724,RSU,TX_Throughput,2080,0
27.7622,8724,RSU,TX_ObjectCount,0,0
27.7637,2669,Vehicle,ChannelLoad,0.05616,0
27.7637,2669,Vehicle,ChannelLoad,0.05616,0
27.7637,2669,Vehicle,TX_Throughput,4560,0
27.7637,2669,Vehicle,TX_ObjectCount,0,0
27.7647,1842,RSU,ChannelLoad,0.05912,0
27.7647,1842,RSU,ChannelLoad,0.05912,0
27.7647,1842,RSU,TX_Throughput,8080,0
27.7647,1842,RSU,TX_ObjectCount,2,0
27.7649,1311,RSU,ChannelLoad,0.05264,0
27.7649,1311,RSU,ChannelLoad,0.05264,0
27.7649,1311,RSU,TX_Throughput,5280,0
27.7649,1311,RSU,TX_ObjectCount,1,0
27.7651,7898,Vehicle,ChannelLoad,0.04528,0
27.7651,7898,Vehicle,ChannelLoad,0.04528,0
27.7651,7898,Vehicle,TX_Throughput,4560,0
27.7651,7898,Vehicle,TX_ObjectCount,0,0
27.7652,4608,Vehicle,ChannelLoad,0.03784,0
27.7652,4608,Vehicle,ChannelLoad,0.03784,0
27.7652,4608,Vehicle,TX_Throughput,7760,0
27.7652,4608,Vehicle,TX_ObjectCount,1,0
27.7663,4003,Vehicle,ChannelLoad,0.05464,0
27.7663,4003,Vehicle,ChannelLoad,0.05464,0
27.7663,4003,Vehicle,TX_Throughput,4560,0
27.7663,4003,Vehicle,TX_ObjectCount,0,0
27.7666,4681,Vehicle,ChannelLoad,0.04504,0
27.7666,4681,Vehicle,ChannelLoad,0.04504,0
27.7666,4681,Vehicle,TX_Throughput,10560,0
27.7666,4681,Vehicle,TX_ObjectCount,2,0
27.7684,4756,Vehicle,ChannelLoad,0.05776,0
27.7684,4756,Vehicle,ChannelLoad,0.05776,0
27.7684,4756,Vehicle,TX_Throughput,4560,0
27.7684,4756,Vehicle,TX_ObjectCount,0,0
27.7687,4076,Vehicle,ChannelLoad,0.0888,0
27.7687,4076,Vehicle,ChannelLoad,0.0888,0
27.7687,4076,Vehicle,TX_Throughput,7760,0
27.7687,4076,Vehicle,TX_ObjectCount,1,0
27.7687,2744,Vehicle,ChannelLoad,0.05432,0
27.7687,2744,Vehicle,ChannelLoad,0.05432,0
27.7687,2744,Vehicle,TX_Throughput,10560,0
27.7687,2744,Vehicle,TX_ObjectCount,2,0
27.7696,4829,RSU,ChannelLoad,0.08712,0
27.7696,4829,RSU,ChannelLoad,0.08712,0
27.7696,4829,RSU,TX_Throughput,8080,0
27.7696,4829,RSU,TX_ObjectCount,2,0
27.7698,2817,RSU,ChannelLoad,0.06448,0
27.7698,2817,RSU,ChannelLoad,0.06448,0
27.7698,2817,RSU,TX_Throughput,5280,0
27.7698,2817,RSU,TX_ObjectCount,1,0
27.77,1918,RSU,ChannelLoad,0.0964,0
27.77,1918,RSU,ChannelLoad,0.0964,0
27.77,1918,RSU,TX_Throughput,5280,0
27.77,1918,RSU,TX_ObjectCount,1,0
27.77,7971,Vehicle,ChannelLoad,0.06152,0
27.77,7971,Vehicle,ChannelLoad,0.06152,0
27.77,7971,Vehicle,TX_Throughput,10560,0
27.77,7971,Vehicle,TX_ObjectCount,2,0
27.7701,8044,Vehicle,ChannelLoad,0.0568,0
27.7701,8044,Vehicle,ChannelLoad,0.0568,0
27.7701,8044,Vehicle,TX_Throughput,7760,0
27.7701,8044,Vehicle,TX_ObjectCount,1,0
27.7709,1385,Vehicle,ChannelLoad,0.05056,0
27.7709,1385,Vehicle,ChannelLoad,0.05056,0
27.7709,1385,Vehicle,TX_Throughput,7760,0
27.7709,1385,Vehicle,TX_ObjectCount,1,0
27.771,270,Vehicle,ChannelLoad,0.06848,0
27.771,270,Vehicle,ChannelLoad,0.06848,0
27.771,270,Vehicle,TX_Throughput,13360,0
27.771,270,Vehicle,TX_ObjectCount,3,0
27.7723,4905,RSU,ChannelLoad,0.0868,0
27.7723,4905,RSU,ChannelLoad,0.0868,0
27.7723,4905,RSU,TX_Throughput,5280,0
27.7723,4905,RSU,TX_ObjectCount,1,0
27.7727,1992,Vehicle,ChannelLoad,0.04464,0
27.7727,1992,Vehicle,ChannelLoad,0.04464,0
27.7727,1992,Vehicle,TX_Throughput,4560,0
27.7727,1992,Vehicle,TX_ObjectCount,0,0
27.7742,7079,Vehicle,ChannelLoad,0.05728,0
27.7742,7079,Vehicle,ChannelLoad,0.05728,0
27.7742,7079,Vehicle,TX_Throughput,4560,0
27.7742,7079,Vehicle,TX_ObjectCount,0,0
27.7747,4153,Vehicle,ChannelLoad,0.08072,0
27.7747,4153,Vehicle,ChannelLoad,0.08072,0
27.7747,4153,Vehicle,TX_Throughput,4560,0
27.7747,4153,Vehicle,TX_ObjectCount,0,0
27.7748,6043,Vehicle,ChannelLoad,0.04544,0
27.7748,6043,Vehicle,ChannelLoad,0.04544,0
27.7748,6043,Vehicle,TX_Throughput,7760,0
27.7748,6043,Vehicle,TX_ObjectCount,1,0
27.7759,4979,Vehicle,ChannelLoad,0.05872,0
27.7759,4979,Vehicle,ChannelLoad,0.05872,0
27.7759,4979,Vehicle,TX_Throughput,4560,0
27.7759,4979,Vehicle,TX_ObjectCount,0,0
27.7762,5052,RSU,ChannelLoad,0.07288,0
27.7762,5052,RSU,ChannelLoad,0.07288,0
27.7762,5052,RSU,TX_Throughput,5280,0
27.7762,5052,RSU,TX_ObjectCount,1,0
27.7777,2065,Vehicle,ChannelLoad,0.05696,0
27.7777,2065,Vehicle,ChannelLoad,0.05696,0
27.7777,2065,Vehicle,TX_Throughput,10560,0
27.7777,2065,Vehicle,TX_ObjectCount,2,0
27.7778,6116,RSU,ChannelLoad,0.11584,0
27.7778,6116,RSU,ChannelLoad,0.11584,0
27.7778,6116,RSU,TX_Throughput,10880,0
27.7778,6116,RSU,TX_ObjectCount,3,0
27.7782,7152,Vehicle,ChannelLoad,0.07616,0
27.7782,7152,Vehicle,ChannelLoad,0.07616,0
27.7782,7152,Vehicle,TX_Throughput,10560,0
27.7782,7152,Vehicle,TX_ObjectCount,2,0
27.7786,8808,Vehicle,ChannelLoad,0.058,0
27.7786,8808,Vehicle,ChannelLoad,0.058,0
27.7786,8808,Vehicle,TX_Throughput,7760,0
27.7786,8808,Vehicle,TX_ObjectCount,1,0
27.7801,6192,RSU,ChannelLoad,0.08232,0
27.7801,6192,RSU,ChannelLoad,0.08232,0
27.7801,6192,RSU,TX_Throughput,13680,0
27.7801,6192,RSU,TX_ObjectCount,4,0
27.7805,8119,Vehicle,ChannelLoad,0.04768,0
27.7805,8119,Vehicle,ChannelLoad,0.04768,0
27.7805,8119,Vehicle,TX_Throughput,4560,0
27.7805,8119,Vehicle,TX_ObjectCount,0,0
27.7805,7227,Vehicle,ChannelLoad,0.05688,0
27.7805,7227,Vehicle,ChannelLoad,0.05688,0
27.7805,7227,Vehicle,TX_Throughput,4560,0
27.7805,7227,Vehicle,TX_ObjectCount,0,0
27.7809,4230,Vehicle,ChannelLoad,0.06216,0
27.7809,4230,Vehicle,ChannelLoad,0.06216,0
27.7809,4230,Vehicle,TX_Throughput,4560,0
27.7809,4230,Vehicle,TX_ObjectCount,0,0
27.7818,6266,Vehicle,ChannelLoad,0.06048,0
27.7818,6266,Vehicle,ChannelLoad,0.06048,0
27.7818,6266,Vehicle,TX_Throughput,4560,0
27.7818,6266,Vehicle,TX_ObjectCount,0,0
27.7819,5126,Vehicle,ChannelLoad,0.08168,0
27.7819,5126,Vehicle,ChannelLoad,0.08168,0
27.7819,5126,Vehicle,TX_Throughput,4560,0
27.7819,5126,Vehicle,TX_ObjectCount,0,0
27.7831,343,Vehicle,ChannelLoad,0.04248,0
27.7831,343,Vehicle,ChannelLoad,0.04248,0
27.7831,343,Vehicle,TX_Throughput,7760,0
27.7831,343,Vehicle,TX_ObjectCount,1,0
27.7832,1458,RSU,ChannelLoad,0.078,0
27.7832,1458,RSU,ChannelLoad,0.078,0
27.7832,1458,RSU,TX_Throughput,10880,0
27.7832,1458,RSU,TX_ObjectCount,3,0
27.7834,2891,Vehicle,ChannelLoad,0.05264,0
27.7834,2891,Vehicle,ChannelLoad,0.05264,0
27.7834,2891,Vehicle,TX_Throughput,4560,0
27.7834,2891,Vehicle,TX_ObjectCount,0,0
27.7865,2966,Vehicle,ChannelLoad,0.08568,0
27.7865,2966,Vehicle,ChannelLoad,0.08568,0
27.7865,2966,Vehicle,TX_Throughput,4560,0
27.7865,2966,Vehicle,TX_ObjectCount,0,0
27.7865,5201,RSU,ChannelLoad,0.08288,0
27.7865,5201,RSU,ChannelLoad,0.08288,0
27.7865,5201,RSU,TX_Throughput,5280,0
27.7865,5201,RSU,TX_ObjectCount,1,0
27.7871,416,Vehicle,ChannelLoad,0.05552,0
27.7871,416,Vehicle,ChannelLoad,0.05552,0
27.7871,416,Vehicle,TX_Throughput,7760,0
27.7871,416,Vehicle,TX_ObjectCount,1,0
27.7884,8883,Vehicle,ChannelLoad,0.06576,0
27.7884,8883,Vehicle,ChannelLoad,0.06576,0
27.7884,8883,Vehicle,TX_Throughput,10560,0
27.7884,8883,Vehicle,TX_ObjectCount,2,0
27.7885,2140,RSU,ChannelLoad,0.07896,0
27.7885,2140,RSU,ChannelLoad,0.07896,0
27.7885,2140,RSU,TX_Throughput,5280,0
27.7885,2140,RSU,TX_ObjectCount,1,0
27.7887,6339,Vehicle,ChannelLoad,0.072,0
27.7887,6339,Vehicle,ChannelLoad,0.072,0
27.7887,6339,Vehicle,TX_Throughput,4560,0
27.7887,6339,Vehicle,TX_ObjectCount,0,0
27.7894,2214,RSU,ChannelLoad,0.06552,0
27.7894,2214,RSU,ChannelLoad,0.06552,0
27.7894,2214,RSU,TX_Throughput,10880,0
27.7894,2214,RSU,TX_ObjectCount,3,0
27.7916,8192,RSU,ChannelLoad,0.08032,0
27.7916,8192,RSU,ChannelLoad,0.08032,0
27.7916,8192,RSU,TX_Throughput,2080,0
27.7916,8192,RSU,TX_ObjectCount,0,0
27.792,5275,RSU,ChannelLoad,0.08112,0
27.792,5275,RSU,ChannelLoad,0.08112,0
27.792,5275,RSU,TX_Throughput,10880,0
27.792,5275,RSU,TX_ObjectCount,3,0
27.7925,6412,Vehicle,ChannelLoad,0.05128,0
27.7925,6412,Vehicle,ChannelLoad,0.05128,0
27.7925,6412,Vehicle,TX_Throughput,7760,0
27.7925,6412,Vehicle,TX_ObjectCount,1,0
27.7928,3039,Vehicle,ChannelLoad,0.07008,0
27.7928,3039,Vehicle,ChannelLoad,0.07008,0
27.7928,3039,Vehicle,TX_Throughput,7760,0
27.7928,3039,Vehicle,TX_ObjectCount,1,0
27.7928,5349,Vehicle,ChannelLoad,0.05048,0
27.7928,5349,Vehicle,ChannelLoad,0.05048,0
27.7928,5349,Vehicle,TX_Throughput,7760,0
27.7928,5349,Vehicle,TX_ObjectCount,1,0
27.7939,489,Vehicle,ChannelLoad,0.05784,0
27.7939,489,Vehicle,ChannelLoad,0.05784,0
27.7939,489,Vehicle,TX_Throughput,7760,0
27.7939,489,Vehicle,TX_ObjectCount,1,0
27.7953,8956,Vehicle,ChannelLoad,0.07704,0
27.7953,8956,Vehicle,ChannelLoad,0.07704,0
27.7953,8956,Vehicle,TX_Throughput,4560,0
27.7953,8956,Vehicle,TX_ObjectCount,0,0
27.796,8268,RSU,ChannelLoad,0.07952,0
27.796,8268,RSU,ChannelLoad,0.07952,0
27.796,8268,RSU,TX_Throughput,5280,0
27.796,8268,RSU,TX_ObjectCount,1,0
27.7961,3112,RSU,ChannelLoad,0.08072,0
27.7961,3112,RSU,ChannelLoad,0.08072,0
27.7961,3112,RSU,TX_Throughput,8080,0
27.7961,3112,RSU,TX_ObjectCount,2,0
27.7961,562,Vehicle,ChannelLoad,0.0252,0
27.7961,562,Vehicle,ChannelLoad,0.0252,0
27.7961,562,Vehicle,TX_Throughput,4560,0
27.7961,562,Vehicle,TX_ObjectCount,0,0
27.7976,6485,Vehicle,ChannelLoad,0.03224,0
27.7976,6485,Vehicle,ChannelLoad,0.03224,0
27.7976,6485,Vehicle,TX_Throughput,4560,0
27.7976,6485,Vehicle,TX_ObjectCount,0,0
27.7978,3186,RSU,ChannelLoad,0.05024,0
27.7978,3186,RSU,ChannelLoad,0.05024,0
27.7978,3186,RSU,TX_Throughput,2080,0
27.7978,3186,RSU,TX_ObjectCount,0,0
27.8009,7304,Vehicle,ChannelLoad,0.05536,0
27.8009,7304,Vehicle,ChannelLoad,0.05536,0
27.8009,7304,Vehicle,TX_Throughput,4560,0
27.8009,7304,Vehicle,TX_ObjectCount,0,0
27.802,639,Vehicle,ChannelLoad,0.07096,0
27.802,639,Vehicle,ChannelLoad,0.07096,0
27.802,639,Vehicle,TX_Throughput,7760,0
27.802,639,Vehicle,TX_ObjectCount,1,0
27.8028,5422,Vehicle,ChannelLoad,0.06512,0
27.8028,5422,Vehicle,ChannelLoad,0.06512,0
27.8028,5422,Vehicle,TX_Throughput,4560,0
27.8028,5422,Vehicle,TX_ObjectCount,0,0
27.8037,6558,RSU,ChannelLoad,0.07688,0
27.8037,6558,RSU,ChannelLoad,0.07688,0
27.8037,6558,RSU,TX_Throughput,5280,0
27.8037,6558,RSU,TX_ObjectCount,1,0
27.8047,29,RSU,ChannelLoad,0.0832,0
27.8047,29,RSU,ChannelLoad,0.0832,0
27.8047,29,RSU,TX_Throughput,5280,0
27.8047,29,RSU,TX_ObjectCount,1,0
27.809,4303,Vehicle,ChannelLoad,0.0528,0
27.809,4303,Vehicle,ChannelLoad,0.0528,0
27.809,4303,Vehicle,TX_Throughput,10560,0
27.809,4303,Vehicle,TX_ObjectCount,2,0
27.8104,1538,Vehicle,ChannelLoad,0.03696,0
27.8104,1538,Vehicle,ChannelLoad,0.03696,0
27.8104,1538,Vehicle,TX_Throughput,4560,0
27.8104,1538,Vehicle,TX_ObjectCount,0,0
27.8122,7377,Vehicle,ChannelLoad,0.03208,0
27.8122,7377,Vehicle,ChannelLoad,0.03208,0
27.8122,7377,Vehicle,TX_Throughput,4560,0
27.8122,7377,Vehicle,TX_ObjectCount,0,0
27.8131,5501,Vehicle,ChannelLoad,0.04264,0
27.8131,5501,Vehicle,ChannelLoad,0.04264,0
27.8131,5501,Vehicle,TX_Throughput,4560,0
27.8131,5501,Vehicle,TX_ObjectCount,0,0
27.8143,3260,Vehicle,ChannelLoad,0.05688,0
27.8143,3260,Vehicle,ChannelLoad,0.05688,0
27.8143,3260,Vehicle,TX_Throughput,4560,0
27.8143,3260,Vehicle,TX_ObjectCount,0,0
27.8144,3333,Vehicle,ChannelLoad,0.08648,0
27.8144,3333,Vehicle,ChannelLoad,0.08648,0
27.8144,3333,Vehicle,TX_Throughput,4560,0
27.8144,3333,Vehicle,TX_ObjectCount,0,0
27.8147,3406,Vehicle,ChannelLoad,0.0352,0
27.8147,3406,Vehicle,ChannelLoad,0.0352,0
27.8147,3406,Vehicle,TX_Throughput,4560,0
27.8147,3406,Vehicle,TX_ObjectCount,0,0
27.8154,2292,Vehicle,ChannelLoad,0.04848,0
27.8154,2292,Vehicle,ChannelLoad,0.04848,0
27.8154,2292,Vehicle,TX_Throughput,4560,0
27.8154,2292,Vehicle,TX_ObjectCount,0,0
27.8163,6634,RSU,ChannelLoad,0.0452,0
27.8163,6634,RSU,ChannelLoad,0.0452,0
27.8163,6634,RSU,TX_Throughput,2080,0
27.8163,6634,RSU,TX_ObjectCount,0,0
27.8166,1611,Vehicle,ChannelLoad,0.0376,0
27.8166,1611,Vehicle,ChannelLoad,0.0376,0
27.8166,1611,Vehicle,TX_Throughput,4560,0
27.8166,1611,Vehicle,TX_ObjectCount,0,0
27.8172,2365,Vehicle,ChannelLoad,0.0324,0
27.8172,2365,Vehicle,ChannelLoad,0.0324,0
27.8172,2365,Vehicle,TX_Throughput,7760,0
27.8172,2365,Vehicle,TX_ObjectCount,1,0
27.8182,8348,Vehicle,ChannelLoad,0.04872,0
27.8182,8348,Vehicle,ChannelLoad,0.04872,0
27.8182,8348,Vehicle,TX_Throughput,4560,0
27.8182,8348,Vehicle,TX_ObjectCount,0,0
27.8186,2440,Vehicle,ChannelLoad,0.07672,0
27.8186,2440,Vehicle,ChannelLoad,0.07672,0
27.8186,2440,Vehicle,TX_Throughput,4560,0
27.8186,2440,Vehicle,TX_ObjectCount,0,0
27.8187,718,Vehicle,ChannelLoad,0.06352,0
27.8187,718,Vehicle,ChannelLoad,0.06352,0
27.8187,718,Vehicle,TX_Throughput,7760,0
27.8187,718,Vehicle,TX_ObjectCount,1,0
27.8188,107,Vehicle,ChannelLoad,0.06712,0
27.8188,107,Vehicle,ChannelLoad,0.06712,0
27.8188,107,Vehicle,TX_Throughput,4560,0
27.8188,107,Vehicle,TX_ObjectCount,0,0
27.8201,182,RSU,ChannelLoad,0.08168,0
27.8201,182,RSU,ChannelLoad,0.08168,0
27.8201,182,RSU,TX_Throughput,10880,0
27.8201,182,RSU,TX_ObjectCount,3,0
27.8202,791,Vehicle,ChannelLoad,0.06512,0
27.8202,791,Vehicle,ChannelLoad,0.06512,0
27.8202,791,Vehicle,TX_Throughput,7760,0
27.8202,791,Vehicle,TX_ObjectCount,1,0
27.8206,6708,Vehicle,ChannelLoad,0.086,0
27.8206,6708,Vehicle,ChannelLoad,0.086,0
27.8206,6708,Vehicle,TX_Throughput,7760,0
27.8206,6708,Vehicle,TX_ObjectCount,1,0
27.8218,4380,Vehicle,ChannelLoad,0.05168,0
27.8218,4380,Vehicle,ChannelLoad,0.05168,0
27.8218,4380,Vehicle,TX_Throughput,7760,0
27.8218,4380,Vehicle,TX_ObjectCount,1,0
27.8231,1688,RSU,ChannelLoad,0.06528,0
27.8231,1688,RSU,ChannelLoad,0.06528,0
27.8231,1688,RSU,TX_Throughput,8080,0
27.8231,1688,RSU,TX_ObjectCount,2,0
27.8235,5580,Vehicle,ChannelLoad,0.07632,0
27.8235,5580,Vehicle,ChannelLoad,0.07632,0
27.8235,5580,Vehicle,TX_Throughput,4560,0
27.8235,5580,Vehicle,TX_ObjectCount,0,0
27.8256,8494,Vehicle,ChannelLoad,0.06272,0
27.8256,8494,Vehicle,ChannelLoad,0.06272,0
27.8256,8494,Vehicle,TX_Throughput,4560,0
27.8256,8494,Vehicle,TX_ObjectCount,0,0
27.8289,4455,Vehicle,ChannelLoad,0.08192,0
27.8289,4455,Vehicle,ChannelLoad,0.08192,0
27.8289,4455,Vehicle,TX_Throughput,4560,0
27.8289,4455,Vehicle,TX_ObjectCount,0,0
27.8289,7452,RSU,ChannelLoad,0.07856,0
27.8289,7452,RSU,ChannelLoad,0.07856,0
27.8289,7452,RSU,TX_Throughput,13680,0
27.8289,7452,RSU,TX_ObjectCount,4,0
27.8318,866,Vehicle,ChannelLoad,0.06176,0
27.8318,866,Vehicle,ChannelLoad,0.06176,0
27.8318,866,Vehicle,TX_Throughput,7760,0
27.8318,866,Vehicle,TX_ObjectCount,1,0
27.8326,7526,Vehicle,ChannelLoad,0.08632,0
27.8326,7526,Vehicle,ChannelLoad,0.08632,0
27.8326,7526,Vehicle,TX_Throughput,4560,0
27.8326,7526,Vehicle,TX_ObjectCount,0,0
27.8333,3481,RSU,ChannelLoad,0.09584,0
27.8333,3481,RSU,ChannelLoad,0.09584,0
27.8333,3481,RSU,TX_Throughput,10880,0
27.8333,3481,RSU,TX_ObjectCount,3,0
27.8343,5655,Vehicle,ChannelLoad,0.0408,0
27.8343,5655,Vehicle,ChannelLoad,0.0408,0
27.8343,5655,Vehicle,TX_Throughput,4560,0
27.8343,5655,Vehicle,TX_ObjectCount,0,0
27.8351,5728,Vehicle,ChannelLoad,0.07984,0
27.8351,5728,Vehicle,ChannelLoad,0.07984,0
27.8351,5728,Vehicle,TX_Throughput,7760,0
27.8351,5728,Vehicle,TX_ObjectCount,1,0
27.8352,6781,RSU,ChannelLoad,0.0612,0
27.8352,6781,RSU,ChannelLoad,0.0612,0
27.8352,6781,RSU,TX_Throughput,2080,0
27.8352,6781,RSU,TX_ObjectCount,0,0
27.8382,941,Vehicle,ChannelLoad,0.032,0
27.8382,941,Vehicle,ChannelLoad,0.032,0
27.8382,941,Vehicle,TX_Throughput,4560,0
27.8382,941,Vehicle,TX_ObjectCount,0,0
27.8389,5801,RSU,ChannelLoad,0.0816,0
27.8389,5801,RSU,ChannelLoad,0.0816,0
27.8389,5801,RSU,TX_Throughput,2080,0
27.8389,5801,RSU,TX_ObjectCount,0,0
27.8399,5875,Vehicle,ChannelLoad,0.04424,0
27.8399,5875,Vehicle,ChannelLoad,0.04424,0
27.8399,5875,Vehicle,TX_Throughput,4560,0
27.8399,5875,Vehicle,TX_ObjectCount,0,0
27.8414,7674,RSU,ChannelLoad,0.04896,0
27.8414,7674,RSU,ChannelLoad,0.04896,0
27.8414,7674,RSU,TX_Throughput,8080,0
27.8414,7674,RSU,TX_ObjectCount,2,0
27.8417,3561,Vehicle,ChannelLoad,0.05552,0
27.8417,3561,Vehicle,ChannelLoad,0.05552,0
27.8417,3561,Vehicle,TX_Throughput,4560,0
27.8417,3561,Vehicle,TX_ObjectCount,0,0
27.8423,7748,Vehicle,ChannelLoad,0.05336,0
27.8423,7748,Vehicle,ChannelLoad,0.05336,0
27.8423,7748,Vehicle,TX_Throughput,4560,0
27.8423,7748,Vehicle,TX_ObjectCount,0,0
27.8434,1016,Vehicle,ChannelLoad,0.03376,0
27.8434,1016,Vehicle,ChannelLoad,0.03376,0
27.8434,1016,Vehicle,TX_Throughput,4560,0
27.8434,1016,Vehicle,TX_ObjectCount,0,0
27.8464,1089,RSU,ChannelLoad,0.0928,0
27.8464,1089,RSU,ChannelLoad,0.0928,0
27.8464,1089,RSU,TX_Throughput,5280,0
27.8464,1089,RSU,TX_ObjectCount,1,0
27.8471,3634,RSU,ChannelLoad,0.0804,0
27.8471,3634,RSU,ChannelLoad,0.0804,0
27.8471,3634,RSU,TX_Throughput,8080,0
27.8471,3634,RSU,TX_ObjectCount,2,0
27.8472,5950,Vehicle,ChannelLoad,0.05424,0
27.8472,5950,Vehicle,ChannelLoad,0.05424,0
27.8472,5950,Vehicle,TX_Throughput,13360,0
27.8472,5950,Vehicle,TX_ObjectCount,3,0
27.8488,1764,RSU,ChannelLoad,0.09352,0
27.8488,1764,RSU,ChannelLoad,0.09352,0
27.8488,1764,RSU,TX_Throughput,10880,0
27.8488,1764,RSU,TX_ObjectCount,3,0
27.8492,3708,RSU,ChannelLoad,0.06144,0
27.8492,3708,RSU,ChannelLoad,0.06144,0
27.8492,3708,RSU,TX_Throughput,5280,0
27.8492,3708,RSU,TX_ObjectCount,1,0
27.8497,1163,Vehicle,ChannelLoad,0.03928,0
27.8497,1163,Vehicle,ChannelLoad,0.03928,0
27.8497,1163,Vehicle,TX_Throughput,4560,0
27.8497,1163,Vehicle,TX_ObjectCount,0,0
27.8499,3782,Vehicle,ChannelLoad,0.05184,0
27.8499,3782,Vehicle,ChannelLoad,0.05184,0
27.8499,3782,Vehicle,TX_Throughput,4560,0
27.8499,3782,Vehicle,TX_ObjectCount,0,0
27.8507,6859,Vehicle,ChannelLoad,0.03288,0
27.8507,6859,Vehicle,ChannelLoad,0.03288,0
27.8507,6859,Vehicle,TX_Throughput,7760,0
27.8507,6859,Vehicle,TX_ObjectCount,1,0
27.8512,3855,Vehicle,ChannelLoad,0.01992,0
27.8512,3855,Vehicle,ChannelLoad,0.01992,0
27.8512,3855,Vehicle,TX_Throughput,7760,0
27.8512,3855,Vehicle,TX_ObjectCount,1,0
27.8527,8575,RSU,ChannelLoad,0.09232,0
27.8527,8575,RSU,ChannelLoad,0.09232,0
27.8527,8575,RSU,TX_Throughput,8080,0
27.8527,8575,RSU,TX_ObjectCount,2,0
27.8528,4534,RSU,ChannelLoad,0.05816,0
27.8528,4534,RSU,ChannelLoad,0.05816,0
27.8528,4534,RSU,TX_Throughput,5280,0
27.8528,4534,RSU,TX_ObjectCount,1,0
27.8561,6932,RSU,ChannelLoad,0.05432,0
27.8561,6932,RSU,ChannelLoad,0.05432,0
27.8561,6932,RSU,TX_Throughput,8080,0
27.8561,6932,RSU,TX_ObjectCount,2,0
27.8572,8649,Vehicle,ChannelLoad,0.0532,0
27.8572,8649,Vehicle,ChannelLoad,0.0532,0
27.8572,8649,Vehicle,TX_Throughput,4560,0
27.8572,8649,Vehicle,TX_ObjectCount,0,0
27.8579,7825,Vehicle,ChannelLoad,0.05456,0
27.8579,7825,Vehicle,ChannelLoad,0.05456,0
27.8579,7825,Vehicle,TX_Throughput,4560,0
27.8579,7825,Vehicle,TX_ObjectCount,0,0
27.8586,7006,Vehicle,ChannelLoad,0.03504,0
27.8586,7006,Vehicle,ChannelLoad,0.03504,0
27.8586,7006,Vehicle,TX_Throughput,4560,0
27.8586,7006,Vehicle,TX_ObjectCount,0,0
27.8594,2523,Vehicle,ChannelLoad,0.06656,0
27.8594,2523,Vehicle,ChannelLoad,0.06656,0
27.8594,2523,Vehicle,TX_Throughput,7760,0
27.8594,2523,Vehicle,TX_ObjectCount,1,0
27.8595,2596,Vehicle,ChannelLoad,0.0472,0
27.8595,2596,Vehicle,ChannelLoad,0.0472,0
27.8595,2596,Vehicle,TX_Throughput,4560,0
27.8595,2596,Vehicle,TX_ObjectCount,0,0
27.8613,1238,Vehicle,ChannelLoad,0.06736,0
27.8613,1238,Vehicle,ChannelLoad,0.06736,0
27.8613,1238,Vehicle,TX_Throughput,4560,0
27.8613,1238,Vehicle,TX_ObjectCount,0,0
27.8615,3930,Vehicle,ChannelLoad,0.05256,0
27.8615,3930,Vehicle,ChannelLoad,0.05256,0
27.8615,3930,Vehicle,TX_Throughput,7760,0
27.8615,3930,Vehicle,TX_ObjectCount,1,0
27.8622,8724,RSU,ChannelLoad,0.09824,0
27.8622,8724,RSU,ChannelLoad,0.09824,0
27.8622,8724,RSU,TX_Throughput,13680,0
27.8622,8724,RSU,TX_ObjectCount,4,0
27.8637,2669,Vehicle,ChannelLoad,0.05576,0
27.8637,2669,Vehicle,ChannelLoad,0.05576,0
27.8637,2669,Vehicle,TX_Throughput,4560,0
27.8637,2669,Vehicle,TX_ObjectCount,0,0
27.8647,1842,RSU,ChannelLoad,0.05472,0
27.8647,1842,RSU,ChannelLoad,0.05472,0
27.8647,1842,RSU,TX_Throughput,8080,0
27.8647,1842,RSU,TX_ObjectCount,2,0
27.8649,1311,RSU,ChannelLoad,0.04,0
27.8649,1311,RSU,ChannelLoad,0.04,0
27.8649,1311,RSU,TX_Throughput,5280,0
27.8649,1311,RSU,TX_ObjectCount,1,0
27.8651,7898,Vehicle,ChannelLoad,0.05568,0
27.8651,7898,Vehicle,ChannelLoad,0.05568,0
27.8651,7898,Vehicle,TX_Throughput,4560,0
27.8651,7898,Vehicle,TX_ObjectCount,0,0
27.8652,4608,Vehicle,ChannelLoad,0.04048,0
27.8652,4608,Vehicle,ChannelLoad,0.04048,0
27.8652,4608,Vehicle,TX_Throughput,4560,0
27.8652,4608,Vehicle,TX_ObjectCount,0,0
27.8663,4003,Vehicle,ChannelLoad,0.054,0
27.8663,4003,Vehicle,ChannelLoad,0.054,0
27.8663,4003,Vehicle,TX_Throughput,4560,0
27.8663,4003,Vehicle,TX_ObjectCount,0,0
27.8666,4681,Vehicle,ChannelLoad,0.0544,0
27.8666,4681,Vehicle,ChannelLoad,0.0544,0
27.8666,4681,Vehicle,TX_Throughput,4560,0
27.8666,4681,Vehicle,TX_ObjectCount,0,0
27.8684,4756,Vehicle,ChannelLoad,0.05744,0
27.8684,4756,Vehicle,ChannelLoad,0.05744,0
27.8684,4756,Vehicle,TX_Throughput,10560,0
27.8684,4756,Vehicle,TX_ObjectCount,2,0
27.8687,4076,Vehicle,ChannelLoad,0.08712,0
27.8687,4076,Vehicle,ChannelLoad,0.08712,0
27.8687,4076,Vehicle,TX_Throughput,4560,0
27.8687,4076,Vehicle,TX_ObjectCount,0,0
27.8687,2744,Vehicle,ChannelLoad,0.0592,0
27.8687,2744,Vehicle,ChannelLoad,0.0592,0
27.8687,2744,Vehicle,TX_Throughput,10560,0
27.8687,2744,Vehicle,TX_ObjectCount,2,0
27.8696,4829,RSU,ChannelLoad,0.08544,0
27.8696,4829,RSU,ChannelLoad,0.08544,0
27.8696,4829,RSU,TX_Throughput,10880,0
27.8696,4829,RSU,TX_ObjectCount,3,0
27.8698,2817,RSU,ChannelLoad,0.06776,0
27.8698,2817,RSU,ChannelLoad,0.06776,0
27.8698,2817,RSU,TX_Throughput,2080,0
27.8698,2817,RSU,TX_ObjectCount,0,0
27.87,1918,RSU,ChannelLoad,0.09816,0
27.87,1918,RSU,ChannelLoad,0.09816,0
27.87,1918,RSU,TX_Throughput,10880,0
27.87,1918,RSU,TX_ObjectCount,3,0
27.87,7971,Vehicle,ChannelLoad,0.06112,0
27.87,7971,Vehicle,ChannelLoad,0.06112,0
27.87,7971,Vehicle,TX_Throughput,10560,0
27.87,7971,Vehicle,TX_ObjectCount,2,0
27.8701,8044,Vehicle,ChannelLoad,0.04256,0
27.8701,8044,Vehicle,ChannelLoad,0.04256,0
27.8701,8044,Vehicle,TX_Throughput,7760,0
27.8701,8044,Vehicle,TX_ObjectCount,1,0
27.8709,1385,Vehicle,ChannelLoad,0.05296,0
27.8709,1385,Vehicle,ChannelLoad,0.05296,0
27.8709,1385,Vehicle,TX_Throughput,4560,0
27.8709,1385,Vehicle,TX_ObjectCount,0,0
27.871,270,Vehicle,ChannelLoad,0.05216,0
27.871,270,Vehicle,ChannelLoad,0.05216,0
27.871,270,Vehicle,TX_Throughput,10560,0
27.871,270,Vehicle,TX_ObjectCount,2,0
27.8723,4905,RSU,ChannelLoad,0.09656,0
27.8723,4905,RSU,ChannelLoad,0.09656,0
27.8723,4905,RSU,TX_Throughput,8080,0
27.8723,4905,RSU,TX_ObjectCount,2,0
27.8727,1992,Vehicle,ChannelLoad,0.03168,0
27.8727,1992,Vehicle,ChannelLoad,0.03168,0
27.8727,1992,Vehicle,TX_Throughput,4560,0
27.8727,1992,Vehicle,TX_ObjectCount,0,0
27.8742,7079,Vehicle,ChannelLoad,0.04496,0
27.8742,7079,Vehicle,ChannelLoad,0.04496,0
27.8742,7079,Vehicle,TX_Throughput,4560,0
27.8742,7079,Vehicle,TX_ObjectCount,0,0
27.8747,4153,Vehicle,ChannelLoad,0.0816,0
27.8747,4153,Vehicle,ChannelLoad,0.0816,0
27.8747,4153,Vehicle,TX_Throughput,7760,0
27.8747,4153,Vehicle,TX_ObjectCount,1,0
27.8748,6043,Vehicle,ChannelLoad,0.04544,0
27.8748,6043,Vehicle,ChannelLoad,0.04544,0
27.8748,6043,Vehicle,TX_Throughput,7760,0
27.8748,6043,Vehicle,TX_ObjectCount,1,0
27.8759,4979,Vehicle,ChannelLoad,0.0676,0
27.8759,4979,Vehicle,ChannelLoad,0.0676,0
27.8759,4979,Vehicle,TX_Throughput,7760,0
27.8759,4979,Vehicle,TX_ObjectCount,1,0
27.8762,5052,RSU,ChannelLoad,0.07648,0
27.8762,5052,RSU,ChannelLoad,0.07648,0
27.8762,5052,RSU,TX_Throughput,5280,0
27.8762,5052,RSU,TX_ObjectCount,1,0
27.8777,2065,Vehicle,ChannelLoad,0.06056,0
27.8777,2065,Vehicle,ChannelLoad,0.06056,0
27.8777,2065,Vehicle,TX_Throughput,7760,0
27.8777,2065,Vehicle,TX_ObjectCount,1,0
27.8778,6116,RSU,ChannelLoad,0.098,0
27.8778,6116,RSU,ChannelLoad,0.098,0
27.8778,6116,RSU,TX_Throughput,8080,0
27.8778,6116,RSU,TX_ObjectCount,2,0
27.8782,7152,Vehicle,ChannelLoad,0.05904,0
27.8782,7152,Vehicle,ChannelLoad,0.05904,0
27.8782,7152,Vehicle,TX_Throughput,7760,0
27.8782,7152,Vehicle,TX_ObjectCount,1,0
27.8786,8808,Vehicle,ChannelLoad,0.05648,0
27.8786,8808,Vehicle,ChannelLoad,0.05648,0
27.8786,8808,Vehicle,TX_Throughput,4560,0
27.8786,8808,Vehicle,TX_ObjectCount,0,0
27.8801,6192,RSU,ChannelLoad,0.08056,0
27.8801,6192,RSU,ChannelLoad,0.08056,0
27.8801,6192,RSU,TX_Throughput,10880,0
27.8801,6192,RSU,TX_ObjectCount,3,0
27.8805,8119,Vehicle,ChannelLoad,0.04528,0
27.8805,8119,Vehicle,ChannelLoad,0.04528,0
27.8805,8119,Vehicle,TX_Throughput,7760,0
27.8805,8119,Vehicle,TX_ObjectCount,1,0
27.8805,7227,Vehicle,ChannelLoad,0.04984,0
27.8805,7227,Vehicle,ChannelLoad,0.04984,0
27.8805,7227,Vehicle,TX_Throughput,7760,0
27.8805,7227,Vehicle,TX_ObjectCount,1,0
27.8809,4230,Vehicle,ChannelLoad,0.0524,0
27.8809,4230,Vehicle,ChannelLoad,0.0524,0
27.8809,4230,Vehicle,TX_Throughput,4560,0
27.8809,4230,Vehicle,TX_ObjectCount,0,0
27.8818,6266,Vehicle,ChannelLoad,0.04352,0
27.8818,6266,Vehicle,ChannelLoad,0.04352,0
27.8818,6266,Vehicle,TX_Throughput,7760,0
27.8818,6266,Vehicle,TX_ObjectCount,1,0
27.8819,5126,Vehicle,ChannelLoad,0.09,0
27.8819,5126,Vehicle,ChannelLoad,0.09,0
27.8819,5126,Vehicle,TX_Throughput,4560,0
27.8819,5126,Vehicle,TX_ObjectCount,0,0
27.8831,343,Vehicle,ChannelLoad,0.03984,0
27.8831,343,Vehicle,ChannelLoad,0.03984,0
27.8831,343,Vehicle,TX_Throughput,7760,0
27.8831,343,Vehicle,TX_ObjectCount,1,0
27.8832,1458,RSU,ChannelLoad,0.07216,0
27.8832,1458,RSU,ChannelLoad,0.07216,0
27.8832,1458,RSU,TX_Throughput,2080,0
27.8832,1458,RSU,TX_ObjectCount,0,0
27.8834,2891,Vehicle,ChannelLoad,0.05288,0
27.8834,2891,Vehicle,ChannelLoad,0.05288,0
27.8834,2891,Vehicle,TX_Throughput,4560,0
27.8834,2891,Vehicle,TX_ObjectCount,0,0
27.8865,2966,Vehicle,ChannelLoad,0.0776,0
27.8865,2966,Vehicle,ChannelLoad,0.0776,0
27.8865,2966,Vehicle,TX_Throughput,4560,0
27.8865,2966,Vehicle,TX_ObjectCount,0,0
27.8865,5201,RSU,ChannelLoad,0.08152,0
27.8865,5201,RSU,ChannelLoad,0.08152,0
27.8865,5201,RSU,TX_Throughput,5280,0
27.8865,5201,RSU,TX_ObjectCount,1,0
27.8871,416,Vehicle,ChannelLoad,0.04904,0
27.8871,416,Vehicle,ChannelLoad,0.04904,0
27.8871,416,Vehicle,TX_Throughput,7760,0
27.8871,416,Vehicle,TX_ObjectCount,1,0
27.8884,8883,Vehicle,ChannelLoad,0.06,0
27.8884,8883,Vehicle,ChannelLoad,0.06,0
27.8884,8883,Vehicle,TX_Throughput,10560,0
27.8884,8883,Vehicle,TX_ObjectCount,2,0
27.8885,2140,RSU,ChannelLoad,0.08872,0
27.8885,2140,RSU,ChannelLoad,0.08872,0
27.8885,2140,RSU,TX_Throughput,8080,0
27.8885,2140,RSU,TX_ObjectCount,2,0
27.8887,6339,Vehicle,ChannelLoad,0.06512,0
27.8887,6339,Vehicle,ChannelLoad,0.06512,0
27.8887,6339,Vehicle,TX_Throughput,4560,0
27.8887,6339,Vehicle,TX_ObjectCount,0,0
27.8894,2214,RSU,ChannelLoad,0.05888,0
27.8894,2214,RSU,ChannelLoad,0.05888,0
27.8894,2214,RSU,TX_Throughput,2080,0
27.8894,2214,RSU,TX_ObjectCount,0,0
27.8916,8192,RSU,ChannelLoad,0.0648,0
27.8916,8192,RSU,ChannelLoad,0.0648,0
27.8916,8192,RSU,TX_Throughput,5280,0
27.8916,8192,RSU,TX_ObjectCount,1,0
27.892,5275,RSU,ChannelLoad,0.09448,0
27.892,5275,RSU,ChannelLoad,0.09448,0
27.892,5275,RSU,TX_Throughput,13680,0
27.892,5275,RSU,TX_ObjectCount,4,0
27.8925,6412,Vehicle,ChannelLoad,0.0704,0
27.8925,6412,Vehicle,ChannelLoad,0.0704,0
27.8925,6412,Vehicle,TX_Throughput,4560,0
27.8925,6412,Vehicle,TX_ObjectCount,0,0
27.8928,3039,Vehicle,ChannelLoad,0.08144,0
27.8928,3039,Vehicle,ChannelLoad,0.08144,0
27.8928,3039,Vehicle,TX_Throughput,4560,0
27.8928,3039,Vehicle,TX_ObjectCount,0,0
27.8928,5349,Vehicle,ChannelLoad,0.04248,0
27.8928,5349,Vehicle,ChannelLoad,0.04248,0
27.8928,5349,Vehicle,TX_Throughput,4560,0
27.8928,5349,Vehicle,TX_ObjectCount,0,0
27.8939,489,Vehicle,ChannelLoad,0.05696,0
27.8939,489,Vehicle,ChannelLoad,0.05696,0
27.8939,489,Vehicle,TX_Throughput,7760,0
27.8939,489,Vehicle,TX_ObjectCount,1,0
27.8953,8956,Vehicle,ChannelLoad,0.06728,0
27.8953,8956,Vehicle,ChannelLoad,0.06728,0
27.8953,8956,Vehicle,TX_Throughput,7760,0
27.8953,8956,Vehicle,TX_ObjectCount,1,0
27.896,8268,RSU,ChannelLoad,0.0988,0
27.896,8268,RSU,ChannelLoad,0.0988,0
27.896,8268,RSU,TX_Throughput,8080,0
27.896,8268,RSU,TX_ObjectCount,2,0
27.8961,3112,RSU,ChannelLoad,0.1032,0
27.8961,3112,RSU,ChannelLoad,0.1032,0
27.8961,3112,RSU,TX_Throughput,8080,0
27.8961,3112,RSU,TX_ObjectCount,2,0
27.8961,562,Vehicle,ChannelLoad,0.02696,0
27.8961,562,Vehicle,ChannelLoad,0.02696,0
27.8961,562,Vehicle,TX_Throughput,4560,0
27.8961,562,Vehicle,TX_ObjectCount,0,0
27.8976,6485,Vehicle,ChannelLoad,0.0472,0
27.8976,6485,Vehicle,ChannelLoad,0.0472,0
27.8976,6485,Vehicle,TX_Throughput,4560,0
27.8976,6485,Vehicle,TX_ObjectCount,0,0
27.8978,3186,RSU,ChannelLoad,0.0588,0
27.8978,3186,RSU,ChannelLoad,0.0588,0
27.8978,3186,RSU,TX_Throughput,5280,0
27.8978,3186,RSU,TX_ObjectCount,1,0
27.9009,7304,Vehicle,ChannelLoad,0.0516,0
27.9009,7304,Vehicle,ChannelLoad,0.0516,0
27.9009,7304,Vehicle,TX_Throughput,4560,0
27.9009,7304,Vehicle,TX_ObjectCount,0,0
27.902,639,Vehicle,ChannelLoad,0.0684,0
27.902,639,Vehicle,ChannelLoad,0.0684,0
27.902,639,Vehicle,TX_Throughput,4560,0
27.902,639,Vehicle,TX_ObjectCount,0,0
27.9028,5422,Vehicle,ChannelLoad,0.06608,0
27.9028,5422,Vehicle,ChannelLoad,0.06608,0
27.9028,5422,Vehicle,TX_Throughput,4560,0
27.9028,5422,Vehicle,TX_ObjectCount,0,0
27.9037,6558,RSU,ChannelLoad,0.07528,0
27.9037,6558,RSU,ChannelLoad,0.07528,0
27.9037,6558,RSU,TX_Throughput,5280,0
27.9037,6558,RSU,TX_ObjectCount,1,0
27.9047,29,RSU,ChannelLoad,0.07552,0
27.9047,29,RSU,ChannelLoad,0.07552,0
27.9047,29,RSU,TX_Throughput,2080,0
27.9047,29,RSU,TX_ObjectCount,0,0
27.909,4303,Vehicle,ChannelLoad,0.06616,0
27.909,4303,Vehicle,ChannelLoad,0.06616,0
27.909,4303,Vehicle,TX_Throughput,13360,0
27.909,4303,Vehicle,TX_ObjectCount,3,0
27.9104,1538,Vehicle,ChannelLoad,0.03952,0
27.9104,1538,Vehicle,ChannelLoad,0.03952,0
27.9104,1538,Vehicle,TX_Throughput,7760,0
27.9104,1538,Vehicle,TX_ObjectCount,1,0
27.9122,7377,Vehicle,ChannelLoad,0.03344,0
27.9122,7377,Vehicle,ChannelLoad,0.03344,0
27.9122,7377,Vehicle,TX_Throughput,4560,0
27.9122,7377,Vehicle,TX_ObjectCount,0,0
27.9131,5501,Vehicle,ChannelLoad,0.03312,0
27.9131,5501,Vehicle,ChannelLoad,0.03312,0
27.9131,5501,Vehicle,TX_Throughput,4560,0
27.9131,5501,Vehicle,TX_ObjectCount,0,0
27.9143,3260,Vehicle,ChannelLoad,0.0544,0
27.9143,3260,Vehicle,ChannelLoad,0.0544,0
27.9143,3260,Vehicle,TX_Throughput,4560,0
27.9143,3260,Vehicle,TX_ObjectCount,0,0
27.9144,3333,Vehicle,ChannelLoad,0.07896,0
27.9144,3333,Vehicle,ChannelLoad,0.07896,0
27.9144,3333,Vehicle,TX_Throughput,4560,0
27.9144,3333,Vehicle,TX_ObjectCount,0,0
27.9147,3406,Vehicle,ChannelLoad,0.03096,0
27.9147,3406,Vehicle,ChannelLoad,0.03096,0
27.9147,3406,Vehicle,TX_Throughput,4560,0
27.9147,3406,Vehicle,TX_ObjectCount,0,0
27.9154,2292,Vehicle,ChannelLoad,0.03344,0
27.9154,2292,Vehicle,ChannelLoad,0.03344,0
27.9154,2292,Vehicle,TX_Throughput,4560,0
27.9154,2292,Vehicle,TX_ObjectCount,0,0
27.9163,6634,RSU,ChannelLoad,0.04992,0
27.9163,6634,RSU,ChannelLoad,0.04992,0
27.9163,6634,RSU,TX_Throughput,2080,0
27.9163,6634,RSU,TX_ObjectCount,0,0
27.9166,1611,Vehicle,ChannelLoad,0.0504,0
27.9166,1611,Vehicle,ChannelLoad,0.0504,0
27.9166,1611,Vehicle,TX_Throughput,4560,0
27.9166,1611,Vehicle,TX_ObjectCount,0,0
27.9172,2365,Vehicle,ChannelLoad,0.04544,0
27.9172,2365,Vehicle,ChannelLoad,0.04544,0
27.9172,2365,Vehicle,TX_Throughput,4560,0
27.9172,2365,Vehicle,TX_ObjectCount,0,0
27.9182,8348,Vehicle,ChannelLoad,0.05096,0
27.9182,8348,Vehicle,ChannelLoad,0.05096,0
27.9182,8348,Vehicle,TX_Throughput,4560,0
27.9182,8348,Vehicle,TX_ObjectCount,0,0
27.9186,2440,Vehicle,ChannelLoad,0.09336,0
27.9186,2440,Vehicle,ChannelLoad,0.09336,0
27.9186,2440,Vehicle,TX_Throughput,4560,0
27.9186,2440,Vehicle,TX_ObjectCount,0,0
27.9187,718,Vehicle,ChannelLoad,0.05792,0
27.9187,718,Vehicle,ChannelLoad,0.05792,0
27.9187,718,Vehicle,TX_Throughput,4560,0
27.9187,718,Vehicle,TX_ObjectCount,0,0
27.9188,107,Vehicle,ChannelLoad,0.06448,0
27.9188,107,Vehicle,ChannelLoad,0.06448,0
27.9188,107,Vehicle,TX_Throughput,4560,0
27.9188,107,Vehicle,TX_ObjectCount,0,0
27.9201,182,RSU,ChannelLoad,0.0692,0
27.9201,182,RSU,ChannelLoad,0.0692,0
27.9201,182,RSU,TX_Throughput,5280,0
27.9201,182,RSU,TX_ObjectCount,1,0
27.9202,791,Vehicle,ChannelLoad,0.06768,0
27.9202,791,Vehicle,ChannelLoad,0.06768,0
27.9202,791,Vehicle,TX_Throughput,4560,0
27.9202,791,Vehicle,TX_ObjectCount,0,0
27.9206,6708,Vehicle,ChannelLoad,0.06688,0
27.9206,6708,Vehicle,ChannelLoad,0.06688,0
27.9206,6708,Vehicle,TX_Throughput,7760,0
27.9206,6708,Vehicle,TX_ObjectCount,1,0
27.9218,4380,Vehicle,ChannelLoad,0.05696,0
27.9218,4380,Vehicle,ChannelLoad,0.05696,0
27.9218,4380,Vehicle,TX_Throughput,7760,0
27.9218,4380,Vehicle,TX_ObjectCount,1,0
27.9231,1688,RSU,ChannelLoad,0.06008,0
27.9231,1688,RSU,ChannelLoad,0.06008,0
27.9231,1688,RSU,TX_Throughput,8080,0
27.9231,1688,RSU,TX_ObjectCount,2,0
27.9235,5580,Vehicle,ChannelLoad,0.07312,0
27.9235,5580,Vehicle,ChannelLoad,0.07312,0
27.9235,5580,Vehicle,TX_Throughput,7760,0
27.9235,5580,Vehicle,TX_ObjectCount,1,0
27.9256,8494,Vehicle,ChannelLoad,0.0612,0
27.9256,8494,Vehicle,ChannelLoad,0.0612,0
27.9256,8494,Vehicle,TX_Throughput,10560,0
27.9256,8494,Vehicle,TX_ObjectCount,2,0
27.9289,4455,Vehicle,ChannelLoad,0.09248,0
27.9289,4455,Vehicle,ChannelLoad,0.09248,0
27.9289,4455,Vehicle,TX_Throughput,4560,0
27.9289,4455,Vehicle,TX_ObjectCount,0,0
27.9289,7452,RSU,ChannelLoad,0.08712,0
27.9289,7452,RSU,ChannelLoad,0.08712,0
27.9289,7452,RSU,TX_Throughput,8080,0
27.9289,7452,RSU,TX_ObjectCount,2,0
27.9318,866,Vehicle,ChannelLoad,0.05472,0
27.9318,866,Vehicle,ChannelLoad,0.05472,0
27.9318,866,Vehicle,TX_Throughput,4560,0
27.9318,866,Vehicle,TX_ObjectCount,0,0
27.9326,7526,Vehicle,ChannelLoad,0.08016,0
27.9326,7526,Vehicle,ChannelLoad,0.08016,0
27.9326,7526,Vehicle,TX_Throughput,4560,0
27.9326,7526,Vehicle,TX_ObjectCount,0,0
27.9333,3481,RSU,ChannelLoad,0.08352,0
27.9333,3481,RSU,ChannelLoad,0.08352,0
27.9333,3481,RSU,TX_Throughput,2080,0
27.9333,3481,RSU,TX_ObjectCount,0,0
27.9343,5655,Vehicle,ChannelLoad,0.0548,0
27.9343,5655,Vehicle,ChannelLoad,0.0548,0
27.9343,5655,Vehicle,TX_Throughput,4560,0
27.9343,5655,Vehicle,TX_ObjectCount,0,0
27.9351,5728,Vehicle,ChannelLoad,0.0508,0
27.9351,5728,Vehicle,ChannelLoad,0.0508,0
27.9351,5728,Vehicle,TX_Throughput,4560,0
27.9351,5728,Vehicle,TX_ObjectCount,0,0
27.9352,6781,RSU,ChannelLoad,0.08152,0
27.9352,6781,RSU,ChannelLoad,0.08152,0
27.9352,6781,RSU,TX_Throughput,13680,0
27.9352,6781,RSU,TX_ObjectCount,4,0
27.9382,941,Vehicle,ChannelLoad,0.03168,0
27.9382,941,Vehicle,ChannelLoad,0.03168,0
27.9382,941,Vehicle,TX_Throughput,7760,0
27.9382,941,Vehicle,TX_ObjectCount,1,0
27.9389,5801,RSU,ChannelLoad,0.07208,0
27.9389,5801,RSU,ChannelLoad,0.07208,0
27.9389,5801,RSU,TX_Throughput,5280,0
27.9389,5801,RSU,TX_ObjectCount,1,0
27.9399,5875,Vehicle,ChannelLoad,0.03016,0
27.9399,5875,Vehicle,ChannelLoad,0.03016,0
27.9399,5875,Vehicle,TX_Throughput,4560,0
27.9399,5875,Vehicle,TX_ObjectCount,0,0
27.9414,7674,RSU,ChannelLoad,0.05992,0
27.9414,7674,RSU,ChannelLoad,0.05992,0
27.9414,7674,RSU,TX_Throughput,5280,0
27.9414,7674,RSU,TX_ObjectCount,1,0
27.9417,3561,Vehicle,ChannelLoad,0.06784,0
27.9417,3561,Vehicle,ChannelLoad,0.06784,0
27.9417,3561,Vehicle,TX_Throughput,4560,0
27.9417,3561,Vehicle,TX_ObjectCount,0,0
27.9423,7748,Vehicle,ChannelLoad,0.0512,0
27.9423,7748,Vehicle,ChannelLoad,0.0512,0
27.9423,7748,Vehicle,TX_Throughput,4560,0
27.9423,7748,Vehicle,TX_ObjectCount,0,0
27.9434,1016,Vehicle,ChannelLoad,0.0508,0
27.9434,1016,Vehicle,ChannelLoad,0.0508,0
27.9434,1016,Vehicle,TX_Throughput,4560,0
27.9434,1016,Vehicle,TX_ObjectCount,0,0
27.9464,1089,RSU,ChannelLoad,0.09656,0
27.9464,1089,RSU,ChannelLoad,0.09656,0
27.9464,1089,RSU,TX_Throughput,10880,0
27.9464,1089,RSU,TX_ObjectCount,3,0
27.9471,3634,RSU,ChannelLoad,0.0712,0
27.9471,3634,RSU,ChannelLoad,0.0712,0
27.9471,3634,RSU,TX_Throughput,8080,0
27.9471,3634,RSU,TX_ObjectCount,2,0
27.9472,5950,Vehicle,ChannelLoad,0.06024,0
27.9472,5950,Vehicle,ChannelLoad,0.06024,0
27.9472,5950,Vehicle,TX_Throughput,10560,0
27.9472,5950,Vehicle,TX_ObjectCount,2,0
27.9488,1764,RSU,ChannelLoad,0.10504,0
27.9488,1764,RSU,ChannelLoad,0.10504,0
27.9488,1764,RSU,TX_Throughput,5280,0
27.9488,1764,RSU,TX_ObjectCount,1,0
27.9492,3708,RSU,ChannelLoad,0.07016,0
27.9492,3708,RSU,ChannelLoad,0.07016,0
27.9492,3708,RSU,TX_Throughput,2080,0
27.9492,3708,RSU,TX_ObjectCount,0,0
27.9497,1163,Vehicle,ChannelLoad,0.04928,0
27.9497,1163,Vehicle,ChannelLoad,0.04928,0
27.9497,1163,Vehicle,TX_Throughput,4560,0
27.9497,1163,Vehicle,TX_ObjectCount,0,0
27.9499,3782,Vehicle,ChannelLoad,0.0576,0
27.9499,3782,Vehicle,ChannelLoad,0.0576,0
27.9499,3782,Vehicle,TX_Throughput,10560,0
27.9499,3782,Vehicle,TX_ObjectCount,2,0
27.9507,6859,Vehicle,ChannelLoad,0.04088,0
27.9507,6859,Vehicle,ChannelLoad,0.04088,0
27.9507,6859,Vehicle,TX_Throughput,7760,0
27.9507,6859,Vehicle,TX_ObjectCount,1,0
27.9512,3855,Vehicle,ChannelLoad,0.02352,0
27.9512,3855,Vehicle,ChannelLoad,0.02352,0
27.9512,3855,Vehicle,TX_Throughput,4560,0
27.9512,3855,Vehicle,TX_ObjectCount,0,0
27.9527,8575,RSU,ChannelLoad,0.09488,0
27.9527,8575,RSU,ChannelLoad,0.09488,0
27.9527,8575,RSU,TX_Throughput,5280,0
27.9527,8575,RSU,TX_ObjectCount,1,0
27.9528,4534,RSU,ChannelLoad,0.06968,0
27.9528,4534,RSU,ChannelLoad,0.06968,0
27.9528,4534,RSU,TX_Throughput,2080,0
27.9528,4534,RSU,TX_ObjectCount,0,0
27.9561,6932,RSU,ChannelLoad,0.08232,0
27.9561,6932,RSU,ChannelLoad,0.08232,0
27.9561,6932,RSU,TX_Throughput,5280,0
27.9561,6932,RSU,TX_ObjectCount,1,0
27.9572,8649,Vehicle,ChannelLoad,0.0548,0
27.9572,8649,Vehicle,ChannelLoad,0.0548,0
27.9572,8649,Vehicle,TX_Throughput,7760,0
27.9572,8649,Vehicle,TX_ObjectCount,1,0
27.9579,7825,Vehicle,ChannelLoad,0.04824,0
27.9579,7825,Vehicle,ChannelLoad,0.04824,0
27.9579,7825,Vehicle,TX_Throughput,4560,0
27.9579,7825,Vehicle,TX_ObjectCount,0,0
27.9586,7006,Vehicle,ChannelLoad,0.04464,0
27.9586,7006,Vehicle,ChannelLoad,0.04464,0
27.9586,7006,Vehicle,TX_Throughput,4560,0
27.9586,7006,Vehicle,TX_ObjectCount,0,0
27.9594,2523,Vehicle,ChannelLoad,0.06416,0
27.9594,2523,Vehicle,ChannelLoad,0.06416,0
27.9594,2523,Vehicle,TX_Throughput,13360,0
27.9594,2523,Vehicle,TX_ObjectCount,3,0
27.9595,2596,Vehicle,ChannelLoad,0.036,0
27.9595,2596,Vehicle,ChannelLoad,0.036,0
27.9595,2596,Vehicle,TX_Throughput,4560,0
27.9595,2596,Vehicle,TX_ObjectCount,0,0
27.9613,1238,Vehicle,ChannelLoad,0.07472,0
27.9613,1238,Vehicle,ChannelLoad,0.07472,0
27.9613,1238,Vehicle,TX_Throughput,4560,0
27.9613,1238,Vehicle,TX_ObjectCount,0,0
27.9615,3930,Vehicle,ChannelLoad,0.07104,0
27.9615,3930,Vehicle,ChannelLoad,0.07104,0
27.9615,3930,Vehicle,TX_Throughput,4560,0
27.9615,3930,Vehicle,TX_ObjectCount,0,0
27.9622,8724,RSU,ChannelLoad,0.10872,0
27.9622,8724,RSU,ChannelLoad,0.10872,0
27.9622,8724,RSU,TX_Throughput,2080,0
27.9622,8724,RSU,TX_ObjectCount,0,0
27.9637,2669,Vehicle,ChannelLoad,0.0652,0
27.9637,2669,Vehicle,ChannelLoad,0.0652,0
27.9637,2669,Vehicle,TX_Throughput,4560,0
27.9637,2669,Vehicle,TX_ObjectCount,0,0
27.9647,1842,RSU,ChannelLoad,0.04712,0
27.9647,1842,RSU,ChannelLoad,0.04712,0
27.9647,1842,RSU,TX_Throughput,8080,0
27.9647,1842,RSU,TX_ObjectCount,2,0
27.9649,1311,RSU,ChannelLoad,0.04768,0
27.9649,1311,RSU,ChannelLoad,0.04768,0
27.9649,1311,RSU,TX_Throughput,2080,0
27.9649,1311,RSU,TX_ObjectCount,0,0
27.9651,7898,Vehicle,ChannelLoad,0.05256,0
27.9651,7898,Vehicle,ChannelLoad,0.05256,0
27.9651,7898,Vehicle,TX_Throughput,4560,0
27.9651,7898,Vehicle,TX_ObjectCount,0,0
27.9652,4608,Vehicle,ChannelLoad,0.04024,0
27.9652,4608,Vehicle,ChannelLoad,0.04024,0
27.9652,4608,Vehicle,TX_Throughput,7760,0
27.9652,4608,Vehicle,TX_ObjectCount,1,0
27.9663,4003,Vehicle,ChannelLoad,0.05776,0
27.9663,4003,Vehicle,ChannelLoad,0.05776,0
27.9663,4003,Vehicle,TX_Throughput,7760,0
27.9663,4003,Vehicle,TX_ObjectCount,1,0
27.9666,4681,Vehicle,ChannelLoad,0.04728,0
27.9666,4681,Vehicle,ChannelLoad,0.04728,0
27.9666,4681,Vehicle,TX_Throughput,7760,0
27.9666,4681,Vehicle,TX_ObjectCount,1,0
27.9684,4756,Vehicle,ChannelLoad,0.06008,0
27.9684,4756,Vehicle,ChannelLoad,0.06008,0
27.9684,4756,Vehicle,TX_Throughput,4560,0
27.9684,4756,Vehicle,TX_ObjectCount,0,0
27.9687,4076,Vehicle,ChannelLoad,0.08304,0
27.9687,4076,Vehicle,ChannelLoad,0.08304,0
27.9687,4076,Vehicle,TX_Throughput,7760,0
27.9687,4076,Vehicle,TX_ObjectCount,1,0
27.9687,2744,Vehicle,ChannelLoad,0.06672,0
27.9687,2744,Vehicle,ChannelLoad,0.06672,0
27.9687,2744,Vehicle,TX_Throughput,10560,0
27.9687,2744,Vehicle,TX_ObjectCount,2,0
27.9696,4829,RSU,ChannelLoad,0.09624,0
27.9696,4829,RSU,ChannelLoad,0.09624,0
27.9696,4829,RSU,TX_Throughput,10880,0
27.9696,4829,RSU,TX_ObjectCount,3,0
27.9698,2817,RSU,ChannelLoad,0.07328,0
27.9698,2817,RSU,ChannelLoad,0.07328,0
27.9698,2817,RSU,TX_Throughput,8080,0
27.9698,2817,RSU,TX_ObjectCount,2,0
27.97,1918,RSU,ChannelLoad,0.11864,0
27.97,1918,RSU,ChannelLoad,0.11864,0
27.97,1918,RSU,TX_Throughput,8080,0
27.97,1918,RSU,TX_ObjectCount,2,0
27.97,7971,Vehicle,ChannelLoad,0.06616,0
27.97,7971,Vehicle,ChannelLoad,0.06616,0
27.97,7971,Vehicle,TX_Throughput,10560,0
27.97,7971,Vehicle,TX_ObjectCount,2,0
27.9701,8044,Vehicle,ChannelLoad,0.05728,0
27.9701,8044,Vehicle,ChannelLoad,0.05728,0
27.9701,8044,Vehicle,TX_Throughput,7760,0
27.9701,8044,Vehicle,TX_ObjectCount,1,0
27.9709,1385,Vehicle,ChannelLoad,0.06808,0
27.9709,1385,Vehicle,ChannelLoad,0.06808,0
27.9709,1385,Vehicle,TX_Throughput,7760,0
27.9709,1385,Vehicle,TX_ObjectCount,1,0
27.971,270,Vehicle,ChannelLoad,0.06472,0
27.971,270,Vehicle,ChannelLoad,0.06472,0
27.971,270,Vehicle,TX_Throughput,13360,0
27.971,270,Vehicle,TX_ObjectCount,3,0
27.9723,4905,RSU,ChannelLoad,0.1012,0
27.9723,4905,RSU,ChannelLoad,0.1012,0
27.9723,4905,RSU,TX_Throughput,5280,0
27.9723,4905,RSU,TX_ObjectCount,1,0
27.9727,1992,Vehicle,ChannelLoad,0.04088,0
27.9727,1992,Vehicle,ChannelLoad,0.04088,0
27.9727,1992,Vehicle,TX_Throughput,4560,0
27.9727,1992,Vehicle,TX_ObjectCount,0,0
27.9742,7079,Vehicle,ChannelLoad,0.052,0
27.9742,7079,Vehicle,ChannelLoad,0.052,0
27.9742,7079,Vehicle,TX_Throughput,4560,0
27.9742,7079,Vehicle,TX_ObjectCount,0,0
27.9747,4153,Vehicle,ChannelLoad,0.08272,0
27.9747,4153,Vehicle,ChannelLoad,0.08272,0
27.9747,4153,Vehicle,TX_Throughput,4560,0
27.9747,4153,Vehicle,TX_ObjectCount,0,0
27.9748,6043,Vehicle,ChannelLoad,0.04096,0
27.9748,6043,Vehicle,ChannelLoad,0.04096,0
27.9748,6043,Vehicle,TX_Throughput,7760,0
27.9748,6043,Vehicle,TX_ObjectCount,1,0
27.9759,4979,Vehicle,ChannelLoad,0.05984,0
27.9759,4979,Vehicle,ChannelLoad,0.05984,0
27.9759,4979,Vehicle,TX_Throughput,4560,0
27.9759,4979,Vehicle,TX_ObjectCount,0,0
27.9762,5052,RSU,ChannelLoad,0.0684,0
27.9762,5052,RSU,ChannelLoad,0.0684,0
27.9762,5052,RSU,TX_Throughput,5280,0
27.9762,5052,RSU,TX_ObjectCount,1,0
27.9777,2065,Vehicle,ChannelLoad,0.08952,0
27.9777,2065,Vehicle,ChannelLoad,0.08952,0
27.9777,2065,Vehicle,TX_Throughput,10560,0
27.9777,2065,Vehicle,TX_ObjectCount,2,0
27.9778,6116,RSU,ChannelLoad,0.11096,0
27.9778,6116,RSU,ChannelLoad,0.11096,0
27.9778,6116,RSU,TX_Throughput,8080,0
27.9778,6116,RSU,TX_ObjectCount,2,0
27.9782,7152,Vehicle,ChannelLoad,0.07864,0
27.9782,7152,Vehicle,ChannelLoad,0.07864,0
27.9782,7152,Vehicle,TX_Throughput,10560,0
27.9782,7152,Vehicle,TX_ObjectCount,2,0
27.9786,8808,Vehicle,ChannelLoad,0.0564,0
27.9786,8808,Vehicle,ChannelLoad,0.0564,0
27.9786,8808,Vehicle,TX_Throughput,4560,0
27.9786,8808,Vehicle,TX_ObjectCount,0,0
27.9801,6192,RSU,ChannelLoad,0.07664,0
27.9801,6192,RSU,ChannelLoad,0.07664,0
27.9801,6192,RSU,TX_Throughput,10880,0
27.9801,6192,RSU,TX_ObjectCount,3,0
27.9805,8119,Vehicle,ChannelLoad,0.0344,0
27.9805,8119,Vehicle,ChannelLoad,0.0344,0
27.9805,8119,Vehicle,TX_Throughput,4560,0
27.9805,8119,Vehicle,TX_ObjectCount,0,0
27.9805,7227,Vehicle,ChannelLoad,0.0564,0
27.9805,7227,Vehicle,ChannelLoad,0.0564,0
27.9805,7227,Vehicle,TX_Throughput,4560,0
27.9805,7227,Vehicle,TX_ObjectCount,0,0
27.9809,4230,Vehicle,ChannelLoad,0.06976,0
27.9809,4230,Vehicle,ChannelLoad,0.06976,0
27.9809,4230,Vehicle,TX_Throughput,4560,0
27.9809,4230,Vehicle,TX_ObjectCount,0,0
27.9818,6266,Vehicle,ChannelLoad,0.0564,0
27.9818,6266,Vehicle,ChannelLoad,0.0564,0
27.9818,6266,Vehicle,TX_Throughput,4560,0
27.9818,6266,Vehicle,TX_ObjectCount,0,0
27.9819,5126,Vehicle,ChannelLoad,0.10056,0
27.9819,5126,Vehicle,ChannelLoad,0.10056,0
27.9819,5126,Vehicle,TX_Throughput,4560,0
27.9819,5126,Vehicle,TX_ObjectCount,0,0
27.9831,343,Vehicle,ChannelLoad,0.05592,0
27.9831,343,Vehicle,ChannelLoad,0.05592,0
27.9831,343,Vehicle,TX_Throughput,7760,0
27.9831,343,Vehicle,TX_ObjectCount,1,0
27.9832,1458,RSU,ChannelLoad,0.08184,0
27.9832,1458,RSU,ChannelLoad,0.08184,0
27.9832,1458,RSU,TX_Throughput,8080,0
27.9832,1458,RSU,TX_ObjectCount,2,0
27.9834,2891,Vehicle,ChannelLoad,0.06136,0
27.9834,2891,Vehicle,ChannelLoad,0.06136,0
27.9834,2891,Vehicle,TX_Throughput,4560,0
27.9834,2891,Vehicle,TX_ObjectCount,0,0
27.9865,2966,Vehicle,ChannelLoad,0.08784,0
27.9865,2966,Vehicle,ChannelLoad,0.08784,0
27.9865,2966,Vehicle,TX_Throughput,4560,0
27.9865,2966,Vehicle,TX_ObjectCount,0,0
27.9865,5201,RSU,ChannelLoad,0.08896,0
27.9865,5201,RSU,ChannelLoad,0.08896,0
27.9865,5201,RSU,TX_Throughput,5280,0
27.9865,5201,RSU,TX_ObjectCount,1,0
27.9871,416,Vehicle,ChannelLoad,0.0608,0
27.9871,416,Vehicle,ChannelLoad,0.0608,0
27.9871,416,Vehicle,TX_Throughput,10560,0
27.9871,416,Vehicle,TX_ObjectCount,2,0
27.9884,8883,Vehicle,ChannelLoad,0.06744,0
27.9884,8883,Vehicle,ChannelLoad,0.06744,0
27.9884,8883,Vehicle,TX_Throughput,7760,0
27.9884,8883,Vehicle,TX_ObjectCount,1,0
27.9885,2140,RSU,ChannelLoad,0.08216,0
27.9885,2140,RSU,ChannelLoad,0.08216,0
27.9885,2140,RSU,TX_Throughput,8080,0
27.9885,2140,RSU,TX_ObjectCount,2,0
27.9887,6339,Vehicle,ChannelLoad,0.06736,0
27.9887,6339,Vehicle,ChannelLoad,0.06736,0
27.9887,6339,Vehicle,TX_Throughput,4560,0
27.9887,6339,Vehicle,TX_ObjectCount,0,0
27.9894,2214,RSU,ChannelLoad,0.06432,0
27.9894,2214,RSU,ChannelLoad,0.06432,0
27.9894,2214,RSU,TX_Throughput,16480,0
27.9894,2214,RSU,TX_ObjectCount,5,0
27.9916,8192,RSU,ChannelLoad,0.07432,0
27.9916,8192,RSU,ChannelLoad,0.07432,0
27.9916,8192,RSU,TX_Throughput,8080,0
27.9916,8192,RSU,TX_ObjectCount,2,0
27.992,5275,RSU,ChannelLoad,0.09704,0
27.992,5275,RSU,ChannelLoad,0.09704,0
27.992,5275,RSU,TX_Throughput,8080,0
27.992,5275,RSU,TX_ObjectCount,2,0
27.9925,6412,Vehicle,ChannelLoad,0.06344,0
27.9925,6412,Vehicle,ChannelLoad,0.06344,0
27.9925,6412,Vehicle,TX_Throughput,7760,0
27.9925,6412,Vehicle,TX_ObjectCount,1,0
27.9928,3039,Vehicle,ChannelLoad,0.08456,0
27.9928,3039,Vehicle,ChannelLoad,0.08456,0
27.9928,3039,Vehicle,TX_Throughput,4560,0
27.9928,3039,Vehicle,TX_ObjectCount,0,0
27.9928,5349,Vehicle,ChannelLoad,0.0512,0
27.9928,5349,Vehicle,ChannelLoad,0.0512,0
27.9928,5349,Vehicle,TX_Throughput,7760,0
27.9928,5349,Vehicle,TX_ObjectCount,1,0
27.9939,489,Vehicle,ChannelLoad,0.05248,0
27.9939,489,Vehicle,ChannelLoad,0.05248,0
27.9939,489,Vehicle,TX_Throughput,7760,0
27.9939,489,Vehicle,TX_ObjectCount,1,0
27.9953,8956,Vehicle,ChannelLoad,0.058,0
27.9953,8956,Vehicle,ChannelLoad,0.058,0
27.9953,8956,Vehicle,TX_Throughput,4560,0
27.9953,8956,Vehicle,TX_ObjectCount,0,0
27.996,8268,RSU,ChannelLoad,0.07272,0
27.996,8268,RSU,ChannelLoad,0.07272,0
27.996,8268,RSU,TX_Throughput,2080,0
27.996,8268,RSU,TX_ObjectCount,0,0
27.9961,3112,RSU,ChannelLoad,0.0784,0
27.9961,3112,RSU,ChannelLoad,0.0784,0
27.9961,3112,RSU,TX_Throughput,8080,0
27.9961,3112,RSU,TX_ObjectCount,2,0
27.9961,562,Vehicle,ChannelLoad,0.03216,0
27.9961,562,Vehicle,ChannelLoad,0.03216,0
27.9961,562,Vehicle,TX_Throughput,4560,0
27.9961,562,Vehicle,TX_ObjectCount,0,0
27.9976,6485,Vehicle,ChannelLoad,0.05304,0
27.9976,6485,Vehicle,ChannelLoad,0.05304,0
27.9976,6485,Vehicle,TX_Throughput,4560,0
27.9976,6485,Vehicle,TX_ObjectCount,0,0
27.9978,3186,RSU,ChannelLoad,0.054,0
27.9978,3186,RSU,ChannelLoad,0.054,0
27.9978,3186,RSU,TX_Throughput,2080,0
27.9978,3186,RSU,TX_ObjectCount,0,0
